,邓超救不起这暑期档，哪吒可以。
,讽刺的是，尽管角色口口声声说着“做自己”、“我命由己不由天”、“最害人的是成见”，电影却依然一直在用对肥胖、结巴、娘娘腔等特征产生的成见制造无价值，且一点都不好笑的笑料。
,卧槽居然看哭了，这才是货真价实的国漫新希望，终于不再是假大空的中国风堆砌，而开始借神话寓言塑造真正的“小人物”。背负原罪的出身，命中注定的死期，对存在的笃定和身份的动摇，竟指向《刺客聂隐娘》的内核：一个人，没有同类。完整的世界观构建，父子母子师徒兄弟友敌，每一段关系都处理的有血有肉全无敷衍。美术剪辑配乐动作设计，处处都是亮点，就连喜剧部分也绝非装疯卖傻而存在无数细节作为支撑。海边夕阳踢毽和社稷图虚幻仙境两部分堪称绝美段落，飞驰想象力和一流制作实力的结合，值得一刷再刷。严格说是四星电影，但愿意加满五星狂推鼓励！
,"看到海报和预告片，人们第一反应就是：哪吒太丑了。
觉得丑就对了，因为本片讲的就是打破偏见。
正如很多人一看这是国漫，就不看了；或者去看了，看了觉得还不错也要自动先扣20分。
电影之中，骂哪吒是政治正确，只要你说哪吒是妖怪，就会有人跟着说；
电影之外，骂国产片、国漫也成了政治正确，只要你骂它，就会有人给你点赞。
其实哪吒不是妖怪，他也想降妖除魔洗清骂名；
国漫也不都是烂片，也有人想拍一部佳作证明自己。
比如这部《哪吒》。
山河社稷图一幕真是天马行空，震撼无比，将曾经只存在于想象中的物品具象化，也将中国神话的无穷想象力展现得淋漓尽致。
那些耳熟能详的故事，不再只是故事，而是能看到，能听到，能享受一场视觉盛宴。
今年有《哪吒》，明年有《姜子牙》，封神电影宇宙即将开启。
是时候以电影的形式让中国文化走向世界了。"
,技术上还是当下国产动画电影的水准，但在剧作的完成度上，却是第一次这么成熟，这么优秀！以前大圣大鱼或者白蛇这些剧本有先天缺陷的庸常之辈，都被称作是国产动画电影的良心之作，直到这部哪吒，才算是做到了剧本层面上的优秀，兼顾了喜剧元素和主题深度，还为之后的封神宇宙开了一个好头，大家以后可以忘掉大圣了。导演把哪吒的故事做了颠覆性的改编，逆天改命的主题在哪吒身上爆发了耀眼的人物弧光，最后哪吒直接对着电影院里的观众说，今天是我生日宴，你们谁都不准哭，这一刻的泪点实在是太可怕了。第一次给国产动画做自来水，在这个萧条的暑期档，这部肯定会是爆款。
,年度最佳动画，不，年度最佳影片，剧作上的成熟应该让同档期的《狮子王》跪下来叫爸爸，起承转合水到渠成且饱含情感力量，这种成熟度不管是在动画这种形式里还是脱离动画都值得所有国产商业电影学习。整部影片看下来，在形式上非常现代化，包括笑点台词都贴近现代网络化的生活，是谓形散，但是影片把握住了哪吒这个神话人物的内在精神：我命由我不由天，并且自始至终都贯彻下去，是谓神不散，包括反派敖丙及申公豹都人物弧光饱满，在非我族类其心必异的人类世界里，《哪吒之魔童降世》是为所有异类书写的颂歌，这部片子就如同蔡依林在金曲奖上说的：献给那些曾经认为自己没有任何机会与选择的你，请你一定要记得选择你自己，支持你自己。
,这个夏天还有比“藕饼”cp更火的吗？
,这种段子堆成的对白恕不是我的审美。
,“所有龙把鳞片扣下来的时候，我真的感觉敖丙压力太大了。”“我们全村可就指望你一个人去考大学了啊，一定要上清华啊。”“就算把其他报清华的人都杀掉你也一定要考上啊！”
,"2019年，哪吒都成家庭教育成功典范了，就算你是魔童转世奔着毁天灭地来的，只要家里有钱有权有天命，妈妈爱你爸爸把命都给你，再顶级名师1V1封闭式教育，不愁养不出一个精英来。金吒木吒抱头痛哭：“这个家里没有我们的位置……”
敖丙是真可怜啊，背负了整个家族的不甘心，一人给片鳞好比读大学前村里每家每户给抓把小米，可走到城里，人家一看你头上的角就知道底细了。纵使哪天真能修炼成仙，身后还林林总总一大串亲戚呢，可敖丙能成仙吗？不被社会生吞活剥扒皮抽筋就不错了吧"
,牛逼！牛逼！牛逼！4年前翻着白眼看完了《大圣归来》，4年后热泪盈眶地看完这部《哪吒之魔童降世》。没想到2019不仅仅是中国科幻大片元年，本片更是和《白蛇：缘起》一块儿创造了国产动漫作品前所未有的高潮。扎实的故事，生动的角色，饱满的情绪，炸裂的场面，这一切都构成了110分钟云霄飞车式的、畅快淋漓的观影体验，表面上是哪吒的传奇，骨子里面是《绝代双骄》+《悟空传》，毁天灭地的逆天气势更是燃破天际，好一曲震撼人心的“冰与火之歌”！都给老子去看！
,【B】这才叫真正的国漫崛起！美术，制作，人物塑造，立意都比大圣归来更好。最重要的是你真的能感觉到创作者不故步自封的力求突破，也终于在国漫里看到了一直缺少的“想象力”存在（虽然只是在场景，物件设定上这些较为基础的部分，但未必不是个好的开始），缺点是整体风格略显杂糅，笑点像港式无厘头，战斗场面像日漫，有的地方又有仙侠和好莱坞动画的影子，但最后个效果居然不错，而且对于仍处于摸索阶段的国产动画来说这完全能理解。另外，一个动画片的父子情都比隔壁《银河补习班》更真实动人，邓超和俞白眉请出来挨打。
,7分，制作确实非常突出，尤其是夕阳下踢毽子和变身两场戏，印象深刻。这也说明，华语动画只要真是踏踏实实下来做苦功夫，还是能出佳作的。剧情相比老版做了很多革新，包括新增的父子情，这个见仁见智吧。主题则是神魔我做主，我命由我不由天的中二少年感，放到现在倒是挺燃的。哪吒变身之后也是大加分，跟敖丙的兄弟情也是相当新时代趣味了。希望每一部用心制作的华语动画，都能有好的成绩吧。不过，个人还是觉得大圣更好些，所以，刚刚还专门给大圣改了分，这样才公平些。都好都好，都加油，都加油!
,李靖到底是为了什么做 揭穿敖丙身份 这样损人不利己的事？
,谢谢把我拍的这么好！
,一切都很好，但是哪吒，我想我看过更好的。
,牛逼了！没想到国产动画能把故事内核写得这么成熟，远超《大圣归来》。好几场戏被震撼到，必须五星鼓励了。将“水淹陈塘关”的故事元素打碎了重构，人设和剧情完全依照阴阳哲学来做。太极生两仪，混元珠分为魔丸（火）和灵珠（水）。太乙真人与申公豹，哪吒与敖丙，皆是一体双生。命运的偏离带来了秩序的倒错，于是，善与恶的边界变得越加复杂起来，耐人寻味。每个主要角色都带着宿命感，向死而生，阴阳相合打破命运。哪吒形象很颠覆，华语电影里也是难得一见，最重要的反叛精神立住了。导演想击打全龄观众，而那些嬉笑段落在关键时刻也催生出了悲情，让人泪目。高潮部分的场面戏够燃够磅礴，而且情绪饱满。以后再出国产动画，都将和它比较。
,“不成，功变成仁”、《神仙的自我修养》、“申公公”、内服外敷效果都一样的解药…前面快笑死；指点江山笔、英气的敖丙、猪鼻子倒带器…中间各种神来之笔；“人心的偏见是座大山，你是谁只有你自己才说了算”、父母面前的生离死别…结尾又被感动得一把老泪。老妈的性格更立体，老爸李靖对哪吒说你的真实身份其实是…时，生怕他说出个“蛋”，这是这部毫不正经却又硬气热血至死的片子能干出来的事。集丧逼和燃于一身，在哪吒面前，没人帅的起来！锁定今年最佳国产动画。
,点映看完了，不剧透地说，除了哪吒和他娘的人物关系外，这部电影把传统的哪吒故事里人物关系都改变了，哪吒和李靖、哪吒和太乙、哪吒和敖丙等等，因为有这些关系要重新做，所以这些人物的设定才和传统的不一样。整部电影本身严格按照商业片的形式，几个情感转折的节点都掐准了时间，不夸张地说，如果这个系列电影要做下去的话（还有之前的大圣、之后的姜子牙等），《大圣归来》和《魔童降世》在这个系列的地位相当于这个系列的《钢铁侠01》和《美国队长01》，但前提是一定要做下去。
,承认期待不高，看得有些意外。我不是哪吒迷，而更接近封神迷——实为情怀的那种玩意，所以看到片方想要铺封神宇宙，无论成败，总归是有人在做这么一步，并且，这一步，作为起点是恰如其分的。不存在“哪吒就应该是代表/刻画什么精神”之类的说法，动画片也不是低幼倾向的文化产品。性格转变过快，密集迎合观众笑点之类的缺陷有不少，但来日可期，可以再打磨。
,就…大家对国产未免也太宽容…
,全程冷漠脸，我太讨厌熊孩子了，尤其是这么丑破坏力还这么强的。还有给小孩配不屑御姐音让我感到不适。
,老版可是提倡自由意志的。
,现在上映一部国产动画就是神作，个个都是神作
,"偏低幼向，剧情含量比大圣归来要多，但观感没有超越大圣，顶多比肩白蛇。有些影评人拿它踩大圣，我？？？亮点在于重写了敖丙和哪吒的关系，正邪一体，反宿命论，龙宫和万鳞甲的设定我很喜欢。但为了故事革新，削肉还母削骨还父的经典场面没了，最后的终极大战也没有燃到新境界。人物台词融入一些现代化的笑点，确实更搞笑，但我出戏很多次，奇幻题材的沉浸感很重要。太乙真人从外形到配音都像pdd，哪吒的傲娇御姐音什么鬼。（炒cp可真好卖）

神话英雄在不同时代被不同创作者赋予不同的涵义，你以为它是骨，其实它是壳。 
朋友说“你不能否认魔童它很当下。” 所以大圣归来不讲大闹天宫，哪吒也不讲闹海自刎。 是时代的反骨逆鳞被拔除了，我们都是龙宫里的老龙。"
,挺好看的。除了不是哪吒之外。
,目前国产三维动画中的最佳。和年初的《白蛇》一道，富足想象力之下的经典魔改，在人物、情节和视听呈现上都冲着一股劲。但还是有些遗憾，双生的概念没有做得更加复杂深刻、部分低俗笑料虽有趣但跳线。可能是我期待太高了。
,"一部神话片，笑点还靠屎尿屁来撑?可气的是我还笑了。经典的哪吒是一个反抗权威和父权的形象，这部把李靖塑造成一个有爱的父亲，于是一部俄狄浦斯式的神话变成一个友善的童话。
哪吒多会变化术，一些笑点是靠变化术制造，乾坤圈变成一个类似金箍的限制性法器，恭喜你们把哪吒变成第二个悟空。"
,人不过就是半神半魔的造物，这故事按照这个路子衍生。整体非常工整，技术让人赞叹，自《大圣归来》到《哪吒》，这条从中国神话拿改素材的动画之路被证明是最经济实惠的。这里面其实有着另外可以深化的内容，就是几个角色的象征，哪吒像个为民请命的知识分子，但被庸众看作妖怪，他的叛逆不被理解和尊重，龙王是个归顺的反叛者，但被招安并不代表被信任，他的下场故事里讲得很清楚，而敖丙是甩脱出身帽子的唯一机会，而最终，这个年轻人和哪吒那个反叛者合二为一成为一个被大众颔首的理中客。这到底是成熟还是悲哀呢？只不过这个方向肯定不会被明确提点。想想有点悲哀，动画片的形式让这类作品成为了我们电影中最可能表达一些别样内容的容器，但也因为形式，那些表达最终被掩埋在搞笑和特效之中。
,看完心情有点复杂，只能说是雷点萌点兼具吧，不是我喜欢的那一款，但能看出来质感很好。好的地方当然是制作，确实是国漫标杆，甚至叙事部分也不差，是比较娴熟的类型片叙事。但我最不满意的地方恰恰就是很多人觉得燃的地方，这个片子里的哪吒和传统的“哪吒闹海”最大的区别就是，不再有那种六亲不认的反叛性了，而这恰恰是我觉得哪吒这个角色最吸引我的地方，是对父权最为彻底、最为决绝的反抗，甚至比石头里蹦出来的孙悟空还要六亲不认，是以自己的血肉之躯为代价获得彻底的自由，挣脱一切爱与伦理的锁链。但新版哪吒所谓的“我命由我不由天”完全是另一个故事，是网文式的逆天改命，好好活，不抛弃，不放弃，做有意义的事。。原版哪吒是野生摇滚，新版哪吒是摇滚人参加中国摇滚三十年研讨会。
,李靖为哪吒贴上换命符，愿以薄命相抵天劫。龙王为敖丙披上万麟甲，欲以仇恨水淹陈塘。魔丸改变不了人族的偏见，灵珠拯救不了龙族的自由，黄金百战穿麟甲，不破陈塘终不还。海滩边他们惺惺相惜，混元珠转世投胎，不过是天神的谎言。生而背负部族业障，万千恶孽，他们始终囚禁在偏见的囹圄，自由的结界。
,不是做的不好，不是不用心.恰恰相反我一看到宣传的第二天就去观影了，本人对哪吒这个人物的感情区别于其他所有的动漫人物，我从小爱读封神演义，自诩为是看着神的故事长大的人，哪吒最重要象征着对父权挑战忤逆的精神在这部动画里面被阉割的干干净净；太乙真人，永远站在哪吒这边，无原则帮他对抗父母、原则、天庭，做好身后事的仙风道骨之人，被丑化成一个骑着猪、说着四川话的胖子（先说明我不歧视胖子，我自己就是胖子，但这里的太乙分明就是丑角）.如果说cp是哪吒和太乙，我愿意嗑，太乙之于哪吒，那比秦五爷对依萍还要好啊，要星星不给月亮，你只管干，出了事我给你兜；在这个电影里，他仿佛一个丑陋搞笑的班主任罢了……至于敖丙，呵呵，一个被哪吒随手打死的富二代有什么资格和他组cp？总的来说，对于本片，我并不失望，我只是愤怒.
,童年时期，最难忘的一个画面就是哪吒自刎！这么多年过去了，又看到了一个看起来丑爆丑爆的哪吒。故事在原作基础上做了颠覆性改编，面子上不必多说，里子中关于父爱的感动，自我认知的成长，世俗偏见的以及反叛意识，都值得称道。还有很多现代化元素的融合也别有趣味！自来水安利，去看就对了…
,很主流的商業動畫，把反抗父權忤逆到驚世駭俗的哪吒形象用父子情、友情、追求自我這些主流主題消解了（反抗父權變成了父子情深實在是⋯），配合煽情、打鬥、奇觀場面、喜劇段子，非常通俗，沒什麼深度（至少喪失了「哪吒」這個角色本應有的深度），但製作和娛樂性都不錯，應該會大賣。
,各种方言、结巴、放屁、烧裤裆的梗，还有什么指纹解锁、游乐场之类的舔当代科技，所有笑点都能在半分钟之前预知，弱智当好笑。最不能接受的是把主题又变成什么“不信命”之类的俗套，那句泛中国地区最中二病没有之一的“我命由我不由天”出来的时候，我饭都要呕出来，本来我们已经很没有反抗父权的人物了，硕果仅存的哪吒也要变成这样，“削骨还父、割肉还母”完全没有，爹妈爱我，父慈子孝，让人忍不住竖中指，行吧，【父母皆祸害】小组关了，李靖也洗白白了，我服了还不行吗？我信命了好吧
,请记住动画片本质是给孩子看的，这部片走歪了
,休说苍天不由人，我命由我不由天。新的故事，改编的很不错啊，就是有点短。友情提醒：观影记得带纸巾
,暑期档到目前为止最好看的一部。真正打动我的不是哪吒的人设，而是找回了久违的看港片喜剧的快感！
,一出生就有黑眼圈的孩子肯定不简单
,国产动画发展了这么多年，似乎是越来越不明白技术它就不是这个行当里最根本的东西，不明白作品里塞再多大而空的感情也无法真正打动人。古往今来反父权反愚孝的动画人物有几个？这么一个难能可贵的形象还给毁了，改得面目全非为什么还要继续叫哪吒？就是叫王小明也完全没问题。至于笑点，永远低俗而不自知，片里翻来覆去地嘲笑结巴、胖子和娘娘腔，有意思吗？做动画的各位是大人了都这样子，还指望我们的动画教出什么样的小孩？
,远远不如小时候看的《哪吒闹海》来得撼人心魄。传统中国各类文本，动人的都是关于人伦的张力，哪吒是骨肉还给父母，修得至纯至净莲花身，本作改得不伦不类，不中不西，对抗个人命运很是大而无当。人物造型、笑料、桥段，迪士尼、香港无厘头、电脑游戏借用不少，意思却不大。迎合的心态永远弄不成一流的商业片。2.5
,这才是暑期电影应该有的样子，不闹海的哪吒，是文本与技术双成熟的华语动画。故事流畅、角色生动，虽然魔改，但整体路线还是以脍炙人口的大闹陈塘关故事为基础，且更符合当下文化价值。观感体验与大圣归来很像，笑料与热血并举。设定方面除了哪吒三件套外，山河社稷图、混元珠等设定都是源自封神的噱头，也有小云云、结界兄弟等可爱的原创角色。只可惜结尾大战意犹未尽，不算过瘾。至于画面嘛，制作水平早就不是华语动画的掣肘了，这部更是有着美观造型和时髦特效的视觉大餐
,中国的封神奇幻故事是未来商业娱乐电影的大宝藏，这还只是个小开头！祝贺这位年轻的新编导。
,几个小缺点：娘炮那个梗用得有点太多了后面就烦了，结尾大战有些拖沓，段子堆得有些太密集了导致最后情绪有点破碎。其他都很好，比［大圣］好，可能是这几年最好的国产动画，李靖太可以了吧。
,C＋/ ①相比被盛赞的剧本，反倒是视觉形象的建构比较出乎我意料：莲-火-毽子（鳞片）-红莲的意象联结贯穿了全片，自细微琐屑至宏大奇观完成了完整回环而又颇具想象力的体系。②剧本其实有点过于依赖“孩童”人设，一方面助益了影片暗黑而又诙谐的混搭基调，另一方面也遮蔽了部分剧作上的仓促甚至让人物的成长显得不够充分（比如，“控制”的习得只是如此简单的事情吗？）。③导演对叙事时间的理解可能有些粗糙，连高潮戏一条线到一半时间停顿切到另一条线这样破坏节奏的小瑕疵都好几处。④至于大量不合时宜的笑料，让它们融入叙事的办法只有一个，就是添加让这些“异类”同样受到压抑的细节，而不是大大落落地丢包袱。
,3.5；较多低幼欢脱段子集合的表象并不能掩盖其悲剧的本质，越往后越动人，在改编原著的基础上，文本大刀阔斧地改变走向，奉献了一个在（国产）动画中难得一见具有邪气的魅力角色（取下乾坤圈，变身一刻堪称全片高光，碾压帅气敖丙）。善与恶，水与火，在充满偏见定论的二元世界，这两个承载了命运错弄的少年，最终以“我不信命”的信念发出天问，完满开启「封神」宇宙，十分期待了。申公豹和龙族的命运也非常具有意味深长的寓意，并为丰富主题的完成提供富含信息量的支线提供。
,脱离原著看，可以给四星，国漫的进步显而易见。但如果对比原著看，一星都不想给，《封神演义》在古典名著中并不突出，但反抗父权的哪吒却是中国古典文学里最出色的人物形象之一，与反抗君权的孙悟空、反抗科举的杜少卿、贾宝玉一道成为最有反抗精神，最神采奕奕的人物，结果却被刻画成符合社会主义和谐价值观的父慈子孝，让人呕吐。看完这个熊孩子长成孝子版的丑哪吒，还是让我们来回顾一下真正的哪吒吧：一个人在海边嬉戏，打死蛮横无理的夜叉和太子，闯下祸来。怕受连累的父亲，要杀他以绝后患。他割肉还母，剔骨还父，自刎而死。后来又起死回生，取荷藕做骨，荷叶做肉，与父亲刀剑相向，大打出手。——记住，这个牛逼到金光闪闪的人物才叫哪吒。
,刨去了哪吒自杀还父的情节，就抽去了哪吒故事的灵魂。我只能说，这是另一个故事，我只能说这个新的关于青春期的故事讲的不错，舞美、画工、形象设计都好。但，这是一部拍给80后的电影，为人父母的80后很爱看吧；养过利维坦式宝宝的80后很爱看吧；熟悉周星驰式喜剧的80后很爱看吧；把自己代入到李靖夫妇而非哪吒和敖丙的80后们很爱看吧。你们一定很爱看，因为你们已经不再是曾经那个哪吒，而是守着工资的总兵咯。一言以蔽之，这不是哪吒的故事，但不妨碍是另一个讲的还算不错的故事。片尾曲的歌也不错。值得票价，就是我全程到目前都醉着。
,神话故事新编，以一种不令人悲伤的方式来讲述悲伤的哪吒童年。丰富多元充满想象力画面；包含幽默、热血、感人和人生观点的剧情；还有安排得当的叙事节奏，结尾处高潮更是一波接一波，让观众又是激动万分，又是感动落泪，实在令人佩服，这就是一部优秀的动画电影。
,3.5。真纯粹。虽然文本完全不是想象中的高级向，但“不认命”这个基本点在情绪释放上真是合理又张扬，放低一秒防线眼眶就红了。技术上丰富度、流畅度双高，也基本跟得上想象力，但质感依旧有欠；剧本前松后紧，在节奏和笑点设置上都有刻意之处，但整体已相当圆熟，多主题驾驭得当，去二元化也成效显著，对神话元素更深入更有机的结合野心已然初俱，完全超越《大圣归来》没任何疑问。作为后起，如果能把投机又扭捏的《银河补习班》狠狠爆掉，那也算这个暑期档唯一能给的安慰了。
,国产动画两大负面特征，“台词特别会喊口号，一句深刻的也没有；噪音杂乱但视觉中心喜欢偏移。”至于这一部的问题还有，笑点让人出戏，改编尤其乏力，动机不够清晰，情节带水拖泥。中国人一般不相信人的行为和立场之间会有必然关系，当他们设计人物行为时，并不会去考虑人物立场是否一致。当他们看电影时，同样也不会从影像本身判断创作动机。
,被主流归化，向父权低头，年轻人在动画片里找到了发泄戾气的机会，莫名的愤怒，无声的呐喊，被冠以做自己的名义。
,火然，意思是要火的样子。比大圣厉害多了。冰与火。不虐(让再长大点再来虐吧，先美好童年先)，从头笑到彩蛋，踢毽子感人。丑萌喜欢。坐等好影院屏幕二刷。3D记得带上眼镜儿~火，火个小哪吒吧
,丑，魔童就得是丧尸脸吗。
,观感很一般，又是技术环节走在前面，故事、情感和风格层面都明显用力过猛，每个人物都有油嘴滑舌之嫌，完全不纯真。绝对支持近来改编动画的风潮，这种形式对权力关系可能会有更自由更彻底的反省，但是挺遗憾的，现在看到的至多是反应出我们对权力的潜意识。几乎所有的人物动机都是外在的，都活在别人的眼里，完全没有内在的力量，都是权力的囚徒，不是真正的叛逆。完全不觉得燃，只有深深的沮丧。
,没有哪吒的灵性，更像是红孩儿叛逆。我不喜欢段子的台词，我也不喜欢国漫强大的宣传。认真讲故事没做到，这就不是好的电影。包袱太多，实质太少。光线出品，一贯宣传手法。刷好的口碑，补贴首日票房。
,技术上确实是国产动画新高度，但故事依然如那颗混元珠一样，魔丸和灵丸厮杀交错，始终未能浑然一体。回望《哪吒闹海》，还是老一辈动画人把握住了悲剧的精髓。不必硬蹭什么港式无厘头或美式皮克斯，因为哪吒本身就催人泪下。
,中国动画缺的不是技术，是故事，和讲好故事的能力。在故事的完成度之余，还有一定的深度。最难能可贵的是，哪吒是个反传统的英雄，他天生反骨叛逆又肩负重任，他是不被认同的异类，在戏谑的打发愁苦之后，迎来最终的爆发，切切实实的感动。李靖也一直教育儿子哪吒，不要在意他人的眼光，要做自己想做的人，不要轻言放弃，包括在生日宴上对儿子说的一番话，一个不善言辞却一直包容理解儿子的父亲形象就油然而生了。要说教育和父子情，吊打隔壁《银河补习班》。
,"比白蛇缘起更成熟，国漫又进步了！！！又燃又有内核，打戏，画面，人物表情，人物性格的塑造和心理建设，都堪称完美。
“是魔是仙，我自己说了才算。”“我命由我不由天”
“若命运不公，就和它斗到底!”
天生倔强，打破成见，这，就是哪吒！"
,专属中国的另类超级英雄吧，故事改编太大，我一般无法接受，我的原则是，这么喜欢改编，为什么不自己原创一个剧本，说到底还是剧本不够硬，想蹭别人的ip
,不反父权算什么哪吒
,台词为了搞笑，所以要屎屁尿。故事为了完整，二元对立，善恶不分一锅炖。主题为了鲜明，直接来一个反转告诉大家：熊孩子只要碰到一个比他更惨的人，他就能马上吼出：我命由我不由天。这不是踩着别人的伤痛，把做的恶全都掩盖。再来还原事情的起因：爸爸和我踢一次毽子。
,戾气太重，受不了，3头身变身5头身，接受不了，不建议未成年人看
,跟“哪吒闹海”相比格局太小了，得了狂暴症的哪吒也不太讨喜。但创意和细节都值得嘉奖，还有N多熟悉的家乡元素。让封神宇宙来得更猛烈些吧！（这版的李靖我可以…）
,哪吒就是那种看完了刷评论压根不会点开差评去读的片子，一定要看IMAX。 
,这是瞄准了封神这个大ip吗…虽然不知道乌尔善那个系列最后会做成什么样，但在真人版接连碰壁后，用动画的方式呈现也算是借坡下驴了…就国内来讲，观众对基于ip改编的动画的包容度要大大高于原创动画电影，而在真人电影这块情况则几乎是完全相反的，嗯，不过对于我个人来讲，除了封神里的元素（背景、角色等）外，这片里加的其他所有原创元素都不太对味。以及，给哪吒他妈配音的真不是张小斐吗，为啥一出场就自带欢乐喜剧人效果？
,故事架子和人设不就是小鱼儿与花无缺吗？敖丙亮相的镜头，全程代入的是花无缺。这片是国漫史上一个进步，这是无疑的，但就是觉得特别可惜，特别可惜，特别可惜，这个魔丸灵珠转世成两个小孩的故事，主角其实跟“哪吒”一点关系没有，随便叫他小明小刚都行。但他占了这个名头和躯壳，把那个闪耀着万丈悲剧光辉的哪吒的灵魂挤走了。好烦“做你自己”的鸡汤套路。
,这是导演的动画长片处女作啊！
,因为考虑到低龄观众而加入许多低俗的笑话和段子似乎又和其要探讨的主题不相符；反倒觉得认真拍能更好
,"前半段略无聊的笑点太用力咯吱观众，远逊于后半段哪吒天生悲情的催泪作用让人触动
人物设计上主要人物还算有趣，但次要角色非常呆板
配乐有各种影子，特别是《终结者》
表演程式化，哪吒从咬母亲的手到温顺的变化，对比《风之谷》小动物咬伤娜乌西卡的段落差距巨大
小朋友设陷阱和回放段落重复动作显得乏味；影片过度迷恋动作戏，想靠密集的快速打斗提高影片节奏，反而将情节停滞。
对愚民的讽刺一开始似乎很有意思，但后面百姓接受哪吒的场景太一致没有任何迟疑，让歉意显得虚假也把前面对庸众的批判消解了。
但总的来说，本片是一部合格的娱乐爆米花电影。只是79年的哪吒闹海可不只是这么简单的作品，那是对十年浩劫的控诉，哪吒替天行道粉碎四条兴风作浪的龙，却还要自刎将血肉还给父辈，不连累父辈。那种大时代的悲剧能量，是核弹级的。"
,立意极其低下，从剔骨还父的父权抗争形象，变成了父母纵容的无恶不作官二代也是呵呵了…那些打五星的，对各类官二代新闻是如何看的？
,徐克+周星驰，精准复刻。
,光线点映。冷不防看第一支预告确实有点挑战审美，不过看完就会完全爱上这个古灵精怪的混世小魔王，是当下流行的丧燃款。外表邪魅狂狷烟熏妆，内心是个单纯善良的小孩，好面子装酷很可爱。饺子是学医的，一点点自学成动画导演，了不起。主创说这片并没有花很多钱，请不起一流特效公司，就找了一堆二流三流小公司磕了好几年。画面比大圣精细，前半段笑点密集，哪吒无敌破坏王状态、四个人追逐打斗长镜头很精彩，密码指纹解锁、坐骑放映机猪、山河社稷图、指点江山笔、三维弹球有很想象力。父爱、母爱、师恩、和基友敖丙亦敌亦友等人物关系也都刻画得比较充分。哪吒要拍成三部曲，明年还有姜子牙，期待上古版复联
,“我命由我不由天，是魔是仙，我自己決定！”那么，申公豹、敖丙和忍辱负重数千年的妖龙们为什么不自己决定？太乙不必为贪杯误事负责，难道不是因为被师父钦点了“仙命”？一个官二代把整个陈塘关搅得天翻地覆，就为了找个自我认同？！哪吒到底自己决定了什么：仅仅是不理睬“白痴们”说什么吗？我不觉得哪吒故事就一定要弑父，事实上封神演义就把西游记里反抗性的剔骨析肉改写为孝道动机，后人当然可以继续改。可这种改动太说明问题了：当父权家庭悲剧被改成了中产育儿传说，当欺男霸女的龙王三太子被改成温顺英俊的悲剧少年，当活在神仙们欺凌下的无辜老百姓被改成了不断误解官二代的“白痴们”，你真的可以无动于衷吗？片子当然好看，简直堪称享受，但真正可怕的不就是这样的叙事正变得好看且享受吗？
,看了十分钟关了，太乙真人和混元珠打斗的部分格调确实太低太低了，毫无意义的搞笑。令人尴尬。
,这个…怎么说就是可能更符合00后的审美，对老年人不太友好，对弱化的母子线有些遗憾。
,看了预告片，感到厌恶，作为反父权的偶像，居然被编排出&#34;这是爹教会我的道理&#34;这种台词，这还能看吗？
,真是过誉啊，技术和预算都比《大圣归来》高了不少，但缺了《大圣》最成功的那一股劲儿。谁也不敢得罪，又把故事做得太复杂，一口气出不来。如果能爆，也只能归功于这个撤片档实在没片看吧。
,"说烂片预订那大叔，动漫非得拍给小孩看？你不接受设定别代表大家，还有哪吒啥货色但绝不是你想的那种设定，好好多读书，再回去好好琢磨下封神。
观后:吹爆这片，今年最佳国漫。"
,我求求你们睁开眼睛划拉一下这片子铺设的都是什么笑料：形体羞辱、生硬的方言梗和口吃梗、屎尿屁和排泄物笑料、络腮胡娘娘腔、网络流行语以及港式无厘头杂糅，我实在分不清它在风格上是更接近春晚小品还是王晶、黄百鸣们的陈年港式大杂烩，或许兼而有之吧。没人说过哪吒的文本就不能做喜剧化处理，但影片实际呈现的又是什么趣味？叙事、表意、情感的传达，没一样不是浅表而庸俗，所有重要的信息、情绪全都要用嘴吼出来，而配音的表演质量又基本维持在国产古偶剧的中下游水准，尤其敖丙，活脱脱的3D版杨洋。这么个玩意如今票房口碑双线飘红，更有所谓“国漫之光”的桂冠加持，大概也只能说明，我们的观众对于一部动画电影最普遍的定位和期待，也就是这副样子。
,"这个设定一看就是抄的《好兆头》。预告图片中有一张让小哪吒拉开对方裤子拿手电筒照成年男人的隐私部位，这不是恋童癖？这一部国产动画太吓人了。宣扬形而下的三观，还买榜买推荐。呵呵。“好兆头今年5月30号上映，抄袭好兆头？”有小朋友给我发私信抗议。解释一下。好兆头他妈的有原作 Good Omens
 Good Omens 作者: Terry Pratchett / Neil Gaiman 
出版社: TRANSWORLD
出版年: 1991-5
页数: 416
定价: 95.00元
装帧: Paperback
ISBN: 9780552137034"
,应该叫《哪吒之真·巨婴传》，中二没毛病，自恋到油腻的程度，就不好玩了。
,用周星驰的元素做中国式的幻想喜剧3DCG动画电影，这样的模板，确实是个可复刻的方向……
,国产动画区真是最分裂的一个区，很多人一边叫着动漫不是低幼作品一边为片子里的低幼笑话鼓掌……哪咤这个形象看你想怎么塑造，是反抗封建礼教的悲剧英雄，还是奉行封建礼教才能带来好果的教材？导演看来选了后者
,有些梗，真的蛮low的…
,无因的反叛，对着空气和闪电的怒吼。
,印象中哪吒作为被压抑的个体的神话叙事，在这里被改编成为更具当代感觉结构的成长叙事，替创作者言说着“拒绝被定义”的主张。魔丸转世的哪吒被限制在儿童的身体里时，只是爱捣蛋的小孩，长大后才有摧毁世界的力量（但最终被引导），这种设定体现着人们对于“恶”的认知（凭借教养可以纠正）及其转变——善与/或恶在这里不再是本能或“摹仿”（mimesis），哪吒不再是通过献祭仪式替代暴力的受害者（victimhood）。他不由谁来定义，某种程度上已经成为了欲望机器。结尾一幕，他向观众投来凝视，非常自信。
,少年的你，有个小小的愿望，愿风雨云中，刀背藏身，一秒钟行八百里，刺破六欲天
,"可圈可点，可圈可点。
看的时候会默认四十年前的经典《哪吒闹海》的剧情走向，看着看着发现本片完全没有照搬原来的故事，而是完完全全讲了一个新故事，并且不再是个人英雄独角戏，而是成功塑造了四个主要角色，这一点太赞了。而要批评的则是开篇半小时打诨插科的小把戏太多了，可这毕竟是个叙事性的神话正剧，不是《马达加斯加》或者《玩具总动员》，所以分全扣在这里。另外，技术上还有待赶英超美。
顺便看到有人拿《哪吒闹海》对比，认为本片不如旧作的，我必须指出一个基本事实：《哪吒闹海》没有传说中那么好。它是文革结束后美影厂赶工出来的作品，技术上已经有各种不足；更致命的是它跟那个时代的很多电影一样，带着过度的政治隐喻，四海龙王就是四人帮，当无论左还是右的意识形态的灌输盖过了故事本身时，就很难做出好作品了。【佛永润广正佳】"
,三幕设计和人物刻画比这几年漫威好看多了，完全是可以卖到全世界商业片。既然是就着好莱坞做的，我们就用好莱坞标准来评。
,现在看来，中国会讲故事的导演和编剧一只手都能数的过来，中国电影行业现在就是一具大型的行尸走肉，一只没有灵魂的资产怪兽。
,这个夏天一定会爆！以大家对大圣大鱼和白蛇的热情，这部国漫在完成度上圆满完成期待。第一次有了看好莱坞动画的流畅感和毫无尿点以及满满泪点，实在太不容易了。这次的剧本创作、节奏把握、主题升华、人物设定、视觉特效、巧妙笑点，皆弥补之前的种种短板，毫不夸张的说是一部集大成之作。期待暑期档刷爆豆瓣和朋友圈
,"不行，这次我要站在你们大多数的对立面了。
优点固然明显，例如绘图设计啊，剧本完成度啊。
但是，较点真，粗鄙的笑点和混淆的设定，特别是最后老百姓们那一跪还是没有超脱出君君臣臣，父父子子的纲常。
我觉得我们喜欢孙悟空，哪吒这类神话人物且乐此不疲的改编，很大程度上是弥补了“叛逆”“犯上”“弑父”在现实中无法践行的心理诉求。
但除了寥寥这几个，还有谁呢？"
,制作ok啦，故事这么改也不是不行，反正也不敢照着原本拍。改编的重点是把反抗对象抽象化，不反体制只反命运，最后落到“做自己”，这其实是妥协。虽然能理解，但也是妥协。本质上，没有剔骨割肉和重塑肉身这一破一立的哪吒，是没有意义的。要看身为异类如何自我认同，不如看X战警啊。
,配音好出戏，反正看20分钟就不想看了
,很像1970年之后的中国威胁论（魔童）、89年联合国制裁（关到死）、2001入世腾飞（当妖怪给他们瞧瞧） 和 2018年的中美贸易摩擦、华为事件（若命运不公斗到底）！2019最强国漫没有之一！！！
,命不由天的概念是好的…但还是有瑕疵太接地气了还有这给孩子看真的好吗？妥妥培养出毁天灭地型熊孩子
,人物设计父母的那个眼睛，有点让人发毛！反派师傅那个造型好像木兰里面那个太监哦！动作设计好棒好棒！最后高潮部分有一点点的拖沓，不过整体真的很让人惊喜了！我们小县城的电影院里男女老少哭得稀里哗啦的，没办法我们乡下人就是这么sentimental..... 最后，真的，好希望，自己小时候，学会，踢毽子，啊！可惜很遗憾我点开的是跳牛皮筋的科技树，后悔！
,无疑，这是今年暑期唯一的爆款+黑马。 哪吒和敖丙的友谊，努力过，彼此成就过，此情有憾，然无对错，往后各生欢喜。哪吒和父母之间，同行半路，一别两宽，余生漫漫，依然亲情守候。
,喜剧部分全程滥梗，角色设定也接受无能，制作完成度确实可以，基本抵消。观感其实跟银河差不多，审美相当，只是方向不同。
,无因的反叛，对着空气和闪电的怒吼。
,"国漫的制作水平已经是完全没问题，但低智化的台词与网络桥段让我尴尬。国产动画包袱低俗的毛病什么时候能改？去年《风语咒》也是抖机灵抖得太厉害，最后口碑平平。在《哪吒》中同样存在这样的问题，比如夫人开场的粗犷和后面的圣母光环、壮汉娘娘腔、裤裆里掏武器等。以无厘头电影的形式强行加入，简直是喧哗取宠。

这些笑料看的并不舒服，而是尴尬。这一点编剧难辞其咎，也反映了当下国内动画创作者的一些普遍窘境：如何能在主题较沉重的基础上，让观众保持愉快的心情来观赏作品？效果往往用力过猛。

又一次高举“国产动画良心”的大旗之前，我好奇的是我们的“良心动画”为什么非得加入那些尴尬又低级的网络段子式笑料，难道非得把自己打扮成一半臃胂粗鄙一半热血激昂的割裂模样，才足以迎合主流观众的口味吗?"
,"不行，这次我要站在你们大多数的对立面了。
优点固然明显，例如绘图设计啊，剧本完成度啊。
但是，较点真，粗鄙的笑点和混淆的设定，特别是最后老百姓们那一跪还是没有超脱出君君臣臣，父父子子的纲常。
我觉得我们喜欢孙悟空，哪吒这类神话人物且乐此不疲的改编，很大程度上是弥补了“叛逆”“犯上”“弑父”在现实中无法践行的心理诉求。
但除了寥寥这几个，还有谁呢？"
,制作ok啦，故事这么改也不是不行，反正也不敢照着原本拍。改编的重点是把反抗对象抽象化，不反体制只反命运，最后落到“做自己”，这其实是妥协。虽然能理解，但也是妥协。本质上，没有剔骨割肉和重塑肉身这一破一立的哪吒，是没有意义的。要看身为异类如何自我认同，不如看X战警啊。
,命不由天的概念是好的…但还是有瑕疵太接地气了还有这给孩子看真的好吗？妥妥培养出毁天灭地型熊孩子
,喜剧部分全程滥梗，角色设定也接受无能，制作完成度确实可以，基本抵消。观感其实跟银河差不多，审美相当，只是方向不同。
,做预告片的人可以开除了。以前看电影的时候，很激动，眼里含泪打转。这一次，我靠，眼泪流到脖子那儿了，没赶上截住。不过这片也有几段很差的，瑕不掩瑜
,分镜和大概念都挺漂亮的。比较可惜的是，最关键的地方被“两年后”给略过去了。哪吒本应自觉触摸自己的魔丸/灵珠两面性，形成自己人格。现在变成了指哪打哪的无名火-小粉红。魔格由何而来？谁给了哪吒那样一把声音？贴了傀儡符的巫毒娃娃？因为人格建构的缺乏，电影最后成了一场大型祈雨祭祀。现象中小粉红和大冰蓝的合一什么时候才能实现？
,我对太儿戏的东西笑不出来也哭不出来，不过打斗很爽+制作精良倒也不是很难看，就是比《哪吒闹海》差了10个《大圣归来》吧！另外这个垃圾剧情没有脸“致敬”前作哈！
,很成熟很好看的作品啊。美术，制作，人物塑造我都很喜欢。
,我求求你们睁开眼睛划拉一下这片子铺设的都是什么笑料：形体羞辱、生硬的方言梗和口吃梗、屎尿屁和排泄物笑料、络腮胡娘娘腔、网络流行语以及港式无厘头杂糅，我实在分不清它在风格上是更接近春晚小品还是王晶、黄百鸣们的陈年港式大杂烩，或许兼而有之吧。没人说过哪吒的文本就不能做喜剧化处理，但影片实际呈现的又是什么趣味？叙事、表意、情感的传达，没一样不是浅表而庸俗，所有重要的信息、情绪全都要用嘴吼出来，而配音的表演质量又基本维持在国产古偶剧的中下游水准，尤其敖丙，活脱脱的3D版杨洋。这么个玩意如今票房口碑双线飘红，更有所谓“国漫之光”的桂冠加持，大概也只能说明，我们的观众对于一部动画电影最普遍的定位和期待，也就是这副样子。
,我命由人不由天，谁不会为之泪奔呢
,小学作文式的文本。所有角色都是NPC。最喜欢的是干冰压城的想法。至于哪吒，有态度和情绪，但木有自己啊。
,李靖还蛮🉑️的……
,中二你就好好中二吧，非得加那些低级笑料干吗呢
,这件万龙甲啊，太沉重了。敖丙带着全体龙族的希望，义字当先就这样冲进天劫了，最后只剩一缕小烟魂。实名请求封神宇宙给我龙族一个好结局，别再虐了。个人感觉龙族副线比主线更出彩。加油啊，封神宇宙。
,"这个设定一看就是抄的《好兆头》。预告图片中有一张让小哪吒拉开对方裤子拿手电筒照成年男人的隐私部位，这不是恋童癖？这一部国产动画太吓人了。宣扬形而下的三观，还买榜买推荐。呵呵。“好兆头今年5月30号上映，抄袭好兆头？”有小朋友给我发私信抗议。解释一下。好兆头他妈的有原作 Good Omens
 Good Omens 作者: Terry Pratchett / Neil Gaiman 
出版社: TRANSWORLD
出版年: 1991-5
页数: 416
定价: 95.00元
装帧: Paperback
ISBN: 9780552137034"
,掂量许久，还是没法及格。CG技术越成熟，剧作匮乏越明显。悲情主线与搞笑段子严重割裂，徒有周星驰的壳，少了无厘头的魂，因为主角并非小人物。过于喜剧，稀释了众角色应有的个性。几乎每场戏都老了，但也确实勉强顺了下去。最大的要害，是对哪吒原形象DNA级的重造，在我看来不值一晒，本质是网络文化的思路，是肤浅幼稚的好莱坞化效仿。吸引眼球的伎俩全部是梦工厂式和网文式的，包括人物造型、动机、叙事曲线等。即便如此，自然也没能在此之上有什么革新。而原哪吒的反体制反父权性，铮铮傲骨，非常中国的戏曲气质，已完全替换为一套西方意识形态。某种程度上，哪吒形象比孙悟空更值得我们珍惜，因其具有更鲜明的历史对抗性和时代警示性。本片实质上已不能算改编，而是创造一个重名的新人物，完全迎合时代口味，就像剔除所有阴暗现实的格林童话。
,确实这代技术团队比《大圣归来》进步了不少，但是这片除了建模技术和配音演员很敬业就真的没啥了，大段大段堆出戏的流行元素，表达的思想都是喊口号一样直白、反复的摆在台面上强调，角色性格全都是为了迎合那些“看个热闹”的观众在耍帅、卖惨，如果接下来要拍《封神榜》的续作还请换个导演和编剧吧，我不抵触改动，但我打心底里不喜欢为了迎合、为了时尚、为了“热闹”的这种改动，《大圣归来》给中国电影动画开了个好头，我不想此之后的动画又倒退回以前那样“只要看个开心就好”
,此评价代表一位刚陪一位沉迷西游记数月的五龄童看完电影的老父亲的感受。孩子笑得开心，为父老泪纵横。
,国漫的通病 就是不能好好讲一个故事
,"身份认同长久以来被父权社会描述成无病呻吟的小事，不成体统的歪道；从前的哪吒们，动仄削骨还父削肉还母，投胎再造是他们逃离家庭歧视和社会指摘重获自由的唯一方法；

如果明天，我们每个人都可能是被主流价值观霸凌的没有三头六臂的哪吒；那么今天，我们还要不要作嘲笑一切“怪物”的庸人，镇压一切“妖孽”的玲珑塔呢？"
,又一部好设定、烂剧本的国漫典型，长板效应在暑期档再次戳中了观众痛点——《哪吒》的剧作缺陷和胜利曲线几乎和《大圣归来》如出一辙。讲的是逆天改命和打破成见，中式超级英雄的反叛内核总能和时代情绪呼应。把全副精力都放在视效和燃点上，可幽默感是尴尬且失效的，故事细节和转折也难以推敲，从而让亲情与友情的元素变得非常羸弱。回想这些年的国漫爆款，独树一帜的还数《大护法》。
,咱也不敢说，咱也不敢问
,看了22分钟受不了笑点关了
,段子对叙事节奏的影响挺大的，有些场景还会专门把镜头移过去看一个角色说段子。
,优点毫无争议：画面渲染的很棒，画风也独特。缺点是人物形象扁平，故事情节简单，口号式升华主题。
,终于打破了《大圣》《白蛇》拘泥于“为国风而国风”的短板，硬件条件满足的情况下专注于塑造人物性格和“逆天改命”的全民情绪点，是近几年《封神》IP改编最满意的一次，《悟空传》请你过来看看人家是怎么拍的。另外哪吒身上看到了漩涡鸣人的影子，不知饺子导演是否也是《火影》迷呢？
,主角的戏写得很聪明，尤其做出来了哪吒和敖丙的关系，令人接受容易又不落俗套。但节奏是一大问题，不如本身的技术那样流畅。思想上要比大圣成熟，但没有大圣那样锋利，我个人不喜欢的是配音部分。题外话，我在漫威中看到了世界上那么多维护世界和平保持公共安全的各路超英，可是在中国的这样的动画里永远看到的都是反面的神仙，查无此人的元始天尊，阴险狡猾的申公豹，缺乏专业的太乙真人，玩忽职守的结界神，这些代表着上层的人总是要被塑造成这样的轻浮与标签化，也许一部分暗合了世人的想象，但真的并不真实生动。这个电影没有在任何一个其他的角色上做出真正丰满立体的设定，都是在一个维度里做得规范踏实，所以最后这个可怜天下父母心感人却不深刻。
,哪吒和敖丙，其实就是小鱼儿与花无缺。魔丸和灵珠算一体两面的双胞胎，不同成长环境造就了不同的性格，一个是恶人谷魔星，一个是移花宫传人。小鱼儿不恶，花无缺却被恶人迷了心智，最后被设计打个你死我活。 
,这难道不是anti我命由我不由天吗？所以对哪吒这个主题的现代解读就是反叛少年回归家庭、父慈子孝、乖乖接受天罚。他的改变根本不是因为他想做自己，就只是想融入主流社会得到智熄百姓的认可而已。反抗个JB？这不就跟招安了一样恶心嘛。害，还挺符合主流价值观的。
,主创有才华，陈词滥调的神话故事也能拍的圆润饱满，有血有肉；导演没审美，再多投资，再好的题材，再大牌的明星资源，拍出来也让人皱眉，只能靠着争议性，话题性哄骗观众的钱，然后安慰自己，赚到就是成功的。万马齐喑究可哀，中国一直不缺有才华有实力有心思的创作者，缺的是机会，是社会资源的不公平分配。
,避重就轻间完成了从“父母皆祸害”到“历史进程靠个人奋斗”的温和改良，将哪吒原有的玉石俱焚般的刚烈变成了更符合广泛受众的取向；广泛地吸取了欧美动画长片的剧作模式和无厘头的幽默节点设置，大量的小聪明聚合体。
,特别难过，如果是普通的动画片做成这样，肯定给五星的了，可惜是哪吒。哪吒是非常罕见的反抗君权父权的古典题材，现在突然又变成歌颂父权（爸爸瞒着你做了XX实际是为了你好）的东西，彷佛心底的一颗明珠被挖出来打扮得花枝招展再放点屎屁尿去接客一样。我能明白当年悲壮震撼的哪吒脑海不可能再重制上映，即使上映了也会被父母投诉到死，只是。。。单纯很难过而已。
,“作为新晋的国产动画旗手，我们希望新晋的黑马不止于利用好莱坞式的叙事方式来讲述东方神话，而是希望它可以在主题、在美学、在技术上有更加深入的开拓和探索，而不仅仅只是传达单一讯号——我们和好莱坞的差距，正越来越小。”
,技术上很成熟了但是…
,段子少点就好了
,优点是故事节奏和画面都算流畅吧，但技术上并未看到比《大圣》有什么进步，成熟的商业动画吧，影院里的小孩子都看得很开心。为讨好大众难免有些媚俗，屎尿屁网络用语，卖基中二燃加感恩父母？最遗憾的还是改掉哪吒的死法吧，如果没有剔骨还父割肉还母，那用哪吒这个形象有什么必要吗？请蛮吉回来不就好了？
,皮相做的还不错，观感体验也还行，但是依然没有真正吸引人的内核。动漫最吸引人的东西恰恰缺席了。
,让人物智商下线来推动剧情是最低级的剧作方式。这个故事就是靠着犯蠢来推动剧情的，浪费了有趣的创意和设定。就算最后口号喊得再响亮也盖不住空洞的故事。导演说为了避免反派脸谱化做了很多设定，恰恰最大的反派陈塘百姓是最脸谱的，跟银河一个德行，群众就是恶的化身。
,75/100，确实惊艳！技术上堪称国漫新巅峰。完全建立于现代语境，相当戏谑大胆的颠覆与重构，情节与人物焕然一新，让经典传说重现光辉。虽然内在主题“成见”和做自己之类的很俗套了，但讲述得足够有趣，核心母题依旧足够悲壮。唯一问题是人物转折的铺垫还不够充分，有些突然，但跟惊艳的整体比，属于小问题了。
,抛却一切成见，心平气和观看本片，非常负责任地说一句，真的难看
,敖丙好帅好苏啊……我对这种类型的男二简直无法抵抗……
,没有稳定的三观，没有逻辑，没有文化输出，少儿不宜。
,看前半部感觉不够好，看后半部感觉非常烂。相比《哪吒闹海》，本片的故事和人物都显平庸空洞、无聊乏味，而且到后面还都崩坏了。
,看预告时，我以为丑是最大的雷点；看完电影，丑是最无关紧要的ooc。这个故事和哪吒毫无关系，那个小混混我也绝对不认。
,彩条屋这些动画能不能少点浮夸，多点基本功？角色表演全学好莱坞动画用烂的那套，剧作跪舔周星驰，垃圾，闹心。
,故事讲得很出彩，实现得也很好。但有一些对白好像刻意的降低了品质感，我觉得不必要。总之加油。
,三流网文无脑自嗨+屎尿屁笑料。这位那吒（已经不能算哪吒了）小朋友从小就爹亲娘爱师傅疼，还能再幸福点吗？把命运的不公全都赖给所谓的魔丸，因此调皮捣蛋都是理所应当的，所谓对“命运”的反抗也就体现在讨好百姓上，口号喊得那叫一个响。口口声声抛弃成见，却又不断输出成见。最后百姓跪拜尬煽我一声冷笑，要不是这俩人捣乱你们也不会遭此大劫好吧，要谢也应该谢申公豹才对~_~都9012年了还在尬吹技术，宽容不一定能助力国漫发展，但观众降低智商一定能
,精致，也抓人，但观感微妙。迪士尼拍出这个可以给五星，中国人不行，中国人知道哪吒到底是怎么回事，不管怎么感人，哪吒能给爹学背书吗？
,虽然这部电影的本意不在此，可是李靖和哪吒之间改成了和谐美满的父子关系，这故事原有的基调差不多就等于是毁了——当然，你可以说，就是想走出老版那种阴沉基调讲一个全新的美式的对抗众人刻板偏见的青春成长电影。（但是西皮还是可以磕一磕
,在重庆的影院 人们随着太乙真人的四川普通话哈哈大笑  这样就很好啦   （当然我还是更喜欢经典版本的哪吒  那才是“我不连累你”和“不认命”的真正模样 在我心里 哪吒和大圣是比哈姆雷特还伟大的悲剧形象
,千言万语汇成三个字：看不惯
,网络段子对本片的伤害是巨大的，除此之外，这片到底想说啥呢。
,熊孩子恐惧症患者慎入
,7分已经是对国漫的褒奖了，瞎吹瞎捧个啥玩意，浪费百来块钱，视效有进步，笑点低趣，适合女生及12岁以下儿童观看。
,戏说不是胡说，改编不是乱编。动作打斗行云流水一气呵成，技术层面也几乎无可挑剔，最主要的是这次的故事比之前的几部国产动漫都扎实了不少，没有糊弄观众。对权利的解构和重塑，阴阳善恶双生双克的设定，以及对“宿命论”的彻底颠覆，这跟《悟空传》里的空喊口号又不一样，笑点燃点都抛得恰到好处，对于人物性格和神态的塑造也十分得体且合乎情境。很乐于见到华语电影人/动画人对“封神”这个奇幻大IP下手，恭喜彩条屋终于硬气了一回。三星半，加半星鼓励。
,制作精良，立意愚昧，风格杂糅，趣味俗滥，剧情僵硬，台词空洞，配音尴尬。现在真不是没技术，是没脑子和心——倒是正适合如今的观众。又说明代许仲琳还知道个「骨肉交还，无相干碍」，现在全成了三纲五常，真是儒学千古未有的盛世哈。
,还行吧，作为最后一批豆瓣观看了本片的观众，谈谈这部电影优点缺点，本电影最大的优点就是颠覆，颠覆以前所有神话故事和电视剧的人物形象，以前的国产剧讲究好人没理由的好，坏人没理由的坏，这部看完给我最大的感触是敖丙反而是全片最正常的人？一个有血有肉的高富帅，敖丙拿的不是小龙女的剧本吗？缺点也很明显，主角一家很欠揍，哪吒有点像戴着大金链的东北小混混，没脑子、喜欢讲义气、爱面子、别人说啥他信啥，一言不合就干架，自暴自弃的病秧子。而哪吒的父亲本片感觉非常的阴森诡异，表面上正人君子作风，实际一股搅屎棍的作用。太乙真人则成了猪八戒人设，总之猪八戒什么性格无缝对接就完事了，申公豹则成了屌丝逆袭遇到社会不公的悲情人物。我看完一度怀疑这部电影的真正主角是敖丙！另外的缺点是笑点太尴尬，求国产动画不要再追求屎尿屁了。
,十星！！！！都去看好吗！！！！！！（喊到破音！！！）
,浪费我时间，烂梗，强煽情，最恶心的是模仿什么人设不行，模仿美国好莱坞那种矫情爆炸的没文化人设，想起20年前呕吐的“小燕子””
,太棒了👏有智商 有逻辑 有意思 希望票房大爆！改编的颠覆又相当合理，冲突和感情都不平面，感觉很多部分有漫威的影子。
,一个偏心的老板，一个不靠谱的师傅，一个溺爱过分的母亲，一个忘恩负义的父亲，一个专职于打砸抢凭天生神力欺负别人还抱怨自己没朋友的官二代，一个将父辈几代人全部心血毁于一旦而只顾交朋友的太极爱好者，而以上这些通通是正面人物，老龙王最可悲，申公豹最努力，而两个人的下场却都不是很好。对，这就是这部电影的全部，你可以说他画面好，你可以说他故事解构完成度高，但是你要说他三观正，却难以承认。
,"三星剧情，五星的制作。四星平均。
我非常非常反感最后一幕所有百姓跪在地上的情节，让我想起美恐 cult那一部，制造恐怖，然后制服它，大众归顺与你。
比美恐更甚的是，这一部居然大众还下跪了。服了。
"
,不好看，不要浪费时间。画面制作再精美，也只是表现形式。国内不会再有描述人性的好作品了，政治干预太严重。原本对天地君亲师的反叛，变成了亲情友情包围下对命运的挣扎。
,三星，前半段三星，后半段四星。
,技术完美。但我觉得“哪吒”是一个“我不要”“还给你”的人物，而不是吒儿这样和解、回归、圆满的角色……
,再一次警告中国电影人，不准这样做电影了！不然还得花电影票钱！不可以！要坚持做烂片，不要又逼我花钱走进电影院！
,粗俗过了。
,"我一直觉得中国古代神话能称得上传奇的只有两个人物
一是猴子 一是哪吒
百世蕴灵育出只石猴 大闹天宫腾云驾雾
三年怀胎生了个哪吒 东海屠龙翻江倒海
可以说 除了这两人 没人再能当得起离经放纵四个字的
但称得上悲剧的 约摸也只有这两个
一个五行山下压五百年 揭了封印 戴上金箍无悲无喜 拜佛西天 唤孙悟空
一个削肉还母剔骨还父 塑了莲身 站上火轮无怨无恨 封神南门 号三太子
这尘世最擅长的事 大抵就是抹杀疏狂者的落拓 磨平豪纵者的傲骨 斩灭叛世者的孤妄
"
,任何一个稍微对语言有点敏感度的人，都会感觉耳朵受到了侵犯。北京这帮闭门造车的动画工作者这么用四川话，就跟美国人觉得全世界应该讲英语一样——你瞧你一口外国话多滑稽。乱七八糟的不仅是语言。以及，中国人依旧没有幽默感，对喜剧的理解极其肤浅，里面的逗哏都是剥削性的，自作聪明罢了。
,如果我们国产影片的对白台词继续这样低级趣味的尴尬下去；如果我们树立的国产男孩形象再继续走这种小大人、没教养、我最牛逼、目中无人的路线；如果我们继续用今天影视圈的品位和文化底蕴糟践神话和历史人物，那么电影院有一天也会成为工体，成为一个不能带孩子沾染的地方。
,没有自杀报复的哪吒和被抽了筋的龙一样
,犯了和陈凯歌版赵氏孤儿一个毛病，把原著里最激烈的人性冲突给剔除了。
,两分全给技术，在内容上，无法接受父慈子孝的哪吒。
,两星。里面所有人物的个性都是前后失控的，甚至敖丙出现之前整个片子只有李靖一个人还看着像个正常人。敖丙的前15分钟也还行，后半程依旧崩坏。剧情崩坏，价值观崩坏，可怕的是这些崩坏的人的歇斯底里得到了认同：谎言，逃避和不认账之后突发一场灾难，幸存的大家觉得一切问题仿佛都解决了，欢天喜地。百姓没有记忆，影片制作者该有。
,故事完整流畅，表达OK。最大毛病可能就是一个经典悲剧形象，经得起反复挖掘的深度，被迪斯尼化了，阖家欢乐四个字，注定止步在少儿档与真善美。我觉得甚至可以从赛博朋克人体炼金改造角度的切入哪吒这个命题，更别提都被痛痒乐团拿来做俄狄浦斯反叛标签的经典形象了。适合暑期档父母带孩子一起去看。
,冥冥中有股党性...
,华夏是孝道文化，但哪吒闹海是我的最爱：骨肉还给你，人格、精神永远独立。任何文化唯有保持对峙的紧张状态，才有可能革新、前进，歌颂父权是什么鬼？这不是我的哪吒，这是向钱看的辣鸡，负分滚粗
,价值观表达处理不好，上限就在那儿了。
,三星半。“魔童”版哪吒与敖丙的共生关系，与酷儿叙事有着不少共通之处。能引导个体觉醒、认知自我的，很大程度上是同路人。哪吒与敖丙通过观照对方，才得以认清自己，明白“我命由我不由天”，魔丸灵珠的“善恶”属性并不能定义自己。但红蓝配色，以及两人“合二为一”的太极阴阳图，实在是过于强烈的暗示...这么看来，李靖在众人面前揭穿敖丙的真实身份，其实是给敖丙“出柜”咯？...暑假档票房的有力竞争者，值得一看的国产动画电影。（作者：紫薯）
,电影交流会上一派喜气洋洋的氛围。导演说让这部电影成为国漫崛起的代表，而我觉得最多凑个国漫复兴，血统不纯何谓“国漫”？另外只有我一个人觉得电影三观扭曲吗？主角形象另说，台词轻浮，情节丑恶低下：百姓因恐惧哪吒装死跳进真棺材，逝者横尸大街还抢人家符咒？？放屁没完没了还要反派没完没了吸？？娘炮和残疾人也能没完没了搞笑？这部电影我果断不能买单。
,自古红蓝出CP！虽然对“我命由我不由天”这种主题还蛮疲劳的~｜电审动字［2019］018号
,没什么好多说的，这种群魔乱舞的造魔玩意新编戏曲里我见得多了。创新？完成度？思想性？79版《哪吒闹海》给我看100遍再来谈这个。比起来网飞版圣斗士都显得更可亲些了好吗！
,国漫就剧情逻辑是硬伤啊，也不讲科学。
,低级笑点尬到逆天，嚷着要摆脱成见却以成见作笑料，睁眼说瞎话，魔就得丑，这是歧视，中二且愚蠢，李靖就该大义灭亲，袒护不是爱是自私，
,好的，说实话我认为是过誉了
,一，商业片要求轻松和笑点OK，但我们有没有资格要求幽默更加高级？二，原作作为古典文化中难得的对传统和父权的解构反讽之作，如此的现代「再解构」，难道不是把它「退回去」了？
,四年后做出了个还不如大圣的大圣，这就没什么好尬吹的了吧。
,很娴熟的商业片，反面人物的塑造也细腻丰满，很难得。鸡蛋里挑骨头：动作场面过多了些，看着累，周星驰式的悲情喜剧元素太老套，核心价值观延续大圣归来，略显简单生硬。
,飞猪app给钱了吗？
,看哭了呀。。。期待“封神宇宙”（真的有吗？）
,不太喜欢这部戏里太乙真人的设定，低俗梗比谐音梗还要扣钱。打斗场面很加分，终于不是一个大招打赢boss的局了。只是那盘在一根根柱子上的龙，天庭怎么就这么理直气壮让他们数年如一日地在不见天日的地方镇压坏蛋啊，能不能轮个岗…
,因为大家吹爆才去看的，动画技术值得肯定，但配音到剧情全程尴尬，二流子哪吒，泼妇哪吒妈，娘娘腔的大胡子村民，结巴申公豹（为营造“申公公”的笑点设定为结巴）一口川普的肥佬太乙真人，各种掏裤裆喝鼻涕玩得不亦乐乎，把屎尿屁当幽默，把瞎编当创新。 我需要看《哪吒闹海》来净化心灵了。
,所以最后龙族怎么样了？
,我看哪吒，就是抱着观察代沟的角度去看的。因为票圈零星金句所代表的片子主题，不出我所料，一定会打动网络时代活在众人（庸众）普世价值观“无所不在凝视”之中、想要喘口气做回自己（有没有自己另说）的乖顺年轻人的心灵。片子把这个故事所蕴含的原本直刺中国传统文化中最隆重的父母与孩子关系的惨烈故事，柔化成了带入感极强、（小）中产、乖孩子主流心态的父母关系中，做自己，善战胜恶，父母、师傅为孩子奋不顾身………一部不错的主流商业片，为了支持国产动画片，我不后悔花钱买票进影院。对我来说最有趣的，是观察今天能说服年轻人的场景想象、像素精度，以及中国动画片如何在迪士尼和日漫夹击中慢慢摸索自己审美语言的那个过渡………
,非常不错，但不如大圣归来。我更喜欢白蛇缘起
浙江,我觉得是一部完全没必要看的作品
,泼个冷水，“哪吒”的模式其实还蛮网文的，穿插着各种不合时宜的现代烂俗梗，尤其是在各种隐藏“大战”（封神战）、“等级”、“技能”术语悄然而过的瞬间，就令我不止一次地回想起无数个躲在被窝里偷看网络小说的夜晚，可惜现在早已不是这种年纪。“哪吒”的技术固然是无可挑剔的，然而故事略中二，深度如爽文，人物看似反传统，但其实又套路得可怜，逆天改命这种写烂了的东西大家是看得太少吗？就不要去妄想什么暗黑神话颠覆改编了，一切都是为了服务“画面”二字。
,看片前：“我倒要看看这么丑的哪吒到底有多好看“，看完：？？？即使他是所谓的国漫希望我也要从我的个人审美来进行客观公正的评价，而不是一味的夸大说这是一个怎么样的进步。我并不认为这是一部优秀的作品，虽然这对于国漫来说可能的确是难得一见的片子，我承认片中的美术、特效以及配乐都还不错，是电影工业化上的进步，故事结构世界体系比较完整，但是于此同时粗俗油腻的对白台词让我无法忍受，哪吒的人物塑造过于刻意做作，穿插的搞笑桥段简直宛若智障疯狂出戏，很多转折和过度过于牵强，凭借着快节奏的转场硬性煽情，色彩饱和艳俗的让我怀疑人生，如果说这种滥情且廉价毫无文学素养的剧本可以代表国漫的希望，那真的挺绝望的。因为这部片子符合当下语境的快餐和刺激，你不需要动脑，这种叙事结构以及一句“我命由你不由天”和鸡汤文有什么区别？？
,真的，好想给O分
,3.5/5。很有意思，“改剧本”成为银幕内外双重的指涉，哪吒的典故被注入邪、丧、敏感的人格特质，对新的观众重塑新的神话偶像，类似漫威雷神之于索尔。有个时刻我认为要向父权开炮了，但没有，和白蛇一样，调转枪口，对准“愚民”的成见，权力是隐含在人情关系中的，是亲情和友情，成为赋予情节合法性的动力，真心为你，让“不认命”的燃，在中国式权力语境内，有了悲壮的内核。尽管有诸多超英片的影子，但高水准的制作（神笔马良式的奇观，还是运动主观镜头），让人感到年轻创作的商业野心，就能用网游画风做出A级效果，包括插科打诨和彩蛋。
,仇父的哪吒终于被父爱感召，找到了自己。爸爸去哪儿？爸爸归来。真是时代写照。唯一打动我的细节是，群龙抠下身上的鳞片，带着血，交给敖丙，做成一件华丽的衣服。这是凤凰男的痛——举家亲戚每人抠出一点血汗钱，给敖丙在北京凑个房子的首付。这是我们这个时代的故事。
,其实够不到四星，但它在完成度和视觉想象力的基础上相比之前几部高口碑国产动画都更有主题深度，但又有所顾忌，既不愿意一黑到底，也想不出情节做升华性的诠释，编不下去了就把最内核的价值冲突留到彩蛋里甩给下一部，结尾则利用共情过渡到主流价值完成和解。喜剧思维也过于低级。
,如县城小流氓酒后盟誓一般动人
,虽然还是更喜欢大护法，但哪吒哥哥我也愿意嫁！（滚！）可惜少年哪吒出场太短了，圆滚滚魔童总让我脑补彭昱畅（？？？）。好开心是带着爸妈看的，这个投票好值得，而且爸妈也很喜欢，做得这么好，妈妈都惊了，结束后我说，赶紧卖去国外吧！也很感动看到所有创作者来自全国各个动画公司，北上广深南京苏州长春成都……在今天京阿尼事件让人悲伤的时候，好想带着眼泪地说，地球上喜欢二次元的人们啊，联合起来！
,惯例还是国产加一星，同时感觉到我作为国产动画的观众阈值在提高，这片子如果放五年前出我一定贼激动，现在看也就是情绪稳定地说“作品不错，但也有一些美中不足”（扶额）…………（当然也有一些比起3岁儿童友谊我更想看72岁直钩钓鱼的个人审美因素作祟。）
,这个暑期档幸好还有一部哪吒，不然真的叫惨淡了，瑕不掩瑜，故事、情绪、人物、美术是成功的，国漫的一种拍法，虽然比起皮克斯、迪士尼的优质佳作们还有距离，但在这个环境、这个预算、这个制作下，已经算大有可观了，希望这才是国漫的良好开始，未来还有漫漫长路去试错、进步，而不是开始就是巅峰，剩下就是灰烬，祝福……
,恶心。如果哪吒扼住命运这一命题的解决法仅仅是俗世的认同、家庭伦常的圆满，“我命由我不由天”本身就变成了“克里特人都说谎”式的悖论，不如说，哪吒为他愚蠢的命运而着迷。哪吒命题的阴惨源自越界的不可能性。我不喜欢本片哪吒成熟、做作且有说教性的声线，这取悦了大多人的声音已经显示，你要爱这俗世。
,身为哪吒爱好者有些不能忍受这么多周星驰梗的化用，伴随主题上完全的悟空化，私心减一分。不仅是哪吒敖丙的正邪对立在中途来回180度翻转，李靖乃至百姓等人的立场也完全摇摆不定，剧情完全服务于个人鸡汤励志主题，相比起来，一反剔骨割肉的李氏一家相亲相爱反而还显得比较无可厚非了，毕竟是父母出票钱带小孩来的，你还能让他们演什么呢？
,制作精良，川普加料，笑场频频。不过，为了重塑以天地君亲师孔孟之道为基准的中华民族价值观，本来最该有戏的削肉还母、剔骨还父故事完全没了。
,电影中有很多令人感到不适的关于屎尿屁的低俗笑料，还有一个胡子拉碴的娘娘腔🤢，太乙真人变成了令人厌恶的胖子，还生怕大家没有把他和猪想到一起，给他量身定做了一个猪当坐骑🙄。各种魔改哪吒及相关人物的设定，哪吒从灵珠子转世变成魔丸转世，从清秀的美少年变成了一个长着黑眼圈鲨鱼牙的熊孩子，以前不管在哪个版本里面都是哪吒鲨了敖丙，现在变成了哪吒和敖丙手拉手好朋友，甚至在某种程度上相当于孪生兄弟，李靖从一个厌恶哪吒甚至导致了哪吒自鲨的父权角色变成一个深爱哪吒的好爸爸，和哪吒父慈子孝，把哪吒的故事核心内容都删完了，哪吒最终还能自己解锁三头六臂的法相，导演的脑洞真是令人佩服😅😵😫
,虽然人物性格都改了，但是挺好看。大场面前的配乐段起始跟《战神》的配乐……玩过都能听出来。
,低俗和恶搞拉低了这部电影的水准，总的来说瑕不掩瑜，算得上是部难得的国产电影，但成不了经典。
,什么样的时代就有什么样的价值观，比如无底线的溺爱与迫害。好笑的是，看这场电影的时候旁边当我小孩儿大喊大叫说自己像不像哪吒？所以根本不苟同这是个正面输出……特效统筹我可以说很烂吗？烂眼儿。
,剧情中规中矩，但细节丰富诚意十足。歌颂自由反叛的精神、弘扬“主体思想”、批判愚民种族偏见，还致敬恶搞《终结者2》（音乐有买版权？）及周星驰喜剧。角色性格丰富饱满，动作戏分镜设计很用心，这两点就比其他国产动画强。再加上不露怯的CG水准，确实值得鼓励。相比催泪煽情的亲情戏，最让我感动的角色却是被刻意安排扮丑的太乙真人。在哪吒缺失父爱、孤独迷茫的时候，他用师父的关怀和教导陪伴哪吒成长，甚至为他造了个独家“迪士尼乐园”陪他玩，最后也牺牲了修行。缺点：低俗笑料过多，哪吒熊孩子设定很讨人厌，黑化转折太快，片尾彩蛋拖沓。反复出现的胡茬娘炮男不仅不好笑，甚至有过度消费的恶心感。无论技术还是剧情内涵理念，国产动画还有很长的路要走。三星半
,哪吒真的一点都不讨喜，就算如此李靖夫妇还是对他爱的愿意为了他去死，啧啧啧，也不知道想要表达什么。就算后期要成为英雄需要反差也不至于把他设定成这样吧…还有，哪吒不是打死了敖丙还抽了他的龙筋么，这里咋还成cp了...另，哪吒配音真的生理性不适
,我不明白啊朋友们，这跟喜羊羊大电影有什么区别……
,没人看出这是火影忍者剧场版之鸣人转世再续佐白龙羁绊传？
,"中国人都怎么了，这种烂片能高票房，我c，现在连豆瓣也不能信了，这烂片也就给小朋友看看，网上不知道该信谁，打五星的估计都是托，立意不足，搞笑蹩脚，动画效果也是中下等，真tm难看。                                         摘录一下其他影评：

各种方言、结巴、放屁、烧裤裆的梗，还有什么指纹解锁、游乐场之类的舔当代科技，所有笑点都能在半分钟之前预知，弱智当好笑。最不能接受的是把主题又变成什么“不信命”之类的俗套，那句泛中国地区最中二病没有之一的“我命由我不由天”，我饭都要呕出来，本来我们已经很没有反抗父权的人物了，硕果仅存的哪吒也要变成这样，“削骨还父、割肉还母”完全没有，爹妈爱我，父慈子孝，行吧，李靖也洗白了，我服了还不行吗？我信命了好吧。"
,咋说呢，故事情节太简单了，而且哪吒说着“我命由我不由天”，然后就去按照宿命被电击了，看得我莫名其妙。唯一的亮点是哪吒和敖丙的基友情，但没有展开来发展，这点上竟敌不过《终结者黑暗命运》。以及想到敖丙一介草根少年，背负着全村人的希望想扬名立万却仍失败，还是相当唏嘘的。整体感觉是给小孩子看的电影。
,完全是借哪吒骗情怀吧。哪吒长得像王宝强，片子里的笑点网络化又低级恶趣味真是相当迎合暑期幼儿的赏片水平。制作水平到位又如何呢内容完全没有原版那般撼人心魄，哪吒莲花中重生的灵性一点都没有。不知道的你说这片是孙悟空都有人信
,周星驰式幽默是将搞笑段子甚至金句穿插在它注定应该属于的地方，而不是那样毫无章法的堆砌和滥用，网络用语和段子的大量使用削弱了原本古代背景的合理性，是一种极其讨巧的心思，打着迎合大众的恶趣味来达到现象级作品的目的，忽视了一个作品应该有的那些基本要求，这是对自己和对观众双方的不负责。
,人物弱智，台词尬聊，三观歪曲。哪怕请个念过书的编剧也不至于写这样的剧本。现在的动画片是怎么回事？4/10.
,角色们什么时候能好好说话？刻意强加的低幼的网络笑料不仅有损故事的流畅度，还增加了违和感。
,3D差评！算是比较成功的改编了，增加了喜剧元素，画面炸裂制作精良，剧本上有颠覆，改动虽然不小，但基本遵循了原本传说的内涵。这些细枝末节的改动和填充，并没有什么，甚至还使得故事更加饱满，但是最不满意的地方就是父子关系的转变，可以说本片洗白了“父权”，哪吒由“割骨还父割肉还母”的决绝变成了“我命由我不由天”的决绝，这里面的力量是不一样的，只能说这个改编更适应时代。另外就是画风稍微有点丑，但并无大碍，看习惯了觉得哪吒丑帅丑帅的。
,不废话，打算二刷IMAX了，比《大圣归来》还要好看！剧本虽然看着套路，但写得工整又有梗，你已经够熟悉这个故事了，它却选择打破重建，最重要的是在大圣觉得遗憾的最后决战高潮戏，这部简直爽到了！龙的毛发和水还能感受到动画人的倔强，真心希望票房好一点再好一点，能来个第二部开发一下宇宙（虽然导演说还没想好）~但另外一部《姜子牙》看了预告也非常想看了！
,实名吹爆《哪吒之魔童降世》！今年最好的国产动画电影已经诞生了！没有明显短板，亮点还特别突出，娱乐性和思想性都相当出色，期待正式公映后刷爆这个夏天！！！
,别的先不说，光这哪吒长相就像个脑残:活脱脱一副大烟抽多了还连续通宵一个月的网瘾少年。😂
,我旗帜鲜明的反对此片！我认为此片不符合社会主义核心价值观。为什么，有的人一出生就有特权或神力，为什么打砸了群众房屋无须赔偿。此剧总体属于恶搞，能过过审说明啥，只要为人民做了一件好事，之前的坏是就可既往不咎了吗？
,观众什么时候能像抛弃咪蒙一样抛弃这种图像爆款呢。
,又闹又尴尬…
,"1：首先野心很大，映前预告和第二个彩蛋姜子牙都出来了，很明显下着一盘大棋；
2：分镜剧情上用了很多无厘头搞笑梗，也更年青化了，这是比之《白蛇》、《大圣》、《风语咒》更接地气（商业化）的地方；3：改编颇大，没有闹海、没有割肉拆骨、没有斗杀三太子抽筋，哪吒、太乙、申公豹、敖丙、李靖夫妻、所有的角色颠覆很大，内核是【破除成见+自己掌控命运】，非常接地气，光是那句“我命由我不由天”就中了太多痛点，能圈粉不少；4：国漫崛起？我这几年听了至少4次国漫要崛起了，上一次还是《白蛇缘起》。谈崛起，起码要从横向或是纵向比较，能有《大闹天宫》这样在亚洲动漫的影响力？好歹《流浪地球》填补的中国科幻史大片空白的历史才谈得上科幻片的崛起；5：是部非常好的国漫，商业上会很成功。我很期待后续的封神宇宙系列。7.7"
,"昨晚看了，初看哪吒新面孔，不说一百个也有四十七个不情愿，突然想到，新版的不是拍给四十年前在影院看闹海的我看的，要说哪吒形象也并非只定于闹海一尊，起码之前也还有大闹天宫的造型。换了我是导演，选择“与其叫你看不起不如让你看不惯”也在预料之中，这样一想，小捣蛋的脸似乎又忍得下去一点，也渐渐看明白导演悄悄向闹海版致敬的手势—— 长着同一张面孔的家丁和夜叉。
在这个意义上，我给七分。"
,制作质量出色，但不必要的低俗梗过多，拖累了水准。总体来说，和大圣归来相比，优点更多，缺点更少，同样打五星，大圣归来有不少鼓励分，但本片就比较少。遗憾的是，如果格调更高一点，就可以不算鼓励分而当之无愧了
,电影020，就冲李靖&amp;殷夫人这对国产电影里少见的好父母，我多打一颗星。这部片其实抽掉了哪吒原著里那种古典叙事下反抗父权的悲剧性内核，取代以现代叙事的“个人自我成就”神话，辅以大量笑料，还挺成功的。对于“心中的成见”的反复强调，以及人物的两两对应，加深了故事厚度。尤其敖丙这个角色，从顽劣不堪的龙太子变成肩负一族兴旺重任的傻白甜高富帅，可以说承担了很大一部分的戏剧冲突。
,外表精致完美的动画制作不是内核粗鄙混乱的遮羞布。想要立意深刻，却又怕不够迎合大众，整部电影全在这矛盾之中摇摆，打动不了人。
,国漫的标准不是，我靠，这片真好看经典，而是我靠，国漫也还可以看，崛起了！！！为什么国漫这么多年一直是在崛起，却始终没有真正起来，环境当然是关键原因，也离不开观众的捧杀。还有为什么喜欢这种奇葩的人设，不古不今不中不西，因为建模好建吗？
,名过其实，瑜难遮瑕，看完非常不舒服
,勉强及格。很多场面渲染方式跟建模，都在国产动画、奇幻电影里出现过多次了（片尾陈塘关遭冰层压顶，画幅里的世界之类的），但本片的好处在于，基本将这一套东西的表现力推到极致了，最典型的是四个人争夺画笔的那个视角不停变换的长镜头，当然做纹理的时候还是很露怯，主要集中在龙和海怪的模型上。片子主线还是儿童片范畴，讲亲子和教化，舐犊情切之类，这个框架免不了表现熊孩子种种劣迹，令人厌烦，但剧情补丁打得好，节奏把控也算恰当，种种劣行适可而止也提供了解释，敖丙那条线上，背负族人希望的设定和哪吒是一体两面，也让角色厚实。其实庸众、身份成见、现代元素乱入和略屎尿屁的笑料都已经是国产片的常见配料，本片提供的新东西有限，但它的长处是细节锤炼的扎实，剧情的流畅度，动作的连贯性，各笑点的分配等等，都比大圣等高一个层次
,剧作内核和画面都比大圣归来高。真正执笔于哪吒内心，在善恶、家庭、成长和人心上都能找到自洽的落点，童年成长所积压的情绪，在最后一战中迸发释放，让人燃到飙泪。改编颇具想象力，对世界观的构建（续集的伏笔）也下足功夫。分裂的是，本应“暗黑风”的基调从始至终都塞满不间断的现代语境的恶俗冷笑话，在观感上屡次让人出戏之外，还给调度和节奏带来些许影响。总体瑕不掩瑜，它可能是国漫真正崛起的一道分水岭。
,炸！
,披着哪吒外皮，反父权内核转身变为父慈子孝的儒家恶臭，还必须填上点尴尬的网络段子，每个配音人员似乎都不在一个次元，仅有技术的空壳子换来别样文化自信
,段子台词强行出戏，父慈子孝了呵呵
,点映看完了过两天正式上我再去2刷，不管世人审美咋说，反正我真心喜欢这个黑眼圈哪吒的有血有肉，尤其是押韵的儿歌一套一套的。比好多高颜值无性格的电影电视卡通形象有意思多了。
,豁牙，大裆裤，出口爱押韵，又垮又不忿，外表叛逆实则柔软，怎么看怎么就是大张伟。可惜，现实哪里有什么我命由我，不由天。从孙悟空到哪吒，总要有一些精神图腾，来对抗残酷的现实。每个人都有自己的位置，对于冷眼旁观者来说，良善的虚伪总得好过赤裸裸的真实。其实，故事的内核，不如前年的《大护法》，但一定比《大护法》受欢迎。
,五星鼓励吧，不能说毫无遗憾，或什么国漫巅峰之作的大话，但论画风论诚意论剧情论立意与整体感觉，都是国漫近年来难得一见的精品。哪吒的人生本来就是不认命的人生，要与厄运对抗义无反顾。看得出饺子是有实力与想法的青年导演，不落俗套的大胆改编，天马行空的想象力殊为可贵，期待他未来的发展。
,闲笔太多
,小时候看封神演义，竖排很多繁体字有点望文生畏，但因为太喜欢我还是靠着猜囫囵吞枣看完了。后来又如饥似渴地看了何威版本的封神榜，当别人还在陶醉于新白娘子之际，我总是很不屑很臭屁地怼道，你们看的算个球，我这个才叫经典。再后来岁月流逝，封神似也拍了N多个版本，但再也换不起热情了。但是饺子的这个动画如浩浩银河的熠熠生辉。让我看到了一对最明亮的哪吒和敖丙，也由此想起流火的同名小说，不知导演是否看过。也期待杨戬二郎神、黄天化、雷震子……封神的少年英雄（或许还可以加上灌篮高手和圣斗士）瞬间照亮了恍若隔世的童年英雄梦，虽想起来已有不胜唏嘘之感。
,父权制的代表李靖同学已经被洗白成暖心奶爸父爱如山了，所以哪吒这故事新编的意义何在？怼天怼地却不anti父权的哪吒到底又在anti个啥？“魔神二元论”基因编辑吗？以及申公豹变成了字面意义的豹子精我是拒绝的
,魔改的剧情还不错，原作的暴虐减轻了点。不过我看到最后还是不喜欢哪吒形象……
,惊了，没想到差成这个样子。对白低幼配音做作连画风也没进步，同60年前的大闹天宫相比谁不说一句原地踏步甚至倒退。国漫之光当然有，但绝不是这部。用力刻画我命不由天这样”没新意”的价值观，设定上处处充满了各类陈旧观念拿歧视当有趣。
,（８／１０）打高分是因为片子本身就很出色，而不是因为国产（我平时就一直有看国产动画，也不是特别喜欢《大圣归来》）。相信很多人是因为这部动画才知道饺子，但早在很久以前，我就已经把《打，打个大西瓜》看了很多遍。所以吸引我来看这片的最大元素，是饺子本人——这点远比所谓的“国产”更重要。在《哪吒》凭自身努力、认真和执著而获得好评面前，用道德绑架强迫别人必须给好评的《流浪地球》和《战狼》只是一个品格卑劣的存在。真正的好作品，自身就会散发出引人入盛的魅力，不用你进行爱国绑架，我自己就会心甘情愿地给予好评。
,"其实主题还蛮直白老套的，虽然禁不起事后咂摸，好在剧作落地后的呈现效果藏拙成功，观影过程中节奏一直被推着走几乎来不及察觉这些瑕疵，倒是不错的寓教于乐方式。（父子情令我眼角滑落一滴眼泪（（期待封神大IP"
,哪吒的故事太大了，短短一百来分钟讲不圆，不如踏实地只讲好一个小故事的姜子牙。恶心的地方太多了，国产作品嘛，反正只要不带着期待去看的话，假装看不见就行了。
,虽然这个身份政治故事前半段也蛮好看，尤其哪吒的神态很传神，但这不是真哪吒，我还是无法接受不弑父的哪吒和父爱如山的李靖。大荧幕上是不是再也不允许弑父了？这个电影再次证明我们所有人都被阉割了，因为连力比多的化身永恒的少年哪吒都被阉割了，变成了古希腊悲剧人物和迪斯尼英雄🤷♀️
,近十年国产动画电影最佳。但是对票房持谨慎悲观态度。和基友@所有团的团长 打了个赌，如果票房过10亿，我给他发1000块钱红包。请大家让我输，谢谢。
,我先大喊三声牛逼！牛逼！牛逼！然后我的评价就8个字：史上最佳，买票去看。
,充满了天朝熟悉的乡味审美观，从剧情、人设、笑料都是山寨、庸俗与老套的堆砌，视觉特效更偏向与讨好幼儿显得粗糙而幼稚，如此还获得口碑实在证明天朝电影从制作到观众的粗鄙。
,哭了几次。其实我是带着偏见来看的那一类观众，因为听说自刎、剔骨都没有了。我相信有很多人并不会明白哪吒对某一类小孩的象征意义：原来世上还有这样一条路。了解我家庭的弟弟悲哀地对我说，但这并不是什么好榜样啊 - 连他也不懂哪吒对我的精神鼓舞。可开头李靖和夫人护崽那幕一出来，我就哭了，不知道有多少和我一样，一而再再而三被最亲近的人视作“异类”“怪物”，不知道他们又是不是都憧憬过这样的父母。我能接受所谓父慈子孝，因为我一直觉得，世上有一个被爱的小孩也是好的；我也明白“为什么要动我们的哪吒呢？为什么不干脆原创？”因为小时候的意象也给我过力量。千言万语，总之，新的哪吒有新的命运，如果我曾是哪吒，我们也曾是哪吒，希望长大了、拥有了自身力量的我们，也去创造更好的命运吧。
,技术、故事、主题都有了，且把《悟空传》电影版没有做到的“我命由我不由天”完全贯彻了个彻底。哪吒、红孩儿、二郎神、孙悟空，都是中国神话里值得深挖的人物，普世性从上古穿透到现代，无论神性、魔性、人性，只要胶着在一起，永远会有说不尽的故事，不存在颠覆不颠覆，最颠覆的反倒是配角龙族。诙谐比沉重占比更大，论感人程度没有预告片那么强烈。哪吒X敖丙，我多年没磕到如此绝美的CP了，简直令人尖叫的程度，编剧绝对资深耽美读者。彩条屋应该是用这部片来唤起大家对封神之《姜子牙》的期待，乌尔善表示压力山大。
,其實是兩個小孩為長輩贖罪的故事。哪吒困境的本質是「被誤解」，這開始於太乙真人的疏忽，又因父母無瑕陪伴，哪吒被強化為缺愛的怪獸。後來父母用「善意的謊言」，擅自作主延緩危機的到來，但哪吒始終需要獨自面對百姓的敵意。敖丙，則生來就被當作機器來培養，目的在於提升父輩的階級，完成師傅的權力翻轉，他變得如同修道士般禁慾（甚至還說出了「懺悔吧」這樣基督教意味的台詞）。很奇怪，哪吒得知真相後，瞬間就通曉了大道理，譬如「命運」和「自我」之類，拯救了全部人之餘，也寬恕了父母，背後道理類似中國家庭的哲學：只要子女成了功，什麼都好說，所有怨恨都可以一筆勾銷。
,假的嘞
,哪吒真的太overrated了，本身这个神话故事的核是反父权的，是一个儿童朋克觉醒。但最后做成一个父慈子孝的合家欢，输出的价值观还是你要认识和定义你自己。我不懂感动点到底在哪？但制作水平是在线的，这只能说中国观众对一个及格线的作品是多么渴求和宽容。 
,完成度高的背离原作精神的AU同人。
,渡劫是为了修仙，修仙是为了渡劫。渡劫，是一门大学问，是修仙宇宙的本体论。
,国产动画能做到这种程度确实不错，唯一的瑕疵在台词上，动不动就想蹭网络段子和笑话，容易出戏。
,好看，但不喜欢。好看在于制作精良，细节到位，有老港片的味道。但还是不喜欢这个哪吒的改编。弑父的哪吒变成因为父爱找到自我，他最大的敌人竟然变成了世人的眼光？差了点意思。
,当哪吒说“这是我爸教我的”时，吐了。难怪人民日报和央视夸，这么懂事的哪吒也是难得。我只想问，我命真的由我吗？
,看得又哭又笑！不过李靖夫妻你们给我说说，你们管哪吒叫吒儿，金吒木吒难道不配拥有姓名？
,都是上流社会在折腾，愚民只有跪拜的份儿。
,认真想了想好在哪，戏剧性其实变弱了，成人化程度也降低了，完整性因为是头一部也谈不上，一句由我不由天感觉也用错了地儿——可人物设定真能灭一切啊。原本看到黑眼圈小痞子的模样觉得为了博眼球净瞎改，如今再看到粉嘟嫩藕原版恨不得一拳捣成个青眼。这就厉害了，像是至尊宝只是借了大圣的皮囊，骨子里全是重塑和新生。这路数倒是真适合哪吒，只希望下一部里他别变成了孙猴子的翻版。
,豆瓣居然这么高我不信，，，，，毕竟它有一个太硬核的逻辑问题了，都知道哪吒生日会发疯，他爹妈干嘛把全部人都喊来给他庆生，方便全部杀掉吗……我命由我不由天，这个主题，其实也没有表现的特别好，6分，及格
,感觉看了部动画版的中期周星驰电影，很多笑点有即视感。制作和节奏不错，但是我确实不吃这样表达的父子情和友情，大圣最后那种激昂感更好些。
,这个有点朋克感的颠覆性造型，初看瘆的慌，看久了反而觉得丧萌丧萌的，希望人物形象能与故事内容相契合。至于“改编不是乱编”，主要还是看故事本身是否足够精彩，只要做到逻辑自洽哪怕面目全非也不能说是“毁经典”。20190720，吹爆！完成度极高的动画电影，好看！
,非常适合市场的一部讨巧之作，的确无论从故事还是整体效果都比大圣更扎实，却也丢掉了最纯粹的核心。最后哪吒的我命由我不由天，特别微妙。倒是敖丙塑造得更完整合理。PS：这其实是写给周星驰的告白信吧。
,尬中带点好看，好看中带点难看
,这么好磕的一对CP被浪费了，导演似乎并不了解什么叫「羁绊」。同根同源，一卵双生，一个是宿命，一个是责任。总觉得这样的设定可以有更多可能性，更多冲突感，而不是仅因为这样儿戏的理解和简单的感动就能携手赴死了。
,敖丙真的神似公子景。
,这个导演对喜剧的理解和节奏把握都蛮好，也很懂观众想要什么，可贵的是这种懂很原生，同样的机关算尽，反而不显得那么刻意。缺点是笑料有点堆砌，到后来就麻木了。不过我这把年纪已经接受不到那种虚妄的少年热血激情了，泪点对我也是不存在的。
,点映。加一星鼓励国漫·真崛起。要爆！虽然有点槽点，但整体不比《大圣归来》差。
,必须承认对待传统题材的文艺作品，我的口味还是趋于老派保守的。先不论剧情改编，单就里面的许多细节元素的“再发挥”就太让人出戏，比如山寨“奇异博士”的李靖、殷夫人的整容脸、太乙真人的油腻姿态、水晶宫的炼狱化… 尤其敖丙那对长得像激爽口味珍宝珠棒棒糖的兵刃，简直造成生理不适。只有陈塘关李府管家的形象是基本参照老版的，一丝安慰。还有申公豹的脖子并没有歪，是不是怕犯什么忌讳？
,看得出进步明显的动画制作，但故事设计与并不好笑段子堆砌还是不免使人尴尬。★ ★ ★
,前一个小时充满了屎尿屁笑话，让我根本无法入戏。前一刻还在放屁撒尿方言结巴甩春晚热词，下一刻又开始“我要这天，困不住我；我要这地，容得下我”真是把我尬得梦回《大圣归来》。同类型的“魔童诞生又找回自我”题材请看2012年的日本电影《阿修罗》，看看什么叫好片。国漫之光？请好好打磨一下剧情和台词吧，这几年国漫之光多得快亮瞎我眼了。特效确实进步巨大，加一星。
,3.5 这世道真不容易啊，为能吸引观众，耳熟能详的传说作出了极大的迎合如今年轻一代欣赏习惯的改编，居然哪吒和东海龙三太子成为了真·灵魂伴侣，还蛮好嗑的服，适用“我只有一个朋友”梗的list又增加了一组成员咳咳，当然哪吒故事历史上本就历经无数次的本土化改编；漫游卷轴仙境和真·冰与火之歌场面赞；原来全片是姜子牙的大型前哨，如此阵仗啧啧；片尾为引出彩蛋的彩蛋也很有趣，虽然影院早早亮灯观众们都赖着不走了
,妈妈总是对我说“不要为了父母而努力”，可是哪吒最终还是喊着“我命由我”走向了父慈子孝。3.5，依然存在一些问题，诸如对白说教，主题存疑，高潮拖沓，结局草率，笑点尴尬等等；但是我愿意给满分，因为观影体验良好，因为情感被彻底调动，因为真的看到了新的希望。在国内对动画普遍打有低龄标签的情况下，能做出这样真正老少咸宜但又存在突破、主题明确而又不至于烂大街的作品，堪称是定规下的突破。配音很棒，动作戏令人叹为观止，居然还能年更，最后的彩蛋连击几乎把野心写在脸上，虽然有些破坏余味，但在这里能看到这样的宣告，很让人有一种安心与期待。（p.s.字幕不仅修改了方言，还神隐了“去死”等词，种种束缚可见一斑）
,当成作者电影看，是杂糅了新旧两个主题的热血国漫：旧的是反叛精神，只不过哪吒的反叛对象从父权社会转移为个体命运；新的是刻板偏见，陈塘关百姓与天牢龙族皆不外如是——这个哪吒的真身其实叫鸣人，这个敖丙的真身其实叫佐助；魔王其实不叫魔王叫九尾妖狐，龙族其实不叫龙族而叫宇智波；魔丸和灵珠就像阿修罗与因陀罗；申公豹和太乙就像带土与卡卡西。作为商业电影看，笑料低俗并非问题，但抖机灵和真幽默尚存差距；社稷图的套层时空其实可以剪出最后一分钟营救，爱踢毽子的小妹妹其实可以作为敖德萨阶梯上颠簸的婴儿。
,从头哭到尾，泪中带笑。看完回家需要再哭一小时才能平复心情。
,这故事让我生理不适。天劫不就是民主自由现代化么？绝代双骄这种手动阻止大洪水的行为我是不服气的。不把爹娘宰了恩断义绝滚你妈蛋的哪吒还是哪吒么？不是。所以fuck off。（是，我是脑残。
,改编没问题，故事也没问题，确实也挺好看的。但是你们没觉得这不是一部中国动画电影吗？分明是穿着古人服装的美国动画电影啊，只能说你国文化全面落败。再看看日本动画即便穿的都是洋装但他们骨子里还有日本文化啊
,没剔骨还父还拍tm什么哪吒？你讲P民愚昧父慈子孝我没意见，但非跟哪吒较什么劲？上千年封建腐朽儒家思想能出一个反父权icon容易吗非要故意恶心人？？？特别提一下喜剧设计——啥叫“网感”，不就是抖音审美吗……
,所有惊喜都集中在剧作层面，剧情人物没硬伤、情感扎实，反英雄设定十分机智，结尾还是拖得有些烦躁，但离场感极其饱满。不知道是不是头昏脑胀的关系，全场爆笑的情节我倒是全程冷漠
,"哪吒的配音要是真实小男孩配就好了，为啥总让女声夹起来配孩子呢
金吒木吒好惨，直接没了"
,成熟的商业动画！！故事上用绝代双骄解构了哪吒闹海，所有角色的塑造和相互关系都很用心的进行了设计，所有角色无论大小都给定了很有记忆点的特征（不管是否脸谱化），所有角色的动机和对剧情的推动都很合理；内核虽然是“寻找自我”的无国界少年成长命题，但是角色刻画却是相当中国的，比如慈母严父。如果说白蛇是青年向爱情片，哪吒基本就是热血少年番了，这两部动画基本上树立起了国产影院动画的标杆（就跟流浪地球树立国产科幻片的标杆一样）。但是虽然很多情节和场景在观看时候都很有冲击感，但是看完再回想却没有特别深刻的印象。
,每年都能看到国漫的新希望可真好。自由自在的创作，天马行空的想象力，令人开心又感动。
,①笑料廉价又出戏，几近失控；②台词生硬和说教之处，比比皆是；③哪吒的人设徘徊于京油子和熊孩子之间，反正跟可爱不沾边；④敖丙有一种莫名其妙的偶像负担，俨然就是个动画版的流量明星；⑤优点是情感充沛，太乙真人也算塑造得比较成功；⑥总而言之，国产片任重道远，这个水准只能算是堪堪及格吧。
,难道不觉得尴尬吗？
,哪吒与红孩儿，傻傻地分不清
,算不算中国动画的新起点
,真的只能三星啊，中二可以是特色，但也依然是缺点，不能因为说的是小孩儿就降低标准，哪吒这个人物感觉只会喊口号，没什么成长性。。画面是很好的，山河社稷图很牛逼。但是在意识形态和思想性上层级太低了，比那几部大字头前辈都差很多啊，和哪吒闹海那种悲剧神作那就更别提了。。
,红孩儿，孙悟空，猪八戒，花无缺……与之对应的致敬元素是以周星驰为代表的颠覆性和无厘头思维、以徐克为代表的后港片时代的技术理念、前网络时代的武侠烙印乃至一代人的迷影记忆拼贴，总体来看所有的料都是拿来主义，但做得相当丰富了。
,剧情神奇，笑点尴尬。中国神话里面统共就一个反抗父权的哪吒，居然被改成这种父慈子不孝的变形计剧情你在逗我？换个红孩儿都比这看着舒服。敖丙美少年和龙族做错什么被你们李家这么折腾？？陈塘关居民怎么这么倒霉碰到这种总兵。
,我猜很多女性一定不喜欢这个形象，老少咸宜也谈不上，这哪吒的口儿也太脏了！哪吒他妈就是一大傻子，他爹就是二傻子，太乙就是三傻子，当传统内核被所谓的“好莱坞式亲情友情”消解了，也就不是中国的哪吒了。声音呈现非常廉价，全片毫无想象力，甚至怀疑自己在看真人电影。ps龙宫的设定不错。
,79年的哪吒是非分明，为了明理不怕挑战父权君威，为了不连累他人，硬气的割肉还母剔骨还父也要执着他认定的事理。40年过去了，19版的哪吒只有哪吒的反抗，却丢了哪吒为何要反抗，没思想内涵，又一部毁传统文化的IP电影
,1.3分。糟蹋文化，低劣恶俗，极度不适，做作幼稚，毫无诚意，虚假肤浅，刻意搞笑，烂俗尴尬，狗屁烂片，台词恶心，配音垃圾，方言难听，画风奇丑，哪吒丑死，古不古，今不今，西不西，东不东，没有逻辑，人物白痴，主题无味，意义不明，强行解释，自欺欺人
,点映。加一星鼓励国漫·真崛起。要爆！虽然有点槽点，但整体不比《大圣归来》差。 宣发实在太差，到现在演职员表只有导演一个人？
,你说他低龄向吧，我身边的娃儿中途直接被他爸带出影院；你说他成人漫吧，各种低段位笑料、勇于做自己的主题都是老梗。最不能忍的是画风的粗糙和动作设计的低质，感觉缺钱。片尾多彩蛋设计也是对漫威的拿来主义。满屏赞爆的请去看日漫。地下龙宫和双人合体部分做的还可以。整体观感：丑、糙、土。
,自恋（婴童即有无穷破坏力）+缺爱（乃至到了自己的存在即错误的自贬地步），大概是新世代普遍的精神问题，所以从普遍评价看来共鸣强烈。其实制作者根本不懂中国传统精神，这只不过是借同名ip新作的故事。另外在人物设定方面，虽然外在有很多自创风格，但是人物的核心一个是粗蛮，一个是高贵冷淡（虽然是近年流行的尖脸以为高帅、但实则薄命相），其实是日漫经典二元结构（樱木与流川，二狗与大狗。。。），也即要真正制作中国人自己的故事、可不是这么一朝一夕能达成的、尤其是现在普遍还根本不理解真正的中国传统精神。
,这片没有编剧或者有一百个甲方灵机一动
,瑕不掩瑜地惊艳！孤独的魔丸只不过是渴望得到认可的小孩子，我们生而为人应该为自己而活，这个跳脱封神榜的剧本走向和立意都足够优秀，除去高潮收尾有点冗长，特效也确实是绚丽。而我比较喜欢的是导演关于【教育】这个观点。魔丸性本恶 喜欢欺负村民，最后也善心大发牺牲自己救下陈塘关。看啊 是因为从小就有个被咬了手不责备自己的妈妈，是因为有个堂堂陈塘关总兵为了孩子还是甘愿舍下面子为自己而向父老乡亲低头 还为了保全自己宁愿自己去死的父亲，父母三年以来传授的关于【善】的教育，灌输他的【你不坏】的信任，把他培养成最后时刻还会反倒过来指责敖丙懦弱让他正视自己内心的真男人。没人是性本恶的 关键看有什么家长吧。然而 如果对白的幽默性还是用网络段子化来呈现 那国漫的崛起就镇还需再走很长的路。
,我做过四个有关哪吒的项目，总是各种原因没成。无关哪吒的项目成活率90%+，有关哪吒的项目成活率0%。可是其他项目我做完就忘了，哪吒的故事始终倒背如流。前年甚至做了一个类似《勇者义彦》的《太乙真人》，是一个神仙体系+山海经+无厘头的单元剧。影视行业最缺的是信任感、安全感，我没有名气，所以没人为我的idea投钱。这就是我看电影时想到的全部，我没有名气，是我亟待解决的问题。
,《绝代双骄 之 冰火两重天》
,人，不能认命，不然就会变成他们希望你变成的样子
,说来也怪，国产动画目前为止的一个怪圈就是，画面优秀的，剧情往往禁不起推敲，剧本工整的，画面制作上又难免粗糙。说回电影本身的完成度是不错的，贯彻全片的关键词就是偏见。这同样是作为国产动画电影在尚不成熟的市场下面临的挑战，如何打破偏见。电影画面使用了许多与刻板印象反差强烈的艺术设计，突破审美传统，但同时强行插入一些违和感强烈的梗作为笑点，导致最终反差是立住了，却也一定程度上带来了视听语言不统一的问题。
,A reckless race to the vulgarity bottom.
,比预告片好看很多！片方不考虑重剪一版更燃的吗？一旦接受了片中人物的语言抛梗设定，看起来就蛮欢乐的，贱贱的气质从头保持到彩蛋！哪吒和敖丙的CP可以粉起来了，嘻嘻嘻，冰火两重天最后融为一体（我到底在说什么）。反正是近期看的暑期片里质量不错的一部了，适合大儿童观看！
,每个时代的意识形态叙述大概最先会从神话故事开始——那版经典哪吒的动人之处其实在于舍小家弃父母的大无畏的革命英雄主义叙述；现在似乎无法再这么讲述，但修饰成含着金钥匙出生的官二代、富二代联手对抗更高级的劫难并在师父帮助下顺利通关的故事就实在有点……看的时候其实想到了李天一……3.5吧
,七月上旬看的点映，让大伙畅所欲言，于是见证了一场激烈的映后battle。个人觉得虽然两组师徒四人关系张力欠奉，但架不住人物弧光动人。将哪吒与敖丙做成魔珠和灵珠的转世，最终指向基因不能决定人生，我命由我不由天的电影主题，镜像关系颇有宿命感，人物关系也颠覆了传统神话中哪吒对敖丙抽筋扒皮的模式。哪吒作为一个反面英雄，心理成长路线较为清晰，导演又加入不少恶趣味增强喜剧效果，总体而言完成度和观赏性都不错，封神宇宙未来可期。
,"“人心中的成见是一座大山，任你怎么努力都休想挪动。” 百姓和神仙的冷漠恶毒让人不寒而栗。你看那些人，他们才是自己心中厌恶的妖。
"
,不忍心批评，因为很多东西已经做得足够好了，社稷图等等想象力相当可以。搞笑比较低级，这个问题还好，但大剧情的逻辑设计和关键节点设计都十分糟糕，靠着良好的节奏能糊弄过去了
,意外的好看。如此颠覆性的改编（魔改）消解了传统哪吒故事中的宿命色彩和弑父情怀，让哪吒喊出“我命由我不由天”便是最好的证明，也让这部动画更加适合全家观赏。导演也很好地平衡了喜剧和悲情的关系，最后煽情也是水到渠成，力抵千钧。节奏顺滑，人物个性鲜明，戏剧冲突精准有力，商业元素一应俱全（比如把传统的绝对反派敖丙改成了相生相伴的基友/宿敌，满足广大cp粉），喜剧部分不尴尬，3D效果极为扎实，还出现了国产动画中极为少见的炫技式长镜头——我想问问各位，如今哪部国产动画能做到这种水平？它值得赢取满堂喝彩！
,看完电影后，我望着地铁上不断踢我腿的熊孩子露出了慈父般的微笑。多少年了，第一次在国产新动画里看到这么好看的一个故事，感觉自己欣慰的像个老父亲
,特效的确炫目，但是内核精髓没了，而且我不认为这版哪吒动画人物塑造的比老版好，这种失去了中国味道的动画真的就是中国动画的进步吗？另外，一直卖丑搞笑这种习惯，真的是大话西游看多了，能别模仿了吗，幽默搞笑≠扮丑作怪。三星给龙太子吧
,剧情完整度很高 不容易 但是笑料很尴尬  高潮戏非常好  长镜头打得眼花缭乱  哪吒变身也很燃  主题曲哪吒非常棒 配乐也都不错  但还是没大圣那么戳  应该是因为没有男友力并且我不腐吧
,严重过誉。空喊我命由我不由天的口号，龙族纠结反而好一些。不喜欢里头所有搞笑。我喜欢原著的惨烈和暴戾，这个用爱发电真做不到。
,在大量动画电影乃至商业电影都逐渐温吞的时候，看到这个在努力进取突破自己的动画电影还是很精喜的，去掉明显是为了讨好路人而加入的笑料，全片在主题贯彻上没有走多数商业片主题全都在嘴上的老路，反而在动作设计和人物设计上做出自己特色，接下来的封神宇宙真的很值得期待了
,看到友邻都那么包容 我都怀疑人生了  太恶俗了 还不如大鱼海棠呢   真的恶俗到方方面面
,敖丙好美啊~我懂了大家为什么萌藕饼CP了。不过，敖丙这样修长的身材，不是该用剑吗？两个大锤子是什么鬼……改编很温暖，但是我还是更喜欢那个割肉还母剔骨还父的哪吒。
,《哪吒之魔童降世》在传统传说里脱胎出一个全新的故事和人物，看起来反叛传统却保留着最中正的热血和感动，一气呵成，气质独立。“一个周星驰式的动画版的哪吒”，在这样的暑期档显得难能可贵。画中修炼的部分虽然精彩，却只是热闹了一番，缺少了动画所才能呈现的超乎于故事审美之外那种惊艳，缺少了一个真正嗨上去的高潮，这一段想象力不够。
上海,用最烂俗的形式来解构哪吒身上最严肃的命题，垃圾。什么反抗fu权，都不如磕cp对吧？
,剧情和台词太弱了，我强国这么多年来不重视文科的结果就是连个故事的逻辑都没有，一味追求为燃而燃为黑化而黑化。我强国这么多年来也没有“实现自我”“生而为人都是独立个体”的思想观念，自然本片也说不出个所以然来。此外，哪吒一个三岁小孩搞得跟中年男子一样油腻，这就是我强国的审美情趣吧。支持国漫，特效真的很不错，十分拿得出手。但若批评不自由，则赞美无意义。
,配音出戏之外，一切棒棒的！是真的高质量
,当年参加“父母皆祸害”小组的孩子们，艳羡着“我命由我不由天”的劲道，尬笑着接受了胖子、结巴和娘娘腔，在磕磕绊绊中完成了与原生家庭的和解；如今的孩子们，一边对他人的偏见如芒在背，一边嘲笑剧中人失了削骨削肉的志气。记忆中的ip也伴随着那代人，学着打破魔灵善恶的边界、打破成见，慢慢理解不能理解的世故。
,想给这个哪吒打一针安定。
,国漫崛起！！六臂出来的时候燃爆！！
,65/100 A children’s song of ice and fire。全部是拿来的，包括重复《大圣归来》，但仍然属于比较丰富的好莱坞式产品了。逆天命的人不止一个，但天庭到底是啥姿态呢，没有血肉，愚民的转变也不可信。大量动作特效展示外缺乏更多的人物细节，仿佛人物都在刻板地等待那个去标签化的时刻。太主流了，说教，且不能放弃取悦那些会被这些段子取悦的观众，一个娘炮梗至于反复使用吗。完全形态都是网红脸，还是小魔吒可爱些。对经典大胆改编，但那些经典真的值得被改动吗？《哪吒脑海》挺好的。
,15年的《大圣归来》巨大成功，今年的《哪吒》高口碑迅速扩散，明年的《姜子牙》万众举目！事实证明中国神话大IP就是一个一直以来被忽略的有着巨大利益的超级大IP！资本们！赶紧动手抢啊！周边做起来啊！动漫产业链啊！赶紧上啊！我们是拥有五千年神话的国家啊！成熟一点啊！急死我了！
,魔改版哪吒，没那么好，就是一个还行的水准。反骨的内核把哪吒塑造成了一个孙悟空式的形象，这样做虽然也没什么不好，不过还是更希望看到一个本原的既叛逆又讨喜的哪吒形象。而且文本上的笑料太恶俗和偏见了，充斥着的笑话和故意歪曲的形象都让人感觉生理不适，人物就不能好好说话了吗，要吸引低领受众也不是这个办法呀，只会显得很low。倒是亲情线的展开算是不错的。动画的工业感虽然还不能和好莱坞顶尖比，但进步是很大的，至少打斗戏的设计挺流畅，场景的搭建也有些想象力在。整体上是好看的，如若能抛弃不适宜的喜剧表达可能会更好
,剧情太尴尬了，演到后边只能强努着编。哪吒自我阉割，救国救民了。真是呵呵。画面和一些笑话可以加一颗星，做动画的人才知道不容易。但的确太尴尬了……
,我心中一直空缺的最爱最佳最满意最喜欢的国产三维立体电脑动画电影终于被《哪吒之魔童降世》给弥补上了，简直太棒太赞太惊喜太开心了！片中好几场精彩绝伦、眼花缭乱或气势磅礴的动作戏看得我都想在影院直接鼓起掌，分镜设计、打斗模式以及画面流畅度等都做得很给力；而电影里的友情、亲情戏更是把我一度看哭。故事、技术、笑点等方面真是比曾让我“看片前期待不已、观影后有些失望”、喜嫌参半的《西游记之大圣归来》《白蛇：缘起》满意多了。话说，我小时候其实比起孙悟空更喜欢哪吒一点，以及想为主创们让人物嘴型对上台词的努力点赞，希望能再接再厉做得更好。附注：我最爱的二维手绘动画电影是1961年《大闹天宫》与1979年《哪吒闹海》和1983年《天书奇谭》；而近几年来最爱的国产动画剧集是《罗小黑战记》。—— 08.09：二刷IMAX版的观影计划完成。
,封神宇宙啊，要来了。
,中肯的说一句，这部电影只能算一般，吹爆天的是剧情。是我们太缺乏好编剧了吗？稍微一改编，就动画要崛起？哪里崛起？一个满是段子的动画？不靠画面，不靠特效？就算崛起，那脸谱化的人物，无力吐槽，老套的情节，无力吐槽。看完很失望，这个动画只能算是一般，却被吹上了天，好吧，我不想说了，以丑为美的审美观，好像成了唯一的特色，脸谱化小鲜肉的龙王熬丙，迎合着现在社会的垃圾审美。这真不是动画的巅峰。
,怎么肥四！大概流了一盆眼泪。强大的动画表现力，富有想象的打斗设计，充满宿命论的辩证，既热血燃爆，又感人至深。期待封神榜宇宙。
,兩星半。價值觀的偷渡。鼻屎怪的上岸覓食證明了妖怪會吃人，光是這點就讓妖族人族之分不可能僅止於哪吒以為的種族歧視那般簡單，而是赤裸裸的種族食物鏈之爭；而哪吒源於魔丸這個新設定讓他的叛逆僅止於罹患了超常力量的ADHD，父母之命和自我追求矛盾的傳統命題則被拔去扔到男二敖丙身上，也讓哪吒的片尾說教不免有種站著說話不腰疼的偽清高。
,“是神是魔我做主，我命由我不由天！”看到这个中二的台词，我就想吐。这是一个网络玄幻小说已经泛滥得无法再用烂的恶俗台词。听到这句话，我们脑海里就马上能浮现一个完全不在乎周围人眼光，只为了自己活得舒服的中二少年，说白了就是无视任何规则，只为自己随心所欲的“追求自由”，还美其名曰“燃”，你的思想有多幼稚啊！至于不断拿申公豹的结巴当笑点抖包袱，这是赤裸裸的嘲笑口吃朋友吗？一边在电影里痛骂世俗的偏见，一边又不停借用口吃、肥胖等世人偏见当道具，这是自我的打脸？除开我说的上述两点，这部电影还是相当精彩的，尤其是山河图的世界，将脑海中的神话想象完美的呈现出了精彩纷呈的视觉效果。所以，这本是一部五星电影，但是有以上两大硬伤（并不是瑕不掩瑜的瑕疵，而是真的刺眼），扣掉两星，最后给三星！
,BGM让我想起权游片头，讲故事能力强，题材有点不对自己的胃口，四星好评，多一星给国漫，加油哦！
,我命由我不由天，这不是第一部表达这个主题的动画，但毫无疑问切中了我的燃点。总有人跟你说，你改变不了世界，你只能改变自己；周围人都不喜欢你，那一定你的错。后来又有人告诉你，不要在乎留言蜚语，勇敢做你自己。但我喜欢的是这部片子用内容无比肯定地告诉你，你的未来由你决定。总有些人披着愚人的外壳肆意伤害你，践行着他愚蠢他有理，但你要知道，你撑起的天，你扛起的责任是为了你自己和你爱的人，最后那些廉价的跪谁又真的在乎。所谓社会的发展，无非是用相对的不公平取代绝对的公平，你不为自己争，没人为你争。
,太棒了吧，希望国外也上映一下。
,我不想吹毛求疵鸡蛋里挑骨头，就是喜欢。多加一星支持中国动画人。
,又名“熊孩子之我说我不是熊孩子我就不是”。请国产动画不要再提前消耗自己的口碑（如果有的话），再这样我以后一部都不会看。
,设计的笑点集齐了我最讨厌的元素——网络段子、方言梗、抖音套路、哭天喊地、撒泼打滚……土味溢出银幕。
,不能接受哪吒被蔡徐坤改了命
,没有之一，今年暑期档最强作品，这还是我第一次看到有个国产动画片评分蹭蹭涨的。剧情的张力足够，节奏把控的很好很抓人；剧本写得相当棒，台词浅显易懂搞笑不断又有一些拔高；人物之间的羁绊强，年轻人们喜欢这CP已经分分钟组了起来，年长的人也乐于听到“命运是自己的而不是别人”这样的话题。不牵强不刻意，而且也不曲高和寡。不是那种神作，而是真正的好电影！希望能大卖！明年我要看你们家的《姜子牙》
,"为了迎合市场拍大团圆合家欢主流电影，“削骨还父，削肉还母”都没了，哪吒也就不再是哪吒，只是打着“哪吒”旗号讨好广大家长满足各位中二孩童的低幼片罢了。
更别说其中各种尴尬的笑话，还有那句“我命由我不由天”。
看到一条评论写得好：“大圣归来不再大闹天宫，魔童降世不再闹海自刎。是时代的反骨逆鳞被拔除了，我们都是龙宫里的老龙。”"
,好看。腐女之魂熊熊燃烧，就是成年形象同框镜头少了点。
,A：李靖是我老公！！！B：尼玛敖丙好帅，好！他！妈！帅！C：敖丙和哪吒嘛… 我比较嗑申公公和龙王这对老年CP。#一群职业编剧的观后感#
,不是说颠覆经典不好，只是原著里剔骨还父的决绝变成了父子乡亲大和解，嘴上说着我命由我不由天，实际上反骨已被磨平，这样的哪吒不再是那个对抗父权对抗体制的个体，成了被招安被主流的英雄投射，这种泯然众人的个性设计有些令人失望，而且略显粗俗的笑点有讨好大众之嫌，令影片的气质也不土不洋，三星还是给技术，配音也是糟糕。
,那个少年时代反抗“父权”的偶像，扑通一下跪在了新时代父母的面前，好啦好啦，你不反感是因为你长大啦.....
,自古红蓝出CP，藕饼组合得我心～为国产动画产业的未来祝福，为民族工业的强大点赞！
,迄今最成熟的国产商业剧场动画，比大圣归来和大护法完成度都高
,如坐针毡 低俗幼稚。而且三观很恶心，申公豹成为了唯一一个脑子正常的人。百姓容易被煽动
,哪吒生辰宴入魔攻击父亲时，突然想到“百分百空手接白刃”的梗，然后笑到不能自已……
,我对动画片一向要求很高，很多好评如潮的动画都让我冷漠.jpg，但是这部哪吒不禁从技术，运镜，节奏上吊打我的想象力，更难得的是把哪吒这个传统故事讲出了《冰雪奇缘》水准的精神内核，并且在爆笑指数和煽情指数上都让人不得不想起《寄生虫》。一部让人可以自豪地拿出去介绍中国电影的动画片！
,理智一点，3星半！没“粉丝”夸的那么惊喜，不少笑点很低幼，几句台词也恶俗，哪吒，吒娘配音听着不舒服，剧情可没那么有意思，但整体还算值回票价。
,两位少年在海边的夕阳下踢毽子，那画面太美，但这也是唯一喜欢的点了。故事足够完整，制作也算精良，重要的是足够的娱乐化，但我始终无法接受把这样原本一个厚重的故事完全好莱坞化，你那么能干，创造一个自己的IP啊，干嘛要蹭呢？那几句口号式的台词喊出来，我更是尴尬到要钻到地缝里去，你本来就是天的产物，没有天能有你那一身功夫吗？可笑的是一个神却口口声声说自己是无神论，更可怕的是这个哪吒又丑又愣还多动症，完全无法接受。
,2019年目前最佳国产电影，哭了两次，大笑了无数次。这部电影将会和《钢铁侠》开启漫威宇宙一样，开启封神宇宙，未来很多年，我们将追着这个系列看，真可怕啊！
,看了大半年的电影院放映前广告“我是小妖怪，逍遥又自在，杀人不眨眼……”终于看到片子了！看到吒儿变好，还真是别扭，他要是一直邪性那多可爱啊！！特喜欢殷夫人的配音，又贱又有母性，影片四星，脑残给五星！！
,没什么好说的。我觉得是我目前在电影院里看到过的最好的动画电影。没有之一。
,虽然人物和故事感觉不是很立得住，但国产动画的技术水平让人很感动了
,#37 太乙真人和哪吒有突破外，其余角色都格外扁平。置换了内核，仙魔与否在于自我认同，当年那种剔骨还父的叛逆与挣脱已经被外化成痞样。红蓝出CP挺无趣的，敖丙的转变相当立不住。
,当然啦，你说这部动画片取材自《四旦双冰史·章子怡列传》也不是不可以。
,剧本比我想象中充实饱满，尤其是哪吒的塑造，前后转变铺垫的很好，这种外表放荡不羁的顽劣恶童又会让你看到他柔软善良的一面，我真的太磕了。
,我来提前预测2019暑期的第一爆我的亲亲话唠混世魔王小吒吒&amp;将上影版的刻板印象中象征无上父权的李靖和逆天改命颠覆父权的哪吒做完全彻底的新改编是要有很大勇气的，但是电影却用人心最柔软的地方做了非常合适的魔改，连哪吒和敖丙这对夙世冤家都能走向生命的大和谐还让我落了好多泪真的绝了&amp;画面太过流畅丰富笑点蕴含在整个电影的叙事节奏里密集又恰当！
,动画的进步怎么比真人快这么多？
,本来打算二刷之后再写评论的，但发现没时间二刷了。个人还是很喜欢这种喜剧风格的奇幻动画的。丧娃哪吒形象看多了也就接受了。最喜欢江山图里面学艺的桥段，这道具用得很妙。两个结界兽超级呆萌，也很喜欢。
,敖丙那么帅，黑化那么快。小哪吒板起脸像鬼娃，笑起来像宝强。
,特效真的好，说好莱坞级别不为过，前排支持饺子，支持彩条屋，当年看打个大西瓜就知道他不是一般人，希望可以做出更多更优秀的国漫作品。社稷图里的世界很惊艳，3D效果也很好。笑料虽然不怎么高明，但是很接地气，好久没在电影院笑成狗了。期待续集，也期待姜子牙。
,不要这样好吗…哪吒其实是个悲剧人物啊
,哪吒从画轴里跳出来，百姓惶恐不安，反派打算以百姓为代价换取成功，古人云，“泽国江山入战图，生民何计乐樵苏”，“谁道沧江总无事，近来长共血争流”，此之谓欤【啥
,除了出生是个肉球，名字叫哪吒，这丑孩子跟三太子有一分钱关系吗？哦，对，是有的，不把哪吒两个字放电影名里怎么卖票房啊，反正一切都有舆论和国漫两个字托底。
,符合社会主义价值观的父慈子孝，故事非常流畅，非常搞笑，学了很多周星驰。但就不是我心目中的那个哪吒。
,像是把过去的故事拆成了两半，陈塘关在被水淹前还得冰镇一道。东方式威权父亲的李靖变成了面目模糊的美式老爸。魔丸灵珠这个新设定真的太火影了
,反命不反天，一个修正主义哪吒
,真香爆款，入股不亏！可能是近五年的最佳国产动画？大圣和哪吒都是道家美强惨顶流、反叛型超级英雄，哪吒传奇性更甚在于挣脱伦常、打破秩序，但现在这文化大环境也不好按原版整，所以“魔改”出了一条跳脱命运悲喜剧的新路：天命难违偏要违、破除成见解心魔。谁能想到最承袭《悟空传》精神的影视作品是这部呢……当然少不了和《大圣归来》比，《大圣》还有瘸腿的项目，到了《哪吒》各方面的完成度都很高，跟迪皮放一起也不觉得露怯啊！之前放低期待的笑点超出预料，有不少方言/网络用语/现代科技的挪用，低俗梗不过分，整体接地气抓人心，观影气氛特好~反派龙族安上了情有可原的政治前史，背负太多且有殉道倾向的敖丙小哥哥是年度银幕心动boy了。太乙真人请去做游乐设施设计师，《超人总动员》的冰酷侠都没你会玩，看裤裆还用了《死吻》梗点个赞。
,"各方面来说都很成熟啊，好看！
看到友邻吐槽父子躬亲觉得违和，但我觉得这个动画应该说是哪吒的架空动画吧，和本来的传说没啥关系了。而且内核我觉得是天地不仁以万物为刍狗吧。不要怂是真的，一个个都身不由己也是真的，至于我命由我不由天，就只能说是精神上的胜利了吧。
"
,三星半，标准的7分电影。首先，电影完成度很高，不管是编剧角度的起承转合、爆点引入高潮铺垫，都达到很好的工业标准。另外，人物情感（父子、母子情，友情）铺垫充分，感情合理可信。其次，电影特效上，放之国漫序列里，算不上最出色的，甚至赶不上徐克的贺岁档电影（比如西游伏妖），但个别场景原也算是惊艳了（与敖丙海边打斗、揭龙鳞、变身赛亚人部分）。再次，对于传统元素开发上，小细节做的很好，有解构有创新。至于被某些网友影评人诟病的对经典哪吒形象的解构、对反叛的弱化，过于强调个人英雄主义，这部电影的确是时代的镜像，天下熙熙，虽然能看出导演对整部电影的打磨与良苦用心，但我们依稀能够看出一些潜移默化的主流价值观。上面这句话似乎预设了对主流价值观的某种鄙夷，这又成了某种政治不正确了。总之，在警醒的同时不吝啬赞美。
,青春期叛逆治疗典范。不少梗。
,4.5很不错。矛盾冲突激烈，情节设置巧妙，笑点也足（太乙真人是四川人吗）。最可悲的是你拼尽一切改变命运，却仍然不可能改变人心的成见，你痛恨的人你却担负拯救他们的使命；那些朝你下跪对你忏悔的人很容易又会对你群起攻之。他人的看法是个屁，但确实会压垮人心。画卷里的欢乐谷很牛逼哦，视效赞，期待下一部。
,灵珠、魔球的设定毫无缘由，五雷轰顶也是牵强，脑残cp豪无根据的反叛，符号化的命运，被架空的世界观，看完感觉像刚从迪斯尼乐园出来一样，只有累和呆滞……
,从大鱼海棠到这一部都是同一个问题：砸了大量精力财力在画面制作上，但就是没有找个人好好写剧本磨台词…生硬堆砌段子真的非常让人出戏阿。
,除了部分笑点特硬特尬之外我觉得是个好故事，再讨嫌的角色露出点真心时都令人感动，又或者说，是因为讨嫌，所以那点真心才更打动人。
,看港片和好莱坞成长的新一代冲吧（我猜的啊，没看任何导演访谈并不知道导演个人爱好）。很有趣味，心思满满，精细程度尤其最开始的那段弱了点，下跪扣分。题外话，上一版当然是五星经典，但其实上一版的反抗父权也是一种社会主义叙事，现在的父慈子孝是这一刻的镜像……
,这是一个被规训化和庸俗化的哪吒，剔骨还父的哪吒是孝道中国的神话异类与奇峰，强改后的我命由我不由天是糟蹋。魔灵双生的对照更是刻意制造压力，只能说剧情圆得顺溜，一路强行燃起吧。段子太俗。画面造型几无新意，这点很失望。
,对哪吒形象的又一次重构，原著版是纯熊孩子，上美版是造反青年，央视版是英雄少年，这版是爽文热血逆天中二。总的来说，和我的认知有出入，且缺少回味的空间，五星是给技术给制作诚意的。
,各方面制作完成的都很好，天时地利也确实配的上高票房，至于送去奥斯卡还是缓缓吧，毕竟这样纯好莱坞化的个人成长故事模板，人家已经玩滥了
,电影始终基于角色对立而构建，典型如哪吒（魔丸）与敖丙（灵珠），申公豹与太乙真人，人物都暗含了某种双生性（类似阴阳），整体而言，能够从人物身上追踪到善与恶的一体两面的衍生状态，以此为突破口化解传统强硬的二元对立观念，但就局部看来，个体虽试图抛开此种限制与束缚，而在父权色彩浓重的大环境下，当李靖与龙王两种截然不同的管理模式针锋相对，也就不可避免地对角色造成一种隐蔽的伤害（李夫人的改编有一定缓和效果），乐观地说，从更为宏观的视角上看，这种伤害中似乎能窥见一丝封建制度的发展模式。（哪吒帅爆了！
,画质和特效都不错，国漫还是值得期待的。
,谁能想到熊孩子哪吒扛起了今年暑期档的大旗。画面、人设、故事，都可圈可点。过于接地气的“流行语”台词和恶搞的点有点尴尬，是个扣分项…总体来说，确实是国产动画电影的惊喜之作。期待可以拓展成一个系列IP~
,作为故事新编是流畅的，作为同人是OOC的，既已至此，为什么还要披着哪吒的皮呢？干脆全都原创，来个Gorillaz恶童成长，反正内核都欧美化了；也可以来个灵丸&amp;魔丸版小鱼儿与花无缺。不啊，既没有哪吒悲壮割舍灵童反骨的一面，又没有小鱼儿与花无缺的双生成长，借助台词祭出个价值观难道不是电影最低下的表现力吗？敖丙就是个秀气好看单薄的龙偶，还不如其他龙族。低俗的部分就不谈了，别借着“迎合市场说”，很多细节和设定可以看出创作人员的一贯趣味，大家如果真笑得开心，那就是一场愉快的交易。虽然动作场面不错，但混天绫缺乏飘逸感，风火轮非常Scooter，作为欧式审美是合格的，但从艺术成就真不如2D老版。好的，我也不想比，可你为什么叫哪吒？
,是真的能体会到主创不成功便成仁的决心，剧情的节奏和情绪都是对的，抬冰盖那段是真的很燃，加上国漫是真的不容易，所以五星给在这里。但是除此之外，电影里的每一个笑点都是很……初级的，我一次都没笑出来（但是影厅里大部分人都笑的挺开心的），尤其是娘炮角色真的非常没必要，根本没有加分。第一次出现厅里还有人笑，之后根本都懒得笑了。笑点的部分真应该和《愤怒的小鸟2》学习学习。
,如果是一个全新的故事何必借用哪吒的IP
,看了点映，爆笑爆虐又爆燃，后半程狂哭不止。好看的动画电影真的是文化宝藏。联想到京阿尼的火灾损失了那么多原画和人才，损失了未来本应现世的优秀作品，心态又崩了哭得更凶。
,吹过头了
,哇，场面真的是超出预期得好！但有些低级趣味实在太影响观感了...
,对于喜爱79版《哪吒闹海》的观众来说，魔童的形象必定是极为另类的。但与其说它是一种颠覆，不如说它是一道补充，尤其是哪吒与李靖、敖丙的扩写，都在传递中华文化的价值取向：奉献与担当，以及更重要的“我命由我不由天”。它不仅是一部神话动画，也是一部亲子电影，还是一部教育电影片。片中一些刻意的搞笑我不喜欢（娘娘腔等），但李靖人设我非常可以，所以打平。值得指出的还有，人民这一符号在魔童这里是非常有意思的：一方面，人民是他疯魔的外在诱因，另一方面却也成了自我的尺度。更加富有政治意味的则是龙族归顺天庭和申公豹意欲封神。
,这剧本改的、改得、改地....真是充满迎合少年的气息啊！当然，编剧不是为了鼓励什么，也不会是反抗旧的XX和黑暗什么的，因为还没吃那么饱！  只有一个目的：为了少年们的支付宝、微信转账！   让哪吒给你一个看片的理由吧，激情的你们啊！
,"画师和动画技术的进步我是认可的，但是编剧导演的成长能不能跟上？什么时候才能不把网络流行语、庸俗段子、人群歧视往里面硬塞当笑点？一点也不好笑谢谢。这样的作品不要说再过好几年，过了这个月下个月看就油腻俗气又无聊，这几年热门国漫的通病，也是国产喜剧的通病。这是对自己的内容不自信还是压根写不好内容？沉下心写出一个过10年再看台词和剧情也不让人汗颜的好本子吧，不要枉费了制作和画师的辛苦。
主角的成长还不明不白，就不要指望一众配角能细想了。尤其那些个村民百姓平面的一塌糊涂，要我看来也一个都不值得救，愚昧自私留着过年干嘛啊？？"
,点映。画风似《白蛇》，哪吒和龙宫反形象暗黑设计加分，角色立体有魂，动作流畅丰富，彩蛋还埋续作伏笔。主旨在于不要在意旁人眼光要一鸣惊人，但故事还是有些低于预期。
,中式爆款须兼具两大主题：1. 我命由我不由天 2. 要听爹的话 
,我觉得好看，真的好看！满电影院一波波哭声、笑声，观众的情绪被充分调动起来，这应该是一部好的片子了吧！
,陈塘关小鱼儿与花无缺绝了哈哈哈
,“一件明显糟糕的东西，其恶名不会维持太久，因为很快就会有人出来对其大加赞赏，人们会把它当作备受尊崇的东西，处处为之欢呼喝彩。”我觉得跟《大圣》相比也没啥质的进步，只是暴露的问题不同也更复杂了而已。
,想看哪吒x敖丙的本子、
,重金求一双没看过这电影的双眼
,小 逼  崽子恐惧综合征要发作了…………
,尽管改编的挺好的，但我就贼想看《哪吒闹海》原封不动的变成三维动画。
,评分虚高了 ，前半部分无聊得我咕噜咕噜不停喝奶茶，后半截稍有改观但意料中的剧情远不及预期。惊喜不是没有，但还是期待国漫能抛弃裹挟情怀的宣传、实打实地以质取胜的一天。
,也太好看了吧！
,吹爆好看好看 唯一一点不满意的就是敖丙的武器为啥子是两个大锤子 不符合他温润如玉 俊雅无双的外表呀
,良心动画。（不过为什么最近动画里面的女性都长得非常Elsa……
,期待过高，有点失望。其实所有的悲剧性也都是原著神话故事中所拥有的，而进行改编的地方其实漏洞百出，这样的宿命论故事其实在近年来的漫威DC也都有体现，本质还是超英电影。但不得不称赞动画制作水平非常优秀，打斗呼吸感十足，整体意识在国产三维动画里也是顶尖。大家集体称赞剧本够硬实际证明了中国神话故事的确大有可挖之处，期待封神宇宙。
,唯一亮点是龙宫的概念设定
,感叹国产3D动画越来越棒了啊。之前的《白蛇》就蛮惊艳了，《哪吒》的制作也很棒了。全片节奏不错，算是大小高潮都挺扎实（唯一扣分也还是剧本吧，最后的打斗收尾感觉有点急刹车）。配音不错，角色微表情调整得很好。有几个镜头的3D视觉冲击力玩得很6了。笑点也不俗套，身边小朋友们都有被逗笑（因为剧情紧凑，感觉全场的孩子们全程没有闲言碎语都看得很认真）。没想象中的悲壮或血腥。观影愉快。
,有点鸡肋，食之无味弃之可惜，不要过于相信预告片，预告片把全片口号都喊出来了，然而正片没有这么精彩。
,开篇的情节铺陈显得有些弱智，但是后面真心好看。用灵珠与魔丸引出哪吒闹海的故事，这个改编实在是有新意。基因、父母的陪伴与关爱以及世人的偏见共同影响了一个孩子的人格塑造（如果电影里能有金吒和木吒，我觉得会更好），将教育主题与神话故事结合，真的是汲取了中国动画电影的精髓并成为了新的典范。要着重说一下，两对师徒的打戏真的是我近几年看的动画电影里最为精彩的了！（ps.这陈塘关的百姓们实在是太经活了。）
,制作几乎是无可挑剔的，炫酷、霸气，甚而有为炫技而安排的画中游、悬崖夺笔等桥段。但静下来想一想又会感到空虚，热血高校浪子回头的哪吒，说一口四川普通话模仿哆啦A梦（或是《阿松》里大裤衩）的太乙，BL古风文常见受的龙太子，各种迪士尼式的怪和配角。笑点和泪点也是，几乎刚开始布局，就知道最终导向何处。一句“我命由我不由天”虽然热血，但又很套路。另一个导向也不太喜欢，就是堆特效，更大更强更亮几乎到光污染，这么爆发的震撼不如《哪吒闹海》里回头自刎的“静”与“小”。最后，把一个非常有社会话题与道德哲学意义的故事简化为个人的奋斗，表面是革新，实则是浅显了。这种故事新编在短期内会由于玩梗与接地气而有趣，但没有真正持久的美的生命力。希望以后能看到更大的进步。
,开始看方言笑点，很多形象在卖萌，觉得堆砌得有点多。但是随着剧情深入，不断解构哪吒，在得知李靖决定以命换命的时候开始哭…“我命由我不由天”，关于偏见和刻板印象，无论是魔丸哪吒，豹妖申公豹，还是龙族都是偏见和刻板，最后共同抗击天雷就相当于抗拒天命，我能成为谁只有我自己能说了算！#哪吒和敖丙cp同人文预定～#彩蛋的设计也很萌，原来《姜子牙》是系列下一部，“封神宇宙”开启了！
,挺好看，但也很鸡贼。
,主体线太封建了......父母为子女而死，子女抢着为父母死，朋友争先死。。试问这样的关系怎么会有自我和自由
,真敢做啊，海边聊天，光是一个海滩的外包1W以下我不接的啊。
,承袭国漫一贯套路，高低起伏一腔热血有收敛是进步，两连发催泪弹催出一堆无脑五星。为了拉节奏也是可以什么都不管，剪辑把影片剪成机关枪突突突往你脑子塞剧情。蠢到家没药救的的是现代化台本，网络段子一箩筐，吸了一口俗气差点没呛死还会想笑吗。蠢得最明显的是敖丙这瓜娃子，听了师傅两句话人设全面崩塌，就是编剧手下为哪吒开拓光明大道让位的。蠢得没那么明显的是吃瓜村民，一根筋的设定在二十一世纪居然还能吃香。隐约感觉想折射一些社会问题，这点聪明我是喜欢的，并感觉是现代化的对白给的影响。支持新编，但是新编越编越偏的还是算了。
,导演抛出了一个非常有高度的深刻问题，这个问题澎湃到抛出的那一刻就像漩涡一样吸引人，本来满怀期待想要看导演怎么一点一点给出答案填补这个漩涡，结果却偏离了主体绷着力发不出来。就好像一些医生，总能用最简洁的语言点出患者的症结所在，却无法开出可以治愈的诊断。往往电影的缺陷是在于过分精琢外表而忽视了内涵的重量，但这部电影却是反了过来，极富力道的构思却没拿出闪耀的剧本，想做成全龄向作品，却在形式外表上意外滑向了低幼化。配音、形象、动作良莠不齐，整体还有待提高。但对命运的抗争，对亲情的守护，对友谊的珍视，的确都令人振奋、感动。
,给三星我可以忍，你要不是拿钱故意刷三星以下我觉得以后都别看电影了吧。终于在北美上映，以为没多少人看，没想到满多，结束的时候大家都鼓掌了。我很怕会让我失望，完全没有，一丁点都没有。
,控制舆论才是和谐社会的第一要素。
,国产动画之光
,"1.5星。貌似我是打分最低的？真的不喜欢，比我打了一星的那几部电影稍微好点吧。
国产片塑造人物性格有个像&#34;道德绑架&#34;一样的套路，喜欢通过个别事例以偏概全的塑造人物性格，这部尤其如此。朋友间反目成仇的剧情，龙族为何是反派都缺乏铺垫，但是硬要把敖丙塑造成一个夹在正反派之间左右为难的人不觉得很可笑吗？不觉得到后来因为朋友情，师兄弟情。正反派之间的界限更模糊了吗？
再来说说备受好评的&#34;个人意识&#34;。护子心切的父母，对徒弟爱恨交加的师傅统统都是正面的，反而饱受折磨的乡亲，没有交待来由却成了反派的龙族却是反面形象。当我们受不了电影院胡闹的小孩，为什么反过来为凭借&#34;个人意识&#34;去扰乱村庄的哪吒叫好？要知道哪吒起初被拘束是因为她的扰乱的乡亲的生活。
越到结尾高潮我反而越平静，影片的三观和人设彻底证实了我的判断。"
,还行吧！煽情还不会藏着。这个故事可以超级煽的。
,我一个从不会因为国产而加分的人真的觉得超棒，动作打斗行云流水，故事节奏紧张紧凑，燃点满满，煽情不尬，搞笑虽然老套但合时宜，有屎尿屁段子但又不过火（唯一觉得太乙真人的“百宝袋”有点危险，还好点到即止，虽然觉得这个设定没什么必要）。而且完全没觉得有领用胖/口音/娘等搞笑点来 judge，反倒是每个各异的角色都有正面塑造，包括夜叉申公豹龙王几个大反派都有萌点。哪吒和敖丙好像鸣人跟佐助，但熬丙又完全没有佐助那么装逼，可爱多了。最后被雷劈都玩出了点《龙珠》悟空元气弹的燃。情节 predictable 更算不上缺点，又不是所有片子都要做悬疑片，难道《Zootopia》和《Frozen》不 predictable 吗？比《大圣归来》能触动我一万倍。期待续集《姜子牙》。
,75/100 故事写得非常的成熟，自我认同的主要剧情、为人父母、为人朋友的次要剧情都做了充分且真诚的表达。人物动作设计如果能摆脱装腔作势的坏毛病，对我来说就可以算得上杰作。
,看到结尾三十分钟睡着了，但是导演确实很有意思，高票房他们应得的，昨晚看nhk给京都动画工作室拍的带有悼念性质的最新纪录片里，有探访中国动画公司的段落，你不得不羡慕他们那种投入忘我的人生，独立电影和影展给这样十分之一的空间该多好，可惜现在局势搞成灵珠打魔丸了。
,在《大圣归来》和《大鱼海棠》时没看到的国漫希望终于在这一部看到了！该有的视觉效果、想象力、主题和力度都有了。脱离了《哪吒闹海》的悲情与重生，魔童哪吒对抗偏见与命运的改编少了几分艺术性，但也有商业化的动人之处。好莱坞式的搞怪和浓重的家庭主题必将此片推向暑期档爆款。结尾三个彩蛋，是时候祭出《封神榜》这个大IP了。
,3.5，整体挺喜欢的，是抛开情怀之类，近年最喜欢的一部国产动画。因为剧情很完整，改编也很合理，是真的花功夫了。但是，说一下不喜欢的2点吧：1、其实正片没有预告骗那么成人向，但是里面那些笑点啥的，都旧，是1998年那会的网络语境的笑点；2、不太喜欢拿口吃和汉子女声作梗。
,我真是受够了这种屎尿屁笑点，一点都不好笑好不好，有的还很尴尬很恶心人啊！！！
,想让全世界都来看我们的哪吒！！！
,三星半。申公豹也是在抗命啊，最大的boss难道不是元始天尊嘛。他和天庭埋下全剧的所有矛盾，然后几乎缺席了整个剧，剩下的都是群众内斗。
,比大圣好出一个白蛇
,考虑儿童片定位，三颗半到四星是没问题的，现在分数虚高，所以三颗星吧。最大的悖论是结局：全片都在说不要在意别人的看法，最终的 happy ending 在于哪吒终于得到了世人的认可，全崩。但不细想就还好，特效出色，但无惊喜。http://t.cn/Aillz7Yd
,就质量而言还行……就合家欢（虽然段子挺下流的），但是我是看了网上的评价来看的，就失望。就这？就这！？我命由我不由天的命题诠释的太简单了。特效画面方面看得出国产是有进步的，但也就国外流水线水平，真的想不明白票房怎么这么高？
,還是無法接受這種畫風搬上大銀幕
,喷了，连哪吒都开始父慈子孝了。笑点我实在是受不了，请张全蛋滚出配音届
,毕竟我们已经不是反抗皆祸害父母的小孩 而是要驯化熊孩纸的父母了（还好我不是）所以立场180大转，但赚的还是同一批人的钱…技术真的厉害 动态简直要赶上蜘蛛侠了。李靖夫妇差不多就是郭靖夫妇…
,若不是因迎合市场而掺入的俗梗折损了不少魅力，绝对是一部非常优秀的里程碑式动画电影。它在颠覆性地改写故事的同时，拉开了封神宇宙的序幕，在主要角色间对正邪立场和身份认同做了极为完整的表达。最关键的是，这个cp也太好磕了叭……
,出人意料的精彩，年度超级黑马即将诞生。把哪吒塑造成一个孙悟空般的反英雄角色，颠覆成功。文本层面上，仍未摆脱国漫故事薄弱的老毛病，为了赶进度编排了最典型的三幕结构，造成深度有限，“我命由我不由天”这种主题幼稚且口号化；几处台词极其违和，为了制造笑点反而使故事脱节。从技术上讲，它也绝不是国产动画的“总统山”，依然是场景精美而人物粗糙。但整体看它仍然是出色的，因为优势太明显，其一是惊艳的动作设计，初入山河社稷图可以入选年度最佳段落，这个场景的分镜是主创想象力一次水银泻地般的展示，片尾则以缩略（宏观）的形式再次惊艳了一把，游戏感十足，中段水夜叉的追逐打斗戏也下了功夫；其二是将近半小时的第三幕，始终保持快节奏的连续打斗牢牢把控住观众情绪，哪吒两次变身是截然不同的气氛渲染，一惊一喜，全部燃爆。
,【B-】有瑕疵但整体还是惊喜更多
,就陈塘关这些百姓，哪一个值得认真对待？
,剧本、人设都算丰满，制作也考究，是一部合格且具有观赏性的国产动画。但不要轻易简单粗暴去吆喝一句：“国产动画片从此崛起了”。2015年《大圣归来》的时候，他们也是这样声嘶力竭的。偶尔一次闪光，不代表崛起了，所谓的崛起，应当不止单纯在质上，还要看量。不服？那就从纬度和经度上回顾一下美日的动画吧。BTW，魔化后的哪吒形象，请不要抄袭赛亚人，太明显想蹭心理暗示了。
,低龄化，搞笑对话像老套的网上段子，逻辑不通更谈不上严谨，剧情拖沓，叙述累赘，快进都觉得如坐针毡，豆瓣这评分，不懂。
,"在陈塘关口见敖丙，气坏了哪吒小将军。某自幼魔丸入了身，偶遇着太乙老真人。某中了敖丙的离间计，俺变化了申公豹捅他后庭。弃暗投明来修心，食娘的哺喂当报爷的恩。孝当报过仁心尽，再与那真人把话云，一不用战鼓咚咚打，
二不用副将随后跟，
只要火尖一杆枪，
红绫金圈风火轮。
十分钟内得了胜，
你把莲花塑了某的身；
十分钟内不得胜，
陈塘百姓化埃尘。
来来来，带过爷的风火轮，
（摇板）
我要把拉莱耶一扫平！"
,前几天重看了老版哪吒自刎的那一段，哭得不能自己。这一部是一部不错的动画片，但是我绝不承认是哪吒故事。
,出乎意料的不错，是一种工业水平上的优秀：特效在我看过的3d动画里算最好的那档，那个水的视效跟迪斯尼比也不怵；剧情流畅先插科打诨后燃，笑点套路但我周围观众都很买账；演出节奏一气呵成，尤其是最后的4人大战，看起来非常过瘾；最后煽情+升华那段有点像大圣&amp;流浪地球，就是主旨很简单但配上宏大音乐就非常通俗容易共情那种燃。美中不足就是前半段轻松搞笑触动不了我，让我一开始以为这是一个类似沙僧日记的恶搞片。但看到后半段哪吒学成后才发现，它其实更像悟空传，哪吒故事的整个灵魂或者说经典元素是被提炼后融入新故事中的，甚至改了以后原作中逻辑不通的地方都能解释得通了。比如李靖为何如此严厉古板？哪吒和敖丙究竟多大仇要打成那样？而核心的哪吒的冤屈和反叛是有的。哪吒和敖丙也太偷摸大鸡了！佐鸣+小鱼儿与花无缺。暗黑龙宫也有趣
,异于常人的天赋，就易被区别对待。大快人心锋芒毕露的反击，解气，刺激，但累而疲惫，因为反弹到的是全范围。比别人经历不一样，就能习得不一样的视野角度，看似委屈的收敛克制实则聪明和气，能减少反弹范围。是的，他们拿我当妖怪我还要为他们而战这太他妈憋屈了，但只有克制收敛才能看明白真的不是为他们而战，他们的存在而使自己更有意义，哪怕是歧视敌视。自我塑造是雕塑而非铸造，原材料真的是随机性，因此拖鞋太重要了。实现人生意义真的离不开sacrifice，什么文化氛围都是这样的，self-sacrifice总是高贵珍惜的，因为它本来可以快活的利己主义。不扯犊子的话，让人享受的电影。
,"补标。本来想二刷在评分，但是实在不会再看了。到现在我都很不喜欢这部片子，从内容到形式都是非常正统的美式故事，说得是反叛传统，实际完全背叛哪吒整个故事的内核，丧失了其中最重要的意义。
我不喜欢很不喜欢最重要的一点是：它并没有更深刻的讨论与思考，就仅仅是一个流畅的好莱坞故事而已。当然我不能否认饺子的才能，但是对于国漫来说，这bug般的存在……的确给了其他动漫不可企及的高度。
天时地利人和吧。但我不喜欢，很不喜欢。"
,细节的完成度已经达到了好莱坞动画的标准，这个细节不仅仅指画面、特效，也包括剧情、笑料、包袱，与国内一众手工作坊生产方式下制作的电影相比，确实显得脱颖而出，也导致整部电影看着不像一部中国电影。当然，作为一种工业化流水线生产出来的娱乐产品，本来过分追求所谓的中国味，也很没必要，所以非要拿这部电影与1979年的《哪吒闹海》相比较也没什么必要，根本上就是两种不同的东西。这个是产品，那个是作品。而且从意识形态角度讲，这个其实更符合西方主流价值观，讲个人奋斗改变命运，太美国了，《哪吒闹海》倒是造反有理的革命价值观。
,意外吹爆啊，赶紧出口赚一票，从东亚到南亚到欧美，让世界好好看看懂懂中国的亲情文化！我们的动画产品也不差！
,4.3星。有些人设非常Tim Burton，剧本没完成（也许故事会在《姜子牙》里继续），搞笑部分有时太尬，以及哪吒宝宝小时候太丧太痞接受不能。然鹅，挣脱了乾坤圈的成魔哪吒实在是过于狂气冲天、霸气爆表，帅到我头脑空白……动画史上最颠覆的哪吒值得这五颗星。
,找准了我国观众心头的那份反叛因子，自然是一点就能星火燎原。于我来说比较惊艳的是对经典的现代重构满溢着民族自豪之感，打斗部分的剪辑与掌镜也真的让人爽到，又有普适的亲情友情在其中穿针引线。当然剧作还有不够圆润之处，不过作为封神宇宙的开山之作，足矣了。让这把火烧的更旺吧！
,逆天改命，戳人痛点。技术足够，剧本不足。哪吒敖丙，过于好嗑。社稷图里，随便你玩。太乙搞笑，夫人略萌。
,把恶心当有趣，有点无厘头风格。主题就那样吧，有点幼稚，有点中二气息。反抗天命的主题已经相当低俗了。显然，也是奔着低俗而去的。自私自利的护犊子，成了家庭教育正能量了？主题又很难说能让少年有什么教益，还不如初中思政课的教育有用。
,不知道为什么吹那么高 可能我不爱看动画电影吧 笑点都尬尬的
,我心中的国产动画影片第一名
,7/10。对天命这种权威的反叛成为了叙事动力，哪吒和敖丙相爱相杀的这一对正好是天珠转世的一体两面：龙王对天的顺从并不能换取真正的自由，反而被囚禁于龙宫，而李靖用换命符逆天改命的行为，除了象征父爱力量下的拯救和开化，也体现了一个天命的秩序维护者（他不敢像妻子一样为生不出来叫嚣着砸祠堂），对权威最懦弱的反抗，结尾哪吒释放了乾坤圈封住的力量，托举起覆灭陈塘关的巨大冰块，凭借意志反抗了天命的选择，敖丙也选择与哪吒同生共死反抗了家族权威的使命。形式上不断做着对神权的消解：太乙真人变成骑着猪的啤酒肚大叔，申公豹说话结巴，哪吒非常“丧”的黑眼圈尖牙齿，都将至高无上的天神降格为世俗凡人，但讽刺的是叙事内核还是一个被温驯的异类回归正常秩序（成长为保卫百姓的英雄），传统又保守。踢毽子穿铠甲、庆生像办丧几处勉强好笑。
,到最后也没解决哪吒的戾气，此外，各位能不能别那么容易下跪。
,甩迪斯尼好几条街！技术已经达到顶级水平！故事改编得有趣有人情味！可惜“哪吒”好丑！为中国国产动画的进步感到骄傲！致敬每一个为中国动画努力拼搏的人！
,全场唯一get到的帅点在哪吒解开乾坤圈套进手里那边 笑点很多都是台词引导感觉一般
,笑点低廉，技术扎实，逻辑走心有支点，人物设定有维度不极端，剧情脉络行止有度，审美偏近商业。我给7+。神仙的自我修养那里明显有周星驰的痕迹，踢毽子打墙却无法与如来神掌解毒相提并论，而这还只是导演审美力走偏的百分之一例。哪吒的塑造倾投中二杀马特方向，敖丙的塑造则过于薄弱且偶像化，配合全片廉价而网络化的笑点，若不意在圈钱，就只能理解为导演太想成功的执念——若追求如此，最快捷就是堆资源造星。可偏偏它还想成为什么“崛起希望”。假若干年，底裤不保，莫怪年轻人。
,基于哪吒传说的颠覆式改编，《哪吒之魔童降世》充沛的剧情构思下，电影有着打动人心的羁绊，有着催人泪目的亲情，有着关乎自我认知的觉醒，更还有着哪吒“我命由我不由天”热血的反叛意识，这部足以让人为之瞠目的国产动画，令人见证的不再仅是国漫的崛起，而是国漫拥有了真正能与好莱坞动画佳作相媲美的灵魂。
,什么玩意
,四星鼓励分。红蓝又出一cp。技术层面已经没有什么大问题了，整体牺牲哪吒故事深度换观感整体还算成功，但是还是太多细节需要打磨。
,敖丙加油，砸死这群键盘侠！
,一开始以为是中国《好兆头》，结果到后面发现最像《流浪地球》：）
,撤换掉79版的反父权主题，大概也有基于「合家欢」的定位考量。新版的勇于颠覆和它想要完成的新命题「抗击偏见与命运」，这些都令人惊喜。但最可惜的是，整个故事没有有效撑起对主题的阐述，说着「我命由我、不由天」的哪吒，最后还是活成了人们希望他成为的样子啊，这是最叫人哀伤的。这怎能不让人怀念那个剔骨还父的哪吒呢？
,个人觉得搞笑桥段比较尬……但是总体比想象中好一些。上海美影版固然经典，但其实也不用纠结这一版改编里人物关系的改变，要讲的东西不一样。彩条屋封神宇宙值得期待！
,拍的太棒了！人设的重塑，内核的升华，精致的视效和故事上老少皆宜的通俗，不端着但也不low，恰到好处的拿捏，真正的国漫之光！
,奔着国产神话动画去，结果收货了爱情。
,我觉得不太行。除去哪吒的背景，故事旧台词僵配音尬，除去打斗外的背景细节都做得不够好；加上哪吒的背景之后，四不像，说教生硬，哪吒的画风尤其让我不喜，还有些擦边球的笑点讲真就不应该在全年龄向动画片里出现。
,如果没有那么多“无聊”的笑料就好了，当然这个见仁见智了…
,7/17 拼凑感。命题老套，强行搞笑，魔改太过。
,三星半吧，不如大圣，中二热血有，但前面刻意低幼搞怪太重复了，导致节奏不好。龙族的改编是个亮点，敖丙的线本来更完整，却为了主线强行黑化了。灵珠魔丸强行设定，把哪吒反抗伦理的人设改成了哪吒的反抗命运，但不太立得住，所以最后基本靠喊，强行煽情了
,除了精神内核，全面吊打大圣归来，也因为精神内核，被后者全面吊打。“我命由我不由天”是“借来的话语”，它不是从哪吒的故事中提炼出来的，不如说这句台词反而说明了魔童降世不过是一个哪吒的套皮故事。相比之下，有悟空传隐性加持的大圣归来则有着自己的大圣精神。归根结底，西游是一个经由大话西游和悟空传转化后的具有现代内核的活文本，封神拍了几部电视剧却还是神神鬼鬼的，两部电影的差距其实是背后作品文化资本的差距。
,把耳熟能详的哪咤故事改编成这样子，然后添加一点变料，什么我命由我不由天，好象是创新，其实是中国电影的悲剧，中国人创新一直走不出四大名著的方框，为了迎合市场的胃口，不惜去恶意鸦涂原来作品，主题思想拍出来效果经不住推敲，是完全忽悠欺骗小孩的作品，并且把成年人当小孩。市场化吹捧，实际是个背经离道的作品
,"好
真好
特别好
说比大圣归来好吧，我不认，我有悟空滤镜。
但是真的很棒，笑点很密，哭点忍不住的那种，看完小姐姐都在问妆花了没。
设计的超有点，不能剧透，但是每一个人物都出彩有特点。
中间一度好生气
超级心疼哪吒
能力没有好坏之分，是看你如何使用它。
父母之爱子，真的很动人。
太极生两仪，很中国。
彩蛋有三个，但是最后一个是姜子牙广告。
讲真的，中国古代神话故事这个max级别的IP，生生代代也看不够。"
,违命抗命的主题仍旧是沿袭封神演义的旧题。只不过父子关系搬到了当下做了和解的处理，但是父母双方仍在养育方面仍旧是缺位的。正反派的弱智化，实在是支撑不起成年人去多思考一步。所有因为时代环境变更加入的笑点和神话故事结合后的效果都让人挠腮，我确实笑不出来。
,大哥 好歹也看过大圣归来，你这都拍了些些什么
,人设还蛮可爱的。对社会气的台词有点接受无能。
,我觉得，为了搞笑加入的低俗笑话，说是为了迎合市场，难道市场就这么低俗？难道电影的目的不是为了提高广大人民群众的审美和素质吗？还是那句话，画面再美，演技再好，没有一个扎实，合逻辑的基本，就像一万个零前面缺了那个一。看人家大话西游改成功了，都来跟风改（毁）原著，孙悟空不是72变，是被改了720回。可是，不能为了改编而改编呀，原版里的精华糟粕一概扔掉呀。
,不错，充满解构气息（除了部分地方有点尬…
,想象力和细节都要超过皮克斯，赞的。（PS，也很怀念老版哪吒的一剑自刎，悲情。）
,很好看耶。重构了传说，意料之外的情节，打斗场面很燃，太乙师徒有笑点，父子情有泪点，与敖丙的友情有热血点。
,呜呜我爱哪吒！！他太可爱了他和敖丙太配了吧！！
,感觉期待太高 不过也不能说不好 水准的确也是在大圣 白蛇级别的 故事讲的通顺了 主要个人很不喜欢主角京妞铁T哪吒 和四川油腻相声演员太乙真人 里面笑点大多数都是周星驰式的笑点 如花梗 磕巴梗 屎尿屁梗  哪吒到结尾还是觉得很讨人厌
,太乙真人骑着猪做丑角？李靖哪吒父慈子孝？削骨还父削肉还母呢？哪吒敖丙组cp？要搞国潮超英动画捞钱，你有本事原创IP和人物啊，魔改经典算什么好汉？而且，把反父权大旗改成我命由我不由天的鸡血口号，心地是大大的坏——很多后浪以后就只认这个哪吒了。
,没什么原创性，谈不上多惊喜，不闹海的吃藕哪吒看着有点闹心，自我陶醉的段子怕是要和隔壁《银河补习班》牵手，对后续封神故事兴味索然…烟熏妆小哪吒像是从《僵尸新娘》《怪兽电力公司》里走出来的…殷夫人怕是套用了《白蛇缘起》小白的建模…申公豹不就是结巴版乌木喉…灵珠附体的敖丙和变身后的哪吒还算养眼，但是没看到帅气的小哥哥牵手搞基我很不开心
,看完觉得很骄傲！！哈哈
,只说两点。1.编剧把幼稚笑话和大众化划等号的思维急需改善。2.看似积极的意识形态下掩盖着极大的逻辑漏洞。本意说出身决定不了人，但是一个哪吒，一个敖丙，天生神力；一个总兵子嗣，一个龙族后代，放到现在社会中怎么看都像是王思聪之流，因此他们有条件有能力选择自己的行为。反倒是百姓（比如我），若是能和哪吒大战三百回合倒也还显出些许主旨。可他们不但只有被动挨打的份，还被塑造得愚蠢无比，居心何在？
,以后国产电影是不是只能看小学生作文？
,一定要让恶的学善，善的学恶，这才是冰与火之歌。我相信画者一定脑中有原型，否则不会出现一看到哪吒的牙我的眼前就会浮起王宝强的笑。还有敖丙的巨型棒棒糖很招人喜欢。
,从反父权变作反命运，非常安全又当下的取向。然而在当下视角之下，民众仍需以下跪表达对救世形象的感激，最终又何尝不是回到一种民粹的顺从。
,"小时候看的第一部动画是1979年的《哪吒闹海》那是记忆力最棒的动画电影。

2019年的《哪吒》老故事改编，完成度很高。趣味性也足够，屎尿屁也不觉得恶趣味。前十五分钟就带动泪点，110分钟至少三个泪点。

动画妆感也可以接受，3G设计也见用心，定格画面过少，为了追求高密度快节奏，让炫丽的场景浪费了。

内核虽然台词化，但通俗易懂适合儿童观赏。音乐性的控制其实差了一口气。"
,听到某神仙的“川普”突然想到了一个梗，就是真正的四川人是分不清“娜扎”和“哪吒”的，哈哈哈！亲情线很动人，但是金吒和木吒去哪儿啦？有颠覆有创新，挺精致的。
,与其说“表达xx”不如说“如何快速令人以为我们在表达xx”，一部不曾构建任何东西的鸡贼混乱非电影
,老家新开的电影院，三十块钱包3D，就是那种邪典动画，巫毒娃娃的感觉，最后非常政治正确，人定胜天，命运要靠自我奋斗，三观太正！
,全程冷漠脸，最近这种套路的电影真的看的完全无感，哎～吃的多了，嘴就叼了，故事和技术都挺好的，可就是吃不下了……
,这是一个西式的哪吒。一个以西方式的将物我（妖、人、神）“外在化”看待的价值观为根基的世界。哪吒先天就背负“原罪”，通过自我拯救/自我毁灭与“救赎”的方式完成自我对环境的抗争，世界被看成“他者”（人定胜天）。这种处理方式直接威胁到了哪吒这样一个传统形象的诗意，但是与当下的意识形态却是符合的。
,"片中讲着四川话的太乙真人和飞猪，非常有趣。剧情和内涵也够深刻， 山河社稷图那部分是做的很不错，充满想象力又有很多惊喜。哪吒母亲塑造的最好

但是，它的问题对我来说，与其他我看过的很多国产品一样，就是太吵了。我不知道是否与影院的音响有关，真的比一般美国电影要吵很多。就是感觉角色一直在扯着脖子喊。特别是哪吒。他本来应该是一个很酷的角色，形象上也有趣，但配音真的很失败，变得声嘶力竭，很专横。感觉有时都能听到演员嗓子都撕裂了一样。这肯定与表演有关，也可能是导演执导有问题。但是其声音与表情并没有达到很好的结合。

其实很多时候没有必要这样大喊大叫去展示情绪的。这是国产片普遍存在的问题，就是表演用力过猛。音效也是，其实结尾的大战真的很长，视觉效果及变化性还是可以的，但音效太高分贝，令人耳朵很累"
,Disney风格与迎合95后趣味嫌多
,所有的偏見都伴隨著歧視，所有的歧視都成為了霸凌的藉口。舊瓶裝新酒，借著哪吒說霸凌，只可惜現實里沒有那麼多哪吒能打臉那些霸凌者，更多的哪吒們只能一身傷痕，甚至遭受著PTSD的折磨，只能祝福他們成為什麼樣的人真的能由他們自己決定。
,看见朋友圈纷纷将头像改成哪吒之后还以为是有多好看多惊艳的动画，其实就是一直无厘头恶搞，没有一个流畅的片段，每次都要用搞笑来打断，最后连个浅显的内涵还非要用台词道出来.想跟导演说，坚持做自己不难，坚持做一个优秀的自己还是需要再多修炼一番.
,大失所望，大量质量低下的网络段子，太过尴尬了，哪吒这个角色的塑造更可以说是全面失败，不知魔在哪儿，不知要反抗什么，还完全没有性格转折，到这里我多少明白了些六老师反感《大话西游》的原因，如果真要讲这个故事，有何必借着哪吒的皮呢？《哪吒》是个机敏的后生，粗暴地借鉴了国漫前辈的经验，并用一种集大成的方式试图做的一步到位，可还是让我觉得太急了。不过，如果这就是国漫该有的命，那倒也无需在意我们那几声小小的不和谐的声音。
,"几乎迪士尼、超英、港片、日漫等类型片的元素都有，内核是好莱坞的，选择支撑剧情的情感线也是好莱坞正确的父爱和日式的无人认可的友情。感觉自己有些mean，但看的过程中颇感不适，相当vomitous,不及港片远矣...果然《悟空传》是难得的。"
,大胆说句，在电影院看这部电影尬到我生理不适。不要说我不支持国产电影，大圣大护法白蛇哪个不比这个好？？
,当年看《大圣归来》的感觉又复苏了，现在中国动漫终于不用羡慕梦工厂皮克斯了
,厉害
,制作和设计很不错了，为什么会有这么多低俗玩笑？扣鼻屎，掉着鼻涕，喝鼻涕，随地尿尿，放屁助力，烧裤裆，恋童癖？。。。这种引导竟然是给小孩看的？哪吒的性格转变有点突兀，缺乏更多铺垫。踢毽子的戏很喜欢。 @Tysons AMC。落地西方还是有困难啊。。
,"可以说是年度国产电影最佳了，开始没看的时候看到网友评分这么高还在想是不是虚高。现在看完不是的，真的很喜欢这个改编，除了那些村民，听风就是风听风雨就是雨，每个人的人物设定都立得住。
龙族太惨了，敖丙太帅了，哪吒变身之后也是帅，没变身的时候是个腹黑娃娃。
当年还在上大学的时候，就看过导演的《打个大西瓜》，一个不是科班出身就因为爱好做了短片，到今年当了导演做了长篇，说实话，真的很佩服他。
应该还是有下一集的吧，期待吧！"
,【B－】惊讶的是不只像预料中呈现的异于常态的“哪吒”，电影对几乎电影中的每个角色都进行了不同于最初神话的二次创造，而更厉害的是创造的相当成功，每个人物都非常鲜明立体，矛盾冲突以及共通点都完全立得住，基本是完全建立了自己的“封神”世界，如此以后更有无限的创作空间。不过整体是失望和惊喜并存的，娱乐性、故事技术都达到了高峰，加入的喜剧元素多数成为了亮点，虽然主题仍旧老套“我命由我不由天”，但贯彻的最彻底，看起来如此中二的一句话却真正的拍出了燃；值得称赞的是其极高的执行力，动作场面眼前一亮，后段一场对画笔的争夺戏的长镜头调度堪称出色。最大的缺憾应该是学漫威过头，很多笑点的加入不分时宜，以及不知如何收尾便草草结束、却又偏在片尾拉出好几个彩蛋。
,近几年最好的国产动画，人物的夸张的表情、动作，整个故事的结构、节奏，包括家庭关系和温情主题，借鉴了福克斯和迪士尼很多，但不可否认视觉元素的中国化还是很不错的。有给差评的说不如老版老版，玷污经典，这是什么鬼话，老板的弑父情节和暗黑气质也是再创造，如果再 拍一遍又要被说抄袭，何况这片一开始就是要做个合家欢电影，什么叫什么好的商业片，达到了自己的商业诉求，就是好的。
,闭关修炼的部分再加点戏就更完美了。也希望龙族戏份多一点。还有山河社稷图应该出周边啊！！！
,我算是看明白了，国外的动画，就算没东西，也得给你过度解读出来2000字，9.0+的评分不喜欢也得5星，对于国内就是先把有色眼镜带上，钉到耻辱柱上，一顿挑毛病。仿佛说，你要一口吃不成胖子，就不要选择进步。
,哪吒恶童的出身，和Hellboy的套路太像了吧。封神榜那么多妖魔鬼怪，你要拍一个三界版复联么？看预告片下作是姜子牙，倒是更期待杨戬呢。前提是这个系列继续下去。
,改编不是不可以，但我认为删去哪吒「断臂剖腹，剜肠剔骨，还于父母」的情节，就等于删去了哪吒这个神话人物最深层次的立意：骨肉可以还给你，人格、精神永远独立。电影想颂扬的是一种普世价值观，近年来流行的「我命由我」精神，很可贵。然而如若能从另一个维度去讨论亲子关系，我认为更能彰显哪吒这一人物的独特性。
,不好意思，最多只能1星，不是我傲娇，国人能不能客观评价电影，而不是因为是中国动画就无限纵容！首先最可怕的是三观不正，虽然在说不认命，但是为什么一开始就选了能力如此之差的太乙真人去担此大任？不是因为申公豹是豹子修炼出来的？人种歧视？不然我想不到为什么会选那么无能的一个人？再说最后一幕，老百姓给你们跪了？我擦，不是哪吒他们是在救自己的命好吧？他的天劫啊！！跪什么啊？最后敖丙也太惨了吧，怎么看都是逼一个好人去当坏人还要告诉他不要认命？整个故事真的没有跌宕起伏，松散又难以进入剧情，满屏1块钱特效，这就把你们看爽了？美术效果你们真的觉得是中国风？？我怎么看到满屏的皮克斯？真的完全不喜欢，中国人就是喜欢草根逆袭，因为草根太多，太想逆袭！
,挺震撼的，大圣归来已经不错了，这个却好像可以拿奖了
,三星半，我觉得论质量跟《大圣归来》或是《白蛇缘起》不是一个级别的，但是这种极具反抗精神、充满想象力的作品在国内实在是很难得。有太多地方致敬了周星驰（喜剧部分几乎都是），有些人可能会觉得是彩蛋，有些人就会认为是在模仿。
,很多中国观众对国漫格外优容。
,改编倒是无所谓。艺术的东西，本来就百无禁忌。只借壳借名，甚至曲解，来表达自己的理念，无所不可。想象力，有（看到后世教育可有光）；技术，有；审美，有。幽默感，很差，来源于市侩、网络、流行语，如口啃爆米花之虚屁浮流，毫无根基。哲学观，有一点进步，经济发展所带。努力挣脱桎梏，力气用在“求新”上，没见得“寻古”的道路。文革余毒要清出骨血，不知道要几百年。真正所谓“中国”文化，可以酷出想象，可惜绝大多数年轻人，溯源的路似都被封死。找半路出山的腐朽哲学观来抗击。（扯远了）可看到与中国式父母的和解:) 虽然暂且只是自欺自造的ideal，而非真实历经情感。但至少这个ideal呈现了做儿女（做人）之所望。女性形象有进步。改成独生子女可还行。:) 最后，观望导演搅不搅基吧。哈哈。
,感觉画风反而不是最大的问题，只能说这个过于当代过于B站风的主题竟然找到了它的受众。而难听的配音也形成了稳定的风格。当代实在太可怕了。
,龙集体劈逆鳞那一段的悲壮使命感，印象最深。还有就是国产动画的主要角色配音终于终于不出戏了。最终高潮也分为好几波，比大圣归来的混作一团的剧情画面强太多。
,太乙真人差不多是被哪吒绝育了。
,耐飞上看了。剧情和人物塑造都非常失败，我命由我不由天的主题，表现极其生硬，填鸭一样把这个意思强加给观众。前半部生硬搞笑，后半部主题没能升华。哪吒自始至终是一个非常自私的人，他的动机根本不是拯救苍生，而是证明自己不是坏蛋。证明不了，那就破罐破摔。至于说动画特效，也就是好莱坞直接DVD发行的3D动画片水平吧，连院线都上不去。很多搞笑桥段，慢动作，镜头扭转这些技巧，都是直接照抄美国动画片。中国故事，却充斥各种西方风格的笑料，没有个性创新不说，看上去也很违和。不知道为什么给那么高的分。顺便说一句，英文配音超可爱的。感觉看了英文版，反而比中文版违和感觉要小。
,预感会无聊，看了还真的很无聊
,低级趣味的台词
,哪吒既然是“三公子”，那金吒和木吒呢？
,实名diss首页热评第一的熊猫大叔，单从几张海报就说是烂片无疑，肤浅的见识，打出的字都有语病，什么基本完全？？？你又有什么资格代表成人说不能接受这样的设定，撞壁要有度，你随便几句话就可以在电影上映前否定制作人员的心血？？
,"其实说完全没有瑕疵那是假的，但是和同档期的狮子王比这个可以吹爆了。
果断五星。"
,觉得剧情上和逻辑上不顺畅，笑点也没有很好笑。
,瑕不掩瑜，老少通吃，暗搓搓的核心思想还是很毒的。
,哪吒的配音演员真是不错，傲娇、顽灵都配出来了。看了眼照片，跟小哪吒还挺像，除了没有那么重的黑眼圈。其他：烈火灵童弑父、伟大的母爱、同胞竞争、同门相杀、在意外人眼光、希望得到权威认可，都是老话题，感觉没啥新意呢。哪吒与敖丙本是同根生，敖丙却跟做了医美一样。哪吒的发型不错，我一度很爱这个。
,故事学的周星驰，技术学的皮克斯，学的还不错。但最有意思是故事内核，哪吒作为寻求个人自由者之象征，在旧版里主要抗争对象是权势和父母之命，在新版里则要抗争妖魔化他的群众和自我认同混乱。虽然去了郑智化，但更贴和当下自由主义者的实际也更深入了。
,这算啥由你不由天呀，你要铺开讲讲怎么日爹吧还能加一星
,台词比电影前吃的那块蛋黄莲蓉月饼还油腻
,看吐了
,这哪里是哪吒?
,丑哪吒越看越cute，太乙真人形象又颠覆又饱满，连申公豹都很有角色特点，打戏画面流畅度真的很不错，如果结尾处理好点，就完美了。
,山河社稷图当空间斩用 不愧是太乙救苦天尊 那个乾坤圈是金箍客串的吧 拿武力/颜值换智商的debuff道具 藕饼 真香
,"好用的套路梗+政治正确+普世价值+心灵鸡汤，商业目的明确而且手法精准，人物基本都是空壳，不是我的菜但是国产动画做成这样还是应该鼓励。
还是喜欢那个白衣胜雪傲气冲天一人做事一人当的哪咤。"
,电影的主题很丰富，有关于家庭亲情，有关于个人的责任，有关于命运的，最让人感动的是这些人的选择，哪吒不甘于命运，选择了彻底的反抗，最后又因为亲情的羁绊回归了正义，这证明没有天生的魔丸只有选择的对错，三太子背负龙族命运的最后选择了友谊，这是命运对灵珠嘲讽后的拨乱反正，这部片子每个人都很立体，很多点让我感动，是一部极其成功的电影，为国产动画鼓掌，并脱帽致敬
,一切的一切都没问题，也是完全符合市场化的，尤其整个封神榜的布局初现更是让人激动。唯一的问题这样改变哪吒让人从心底里还是有点拒绝的，当做一个全新的故事看吧，可当初吸引你进影院的可是那个充满反叛精神手拿红缨枪脚踩风火轮的哪吒哎。但基本上是一个全新的故事也不可谓不好，旧有的故事已太深入人心如果不大刀阔斧的砍去，观众难道不成又听一遍老故事，只是视觉新颖了？那这一部哪吒也不会有这么大新意和热度了。况且有编剧自我的世界观架构铺底，只是借用哪吒的人物设定而已，还是期待后续的封神故事新编。插科打诨我觉得也没问题，苦大仇深不符合大众审美的，这一点漫威已经印证了无数遍，插科打诨、磕cp、燃点、泪点才是一部当代商业片该有的元素。
,果然爱是最终的解咒
,首先我不认可上了一部国漫就说它代表了什么现代的国漫水准啥啥的，那我们需要的不是一个哪吒，是十个哪吒加十个大圣才可能，其次这是一部挺不错的片子，你打击它，我也不会去看银河补习班。最后，它的缺点的确很明显，不仅仅是歧视和屎尿屁，还有是里面的转折和一部分世界观，比如哪吒对白龙说的，要做自己，不要在意别人，可他自己不也是如此么？最后他的爆发到底是为了救父母还是为了救百姓？所以从这两个点上来说，这个片子还有缺憾，但不影响它依旧是一部好的，且足够商业的作品。因为同期的作品都太烂，所以我要多给一星。就这么任性了。
,感觉还有点味道的除了李靖这个人物以外，就再也找不到别的，惊然发觉所谓“中国文化”到最后竟变成如此徒有其表的东西，这部动画除了用到中式元素，其更抽象的内在却颇具西方个人主义，人们欢呼“中国动画”的希望，这里的“中国”是一个地区概念而不是文化概念，到此我们不得不承认，在精神上我们已经完全被西方文化占领了，这部电影越是成功我反而越是五味杂陈。说实话，电影并不算很差，该搞笑的搞笑该煽情的煽情，传统的表皮中大量充斥流行梗的低级做法带来的违和感和剧情上的套路感作为给小孩子看的工业产品也完全可以谅解和忽略，然而我坐在电影院里怎么看都不是滋味，中国文化虽说不上是形神俱灭，也许形还在，但神却是灭了，在我看来，这到底不能算是“中国”的东西
,This is just too gay. 
,整个故事讲了两个天赋异禀身怀绝技的孩子在面对来自普通人的压力时如何寻找自我价值、实现自我救赎的故事。从海报看应该是双男主双线并行的戏份，但哪吒线挺丰满，敖丙线太单薄了。从彩蛋来看，续作应该会补全敖丙线的故事，脐带～
,笑料粗俗低级，打斗场面略繁冗。最重要的是那个割肉屠龙的哪吒不在了，只是一个被父爱感动的顽劣小童。
,从之前的“龙之谷”和“魁拔3”的后期画面崩盘，到近两年“大圣归来”和“风语咒“的剧情单薄，再到这部哪吒，国产动画可以看到有很大的成长。这次不光是画面精致（当然可以更好），剧情和笑点也都非常的成熟，算是个非常完整的作品了。这次没有爱国加分，满满的实力五星。
,"两朵莲花现化身，灵珠二世出凡尘。
手提紫焰蛇矛宝；脚踏金霞风火轮。
豹皮囊内安天下；红锦绫中福世民。
历代圣人为第一，史官遗笔万年新。
（饺子导演超级帅，主持人问他微博号，说想把他捧成大V。导演腼腆一笑，说我还是潜心创作吧）"
,故事明显想要表达的不认命主题感觉稍有些生硬，但趣味性、创意性和动画水准已经相当之高。再接再厉！
,言过其实，少儿电影
,刚开始，那口川普一出来，我还以为是看得四川话特供版。也太好笑了把，导演真是个人才。哪吒的黑眼圈好可爱。他人笑我太肤浅，我笑他人看不穿。
,"《哪吒之绝代双骄》
视觉效果、动作场面已经不是国产的问题；故事还在原地踏步。
哪吒是改魔、敖丙是魔改。"
,可能会是暑期档后劲很足的一部电影，制作和剧作上的完成度都很高，而且把这个古早的故事无论在表现形式上还是内核上都改得比较现代，喜欢江山社稷图和投影猪！喜剧元素运用的足够通俗讨喜，太乙真人的四川话真可爱亲切。哪吒和敖丙的cp不就是冰与火之歌吗，亲情、友情、热血、个人成长、我命由我不由天的情感点都是颇能引起共情的卖点。主角的人设也比较微妙，看起来是反叛魔童，其实也是在渴望被主流接纳，打的是偏见与孤独这些情感点。如果结尾的哪吒宣言能收一些就好了。就不吼什么国漫崛起的大喇叭了，总之个人觉得比《大圣归来》好看，娱乐性强，门槛不高，市场接受度会不错。
,屁屁翔受公关稿蛊惑早早买了票 拉我去感受“国漫崛起”    看完我就他妈回头给大鱼海棠改成五星。这都啥几把花里胡哨的 国漫格局越来越小  我咋觉得他妈外国人都要比导演明白哪吒这个IP的内核      只想讨好观众 难成大器
,请把那些一点也不好笑的桥段删光OK？
,制作满分，但我心中的哪吒是很悲情的形象，是为了自由意志、无家国无君父的反叛者，不是一心想融入群众的基层干部。但或许，这样的哪吒，就是当下中国应该出现的形象，每个时代都有自己的哪吒。方言、段子的运用和《大圣归来》如出一辙，当然这也是会戳中大众G点的亮点，但如此一来，这样的国漫内核实际上仍是在向好莱坞靠拢。
,没有请痛仰唱主题曲真的失策。
,7分，除了首次在国产动画电影里看到了一个相对完整的剧本以外，无惊喜，虽然在整个国产环境下拿出一个流畅的故事已经比较难得，但是从工业制作层面来说，和一些好动画相比差距仍然存在，so不差我这一个鼓励分
,影片三观从头到尾厌恶，除了敖丙均讨厌。
,也许可能大概还不错吧，只是不合我口味。这种网络段子➕顺口溜的对白，裤裆掏抢的梗➕看清楚人物设定就能猜到后面要怎么洗白说教的剧情，真的接受无能，制作水准倒是够格，对白和剧情更像是网大的风格，这样剧本拿什么跟大圣比啊？
,主题是父慈子孝，原生家庭真香。哪吒顶着黑眼圈成了熊孩子，能砸你所有手办的那种。不是所有动画电影里都要有丑角和笑话，我觉得被导演伸手挠了。
,还是粗糙，各种意义上。
,很多人看了剧照觉得哪吒的形象丑陋而不想看，其实恰恰符合了电影的主题，就是为了打破固有的偏见。而哪吒正是中国古典神话中反叛的典型！我命由我不由天。特效方面绝对是国内顶尖水平了，很多小设计也独具匠心，比如猪鼻子投影，结界兽等等。最后的高潮也非常震撼，唯一的遗憾是对三头六臂的展现不够充分，感觉不过瘾。和人打赌豆瓣评分上7，看来是很稳了。
,《哪吒之魔童转世》已验，推荐。除了技术上的成熟，最重要的一点是价值观的提升。原先哪吒在人们印象中的嫉恶如仇，略显单薄，现在的人物设置和反转，立的住，而且更加耐人寻味。这比技术上的提升更让观众看好中国的动画片的发展。用朋友的话就是:“高级”。
,不幸被纪录片放映员猪飞骑给圈粉，大决战简直“冰与火之歌”，特别喜欢画卷内四人抢笔那一段。不管能否接受这样的画风巨变（哪吒是丑了点，部分情节恶俗），也必须承认，它跟上了世界电影工业潮流，也让人看到中国动画技术的潜力。
,饺子应该非常热爱踢毽子。
,很好看呀，跟童年回忆中的哪吒有不一样的内涵。但我还是更喜欢剔骨还父、削肉还母的那个哪吒啊。
,"打斗流畅，哪吒变三头六臂的时机抓的很好。但部分人物和对话恶俗尴尬。
以前的哪吒是剔骨还肉抛开所有挂碍终得自由的精神图腾，这个哪吒只是个求认同的中二少年，精神上的退步令人遗憾。"
,可以给国漫贡献两张票，看完不肉疼的程度。
,画面已经顶尖了，故事节奏还有提升空间。以及小二代目第一次去电影院。
,【4星半】“我的师父是一个绝世逗比，总有一天他会驾着大肥神猪来收我为徒。“
,大闹东海抽龙筋，削骨还父削肉还母，完成个人救赎化身莲藕，助武王伐纣跻身仙班。还有比这更波澜壮阔的戏剧吗？原故事的跌宕起伏让人物内心可塑性发挥空间巨大。我不反感影视从业者用摩登手法解构神话故事，进而改编重组玩出新花样。但魔童降世真的不得半点精髓，他跟哪吒没有一丝关系。创作者完全只取了些人物标本和神器装饰，注入的性格血液夹带过多个人色彩。角色之间的关系也颠覆的让人怀疑创作者是否具备基本的神话常识，龙太子身为海仙拜申公豹为师，出镜设定一副小受圣母心和抽他筋的哪吒邂逅做朋友，还试图整出个CP，这个世界就那么需要腐吗？只有李靖这个人物塑造立的住，李夫人配音用咆哮中二风，太乙一堆段子嘻哈，细云龙尴尬，人妖成见大道理直接劈头盖脑抛给你，你感动的稀里哗啦，可能是被配乐煽的。
,我看到了想象力、创造力和对美的追求。
,哪吒在我心目中的角色非张一山莫属，敖丙那么帅个大帅哥居然举两个棒棒糖当道具。。
,需要推翻对哪吒的固有印象，会发现你像在参加一场摇滚音乐节。
,废燃。打破成见的口号谁都会喊，但哪吒究竟打破了什么成见呢？他一直想要取得所有人的认同，但他没有意识到，少数群体只有足够优秀才配得到多数群体的认同，这本身就是对少数群体最大的成见。更何况，一部号称打破成见的电影，多次把对同性恋的成见当作笑料，太讽刺了
,"很喜欢那一对结界看门神，苦着脸吵架的样子真好笑。
敖丙一翩翩公子哥，挥一对锤子真、的、太、丑、了。"
,人们总是夹紧双腿正襟危坐对电影里的异类奉若为偶像为图腾为英雄，却拍拍屁股走出影院后对身边的异类避之不及铲除剿灭泯然众人。
,好看！好想带儿子看啊！
,宣传过了，实力被吹爆但是硬核很弱。说白了就是网络烂梗加俩小孩打架，水淹陈塘关理由牵强，高潮强行煽情。如果没有这么火的宣传还不至于这么失望。特效是厉害了，但是故事也要多打磨。
,挺棒，想要二刷。很适合家庭观影，内涵深入浅出，世间善恶并无分明，学会转化，学会消化。
,小时候看哪吒，哭得很伤心，比起无父无母的齐天大圣，他的反叛更为惨烈和震撼。可如今，乾坤圈也变成了紧箍儿。
,我命由我不由天，哪吒IP开启～
广东,挺不错的！
天津,虽然一开始这个哪吒的形象超出了我的预期，不过看下来倒是很喜欢哪吒的新形象。故事也不错，给哪吒的故事赋予了新意，很期待新的故事，快快出续集吧
浙江,刚开始看小哪吒好丑啊 后面打脸了嘿嘿
江苏,国漫崛起
澳大利亚,是在海外第一次看的国产电影，去的电影院贡献票房，没想到现在的动画电影已经进步如斯。除了有一些笑点和刻意的泪点显得用力过猛以外，从立意和文化宣传的角度出发，确实是值得推往海外的好电影
广东,初中看过
江苏,还行吧，仍有进步空间
山东,之前在电影院看的，还不错
陕西,中国经典神话改编的动画未来可期。吊打迪士尼的故事！
吉林,王一博演技最败笔，赶紧回去继续当爱豆吧！
湖南,牛嘞
广东,好看
辽宁,藕饼
湖南,儿童片
广东,重新看哪吒，哪吒的故事看过很多版本，但是这部电影做到了画风很好，是我喜欢的，作为从小看动画片看到大的，真的很受不了以前国漫的画风，然后特效做得不错，重点：我喜欢哪吒双手插兜拽拽走路的样子～
重庆,只有我一个人觉得我命由我不由天这种主题有点过时吗，看的时候还没有小时候看的哪吒闹海那部动画片震撼，主题感觉有点模仿那动画片里哪吒割肉还母剔骨还父的情节
宁夏,全靠同行衬托……
广东,国产动画片也挺不错的
黑龙江,非常非常非常优秀的一部中国动漫作品 我国几千年历史沉淀下 有非常多的素材  希望能出更多更优秀的新生代导演把我们的故事拍好 走出国门 
上海,不错的，陪孩子看了好几遍
湖南,经典之作
辽宁,还可以，笑点泪点都有。
湖南,我喜欢的还是反父权的哪吒
重庆,特效好看
广东,好看啊，第三次看仍然觉得好看
浙江,补
河北,因为风太大我看了两遍，哪吒弑父经典形象立不住还要他有反叛精神我是不认可的
贵州,就是很精彩，又很搞笑，看完内心又很澎湃！真的很值得看
江苏,最近还回顾了一遍，不错
江西,当年在电影院看了好多遍
贵州,"有笑点有泪点，故事性还是很强的，也没有强行煽情励志，特效是真的好。
"
福建,带孩子去看的，不过一点都不低幼，很好，给中国动漫电影点赞。
河南,唯一一次去影院看动漫电影，哪吒值得！本身就喜欢哪吒的神话故事，剧情画面都很棒！
福建,看过，真的不好看。。。。
河南,很燃  喜欢里面的画风
湖南,画面精致好看，情感也不突兀，算得上一部好的片子了
重庆,好久之前看的了，记得还不错，反正对得起电影票的钱啦
湖南,补
上海,动画不错，剧情也就这样
湖南,还不错的
广东,不错的
重庆,出来就去看的，儿子学小哪吒学得太像啦
广东,救大命我爱动画片。二刷了体验也还OK。我真的好喜欢哪吒的父亲母亲啊。敖丙确实帅，哪吒可爱，但是长大了就没那么好看了，很狂。真的很讨厌那个很壮实但女孩子声音的人以及那个孩子王，哪吒不被接受基本上就是他们挑起来的，当然，也需要其他人的应和。其实哪吒一开始真的挺欠的，而且确实很在乎别人的看法，我觉得是被他爹感动到了，就算他是魔丸也一直爱他，以命换命，所以他不在乎其他人的看法了。但是又有多少人真的能做到啊，人言可畏。太乙真人是真的不靠谱。整体画风很棒，而且挺蛮好玩的，幽默搞笑，再加上口音。不过后来的姜子牙就很一般。什么时候出第二部？敖丙他爹不是被诱惑着和别人合作吗？
江苏,也不乱 很有道理 适合反复观看
北京,画面还可以，故事情节也行，动画片来说还不错
湖北,画风特效很不错，情节也不错，唯一让我吐槽的是上价值观那里非常的生拉硬拽。
上海,精神可贵 跟家人看的
重庆,在电影院看了两遍的电影
浙江,很喜欢
湖北,剧本台词很好，画面也很好！！（某些low剧不要蹭：）
广东,我只能说不愧是我刷了六遍的电影，节奏感超级好。最后要表白我的小龙，敖丙就是坠吊的。
贵州,特效真的很不错！情节也不错！也有幽默有趣的时候，有感人的时候！国漫来说已经超级棒了！
重庆,真的很好看呀！特效NB
重庆,好看好看
江苏,一般吧，国产动漫电影特有的画面救不了剧情。有冲着磕cp去的想法进的影院，出来发现没啥好磕的，剧情也一般，很难蚌
广东,真的太好啦，这是咱们国产动漫呀，欲扬先抑，最后也太好哭了
广东,在电影院看的，还挺喜欢哪吒这个画风的。丧丧拽拽的感觉很吸引我，剧情记不太清了。可以二刷一下
安徽,19年去电影院看的
北京,可爱
吉林,补分！好看！我命由我不由天！
山西,除了有些梗很不适以外都还不错
北京,除了笑点有点割裂，还挺好的
海南,想再看一部这样好看的动画电影
中国香港,额
陕西,和朋友说起哪吒相关的动画长片了，于是补个标记。一星，不喜欢其中生硬庸俗的笑料设置，形象设计不是我的菜，故事整体逻辑也较差。配乐尚可，制作水平进步明显，国动，所以加一星，共计两星。
山东,补标，当时和家人一起去影院看的很乐呵，后续就是小磕了藕饼CP一段时间，感谢各位太太的同人作品，香的很。
北京,我命由我不由天就这？
河北,看一遍没问题，看第2遍没兴趣了
广东,真的很好看！！很值得！！我们国家也可以做出这样优秀的影视作品啊
辽宁,精彩
广东,终于把这部也补上了，不错不错，国漫yyds
浙江,动漫就是要热血！我命由我不由天！
湖南,好看
湖北,很简单的一部动画片，但很认真的做好了电影的基本元素。
上海,全是同系列里面不错的了，两个形象的刻画非常地成功！结尾热血沸腾，就很电影的中国式电影的结构
宁夏,不错，有点颠覆以往印象
陕西,"暑假无意看的，二刷了来豆瓣补个评论
讲事情很明白"
法国,电影院刷2遍，适合男女老少全家同乐，国漫崛起之光……
安徽,很好看！老爸带我和姐姐去影院看的！3d动画，有笑点，后面也很震撼。我命由我不由天！哪吒和敖丙真的好帅！很好的一部动画
北京,补标，当之无愧的国漫之光
广东,"叙事上，大鱼海棠是倒叙的第一人称自白贯穿全影，而哪吒是顺叙的第三人称太乙真人在开头和结尾的简单出现两次。但是前者在一开头立了那么好的基调之后却以俗套的剧情让台词带上了矫揉造作之嫌。后者一开始更多是简单介绍和方言配音拉近距离，结尾点题。简单却有力。
在角色和剧情方面，人族颇有名望的家庭生下的魔童，被歧视被利用和排挤的龙族抢来的圣子，错位而又对称的设定本身确实是蛮有戏剧性的。但是说实话，珠玉在前，本来看这部电影前我没有抱特别大的期望。但是这部在双生子设定和切入点这个已经有点老旧的题材居然也能讲得有新意。虽然主题上也是这种角度对应下的人定胜天但是由于添加了很多魔童亦正亦邪的细节和两个人互动的地方，让这个主题倒没有显得那么假大空。另外，男导演真的好爱屎尿屁啊，没想到动画片也是这样。。。"
山东,二刷过的电影 那时候以为是国产动画的崛起 没想到啊……
广东,在电影院看才好看
黑龙江,磕过得cp
河南,挺精彩的，总体很棒。但是一些地方有点尬，还有某些配音怪怪的，一点都不贴脸
河北,"哪吒从不是传统意义上的“好孩子”
他叛逆，不完全服从父母的管教。但是我们依然喜欢她，像是泥里野蛮生长的莲花。
敖丙是听话的，成绩又优秀，符合中国传统对孩子的教育，他小心试探，又不忍心背叛。
借哪吒的形象，将矛盾放大，是雷鸣暴雨，二者交融，是暴雨后的宁静。
其实有什么不可以解决的呢，我们只需要找个出路，或许是哪吒最常说的那句：“我命由我不由天。”"
河南,补个好评，后劲很长。
吉林,的确实是国产动画电影的巅峰了，不足也有
辽宁,还不错
湖北,还行
云南,国产动画片也有这么高水准的制作，很难得，继续加油，期待第二部！！
湖北,拍的还不错！
山西,很宏大。
广东,有笑点有泪点，出生不能决定一切，我命由我不由天
新疆,"看，可以！凑合能看！
只是觉得中国人现在不会拍正片了吗？什么片都得耍耍二！不耍二就没人看了吗？"
湖北,得奥奖了吗
河南,看了两遍
山东,叙事节奏紧凑而有趣，主旨利益有所创新与延伸，画面张力也很充实，配音效果欢乐也不失严肃
甘肃,好看
广东,里程碑。
浙江,"下一部下一部！
父母子女之爱已是老生常谈的素材，却还是这么打动人。"
河南,特效不错，剧情也挺好，比较精彩值得观看
安徽,本片的哪吒就一精神小伙。
江西,一般般吧，挺适合给小朋友看。加一星鼓励一下国漫。
重庆,"08:22就目前来看满屏抖音段子谄媚嘴脸搔首弄姿哪吒的故事线中国人想必都不陌生希望动画能拍出新的视角25:30哪吒的刻画和当今流量明星一个样无聊至极毫无内涵明明是一坨答辩却占尽资源被资本强行包装臭的说成香的指鹿为马全民愚乐实则外强中干命不久矣“三年”的天劫咒若能成为行业标准实属大幸父母对标脑瘫粉对偶像视如己出独享4K杜比《哪吒的好》41:30《灵珠转世》56:00🤷🏻‍♂️这剧情配高分？真就一思考就完蛋01:32:00讲真明星互撕粉丝就别来沾边看看父母有多碍事犹记起《蝙蝠侠崛起》之我爱罗化爱情来的太快就像龙卷风电影内核“做自己”然随处可见的特征歧视、群体嘲弄哎路迢迢兮…"
重庆,"作为国产动画片还是可以了。
好像是初中全年级一起放的"
福建,情节正常发展，敖丙在此处有点可怜的为什么一定要按走另一条路。有励志部分，没有惊喜。
河南,"补
在影院看的 挺好看的
"
海南,颠覆传统哪吒的故事，看得人热血沸腾，也让人对国漫更有信心了。我那个不看动漫的老公都啧啧称奇！
湖北,老故事讲新事，画面也很好
辽宁,挺好没那么好
海南,模仿好莱坞过于严重了，主角没必要非得那么烦人吧
江苏,反正觉得近几年最好看的动画片了
广东,（4- C）很大胆的改编
北京,很燃很热血！特别喜欢解除封印变成大哪吒的部分
吉林,我命由我不由天
贵州,瑕不掩瑜，前面对哪吒的刻画到后面的转变如果全归功于李靖夫妇的教诲，感觉是些许生硬的，但不妨碍整体的不错。整体四星水准，鼓励分可以到5星。
四川,很棒！加油！
广西,精彩，有意义
四川,我命由我不由天，创新但又不失传统，画面还做的那么好
广东,支持国漫！为敖丙哐哐哐撞大墙！
韩国,多年前看过的国产动画电影，适合一家老小去重温一下经典神话故事。
广东,国漫雄起
广东,还行
广东,画面很美，故事保守
福建,19年去影院看过
浙江,好看
湖南,可以，之前就看了。今天才添加
广东,人心中的成见是一座大山，任你怎么搬也搬不动
中国台湾,今天的主題是“我命由我不由天”，那妖怪憑什麽就要被鎮壓？爲什麽魔丸就要引天雷擊打？這就是問題，只是拯救了村民獲得世界的認可，而且幸運地活了下來，這樣就高興了嗎？最多是妥協而已。劍指天庭，把高位者趕下來才真的熱血，真正的“我命由我不由天。”
天津,补
四川,忘了当时在电影院看是什么感受的，就是还记得我喜欢那个蓝色龙，还挺遗憾最后他们打了一架。但是电影很好看！
江苏,我命由我不由天
山西,这是一部充满爱的电影，笑与泪齐飞，包含了亲情，友情，师徒以及保护家园的情怀，除了哪吒的配音（仅个人想法）剧情、画面感都有很大的进步，也向观众展现了一物降一物，没有坏孩子，只有不会教孩子的方法。只要找到原因，用对方法，任何人都可以变好
福建,“是魔是仙，我自己说了才算。”“我命由我不由天”“若命运不公，就和它斗到底!”天生倔强，打破成见，这，就是哪吒!
山西,这股新奇的幽默感呐，可算是当时的一股清流。
江苏,美术，创意，立意，人物塑造上都是国漫中的佼佼。
吉林,国漫崛起，特效燃爆，剧情感人，好喜欢哪吒，强推
山西,必须五星好评
广东,该片在前作的基础上大胆创新，既保留了中国传统文化的精髓，又加入了流行元素，让所要展现的文化更易于被受众接受。它打破成见，强调自我的独立性，更兼顾有隐喻的现实。片中有不少世俗丑恶的一面，比起真相，很多人更愿意去相信道听途说，然后带着有色眼镜去看人。反叛型超级英雄，虽看起来反叛传统却依然保留着最中正的热血和感动，依然有着奉献和担当的着中华文化的价值取向。
浙江,不错
上海,重新看一遍不认命也是我的命
湖南,之前看了忘记标注了，还蛮好玩的，很喜欢
北京,制作确实很成熟
广东,黑马！李夫人和哪吒都与传统形象有些出入，故事写虽然不复杂但是把握得很好，有内核，节奏紧凑，很不错
,这部电影是那个暑期档最好看的电影，画质优美，剧情良好，每一个角色塑造都很好，可惜如果情感能够更细腻一点就好了。
四川,朋友带孩子看了两遍
甘肃,很好看，视觉盛宴
青海,我真的好想看到第二部这样的国漫电影
上海,2019.SH
河北,n刷，新瓶装旧酒，颠覆善恶固有形象，不失为创新之作。但说是国漫之光，属实有点太大，国漫崛起还是漫漫，讲好封神宇宙才能创造中国动漫新篇章，但问题就在于目前出来的封神系列，哪吒是封顶，若是每一部都保持住哪吒的成绩也行，问题就在于这个故事还是没彻底打开，宇宙还是没有讲的宏大，希望封神系列能像漫威一样形成整体一个大集体的神话，没有说要效仿国外，但是整体叙事的感觉还是太碎了，希望能按照故事顺序讲，这样一点点画出来一个圆就好了，国漫加油！
湖北,不喜欢这个吊儿郎当痞里痞气的哪吒，可能童年看的哪吒形象太深入我心了吧，不喜欢这版的
北京,新瓶装旧酒
湖北,得奥奖了吗
黑龙江,孩子和我都喜欢的 就是好电影😄
辽宁,到现在也记得当年的火爆程度呀！动画电影🎬里的top！！！
天津,真黑马
北京,3岁小孩谈恋爱会让你们开心吗我请问，去掉割肉还父的反父权，哪吒内核是叛逆小孩逐渐被全村人接纳吗？
河南,看过的第一部国漫电影，记得当初是深夜去看的，体验很好，期待第二部早日上映。
河北,当年还是电影院看的，屎尿屁小孩和一声声吒儿尬得我浑身难受，觉得这片好的求求你们看看看迪士尼吧，这么宽容给这尬片打五星多少带点大病
北京,很有想象力，导演敢于打破常规进行二次创作，为颠覆性改变的胆识点赞。
福建,天地灵气孕育出一颗能量巨大的混元珠，元始天尊将混元珠提炼成灵珠和魔丸，灵珠投胎为人，助周伐纣时可堪大用！
四川,小时候的哪吒还挺可爱的
云南,唯一看过的一部动画大电影，说实话满好看的，善恶不能看外表，眼睛看见的都不一定真实！
福建,电影还可以
天津,前几年带孩子看过，突然看到了，评一下分，很好看！
河南,二刷过，有笑点有泪点！老少皆宜！我最喜欢的一部动漫电影！
浙江,哪吒太可爱了！！巨巨巨喜欢！！！
河南,看了两遍，非常不错！
江苏,画风，人物，动作都特别好，非常好看！而且里面的情感也很好看！
河北,画面很好，剧情也很好，内容也挺讽刺的
江苏,我命由我不由天，是魔是仙我说的才算
江苏,陪我家小朋友又看了一遍，剧情画面都很棒！
宁夏,感动和笑点齐具，剧情也可
四川,看四遍了，而且我觉得导演编剧都是一个人真的超级牛
河北,父母对哪吒的陪伴的真的很感人，哪吒的古灵精怪真的很讨喜！开头的时候真的被哪吒吸引了！后面的“我命由我不由天！”让我至今难忘！让我对这个世界也有了不一样的看法，我知道了自己也可以改变自己的世界！
辽宁,其实内容有一点点记不清了，但是那么多年过去，哪咤形象记得很清楚。就是一部电影的成功，可能很多年后我依然会记得
山西,"从小一直饱受着误解，哪吒的成长过程一直都是孤独而又心酸的。虽然他是大家眼中的“混世大魔王”，但是他非常渴望朋友以及家人的认可，但是小孩子顽劣的心性却一再的遭到他人的误解。难道他就应该在众人的指责下孤独的死去吗？不，他不认命。
影片当中的哪吒与其说是一个热血励志的形象，倒不如说是折射了现代人心中那一个小孩的影子。每个人的成长历程都是孤独且心酸，在这个过程当中，我们需要不停的与外界做斗争，与自己做斗争。"
海南,再看一遍，当时真的把我看哭了
浙江,还不错的一部电影，很有个性的人物设计，剧情也十分感人，好评
河北,补标，很不错的电影，立意新，剧情连贯无bug。人心中的成见是一座大山，任你如何努力都休想搬动，一生中能改变命运的机会可不多啊😭
湖南,这不真的可以，后面的同类型不大行了
北京,补 实在是觉得特别无趣
江苏,有段时间政治题经常出关于这部电影的
河北,昨天社工课上看完了 我一点都不喜欢神仙们
重庆,画风不错
浙江,挺好看的
江苏,我命由我不由天！期待中国更好的动画电影出现！
河南,必须满分。这部动画片儿和全家人一起去看的。老少皆宜。
浙江,一直对动漫不太感兴趣 这个还不错 国漫越做越好
浙江,超级热血！我命由我不由天！
法国,全家人都喜欢看🥰
福建,国产片基本情怀大于故事内容，这部算不错的，后来的一部比一部不行。
云南,可以，之前就看了。今天才添加
四川,想吒儿duang duang的小肚子了～
云南,这才是货真价实的国漫新希望，终于不再是假大空的中国风堆砌，而开始借神话寓言塑造真正的“小人物”。背负原罪的出身，命中注定的死期，对存在的笃定和身份的动摇，竟指向《刺客聂隐娘》的内核：一个人，没有同类。完整的世界观构建，父子母子师徒兄弟友敌，每一段关系都处理的有血有肉全无敷衍。美术剪辑配乐动作设计，处处都是亮点，就连喜剧部分也绝非装疯卖傻而存在无数细节作为支撑。海边夕阳踢毽和社稷图虚幻仙境两部分堪称绝美段落，飞驰想象力和一流制作实力的结合，值得一刷再刷。严格说是四星电影，但愿意加满五星狂推鼓励！
湖北,可能小朋友爱看吧（我觉得好牵强好矫情好套路）
广东,神话的当代演绎
四川,动画做的是真不错
浙江,21补标
