,"这几年有那么多正面导向的新闻报道，希望大家去关注医改药改、关注伤残病弱群体，其实都不如这样一部脍炙人口的电影来得更有效果。
《我不是药神》的成功，算是偶然中的必然。"
,演的扎实，拍的用心，很不错的国产类型片。前半部分比较爽快，后面有点墨迹，有煽情嫌疑，但不让人反感，本来就是个感人的故事，人间少有的真情在。
,如果无法直面事实 那又该怎样描述真实？我很难过 我们不肯反诘制度 只愿意赞颂良心。
,看完电影出了影院，马上给在保险公司的朋友去了电话，第一次主动想为自己多备点安全感。
,想对勇哥说，你就是药神。
,应该是2018年最爆炸的话题电影。直面中国底层生命的苦难和尊严，也没有逃避对社会制度和商业法则的拷问，在当下的中国电影中十分难得。创作上很成熟，剧作和表演尤其出色，每个人物都很立体，性格逻辑都很扎实，徐峥表演的突破性很大。事实证明，只要有生存空间，中国也能拍出《辩护人》那样的电影
,一个印度宝莱坞式的精彩故事，折射中国社会的残酷现实。
,片中的角色都面临法律与良知相悖的困境，而编剧也一直在故事深度与能否过审的两难中纠结。前半段黑色幽默，的确有《达拉斯买家俱乐部》的气质，后半段升华得有点过，滥煽情，但被演员的好演技平衡掉了。几乎所有角色的演技都值得吹上一波，徐峥和周一围少许的对手戏相当精彩。
,"太值得哭了，我从刚开始看到病人用一麻袋的零钱买药那个镜头就开始想哭，差不多哭到结束。尽管我知道有些镜头是故意煽情，但我还是整个哭到头疼。过程中最大的感受不是觉得主角伟大，也不是因为最后这个药有了好的进展，而是觉得人要好好活着真的太不容易了。希望每个人都健康快乐，好好活着。"
,从摄影机调度上可以看出导演是具备电影语言自觉性的（这在国产商业片中实属罕见），可惜那些低俗、谄媚的类型化桥段使影片割裂开来，破坏了本应建立的现实深度，而趋于造作的虚假。同时，这种类型化的改编策略导致一种二元对立的思维导向，并不利于反思事件本身，因此所谓的社会意义本身也沦为虚假。
,【没钱】比【有病】更可怕
,可能煽情部分对大多数老百姓来说，是做的很到位，我这种身经百战的豆瓣er可不吃这套😓，片子不坏，题材好，值得看看，三星半吧。媒体吹的上天，也有点滑鸡
,题材3分，前半部分3分，后半部分1分，结尾0分。高分说明讲好一个故事在现在的院线已经是多么难得的事，以及，不能把讲不圆一个好故事的锅都甩给广电总局。结尾可以好很多的。
,个人今年最佳国产，要刷很多遍。
,确实很不错，四星水准，鼓励一星。
,这种电影，给个五星容易，给三星很难。
,社会上只有一种病就是穷
,徐峥说上海话好可爱哈哈
,摄影有几场戏挺喜欢，大排档火和烟作为前景的戏，葬礼后徐峥主视角穿过人群的戏。
,简单地把锅甩给医药公司有点太表面化了，当然也是没办法，总不能甩给那谁吧，电影本身拍得不是特别精彩但也都在线，但总得来说是良心诚意之作，之前老看韩国，美国片说这些，国内终于也有了，这个高分也是正常的，观众实在是憋坏了。尽管如此，这事还是得说【我去年的画《药不能停》和《我不是药神》海报这事怎么弄，我没有一个迟斌啊！》】：https://www.douban.com/note/682266397/ 《关于艺术：元素，借鉴，创作，再创作，涉嫌抄袭》：https://mp.weixin.qq.com/s?__biz=MzA5MjM0MjcyMQ==&amp;tempkey=OTY1X0t0RXVhQkZRdUpzaTJSOEhWT1F5ZGZRYUViVjI3SHFtc0x3bm1wTm80NjllY0FNNG5COUcxLU0wUTB0TDd4c
,剧情紧凑、信息量大。能过审也是挺神奇的。好多年没看过这么酣畅淋漓的国产片儿了。
,最初打动我的是「弟妹」，那一口闷，很绝。中间打动我的也是「弟妹」，破衣烂衫不算刻意。除了周一围很帅，后面没人打动我。弟妹这个角色，让我想起《星际穿越》里那个死守的弟弟，整件事似乎和他无关，可又是这无关人员，最撩动心弦。BTW，什么时候心理咨询纳入医保？至少Co-pay？
,大哭一场，还能说什么呢，愿生命漫长夜短暂。
,好好看啊，吹爆这部戏！
,先让你轻易感动得稀里哗啦，再让你觉得连救命药0关税都是恩赐是及时雨#宣宣水准与时俱进# #朝中有人好拍电影#
,刚看完点映场，这里面的黑色幽默需要返观现实才能体会到小人物的蝼蚁般的悲凉，作为电影来说，还是煽情了些。不敢苛责电影人，国产电影能做到这个程度已经很好了。
,比《达拉斯买家俱乐部》更让人感动一些，真实代入感太强了。黄毛像随处可见的村镇青年，却有着难得的江湖气。程勇则由猥琐奸商，逐渐成长为大侠。众生皆苦，不是药神是凡人。
,朋友圈里一片好评，也确实是近年国产佳作，这样的现实题材拍成电影、故事性还如此强、如此动人就很难得。但又总觉得缺了点什么，从艺术角度来说是少了回味感。所有打动我的电影，都是回味无穷的，但它缺少。原因？当然因为审查，真正的现实顽疾、根子，根本无法表现。所以只能避重就轻。
,余生漫长除了生死再无大事，我会一直陪着你走到最后的。老公别怕！
,今年的现象级电影，带来的意义大于电影本身的质量。然而看着疫苗话题渐渐息声，还是希望这种电影多拍一点吧。PS:王传君赚走大量泪点，厉害！
,完成度很高，的故事会。“通篇的煽情都很克制”，不如说“通篇都在很克制地煽情”。局限眼光，不令有智，为了什么行为背书，一目了然。如此推衍，雨燕也可以拍我不是车神。另有一波不是书神，碟神，不是陆客大巴神，不是地沟油食神在路上。
,徐峥宁浩又一次高水准发挥：幽默、现实、残酷、感动，比纯喜剧更具现实意义。最喜欢假药贩子的那句台词：这世上只有一种病——穷病。
,"“我相信未来会好起来。希望这一天，早点来吧。”
我们终于有了为之骄傲的电影。
离开的人们，现在2018年了，看看这个世界吧。"
,真的很好看！关注我们身边最关键的医疗，赚了我半场的眼泪！力荐！
,前一个多小时好看，闹假药会场的段落很精彩，虽然很多段落都很典型、缺少新意，但拍得很好看。后面三十分钟有点崩，情绪收不住，破碎成一片鸡汤。看到qq群放大“希望”二字时感觉和前面不是同一部电影。
,上周末看的电影，开头一段印度咖喱曲想起，就很嗨想抖腿，笑点自然也算密集，情节铺开对我来说比较自然，后半段哭了但不是很夸张的哭，就很自然的想落泪～我很喜欢这种现实题材，但感觉好像大陆较少，徐峥稳～周一围帅～王传君颠覆～黄毛血性～教父搞笑～酒吧经理骚！！！
,善良是一种选择。题材难得，成功造神，真实事件作嫁衣，换个名目也成立。人物特点突出但落不下去，患病停药有什么后果，何以至此？一概不知。狂欢似的拔地而起，现实一敲打就退缩。前一半飘，后一半煽。仅以法大于情、求生无罪拷问现实，很弱。意不在关怀，而在巨婴社会做好人难。演技合格。好项目。
,题材过审不易，煽情肯定削弱了力量。宁浩本来要导的
,建议各党政机关，企事业单位，社会团体组织观看。
,专访过导演，可能也就大我两三岁，比片中“小黄毛”章宇还小3岁。才能突出到可以弥补学历经验，哪怕一辈子就这一部片子也不算白来。演员也都太对了，怎么能全都演得那么好呢。看片时左右哭得快背过去了，人是会恻隐的啊。那我觉得它存在的意义就是给毫无尊严的吾等屁民一根火柴。希望它得一些奖。
,一开始，你们的命在我手里，我让你们摘下口罩尊重我，就给你们打八折。   到最后，我贴钱把药送给你们，你们却摘下口罩，目送我进监狱。因为我不是药神。而尊重，也不是威胁来的。
,这几天网络口碑一直发酵，迫不及待抽空去看了，不仅仅是本身演技和剧情的质量过硬，在真实事件基础上的改编，整部电影的立意和想法都给人触动非常深刻，前半段笑点很有梗，后半段连我在内的好多人都哭得不行……不剧透不无脑吹，希望大家都能去看看这部良心电影，真的值得。
,棒。在这样的环境下也已经做到了足够赤裸裸，起码戳到了一些真正的痛点。就按照这个路子多来几部吧，现实和真相的面纱早就需要揭开了。
,问题已经解决了再拿来拍，就不具备引起反思或推动社会进步的功能了，像歌功颂德(非自愿)，矛盾的视野也不全面，瑞士药商被塑造成唯利是图的形象不能令人满意。抛开剧本本身的剧情张力，电影在表达上也只能说不功不过。情绪上还是挺煽的，设置太多笑点像有强迫症。
,故事虽然显得有点老套，但是几个主演真的很棒，题材也很走心，至少值得尊敬。
,中国人真是难。求生难，求死难，就连公然酣畅地鞭笞社会丑态，也是难的。绝症可怕，利益夹缝中被膨胀的残忍更可怕，于是程勇们的绝路再戏剧，也充满救赎的神性光芒。这电影好就好在，知道你的笑点与泪点，当话题沉重起来，甚至神圣起来，是连聒噪的观众也能控住的。每个人都很出彩。还可好很多。四星半
,对生命的眷恋，对死亡的恐惧，对贫穷的无力，全是大实话，却是没人敢拍的大实话。中国一年有一部这样的片子，足够了。
,至少前四分之三都是好看的，到结尾有点强行升华了，病人送徐峥入狱简直有如十里长街送总理。。。但是整体的剧本和表演都相当可以。徐峥王传君和刘牧师都真好啊，周一围很克制，对他的好感有回来一点儿，谭卓太多镜头简直就是当年的郝蕾啊。。。
,中国网民得有多天真多傻逼才认为药企不容易，我不是药神对药企的刻画太妖魔化太偏颇了。什么样的人会说出这种话，是谁出钱买通了大V说这种话，这种话对谁有好处。不言而喻
,中国电影就像关在笼中的困兽，还有巨大巨大超级超级的空间
,"“这世上只有一种病，就是穷病。”
不能说程勇一直是个大好人，他一开始是因为缺钱才去买药，最后帮病友再次买药也是因为手头有了钱，有了资本行善。
很现实、很难过的是，一切的转折点都是钱。
但在这部片子里看到了善良的力量，
程勇明知犯法，毅然决然继续低价卖假药，送走了儿子，走向了监狱。
黄毛自己开走载满药的火车，不幸被撞身亡，换来了程勇幸免于被抓，药源暂时不会被断。他才20岁，他特意剪了头发回家看看，可…，他只是…想活着啊！
牧师冲上讲台，揭露假药行为，避免更多病友受害。骗病人钱是会下地狱的！
曹斌顶着上司催促办案的压力，接受处分也不想继续办案。他知道…这是在断病友的活路。
还有曾经卖假药的张长林，他被抓也没有供出程勇，还有点良心。
他们可以不那么做，即使逆风而行，也选择了善。
改变，需要这些人。"
,仿佛是能处理社会题材的韩国商业片了  真的不容易 不要苛求了   舞女谭卓对着男服务生含泪大喊“脱”的那一幕印象太深刻
,好看！真的好看！虽然导演的节奏有点商业，不够个性，但基本上完成度有九成了。看得挺想哭的。。。很多问题，没有答案。为什么没有答案？对不起，这也没有答案。。。
,很有意义的一部电影💪
,看了二遍，还是最欣赏王传君的表演，每个眼神和动作都太到位了，然后就是影片整体的节奏和可看性，太超出预期了，目前为止今年的华语片最佳。
,什么是恶？恶意引导群众就是恶！进口药贵是外商的锅吗？
,"戏和情节都有点乏力不够劲儿，人物和节奏也有问题，煽情过于刻意，但是题材优势明显。毕竟是个不容易的尝试，虽然不完美，但态度值得学习。不喜欢这片子，因为从中看到的都是手段，而非真情。
表演上徐峥还是老一套，王传君倒是不错，成功塑造了角色。
"
,我觉得看了部韩国电影。。。这是夸奖
,它并非天才般横空出世的电影，也不走让你眼前一亮的设计，但在小人物通往“圣人”的设计上，在每场戏的功能上都计算精准，其实它有非常巧妙的不为人察觉的价值偷换，内核与幕后黑手的转移也有点移花接木的意思。但处女作选择不玩形式感不玩概念的现实主义题材并能流畅呈现已是沙漠开出的花。
,其实是一部帮派电影，从义气讲到公理就太伪善了。
,拍电影不就是讲故事吗，故事讲的好就是好电影，而不是把宝都压在流量明星的身上。所以希望这部电影可以成为中国票房最高的电影，有越来越多的好剧本，好演员能跑出来
,关于这部神片所引发的讨论，远远超过了影片本身。当一部电影的现实启示意义越大的同时，电影的社会性越被重视，相对应的艺术性也就越发稀释。至今不知道这是喜还是忧。
,毛病当然还是存在，包括非常商业套路的煽情方式和妥协。但是吧，这种片子，有就比没有强，方向是好的，要鼓励。
,"一个自私的小人物被硬生生逼成了济世的英雄，都是因为世道太艰难，有尊严地活着太难了。第一次感受到国产电影中的“真实”是有力量的。一次成功的共情体验，分分钟就觉得自己会成为电影中的那个人。
"
,不错的电影，很感人呀！催人泪下，呜呜呜呜呜呜呜呜呜呜呜呜呜呜呜呜呜呜呜呜呜呜呜呜呜呜呜呜呜呜呜呜呜呜呜呜呜！
,4.5。有些演员真的是老天爷赏饭，你看看徐峥、王传君，他们演过喜剧，但他们那张脸在正剧里一点也不让人出戏。徐峥一开始就将小老板的奸诈市侩演绎得淋漓尽致，到最后的转变丝毫没有突兀，整个角色弧很顺，最后送别的场景真的让人心碎，但至少也是温暖有力。周一围与徐峥最后在车上的对话风轻云淡，“以后别碰假药了，上医保了。”“哦。”短短几个字背后，不知道是多少人的希望，与努力。整个故事有种史诗感，心酸又无力，基调灰暗悲哀，但至少让人看见了希望和美好。
,看片之前已经听朋友吹了一波，心理预期挺高的，看完之后还是超过了预期。各方面都非常成熟，剧本表演非常到位，就连为了过审的妥协处理都毫不突兀。。影城千人大厅还真是看哭了一片人，映后掌声经久不绝，年度国产最佳榜上有名了。。
,是我在电影院看过观影体验最好的一部电影，那么多人没有人看手机没有吃爆米花的声音整个影厅安静无声，看完心里很堵不知道说什么，就如同我也无法理解为什么一只羊死了能上热搜而昨天贫困山区小孩去垃圾山找玩具却被掩埋致死的热搜很快就没了，难道穷真的是原罪吗？！
,药企耗费大量资金的自研成果救人无数，在电影里成了恶意兜售高价药的黑心反派，盗版药商摇身一变为救世主，就好比义正言辞“盗版的不要钱，为什么要去买正版？” 在版权意识薄弱的这片土地，这个议题如此处理实在不妥。
,在西湖文化广场看完电影后，发现又把雨伞丢了。看的时候想起了《达拉斯买家俱乐部》，没有太被抗争所感动，反倒最触及我的是生死。想起小时候记住的苏轼的诗：“惟愿孩儿愚且鲁，无灾无难到公卿。”生死面前从来都不曾有无神论者的。生命太脆弱，愿每个人都平安喜乐，在尘埃里开出花：）
,节奏流畅，足够煽情，所有配角都让人印象深刻。《罗曼蒂克消亡史》后近两年的最佳。有些小聪明，有些妥协，但也算是当下政治语境下的最大限度了吧。
,洗白官府，抹黑药厂，就这两条，我打一星都嫌高了。
,五星太高了 剧本是好剧本 后半部分剧情和人物转换太TM突兀了吧 而且我居然没哭（但是徐峥演技值得满分了开头在想上海话太标准了结果立刻百度结果发现他就是上海人啊哈哈哈我的诡异笑点？）
,新世代的年青导演们值得期待。
,本来觉得有8分 但是看完达拉斯买家俱乐部 实在找不到说服自己药神没有抄袭的借口 整个故事结构几乎是高比例复制
,穷病固然难治，可问题是大家为什么穷？人病了要吃药，社会病了吃什么？
,没上映却天天点映，这是什骚操作，看了电映，没意思，一点也不刺激，2d的，跟在家看肥皂剧没区别
,想说的很多，就不说了吧。各个方面都很好。
,看的今天的点映场，题材很深刻，很有现实意义，演员们表现都很不错，徐峥的表演起码值一个三金影帝吧
,不善于巧言令色的中国平民百姓，在表达对活命的原始渴求、对美好生活的朴素希望时往往显得直白突兀，难道老婆婆对警官声声滴血的泣诉还不够不真实吗？讨巧和避重就轻诚然有之，但贵在没有显得不真诚，而艺术价值跟不上社会意义的问题于商业片而言本就难解决，最大的问题是仍粗糙得像在拍电视剧。
,好
,值得高分
,大大超出预期，故事的确像《达拉斯买家俱乐部》，但整体气质更像《辩护人》之类的韩国电影，更类型化，简化了一些构建，提高了娱乐性和可看戏，预感上映后口碑爆炸
,想多加很多星。拍的好、演的好、立意好、结局也很好。大笑与大哭，法和情都对的时候，该怎么选啊！哭唧唧，要是在家里看，肯定泪奔到核桃眼了…推荐推荐！！
,对原创制药公司的描述过于片面，对这块的讨论值得商榷。
,所有给差评的人，没有看到这部电影是在什么样的土壤中长出来的，一棵松树在平地上没什么了不起，了不起的是黄山松，在有限的土壤中在岩石中长出来！
,有的路本来是通的，可是却被堵死。中国的每一步法治进程都是用鲜活的生命换来的。希望以后越来越好吧，希望那一天早点到来。
,2018年至今最佳电影，没有之一！从老奶奶对警察说“药假不假难道我们不知道吗”开始哭到最后，就像电影里说的，最大的病是穷病，没法治。希望通过这部电影反应出的问题能引起相关部门的重视，也希望国产片中能出现越来越多反映现实题材的佳作。
,7/5@明珠光大 两星半。话题性优势，但糟烂喜剧套路与媚俗的演绎方式几乎毁了现实主义向打开的任何可能。现场所有笑点都几乎哑掉，后半段走稳但蓄势不足至于最后煽情环节也毫无感觉。总之一句话，还是国产片不自信+资本傲慢表现，虚肿但爆款。ps 俩男主油得能去炸鸡柳 pps 题材再好和呈现面貌应是乘法而非加法关系
,生在此界，能活下去就是最大的勇氣和奇蹟，以一人之力扮演救世主來對抗整個體系的無能和殘忍，最後字幕中挽尊儼然黑色幽默。最讓人動容的不是他如何救贖，而在於他如何猶豫和掙扎，終究人性還是有善。with@bitch_wangfree at北碚萬達
,总体没有超脱主流政策话语，“只有奸商，而没有不负责任的国家”。
,故事太满，煽情的部分也颇为直接，对立也因为莫可名状的原因变成了资本家与侠盗之间的，但依然是个弓马娴熟的好故事，毕竟在中国，魔幻和现实主义总是很难分得开。
,传递了一种用爱发电的价值观。
,很值得去影院看的国产片。注重观影体验的娱乐性和思考现实问题的艺术性算是融合得很好了，虽然结尾太伟光正，煽情有点用力稍猛，依然瑕不掩瑜吧。几位主角集体贡献了好演出，徐铮和王传君估计明年冲各种男主，周一围很帅谭卓很美，杨新鸣也太像金士杰了。。。
,特意买票看了电影，不想剧透太多，总体就是主角诠释到位，配角都很出彩，故事没有尿点。王传君真的让人意想不到。吕受益和黄毛的部分承包了我大部分的泪点。开始是喜剧，后半部分发人深省。在我看来是值得去影院贡献一波票房的优质国产电影
,阿姨哭着说不想死想活的时候，我也哭了。
,神啊佛啊都拯救不了人间地狱，更何况是人。中国最好的男演员——王砚辉。
,非常现实的题材，到后面全场都在擦眼泪，每一个人都演技在线，片尾字幕看到瑞士格列宁在我国已经进入医保，慢粒白血病人存活率从02的30%增加到85%，真的太好了
,我遗憾【救命药为什么没进医保】被拍成了【原研药凭什么卖这么贵】其实也不是就想揪着ZF骂。药企的生存、病人的苦楚、监管的局限性、医保的压力。。电影如果能将这些参揉在一起矛盾和悖论做深层次的讨论，那将是一部多么伟大的电影。但为了过审只能简单的在原研药企脑门上写个坏人了事。所以有点小遗憾
,一个俗侩的升华。艺术加工后其实挺俗气了，但这是一部非常好的大陆电影。另，现实是即使纳入医保还有交不起医保的人群哩，人只有一种病—穷病，这句话是真实的悲哀。加上生病那么痛，自杀也就不奇怪了。话说，打老婆，打架，你确定这主角真是阿拉丧海宁，不是瑞典人？
,“他才20岁，他有什么罪！”“我只是想活着，我有什么罪！”
,黑电影白电影，改进国家当然算好电影。
,由真实故事改编的电影，演员演技在线，笑中带哭，发人深省，非常值得一看。
,后半程泪如雨下。一方面是电影感人，另一方面是我自己也是一个需要药物维持身体的人。太明白缺药时候的内心折磨了
,这些创作者真心令人尊重。在中国现实被各种看得见、看不见的欺骗与自我欺骗扭曲到不成样子的今天，他们大胆地碰触，又保持平衡地让它孵化出见到大众。演员整体很赞，那些不涂脂抹粉的带着普通人汗水的面孔，在足够煽情的背景下没有就势偷懒而是保持着高质量的水准，尤其徐峥、王传君以及黄毛
,《暴裂无声》之后今年又一部关于现实的国产好电影，有一点苦涩的幽默，更多的普通人在利与义、法与情之间的挣扎，即使毫无悬念，这样的故事一步一步讲出来，最后还是会让人无法控制情绪……因为这里面其实到最后也没有什么英雄义士，只是人本着基本的良知就必然走到这一步，而这样的事不会只有这一件…
,上一次看这么成熟的现实主义国产片大概还是《亲爱的》。自然不及《达拉斯买家俱乐部》，一些煽情段落拍得有点拙。但是故事流畅，节奏稳健，人物生动，同时做到这三点太难得了。最打动我的不是结尾的目送，而是程勇在印度看到神像的一刻（点题）。人的灵魂敞开接受神的审视，有些东西比个人利益更重要。
,王传君非常好，衬得徐铮表演的套路。片子立场定在了情，志在得人心，困境其实不存在。从夜总会砸钱开始感到了不舒服，实则还是笑娼。到老吕自杀黄毛撞死，更见靠骇人情节摆弄人心的意图。散伙那场是故意要拍桌子砸杯子，观众和角色一起装不知道为什么，谁说我国没商业片，这商业套路溜得狠
,1、是一部算计精准的社会问题类型商业片，可参照辩护人出租车司机等韩片。2、大多中国编导不知剧作算计，算计精准绝对是褒义词。3、从药贩到药侠，程勇没有原罪，影片成为爆款，宁浩徐峥文牧野也没有原罪。4、结局和谐会削弱批判性？事实如此，和谐并无不妥，不像夺命金爆裂无声的字幕，纯为过审。
,逻辑牵强，角色脸谱化。没有提出有意义的问题。恶意高评。
,王传君终于要熬出头了。
,四星是给接近宝莱坞水准的制作。至于其中的道理……有人说得好，电影里程勇是辛德勒，病人是犹太人，可谁又配当纳粹？
,3.5星。挺好的，高完成度、商业、套路，但是靠演技撑起了基本的质感，配角尤其好，王传君王砚辉尤其尤其好。不过对比达拉斯，王传君最后还是不够瘦啊…（只有周一围整个人兼角色都很游离，不好。
,各方面都成熟，也没无限制煽情，炉火纯青
,安利给大家～
,从喜感表皮里透出悲天悯人气息的故事与编排，就像布袋里的锥子。徐峥的表演当然不必说，王传君也是优秀的青年演员，喜剧电视剧之后相当爱惜自己羽毛，谨慎的选择好的剧本角色，完成度颇高。
,良心
,亮点是表演（五人个个出彩）和题材，缺点是叙事架构（随便糊弄的关键情节如谁点了程勇，中段交代各成员家世的分支剧情太“静态”）和镜头语言（只有迷雾中的神像可说有些光影语言，忽略棚户区空间尤令人扼腕）。片方的“良心”在于只有患者的命算命，研发的生狗的不算：#不要学生物#啦，他们不关心的。
,这个题材在国内很少见，但真心拍得很用心，每个人物的蜕变刻画入骨三分。片尾结束后，居然现场自发鼓掌超过1分钟，真的很感人。
,"故事完成度很高，至少说圆乎了，而演员的表现又把整部片的可看性拉高了一大截（王传君这样的演员真的太宝贵了），虽然看得出来有很多不得已的妥协和遗憾，但作为一个青年导演处女作来说，实在不该对其吝啬赞美。

另外，这真的不是什么中国版的达拉斯买家俱乐部，这就是我们所处所见的魔幻中国啊。"
,被生活磨得有点铁石心肠了，深知现实要残酷黑暗得多，水更深，哪有什么希望和光明，更多的是绝望和悲观，在生命的倒计时中过活。但还是很欣慰能看到一部反映现实的龙标电影，少不了的煽情和刻意的共情戏码也都在情理之中。多多关注民生问题，事实证明中国不乏好题材，也算为国产电影凿开了一条明道。
,好题材啊，哭惨了，这种题材新闻也能看哭。
,前半场很多个镜头让人掉眼泪，光“吃橘子”三个字就够让我泣不成声的了。但是后半场黄毛一死，一切就开始非常刻意，算好了你要哭一样给你下猛药，推针。包括这个中国人心知肚明的结尾。但总体来说这个国度能有这种片儿已经很难得了。庶民们看后，是胜利也是心酸。
,其实故事上各方面都还是有意识去克制，包括煽情这种也没有太过度，倒是视听方面都是彻底的扣分项，虽然没能真拍出原始事件样子但从单角度改编来说也算是难得吧。不过内地总算拍出了一部这种“豆瓣高分韩国类型片”式的片子，我是该高兴还是该失望…… 7.3分★★★☆
,感叹于这部片子揭示的买药贵买药难问题，很棒的片子，后半段剧情急转十分催泪，很真实。
,别老问良心能当饭吃？麻烦先摸摸自己有没有。看得太有感触，为至亲买过印度药，看大妈求曹斌能不能别抓了，瞬间哭得稀里哗啦，那种绝望中抓住救命稻草的感觉太真实。有啥别有病没啥别没钱。别忘了还一句，人吃五谷杂粮哪个不生病？生而为人真太难了哎。又哭又笑地看完，屏幕亮起有人用力鼓掌
,虽然仍有稚嫩之处但煽情也太到位了，出来眼睛是红的，主要演员都演得很好，最好是好在难得没有分正邪好坏，故事讲顺了，作为导演处女作真的厉害。
,看哭了好多次。从电影本身说，完成度很高，非常精致和成熟，为大于细。主要演员的表演近乎无可挑剔。也许，当今中国电影欠缺的并非演员导演，拍摄技巧和制作能力，而是一个和现实打通的切入点，以及对这种切入点的宽容和自由度。
,绝对是今年国产电影的最佳，应该没有之一了！
,这世上最难治的是穷病！对人类今后能解决某些目前还是不治之症的医疗难题，我非常确信；但对完全消除贫穷这一点，我目前还不抱希望。最后想说，能引人落泪的电影就是好电影，根本无需再说其他有的没的。
,笑过，哭过。叙述着，揭露着，歌颂着，批判着。编导在尺度方面、情感角落都权衡得很好，还有一众角色都演绎得挺好，推荐。
,你可以看到这部片子在极限的边缘疯狂试探。决不能称得上特别好，但是姿态可嘉。鸿沟两边的穷和富疯狂背锅，至于为什么有穷病？行了，到此为止吧。
,了解一些背景资料后，发现无论是原型陆勇还是这部电影，都相当狡猾和鸡贼。这只不过是一部用现实原型改编的商业电影，完全没有针砭时弊的讨论，甚至对于医药问题的改良是反作用的。
,非常令人尊敬的电影。行云流水，击掌长叹。值得大醉的电影
,甩锅给前朝
,社会尺度不小，故事流畅，人物弧光充分，主配搭配合理，心理和行为逻辑转型铺垫充分。但没法不去和达拉斯作比较，这么一来，就显得美国药神的节奏和力度着实强了太多，像一曲激情澎拜的乡村公路歌曲。而中国药神，始终还是一台春晚上最好最感人那个小品。中国药神靠苦情，催泪弹一颗接一颗，老太太恳请警长不要再追查那幕尤甚，但单拎出来成小品，不也力度相似；美国药神靠激情，打造和给予观众熟悉和期待的对抗庞然大物的个人英雄。所幸，与美国药神在墨西哥被蝴蝶包围相似，中国药神也一样有着出离于故事之外的艺术瞬间，那是在印度尘埃之下的湿婆过路，两者从情绪上都出现得非常合适。
,剧情完成度达到近几年华语片巅峰了，可惜还是情感主义先行，不太具有现实意义，观影期间有种激愤情绪一直不知该落在何处，那个制药企业老板吗？好像不能，但又没有一个医药体制的详细剖析，所以根本问题尚且都没有完整出现，更不要说解决了根本就是在避重就轻把问题简单化。
,最后的伟光正字幕和十里长街送勇哥扣分了，有人说把靶子对着药厂，其实没那么直接，而且不对着药厂对着那谁你觉得导演能活过八一建军节么？最大的优点是宣扬了人的恻隐之心，这个社会里，大家都是上有老下有小，一个人肯定屁都不是，但是你帮我我帮你，总还是可以的，帮毛帮狗不也是帮么
,笑着，笑着，我们就哭了。
,就很工整的商业片，从艺术风格和审美上没什么太突出的地方，主题和社会意识的共振强。比较好的几个镜头是在印度街头烟雾里看到神像，蛮高级的表达人物转变的方式。另，比较奇怪的是作为设定在上海的故事，除了王传君以外，其他大部分角色都太北方了。
,剧本扎实，表演动人，这是中国目前为止最好的剧情商业片，扎根于社会现实的电影是我们最需要的电影。法与情，罪与理，辨不清也道不明，当贫穷是病，当行善是罪，哪里还有什么药神。十里长街送行的结尾是我自「天佑鲍比」之后哭的最狠的一次。
,印度仿制药是拿印度患者做实验的，根本不考虑人权，全世界盗版侵权都被诟病，不知道为啥印度仿制药这样就被赞扬。短时间内这种便宜药可能对部分患者有益，长时间来说这种情况泛滥以后就没有公司愿意研发新药了，现在很多便宜的好药已经没有厂家生产了，没有利润，厂家也要发工资吃饭。
,正义和法律都会迟来，只有良心能在当下，徐峥贡献了专业又煽情的演技，对比而言，幕后玩家是个什么鬼！大亮点出了王传君之外还有黄毛，我觉得我所有的眼泪都给他！
,男主从被生活所逼逐利贩药，到事业发达为救人慈善，一念成佛固然美，但其间心路未免太理想化了，把一个现实主义的题材做成了孤胆英雄那一类的故事。而这个故事中真正苦痛哀亡的主角，那些病人们，观众却只能透过男主并不完整的转变之路隔岸相望。观后跟小伙伴说故事是好故事，结构节奏都没有问题，该感动的地方也哭了，但要是我做编剧，男主角本人必须是病患，至少得是直系家属。相信“好心的陌生人”，一则天真二则失去了迎面直拳的力道，事与情都只能说到却说不透辨不明。
,看完药神，觉得他处理国内复杂的药品市场矛盾过于粗暴了。我一开始以为是积极推动药改，没想到是积极卖“国内未注册，国外侵权的”药。医药公司投入十几年，几百亿，研发一种药。反手有人盗版…人家不气死才怪。对新药进入市场国内的审计注册只字不提这一块非常令人失望了。
,看的点映，今年国产最佳无疑了！我们太需要这样的电影了，故事情怀道理深刻都有，徐峥和王传君会拿奖吧！
,"先简短说一句：史上最佳国产片之一。必须看，不看后悔。有时间会写个长评，也把之前采访过药企的一些观点说出来。"
,我一个美国读书的学生说的好: “感觉被带偏了。瑞士药厂不该背锅。这是拿未来人的命救现在人的命。”
,看的点映。题材比较敏感，能过审挺不错的。希望中国将来多一些这样接地气的作品。前半部带点喜剧色彩（应该是强颜欢笑吧），后半部直指人心，老太太对警察的生死拷问，催人泪下。几个主演的演技都很棒，尤其徐峥，感觉已经要排进我最喜欢的中国男演员前三了。谭卓样子太像郝蕾了。
,今日你国“现象级”这词儿可以约等于“民粹”了，把药贵背后复杂又尖锐的原因直接简化，甩锅给外国医药公司，行，这很战狼
,在海贼王里，总有一批海贼做着海军认为犯法的事，但全世界都知道他们是好人。而海军也有着各种冠冕堂皇的借口去抓捕行侠仗义的海贼们。幸好海贼们总会赢。但现实呢？
,（９／１０）影片本身四星，但为这种题材能够上映打五星。片子因为“你我都明白但不能说的某种理由”，把病人吃不起药的全部责任都推卸给了药厂，让其成为了片子的最大反派。但为研制药品作出了无数血汗和沉重代价的药厂，恰恰是最不该被喷的一方。不管如何，期望这些都能成为过去，对抗癌药品实施零关税和纳入医保也是改善环境的方法之一（其实这些片尾字幕一定程度暴露出了真正该负责的一方是谁）。
,希望中国以后能多拍一些这样的电影
,终于有时间去看了，吹爆剧情，真实故事改编的现实题材果然能够发人深省！电影里每个细节都值得推敲，每个人物都有自己的魅力！老奶奶的“我想活着”真的催泪！徐峥是意料之中的好，王传君是惊喜！
,一点不比“达买”差的同题材电影 主题够阴暗但拍得很有人性温度 泪点很多却没煽情 结局只能说意料之中 毕竟想公映也得给zf点面子
,黄毛的车票让我以为主创们是在调侃毕赣，回来搜了下，章宇的个人情况并不详细，微博上自我介绍是生于贵州小城，那估计毕赣和他是同城老乡，凯里又要火一把。
,这个片儿最值得支持的就是题材。面对这么乱遭的电影行业现状和监管机构，自己作为一个影迷，只能靠消费行为去影响。碰到好片就帮着吹，碰到烂片就当不存在或者使劲儿踩。
,一会儿觉得很多细节都特别韩影feel，一会儿觉得内核挺伊坂幸太郎的！看完了才意识到原来是好久都没看过这样的国产片儿了…
,中国电影终于开始越来越多得关注现实题材了；电影本身不滥情得做法也特别难得。好好活着吧，比啥都强。
,这部电影有真正的困境，所以才能带来真正的思考，是一部熔炉之作。在文本上解构了英雄，将故事讲得鞭辟入里，而社会类话题的影片背后更是没有精致的利己主义，可以感受到文牧野导演的慈悲心。它是珍贵的电影。
,电影3星，良心题材加1星，只要有时间都应该去看看，虽然黑脸是万恶的资本主义，并且努力向组织表忠心了，但是也有一些敏感点，比如送孩子出国时周一围说的那两句话，万一过两天领导们想想又给撤了呢……
,"挺平庸了，文牧野如果没有《俱乐部》前作，能拍的出药神吗？恐怕不行吧。9.1分太水。
三星全给谭卓章鱼。
ps:徐峥表演缺乏共情 "
,"“你敢保证自己一辈子不得病？”——大妈患者的一句话引起了男警官的隐恻之心，但却撼动不了公安局长的“打假决心“”。可能局长确实不怕生病吧，因为副厅级以上干部退休后医疗费可以全额报销。
"
,观众对国产院线电影真的一点也不严苛啊，你说以前的得拍得多差。
,人生三sigh：家庭主妇举酒杯，白发老人叫领导，油腻中年抹眼泪，严肃评论已经很多了，我就接茬严肃的说一句吧：电影放映期间打电话的人请自重。
,"整体来说所有演员的表演还是有点用力过猛，故事素材很好，呈现方式略显苍白，全程甩锅给药企挡枪只字未提关税|经销商|回扣|寻租等中间环节层层拔毛的事实。豆瓣9分评分过誉了。
片中看到了慢粒白血病人强烈的求生欲。片尾看到了导演和主创团队强烈的求生欲。"
,我也希望中国也能有改变制度的电影出现
,以前我相信疾病面前人人平等，后来发现并不都是这样，在治病这件事上，人是能分成许多等级的
,真的太惊喜太惊喜了，感动又深刻。徐峥演技爆表，期待他得奖！！！！！！！啊啊啊，刚看完点映我还是有点激动
,一万一瓶，一瓶吃一个月，你的存款可以吃几个月
,今年国产电影的良心了，相信也是近年国产电影的良心。
,虽然明白最后的几场戏是为了过审，但还是像吃了苍蝇般难受，作为面向主流商业市场的这片，在人文情怀关照和戏剧元素的展现上都做的不错，其“底层”买点也切合当下中国人的焦虑，可高票房也难掩套路化的煽情和刻意设计的矛盾，并不觉得这部电影是在卖惨，因为和现实相比起来，这也许根本就不算什么
,比起《达拉斯》矛头直指FDA，这部依然是中国特色巨婴逻辑:我穷我病我有理；成本、风险，我不负；你放弃，你混蛋 /这故事，只要能顺利拍下来，谁都能火，没有一个值得称赞的镜头和调度，全凭剧本、表演和音乐煽情，这导演也是运气真好。例如：原型最讨厌的千里相送，只要做个变焦，就不是夸张而是隐喻
,好看。法律有时候并不代表大多数人的利益，法律是利益平衡器。人在感觉自己对他人有益，被他人需要的时候真的很幸福。守着底线的情况下，在规则和自己真正的愿望面前，选择后者，这让你能感到自己在“活着”而结果往往没那么可怕。没有“活着”最可怕，就像开头的男主。
,《我不是药神》是一部投机之作。虽然演员演得很好，但是绝大多数人物关系都经不起推敲。价值观更是扭曲到变形，如果这部电影果真宣扬了某种东西，那么那些东西和为了收养流浪猫而致家庭破产没什么两样，和卧冰求鲤、郭巨埋儿的二十四孝也区别不大。这样的电影能够火爆，只能证明这个社会已病入膏肓。
,作为新导演作品确实可圈可点，但9.1分的评分确实有至少一分的鼓励分了，也不赞同把药厂黑化的设定，药厂挣到钱后雇佣的研发人员才是真正的药神，最后都不敢让药方律师多发言，怕人想通了男主就没有那么伟大了
,"中国电影的希望
我不许没有人没看过
说句脑残的话
不看不是中国人"
,严重推荐，国产暗黑版《达拉斯买家俱乐部》，目前个人华语电影no.1。选题好：有趣有社会价值；剧情、节奏、人物塑造都很优秀，前半段搞笑后半段让人哭成狗；英文担当牧师叔叔和黄毛小子的人设太讨喜，谭卓的戏也好，至于老徐，戏越来越好了；最后剪进去的真实事件很震撼。
,极其难得的平衡，喜剧手法和严峻题材的均衡，残酷现实和希望微光的平衡，审批与表达的均衡。了不起！
,片子挺好看的 但被奉上神坛？不至于 以及那姓张的一开始卖假药怎么没被抓起来？百思不得其解 
,全程以为谭卓是郝蕾，章宇有那么一瞬间让我想起了《上车走吧》里的黄渤，接程勇出狱时的周一围简直太帅了。这是我今年看到的唯一一部即使没有彩蛋也有很多人看到片尾字幕走完片子。
,挺好的，即便是借鉴了《达拉斯买家俱乐部》，整体质量也不错，剪辑没有拖泥带水，没有废话，角色设置也算合理。我这还是头一回在不是何爷拍的电影里看见王佳佳。
,导演系内包场，看哭很多人。很感动了。真的是非常喜欢徐峥。
,去掉现实滤镜看的话实在是非常杂糅，节奏和风格都很不均衡，最后转变也过于浮夸和感动中国。但是确实有好的地方，湿婆那里加半星，王传君加半星。我真的不理解最后给周一围那样一个青春片打光什么意思，一瞬间脑子里只有姐夫与小舅子.avi
,五星表达不了我的敬意
,点映场，小时候住医院旁边病房就是少儿白血病病房，每过几个月病床就清空一张，那时并不知道意味着什么。后来一天母亲帮个体育界大腕做手术之后问为啥选我们医院啊，我们这项技术也不好，大腕说那是因为我哥哥当年白血病是在这里治好的，我的成长多亏了我的哥哥，看了这个片子那种感动更加油然而生吧！
,提前看完点映，好多人看哭，预计会大火。这部电影终于道出了中国看病贵的实质，是药贵耗材贵。细看账单，医生的劳动不值钱，动手术收费远不如一个支架，住院十几天床位费远不如一瓶进口药费，所以就算作为一名医生，生了病也未必有钱进行最好的治疗。医生收入低，病人没钱治，体系之痛，无药可治
,打三星四星的我能理解，打一星两星的，就跟抬杠和假装特立独行没区别了！
,https://i.lavayou.cn/archives/12994《道德不是病，穷还有道德才是病》
,几度哽咽如鲠在喉，感谢主创，和嘉年华一样，你们的每一个名字会写进中国影史。小老板nerd混混舞女牧师，你们组成了平凡世界里的超级英雄。想感慨这个民族为何如此多难，却发觉害他们的大多时都是自己人。本就是敏感的题材，又在这个更为敏感的当下，能上映更难得了，这要感谢我国特色片尾字幕。
,定位精确的巨型催泪弹，每个角色身上都有光，中间一度哽咽三次，被无情的现实所刺痛，我们终于也拥有了一部像韩国《辩护人》、美国《达拉斯买家俱乐部》那样的现实电影。
,知道是部大概会爆的片子，但是没想到这么爆，票房冲着40亿去了，再次翻红了王传君和章宇，徐峥宁浩影坛大佬的地位更做实了。问题重重的现实，才会使这类题材让全社会各阶层都得到共鸣。然而能被拍出就是一种胜利，期待电影能改写现实的一天。
,很好的现实主义创作，为角色注入了一些韩国、印度电影的爷们气质——土狗章宇闷声不响的，看牧师挨打上去就踹，海港飙车替徐峥挡事，当然徐峥被抓时也为病人这么做了，牧师也敢上台抢话筒戳穿假药，写出人物的骨鲠性格未必是真实，这种主体群像的男性气质属于电影的审美要求。也有些保守主义表达，比如谭卓看着男领班替她跳舞时，那个镜头好像在说她找回了尊严；王传君看见儿子就不想死了；他老婆求徐峥再出山之类，这些表述没什么突破性，但对市场是照顾到了。主角徐峥写出了层次，开场时他只是个幸运的人：生意很赚钱，他的客户因为药的问题对他又忠心所求还不多，还能得到情理上的支持，简直比搞黑社会还合算，但后期因身边人的死去转变成每月倒贴几十万，这个拔高让角色立住了，转变过程也合理。选题很好，但能做到目前这样也是编导的本事
,值是值得一看的，是题材确实难得，也是现象引人注目，还有事件力度可观，是事件不是故事，整个影片就是在被导演基本功和审美拖累。这部电影意义大概是告诉青年导演们现实主义土壤不缺的、诚意实力不走流量的卡司不缺的，发行力度不缺的，审查可以努力的，扶持新人力度有的，没有基本功一样不能看
,这个世界的病有很多种，药神只讲了一种，希望其他的病，都可以用爱治愈。
,吹什么，比达拉斯买家俱乐部差远了好吗，失望
,勇哥，来了。这头发剪的挺好的。剥个橘子吃。😭😭😭
,够煽情，够诚意，题材好、演员好，但故事上在艺术处理上还是粗糙，结尾往主旋律靠拢。主旋律绑架、道德绑架，但至少直面现实问题了。但是还是抄袭啊！
,直击内心，直面现实！简单的故事却隐藏着长远的意义！这部电影能上映，就已经很了不起了，能做得这么好，更加难能可贵！以人为本，生命至上，不再是一句空话！相信中国一定会更好！
,不赖，算是比较标准化的一部片子。有现实意义。缺点也很明显。
,利益计算和理性思考~在人和人触碰的瞬间毫无力量。
,第一次，有一部国产电影，在并非首映的情况下，结束了放映之后，收获了全场观众的掌声。 在鼓掌的时候，我只想歌颂中国电影—— 歌颂中国的电影人敢拍这部电影，更要歌颂这部电影能够在中国的影院上映。 不谦虚的说，这部电影，几乎可以称得上是国产电影的一座里程碑。
,人民喜欢罗宾汉。qq界面和输入法复原到位，年代感全出。周一围面相好看，想起《罗敷》里“为人洁白皙，鬑鬑颇有须”。
,在一部叫“神”的电影中看到了人。#这电影的优点在于题材，敢拍，几个人物塑造得好，于是演员就也就能很好地完成。缺点也在于题材，这题材目前也就只能拍到这个地步了，很多东西没法说透。李乃文的角色像被箍住了嘴。#
,中国电影的现实主义传统内部本来就渗透着“影戏”“文以载道”“伦理悲剧”等多重因子，这是天性和民族性使然，一味以西方视角去苛责其“缺乏美学亮点”其实没太大必要。癫狂数年之后，大陆电影终于寻回些许现实主义传统，横看竖看都是件好事。在此基础上，类型轮廓清晰，商业模式成熟，新人出现。善哉
,黄毛剪了头真挺帅的
,有些人昧着良心做着合法的事，有些人凭良心做着犯法的事。
,提前预订年度院线十佳之一。普通人是如何一步步被现实推向接近于救人的神。人性之所以伟大，是因为在艰难之中仍然选择向更难的人伸出援手。而普通人的伟大，在于用一己之力撼动法理向弱势群体倾斜。
,◎SIFF21
,只能说完成度还行，但立意有取巧，故事编排更取巧，除了男主其他所有人物工具化，把制药厂设定为大反派还特地给特写整出阶级对立来，显得很低级，最后的煽情和过审更加过犹不及了。另外，表演方面，只能说不过不失，没有什么值得可疯狂夸赞的
,Breaking Bad？最好的镜头是烟雾中的印度神像，一切都被蒙住了眼。钱（房产）救不了，宗教（上帝）救不了，超级英雄（药贩）救不了，只有新中国才能救病友，隔靴搔痒。大娘哭诉，长街送行，毫无节制地滥情得如同《辩护人》的报菜名结尾。
,近两个月看过的唯一一部电影，有哭有笑，还是很完满的，只是私心希望片子可以再高级一些，这种好题材的现实作品也许就能封神了。人生第1500部影片。
,心情复杂。有进步有遗憾，还是写长评详细说说吧。另外这个基调的片子实在不适合使用饱和度这么高的色彩啊……怎么调的都。
,值得用贡献票房的方式为推动医药改革尽绵薄之力。不过电影还有两个问题没有点到：正版药定价高的原因以及癌症特效药为什么不全面纳入医保。如果能深入展开说明…也许我们就看不到这部电影了
,标签里还有达拉斯买家俱乐部？那位是脑袋进大酱了么？！
,电影名还不如用英文直译：向死而生。
,只能十分。
,走私一趟，胜造七级浮屠。
,感觉在中国电影院里看了一部普通话配音的韩国电影或者中国人演的印度电影，确实是很难得的。前半段的剧作，摄影，剪辑和导演的意图都非常优秀，但这个优秀并未能在下半部分延续，这是很可惜的一点。
,在人情和法律面前，抉择很难，但我想我是站人情的那个。而在生命垂危的时刻，怎么煽情都显得不过分。经历过亲人因绝症离去，就更明白哪怕倾家荡产也希望留住他们的决心。要说它是电影新高度，是因为它终于打破一些禁锢畅快地讲故事，而不是遮遮掩掩。
,人如鸿毛命若野草，不是每个人都能得救，我们能挣扎的只有努力赚钱和保重身体了吧？
,四星电影，一星感性分。英雄主义永远是最能触碰人心的东西
,只有一種病，叫中國病。
,影片在各方面拿捏的都很到位，抨击现实，煽情适度、叙事流畅，现实题材拍到这种程度不容易，尤其在国产电影中实属难得。群戏出色，即使是群演也并不违和，徐峥献出演艺生涯最佳表演~
,问题解决了才拍出来，和韩国现实主义题材的差距还是有点远，但这部电影的大爆以及一众韩国电影的豆瓣超高分也真的说明国内观众对这类题材的巨大需求。大赞整套卡司的表演，特别赞美王传君，还有徐峥听到黄毛没了以后的布满血丝的双眼。另外，瑞士药企的设置也太脸谱化了。
,里面演病人的群演特别真实，人间疾苦
,“神作”不至于，四星适当刚刚好。“现实意义大于电影本身”这句评论终于有机会对国产片说了，是久违的意料之内，但也仍然具有里程碑式的意义。不需要太多琢磨的地方，反思、认知、态度与思考，这几个点都感受到了，这就够了。未来会越来越好，这不仅是期待，更是现实社会进步源源不断的动力，我也愿意相信。
,"神油贩子，病人，舞女，牧师，屠夫。
外有巡捕与大盗。
八千里路云和月，一腔孤勇济人间。

这分明是一部武侠。 "
,我要回去看看今天用的啥粉底跟睫毛膏！眼睛都哭肿了妆没花！！！
,看了这部电影你就可以成为一个善良的人。
,五彩城点映。中国的达拉斯买家俱乐部
,电影可以改变世界，虽然你们不信我信的。
,法与情的关系怎么能明说呢 穷病怎么能不细说呢 镜头语言很好 黑色幽默的分寸感不好拿捏 可以更好 徐峥的另类英雄的分寸感就很好 有点像达斯汀霍夫曼的英雄 但人物更立体 感觉还是重在故事推进了 但也不完美 政治话语的编码差了不止一口气 但这样的电影终于不是印度拍出来的了还是很骄傲的
,倒数第二场戏，那两个人出现的时候哭崩了的报个数吧，1。
,宁浩和徐峥收起笑脸，提携新人的一部现实题材电影，可能就要成为今年的华语最佳。情与法，药与命。现实是残酷的，每个人都在极力撑起自己的一片生存空间。为这部片子每位主创的演技点赞，而故事的原型更值得敬畏。今后都会越来越好，希望台词能成为现实。
,刚刚看的，后半段好感人啊，眼泪始于老奶奶对警察的一段话，餐巾纸一张接着一张就没有停过，结局还是比较好的，药纳入了医保
,橘子的愧疚，黄毛的飞车，审问室中盗亦有道；从一个打老婆的怂货走私犯，到一个自我牺牲的罗宾汉，社会担当与江湖情义无缝结合；即便部分情节编排有点太刻意和煽情了，但当下能出现如此尖锐讨论社会议题的国产电影，实在惊喜
,有病没有药是天灾，有药买不起是人祸。他只是想活着，犯了什么罪？！走出电影院的时候，站在十字路口等红灯，凉风吹起发丝，活着真好，好好活着。
,国版达拉斯买家俱乐部，还是一个类似于盗亦有道的老话题，但更重要的是直接与当下的社会现实议题进行了有效连接，当年可以是特效药，而现在可能是奶粉猫粮电饭锅马桶盖，人当然都渴望活着，并且逐利，病人，卖盗版药的和医疗公司都有理可讲，生活总归是共同体，人们要做的仅仅是改变规则让各自活的更好一些并不触犯到他人的基本利益。片子本身没啥毛病，基本是个四星韩影的水准了，但是结尾送行段落用的配乐疑似跟《辩护人》过于相似，算是个小瑕疵。最后说一句，每一位海外代购都是一部海盗电台，遵纪守法当然很重要，但这有个前提，法是人给人定的，他的初衷是让全社会所有的人活得像个人，活得有人的尊严，活得像那么回事儿，不然我要这法有何用。那叫恶法，不是善法。
,果然是“不哭不是人”的电影，但结局是正向的，看完第一想去雍和宫拜拜或抄抄地藏经；第二想给自己买医疗保险；第三想好好瑜伽不要再熬夜和生气；和达拉斯买家俱乐部最大的区别可能是主人公相比非常的脆弱和挫中带钢，整体剧情处理更柔和，更细腻一点。达拉斯相比更酷更独立更punk。
,我几度落泪，为人物为现实性。用悲喜剧手法把一个故事的复杂性做的如此透彻，罕见。天才的导演天才的故事天才的表演。这是一部用自己品质站立者的作品，一点也不媚。底层叙事角度，抛除所有精英化表达，和故事的语域结合天然。古典叙事方式的使用也让故事真实天然，表演分寸到位让现实意识恰到好处。
,确实是难得的题材，有不少令人感动的细节。看完，有个跟片子质量无关的感慨：所有个人的努力，最后都变成国家的功劳。
,触摸了道德观念、法律与审查制度的边缘，同时也并行了资本、权力与弱势群体的各层面群像，落脚在情与理、理与法的一念之间，批判的点也算精准。铺垫很长，在主人翁的建立上用了不少话语，但缺少力透纸背的几笔，部分情节、配角的设置也略显drama，要是能在反类型上走得更远就好了。
,深度有限，沒有展開足夠的對世界性階級狀況的思辨，但不影響它已經是運用戲劇性進行現實挖掘的絕佳作品。儘管它的探索與上映佔據了一定程度的輿論正確性優勢，但它的好仍然是電影本體的，這在行業寒冬的2018顯得格外體面。
,全方位获得突破的国产电影，真的值得鼓掌，以及高票房。剧本扎实结构工整人物饱满故事感人，其实每一条线都残酷到找不到出口找不到办法，而你也可能真如作品中呈现的一样无法相信制度相信法律相信信仰甚至相信生命，可还是会相信那一点点残存的人性。穷命是真·题眼，是药进医保也无法彻底解决的悖论。
,我不是药神，是因为神不救世人，所以我一个有良心的走私犯成了神
,看了达拉斯买家俱乐部的开头，我确认我对《药神》的评分无误。药神确实只是一个三星半的电影，多的半星是情怀分。我们和奥斯卡水平的满分佳作还有距离。药神虽然有思考，演员演技也很精致，但剧本有硬伤。
,横向比较下真的是国产电影的新高度了，文牧野如果能因此跻身一线大导那就多拍些好片子吧。微博上阑夕说的挺多了，其实观影感受上确实不太像《达拉斯买家俱乐部》，反倒是节奏和镜头语言、人物总让我想到《辩护人》（以及海报（小声逼逼））。文本上非常克制，有的地方我觉得还需要加一点，但已经很好啦
,一滴眼泪都没啊！谁穷谁可怜、谁惨谁有理的巨婴价值观实在是…非常佩服主创，片子质量好，每个环节均工整、严谨、靠谱又不失灵活，对话题性把握之精准，勇敢写现实、努力过审的付出值得加分；但，为观众的情绪发泄考虑，立场实在太不客观…整体格局“有中国特色”地小了…个人3.5分。祝大赚特赚多拿奖
,这是避重就轻嘛，外国奸商该死，政府英明威武，完全不提医药生产许可失控导致低水平药厂林立导致生产个专利过期药都搞不定还得去印度走私的问题。说好的2025制造业升级呢？超级计算机这么牛逼倒是整点干的啊。
,“你敢保证你一辈子不生病吗？”这才像中国电影该有的样子——回归故事本身，既包含商业属性，同时具有社会责任感。看似是荒诞的事件，却由一个个鲜活的生命推动了中国的法治进程。★ ★ ★ ★ ★
,故事是真值得拍，病人是真的惨，电影拍的也真是不怎么讲道理，非常民粹了
,7。可是我们农民工并没有医保。题材取胜，煽情过度
,当之无愧的今年以来最佳国产片，剧本、表演、音乐与剧情张力均属上佳。尽管设置了诸多类型片的元素，但整体上仍然是现实主义电影的底色。法律与人性的冲突，市井化的真实上海的展现，以及在生存与贫困之间挣扎的众生命运，都是院线电影中不多见的展现，有所突破。为上映而做的剧情上的妥协，可以理解。
,“假”是谁来定的？它损害了谁的利益。真，却每个人心中都有杆称。有些电影就是要记录时代、体察民情、为更好的未来呼喊。《药神》有着和《买家俱乐部》一样的初衷，值得敬佩。确实“穷病”才是根本，可是人为的提高这条线却不人道，所以“大庇天下寒士俱欢颜”的心，才通往圣贤。
,都好，结尾目送程勇的音乐再收收
,证明了现实主义商业片在中国电影市场的远大前程——只要你把握好过审和情感高潮的度，这也本片最成功的地方。其他方面真的平庸了点，除了徐峥之外的人物都嫌单薄，尤其是李乃文，大部分戏都是废的，没能借这个人物引出天价药的道德两难，从商业考量当然可以理解，但还是有些失望。
,全片印象中最深刻的一句话是：这世上只有一种病，那就是穷病。每个角色鲜明又鲜活，证明国产片不狗血不一地鸡毛不撕逼掐架不破鞋绿帽也一样能打动人。PS，徐峥的假发太尼玛真了！
,全片使用的手持镜头奠定了现实主义的基调，剧本的起承转合还是类型片的写法，两者结合的还算可以。但中段“一年后”转折实在生硬，人物的两次转变（暂停卖药、成本价卖药）也不够有说服力，还有不少与整体影片风格相冲突的桥段，一些场景的配乐也值得商榷，更不用说脸谱化且有争议的反派角色塑造了。总体来说，算是效果尚可的一次尝试
,剧本选择了最恰当的切入角度和抨击角度，整部电影的求生欲也算是很强了。至少这是一个好现象，国产电影逐步开始把观众当正常人而不是傻子来对待。希望这样的电影越多，希望这样的事情越少。
,很好的文本，只是导演拍得很低劣，细节的刻画近乎粗暴，可是又那么中意放大煽情，中国人已经够苦了，不需要本末倒置的主旨。嗯，周一围很帅，章宇也很帅。
,敢于开自己玩笑，敢于揭示自己的伤疤才是真的强大了。中国真的在变强大。
,前半段黑色幽默，后半段批判感动，题材社会性、剧作、导演、表演皆佳，最难得还是一部很成熟的商业片。文牧野成了
,1、将主角改为正常人是个了不起的想法，也是剧本改编中非常关键的一步，它改变了观众的视角。2、“穷病没法治”这句话的意思其实是穷病不是个人能力范畴的事情，而是经济结构的事情，所以目标打错了，但也没办法，毕竟是审查制度下的妥协。3、因为有点偏移，那么煽情就过度了。
重庆,我觉得可能以后不会有这样的电影了吧
,今年看过最好看的电影，很有深意，徐峥演绎得太好了...
,实名支持知识产权，反对仿制药及无批文药
,年度国产好片。
,很克制，演员也很好，希望市场给优秀的现实主义电影正反馈，也就是票房过三十亿。
,今年看过的华语最佳。电影始终是有强烈的时代感和社会色彩的，在这种情况下，题材就显得尤为关键。能够在沉重的题材下，同时兼具幽默感，则更加难。文牧野对表演尤其把握精确。作为处女作，若非要吹毛求疵说有什么美中不足，那就是女性形象在作品中依然显得表面和虚弱，有一说一，这不是什么严重的事
,这个故事里问题的根源是什么，他确实没直白说出来、他粉饰了；但是，难道你就不懂了，就看不出来吗？我不觉得这片会因此而毫无价值。如果有人看完能想一想，为什么有一个时刻，一些人会觉得他人的生命比自己的更重要；为什么有些人会离开自溺的地狱，选择靠近他人的痛苦？
,歌颂中国共产党的 红色片
,就这里的价值观和对商业规则的漠视，我知道都是为了过审，真心是不喜欢呀，
,有被触动，但是认真说，片子前后半风格割裂严重，黑色幽默突然转变成为现实批判没有好的过渡，人物动机转变也有点青黄不接。
,难得，人民警察这次是个反派，眼镜男，大黄毛，动作细腻演技在线，最后看到五年刑期换来的是千万人的续命，值！！你是否也和我一样，与程勇一起早已满眼热泪！！难得的国产佳作！！
,聪明稳当。
,比战狼好看太多好吧！！！
,抄袭还能打5星，你们都疯了吧。。
,剧本问题很大
,徐峥的表现真的很惊艳，现实题材，很让人感动。
,都说中国观众就喜欢看特效哐哐哐，可能早十年为了把大家从盗版拉回影院是是这样。可是我看真正最广大的中国观众喜欢的其实是表演动人、题材接地气、叙事紧凑流畅的剧情片，不管是之前摔跤吧爸爸的热卖，还是我不是药神4天13.4亿票房的成绩，其实都说明这一点；
,有尊严有趣，年度推荐甚至最佳。类型化叙事关注时代，剧本节奏好，表演更好，一个小人物到英雄的故事，切合时代，低到尘埃又仰望星空，亲爱的之后最好的真实事件改编电影
,一部商业电影，却这么直接，中后段像被手掐着脖子一样地看完。
,煽情不够克制，剧本不够精炼，思索不够复杂。
,散伙饭那场戏，勇哥对吕受益吼道：滚！吕受益原本卑微的微笑的脸迅速的又很自然的变成了一副哭丧着的脸。这演技真是赞。这个表情的变化，人物的形象和命运一下子就出来了。
,为什么评分这么高？故事是很感人，但是电影真的就一般呀
,本来值三星的，看到这么多人打五星震撼了，哪有那么好看啊！豆瓣越来越不靠谱了…
,"世界上只有一种病，就是穷病。演员们的表现不错，值得看很多遍。
 "
,前半部分能看到清晰的宁浩血脉。演员都太好了，徐峥最好，肥腻中年居然演出了英雄的壮烈决绝。其它人除了周一围比较扁平，连不知名姓的黄毛都特好。电影能拍成这样已经不错了，也就容忍了它的种种躲闪，以及后半段的集中煽情。
,卖仿制药不是犯罪，拍仿制片也不算抄袭。北京文化，传销组织，又洗脑，又洗钱。当今中国文化传播意识形态的缩影——没有文化，不要碧莲。
,因文牧野而补片。2015年1月，原型陆勇被不起诉。2018年7月，本片上映。李克强总理就此批示说，有关部门要“急群众所急”，推动相关措施加快落到实处。 2019年8月26日，新版《药品管理法》审议通过，于同年12月1日起正式施行。修改后的该法删去了让陆勇、程勇得以入罪的条款（but，来不及同时修改的刑法给司法实践带来了巨大的困扰，全国的拟制假药刑事案件被按下暂停键）。这是一部改变法律的电影。
,近期最好看的片 好感人...記得帶紙巾
,愿意的人，命运领着他走；不愿意的人，命运拖着他走。最惨的一个，笑容最灿烂；受教育最低的一位，德行高贵至善；被老吕夫人感动到了，不离不弃至死不渝。希望这部电影票房爆，希望观众少吃零食多运动！
,我的友邻里有两个一个给打三星一个给打两星，“只要涉及到价值，中国电影评论标准就会坍塌”“可惜低俗、谄媚的类型化桥段使影片割裂开来，破坏了本应建立的现实深度，而趋于弄虚作假”。是的，作为一部电影，我看到的是一个好故事用一个花里胡哨的外壳包装起来，因此原本可以发人深思的内在就在绚烂的“追击场面”“突然的车祸”“打架”“审判”“众人追思”的场面里变成了tragedy porn。
,人家药企研发这药投入了几十亿美金怎么不提 这根本就是一部底层人民劫富济贫的意淫片 单从影片质量来说抗议药品太贵哪一段简直尴尬得想吐 里边各种不合理的情节也比比皆是 除了煽情很卖力这片真谈不上什么出彩的地方 国产片也就这逼样了吧 单独提一下王传君的演技非常不错这也是这部剧唯一的亮点
,看剧本时候的泪点依然一一击中。徐峥开了国产片喜剧狂欢的头，希望更多老板也能看到现实主义题材的商业可能。
,瑕不掩瑜的四星半。徐峥真是个妙人，以及第一次在荧幕里见到气势压过周一围的。中国电影终于慢慢地变得多样化，从0到1的每一步，都是欣慰
,年度最佳影片了，非常好看，极力推荐。
,现实主义题材拍得这么好确实难得，编剧功底深厚，要粉山争哥哥了。另外，黄毛挑衅警察、夜店经理钢管舞，导演会拍，演员会撩。
,"只是想活着，有什么罪？！有什么罪？！

还有，明明是再悲催不过的悲剧，为什么标识为喜剧。。。。。。"
,看的时候连我旁边的两个妹子都在讨论，这个题材怎么让拍的，看到最后恍然大悟。审查对创作的限制已经深入人心了，甚至成了最大的关注点。当然故事本身讲得挺不错，虽然第三段有点用力过度（不排除是为了过审）。周一围留的胡子太难看了，三年了都死不悔改。
,看的过程中一直想起一个月前因为白血病去世的发小，也才25岁不到，真是哭到难以自控。它并不完美，但是它还是出现的太迟了。
,很值得看的片子，演员演技都很在线，剧情没硬伤，情绪处理也都很恰到好处，里面的一些点其实和我们的每个人的生活都有关。看看他们就真的知道，有的人真的在努力的活着，总有牵挂着让他们努力活着的理由。
,题材良心，表演入骨，群众喜欢。算进步吧，电影本身没什么值得吹，前半段优于后半段。
,以字幕出来“一年后”为界，前面的五星，后面的二星。
,确实很像《辩护人》，有一瞬间还想到了《黄海》，另外国产片里就一定要出现夜店吗…………
,看过，不好意思评价。（生命权、信息共享、版权、专利这些问题异常复杂）
,作为一个有过辗转到印度买格列卫经历的人，我本以为电影会充满各种泪点，没想到却毫无刻意煽情，处处有着真实质地，真实到让人眼眶忽然热起来。作为一名影视从业者，在这样的时代背景下，我敬佩制片团队的眼光和魄力。而作为一枚从不苛刻的中国观众，我想这样的作品应该至少能批个良好吧。
,超级好看，笑中有泪，有良心。所有社会资源都掌握在特权阶级手中，基层民众连生病的资格都没有。电影后半段全程在哭，听到那句“这世界上只有一种病，穷病”，想到自己也是个穷人，哭得更惨了。
,1.贫穷是一切的病源……之一。2.垄断是万恶之源，但是首先必须感谢制药者。3.科学技术是第一生产力，大批量的生产普及是压低药价的前提。4.沉重而又温情，嬉笑怒骂间不乏喻世意义。5.海报中的笑容耐人寻味，更令人欣慰。
,分三次看完，流泪一次。我自己有个慢性病，需要常年吃一种药，260元一盒，一盒10粒，视情况每天一粒或半粒，然后印度有同一个药，250元100粒，所以我也买过印度药。现在国内这个药已经由260降低到140多，而且进医保了。我估计给药神打低分的大都是健壮如牛的年轻人，这很好
,头疼脑热找医保，大病甭想它治好。整片都不错，突然吹了下医保，我真受不了。
,呵呵呵
,因为这个社会责任感我得打满分。主创们的用心与良心我实打实的感受到了。 韩国有《辩护人》美国有《辛德勒名单》终于到了今天我们有《药神》。PS：王砚輝我粉你一辈子。话不多说 大家还是看电影 ！
,在电影院哭得用T恤擦鼻涕。但，夸张手法用的太过了
,最后一段据说是为了过审加上去的，那么给五星吧
,现有制度下，中国的电影并不配现实主义。所以这部《我不是药神》现实不下去，要绕着走，深刻不下去，要粉饰着来。中间只能靠硬煽，徐峥、王传君演技都好，可是故事实在太不生活，整个质感就是大家在演。中国医药的问题在哪里呢？电影的视野非常狭窄，片尾尤其觉得难以下咽，变成医保制度宣传片。
,嗯，中国人最厉害的就是无论多卑贱都要活下去的求生意识，加上把所有希望都寄托在别人身上的淳朴善良。等待与希望，地球毁灭了中国人都死不绝。
,我们总是对国产电影意外宽容，无视各种各样的瑕疵。如果电影都如这般，那“电影”也太让人失望了。
,多一星鼓励！希望能掀起中国电影的真 ·现实主义浪潮！
,进一步恐怕过审无望，退一步则斩断了太多，总体看是超出及格线水准很多的电影，镜头语言相当成熟，以最直接的方式引起观众的同情与思考，而作为情绪输出的演员们都相当出色。出于某种原因，电影过早的用尽了戏剧手段，剩下的靠着“现实主义”在撑，欠妥当但不违和。
,确实是没有得罪任何人，但在一个没有媒体的国家拍出这种片子也不容易。镜头中出现的群众演员都没有出戏的，还有个女演员和郝蕾神似度95%，真是惊了！
,他只是想活下去，他有什么罪！活，着很难第一部看到哭的不能自已的电影。他只是想活下去而已…
,看的真的特别难受
,我希望这是整个暑期档最能打的那个。比姜文都能打。
,哭死了，强烈推荐！
,满分，我不说别的，整容般的演技用在这几位身上，真的不为过！
,其实只值4.5星的，但是真的很不错了，很具有社会性，泪点没有预料中的那么高，但还是哭了。就目前的分值来讲，很难超越了。
,谭卓长得真的神似郝蕾！
,电影没那么好，反倒是真实事件很重要，电影借了东风
,选题很踏实，剧情也有逻辑，至少主角都全程在线，作为这两三年内唯一让我进电影院看的国产片，不觉得后悔。但是毛病依旧满地都是，不能因为电影人99%都在塞屎给观众，偶然吃到一次味千拉面就感激涕零，吹成炳胜餐厅。加油吧，希望能有更多用心做电影的国产片。
,"呜呜呜 哭的好厉害😭😭😭
和朋友在影院哭的不得了
反正我是泪点低"
,推荐
,能在院线看到这样的题材是好事，电影能成爆款更是意料之外的好事。
,整个韩国煽情片套路，连色调、海报都如出一辙。把别人不好的学过来忽悠观众。
,用喜剧手法照亮的社会现实，《我不是药神》在前半段以忍俊不禁的幽默引人入胜，后半段则张弛有度的在法律、利益、生命三者间构建起了一个催人泪目的内核，面对要价高昂的救命之药，徐峥所饰演的平民小贩从逐利到救命的蜕变，形成了电影诱人共鸣，直击心灵的力量。
,百感交集，数度哽咽。题材讨巧。想到将图书做类比：如果有一天，正版书定价4万，高（dao）仿（ban）书定价500，会发生怎样的故事？
,Ok
,有韩国电影的影子， 基本没有缺点，可以作为之后该类型片的范本了。
,影院里前半段都在笑，后半段全在哭。为了钱铤而走险的商人最终成为了有慈悲之心的施善者，只因他看到了普通人活着有多不容易。我们需要更多推动立法的人，也需要更多这样的影片。为题材加一星。
,纵然部分剧情的设置是为了过审，但丝毫不影响这部作品的共情力。
,3.5入，锋利诚实，诙谐温情，夕阳中熟睡的婴儿，烟雾中的印度神像，最喜欢的两处镜头，新生与希望，死亡和平静，有人说煽情是廉价的，我觉得感动却很昂贵，有人说这是我穷我有理的强盗逻辑，其实你也不富有，我们需要英雄，也不仅仅需要英雄，长叹息以掩涕兮，哀民生之多艰。
,细节上的硬伤当然可以挑出一堆，但还是要多一星给所有主创的良心。希望这会是我们自己的《史密斯先生到华盛顿》。
,病人可能出现在任何家庭中，可能是我们任何一个人，这个是非常现实的问题，无法回避，无法预料。电影制作水平很好，演员都很好，不过就是拍摄手法有些俗气，就是为了迎合大众，煽情也有点过。造成我没真的被电影打动。电影反映的事情本身是挺有力的。
,觉得和达拉斯买家俱乐部不像 更像辛德勒的名单吧 虽然还是有些套路吧 但对这种启蒙时期的人道主义就没什么抵抗力啊 哭哭
,英文片名贴题“生存”：老妪握着程勇的手坑求他不要再查下去，刘思慧在看着夜店同事跳舞留下的眼泪，吕受益在散伙之时的难过...就像戴着的口罩让人呼不过气，还要努力呼吸。曹斌和程勇之间的关系还有主角在法理情之间面对的抉择其实有那么一丢丢借鉴《绝命毒师》，也算是一个有趣的映照吧。
,差点被徐铮的脸和看起来搞笑的海报骗了，其实是挺不错的现实题材电影。讲的是法与情的冲突下社会总是落后一步的进步。作为同样被昂贵进口药救过命的病人，深知一个条件不那么好的家庭遇到重病有多么绝望。希望这样好题材的电影再多一点，也希望社会进步得再快一点。
,我更喜欢达拉斯买家俱乐部，因为更朋克。
,看到一半觉得，啊，这是中国的达拉斯买家俱乐部啊。看完觉得，这远胜达拉斯买家俱乐部。故事本身没的说，最重要是角色都异常饱满，每一个演员都贡献出了绝对优秀的表演。有点太滴水不漏，若减少一些可以的煽情场面，可能是国内电影年度最佳。
,影片本身就不多说了，满分。说点题外话，本片虽然中间经历了改名等诸多波折，但是最终能够在国内上映，不得不说是一种进步，或则说是奇迹。希望本片可以成为国内电影审批的一个里程碑，让更多社会题材的影片可以拍摄、上映。让中国电影真正做到百花齐放！
,希望未来有一天救世主让政府来做，老百姓可以容易地活下去。
,"看了点映。这样的题材本身就会加分，但处理的并不好，尤其后半段。
前半段和后半段感觉不是出自一人之手的割裂感。后半段煽情太严重，没把握好分寸。当然老奶奶质问周一围我也哭了。最后有必要补贴来销售吧？
为什么在中国总是要神话一个人？
黄毛竟然是凯里人？！毕赣你怎么看？"
,继中国版的《熔炉》之后，现在我们也有自己的《辩护人》了。里面那些底层小人物的挣扎和意气，都非常真实。当徐峥咆哮着喊出那句“他只是想活命，他有什么罪”的时候，我想到生活在这个国家的很多人就是这样，好像贫穷就是他们犯的罪。希望未来真的能更好吧。退出爱情公寓的王传君现在成为了他们中最值得被记住的一个。
,年度最佳前列。由一桩金钱的交易蔓延到社会的血脉、从一个家族的困局深入到众生的悲戚，一张口罩便是一次生命的喘息呼唤，每次越洋都是一次希望的跳动期盼。剧情处理细腻动容而不至煽情泛滥，处处流露着本土人情的悲喜离散，每一个角色和情节都显示出简朴平和而又深刻营造的力量。王传君表现极佳。
,好久没看一部国产电影笑着流泪、甚至时不时抽泣起来了！这样的观感，比春节档的惊喜《红海行动》更让我惊喜！与影片产生的同感之一就是：在这个复杂的现实社会里，好人有时也很难做，好人时不时也会没好报，所以我总需要付出努力，才能保持自己喜欢/想要的天真善良。另外，越来越感觉自己精神紊乱期间的思想是有多傻多天真多自以为是！怀揣着一颗「以天下苍生为己任」的博爱之心想为这个世界里存活的生命谋求幸福，想让地球成为一个充满快乐和谐的家园，可比自己那微薄的能力更可悲的是：那样的大同/乌托邦梦想在这个充满利益熏心的现实世界里显得非常的荒唐可笑，平时向经常一起玩的小朋友们传达的正能量（不乱丢垃圾、不讲脏话、不打架……）他们都不一定接受遵守，更别说长大迈入社会的大人们了……短评由140字增加至350字，我想丢弃我的强迫症了……
,韩式催泪弹终于引渡中国，题材制胜的电影虽然在中国上映结尾会大打折扣，但能接触到些许零星的皮毛已经难得，尺度和对人物塑造可以有一定的新高度。剧作的整体走向和起承转合都似曾相识和老套，中段争吵一场戏能在很多电影中见到。最爱的还是在非典时期下的印度，那场戏氛围太棒。谭卓王传君都很好。
,药神告诉中国电影一件事，只要讲好一个好故事，没有特效，没有技巧，观众也愿意买账。
,尾处中国特色处理毁掉了前段特殊的真实质感。
,片子的确不差，但九分实在是太虚高了。
,作为电影就还挺一般吧
,没有后半程全哭，老奶奶那段特感人，还有思慧同事跳钢管舞她喊脱宣泄后的眼神和表情让人看着难受，站在不同的立场来看谁都没错，都有自己的无奈，只能看看如何才能做到最好的平衡！当然站在小老百姓的立场来还是希望医保改革能够做好减轻大部分看病的负担
,没看电影之前以为海报上左边那俩是金士杰和郝蕾，右一是周冬雨……
,和想象的一样，七八分的电影，被贴上道德人性标签和外壳后，就造就了顶级高分电影，是电影的进步，因为是一部不错的片，剧情尴尬较少。但是在影评打分上，豆瓣的退步在近几年还是很明显的。设置了错误的矛盾，丑化医药公司，上套的在网上呐喊。其实还是利用一些人在困境中“有人替自己做主”的心态，其体现的无助感引起很大的共鸣，说明我们周围都有很多弱势群体，在某些情况下我们自己也是。
,4年前的夏天，也是7月上旬，父亲查出癌症晚期，医生说，做好准备，撑不到过年。然而在3次介入后，终于能够做1次手术，4次住院，半年中，体验到何谓“挥金如土”，每日医药费均以万元为单位计，万幸，他身体指标现一切正常。不幸，白血病治愈率更低一些。在身体健康的时候，多努力赚钱吧。
,除了把噗提到的真实感，还有一个问题是故事的局限。因药的高成本研发和企业本质所致，要想根本解决问题，只能靠政府介入。可政府题材又碰不得，恶人的位置只好药厂来坐，故事也成了没有出路的困兽之斗。导演这样拍却不用担心，因为有片尾字幕来解救他。于是从各个层面讲，导演都被真实事件救了。
,大嗨片，走到影院门口心里就不太有涟漪了。完成度如此之高，这方面甚好。通过毛领皮夹克和小胡子才get到周一围的帅点
,这才叫电影。
,很成功的一部片子，反响特别好！贺大卖
,臆造出一个瑞士医药代表，把复杂的矛盾改编成单纯的冲突，我觉得改编得挺好，适合咱们绝大多数观众葵花籽大小的脑仁。
,我见过最多的病，是穷病。这种人太多，你治不过来的。
,……为什么类型是喜剧
,三星半吧。并不具备现实讨论意义，更像是最后的歌功颂德。影片从一开始就把药企设定成了如手撕鬼子中的鬼子的角色——一无是处的坏，而把徐峥扮演的角色和最后zf的角色设定为了英雄般的结局和出场。合格但也没有什么可圈可点的。纵向深度不够，法律法规、知识产权、弱势人群.....都没有深入的讨论和剖析。
,感觉现在来看，就是为了完成任务一样。
,前半部四星，后半部二星。对法律法规和瑞士医药公司的立场相当主观臆断，为了强行拔高主角的“神性”，铺垫了两个成员的死，甚至让一位老太太直接宣扬什么叫“我弱我有理”。程勇质问警察“他（黄毛）有什么罪”，完全是颠倒黑白自私自利，用私利取代法治。
,有点绝命毒师的感觉。这种片子能过审，真是进步了
,看了点映。哭了两次。一个群体的声音太小，大概总需要一个传声筒，将声音放大，大到能够推进社会反省，推动社会进步。
,社会主义初级阶段电影
,之前看到有个评论说比《达拉斯买家俱乐部》好看，就自觉把预期降了一点，得到了一种还比较规矩的观影体验，整体能感受到一种挣扎的圆融，可见的可贵，但细节仍然有很多可推敲和可抛弃。喜欢小黄毛，预感长大了会成黄渤。
,在中国电影里绝对是排名靠前的，比较好地兼顾了严肃主题和商业考虑。有些戏可以做得更好，比如法庭上的戏（不是那样审的），比如追车的戏（不是说不够炫，而是有些粗）。至于故事本身，药厂并非万恶，那个代理可以不那么脸谱化，至少加一句开发新药需要大量投入，如果没有金钱回报是不会有新药的。
,这是一部可以引发社会效应，甚至有望改变这个社会的影片
,陆勇才是真英雄。希望这样的电影能成为风向标，挽救中国电影目前的不正之风。
,如果说达拉斯买家俱乐部是满分的话
,尺度蛮大  这样的事情终于可以这样正常上映了   真上海  真模子  
,良心剧本良心导演良心制作良心演员！！！打call整个良心团队，愿意花精力去做具有社会责任感的事而并不是只为自己捞钱。复仇3我一次没看，药神我却买了两场的票。老太太那句“谁家还没个病人？你就能保证你一辈子不生病？”真的是感动到心坎里了。
,导演着墨了程勇两次穿越人群。第一次时因为小吕的死 一个个都迷茫地对生命对未来失去了希望。第二次是进监狱时 望眼过去所有摘下口罩的病者眼里却是对程勇无尽的感激致敬。矫情点说 人啊还是做点对社会有意义的事情 才会真真切切不枉此生啊。在此 我衷心地真心地替所有被救的白血病患者向陆勇致谢。
,中国电影需要这样反映现实真实事件的故事，更需要这样的良心作品。
,就在与许可拉锯中磨合过的故事而言，已经是很满意了，多处和平处理已在安全和不伤人物间做了权衡，回避了官方媒体，弱化了诉讼相关，一把手也有腔调，为能问世该做的都做了，期待票房
,点映场几乎坐满，离开的时候瞥一眼很多人眼眶红肿。现实主义的主题，喜剧的手法，后半程却是让人沉默动容。“他才20岁，想活命有什么罪？”笑中带泪展现的是最现实的人性微光，主旨堪称社会良心。这题材能上映可以使得我们在面对邻国的电影时，有些许的欣慰。*（2018.7上海成山路）8.0
,前半段有些地方就蛮俗气。但是我太喜欢中间在印度，消毒水的雾气中行进的湿婆和迦梨神像那场戏了。
,众生皆苦，但生命最高贵。
,真心希望越来越多的此款类型片上映，太适合院线放映，剧情上的转折点分布也太平均，flawed character，teamwork，飙车，十里长街送药神，但是不管怎么说，这片现实意义太大了，太值得大肆宣传和夸奖，就这片普及绝症患者现状这点就绝不会过誉。
,《药神》的罕见在于，它是那种看到同行好，自己却一点都不嫉妒的好片。就像那种貌美却温婉的班花，连最作的女生都不忍说她闲话。
,非常不真诚。以及本质上是部韩国电影
,不要轻易批评勇士，不要轻易指点实干家。你我都是胆小鬼，你我都是看客。
,最后的煽情确实硬核催泪 文牧野确实是会讲故事。但我不同意他的工业性叙事手法 在当年击败胡波 作者性表达思路一气呵成又有哲思的大象席地而坐 获得金马奖最佳导演奖。吕受益病逝后 程勇后期神话的人格转变令人难以信服 章宇确实好 把二十岁的黄毛演得仗义的很。只是，简单的煽动民粹 形成：吃药贵是 公权力和病人的对立 是不全面的角度。以刻奇的角度钻研“药神”一词，实在是没有“良心”。故事的主角实际叫做陆勇 他本身自己也是病人，对印度仿制药药效的信心不一定有片子里那么义正严辞。可影片都没有讲。主角的人物弧光直接开挂拉满，是不是在此之前，要考虑一下是否会对绝境中的病人，有误导作用。
,被《达拉斯买家俱乐部》先入为主了，感觉这片有点鸡肋。
,个人的生的欲望一波又一波冲击着社会成型的规则，在复杂、晦暗的现实中塑造出纯粹、透亮的人。是这个过程(慈悲/悲悯)而非奇迹成为人间的拯救/渡。手持近景和流畅剪辑呈现出商业片节奏的现实感，为叙事和情感牺牲了一些东西，一些可以凝视更久的东西，就像哭泣未必比得上一句你吃橘子呀。
,这个世界最荒诞在于，越贴近真实，真实越荒诞。特别喜欢的一部电影。
,作为庞大社会中的一份子，非常高兴在2018年同时看到国家对仿制药和进口抗癌药的政策放宽，以及中国电影审批制度的放宽。
,跌破9分还是觉得有点可惜的。这部电影最大的价值还是在于它现实主义题材带来的社会思考和现实意义。原本就是一个电车难题，是很难有正确答案的，电影最大的作用就是把这个问题呈现出来，然后大家一起思考如何面对和解决。另外，徐峥是真的很争气啊，期待他未来更多的好作品，而王传君，也希望他将来能有一些主演的作品。当下社会，还有很多现实主义题材值得挖掘，比如P2P，比如区块链，比如裸贷，等等。
,（几乎可以成为）有（有些“过”也有些“不及”）情感深度的道德剧。
,在中国当个好人太难了，你知道你在做好事，坏人知道你在做好事，警察也知道你在做好事，所有人都知道你在做好事，可法不容情的事你见的还少吗？真操蛋啊。
,态度分。有泪点，但第一，这是个神话故事；第二，这部电影丑化了正版药药企乃至中国白血病人群的形象。仿制药问题复杂，不管出于何种考虑或苦衷，不该简简单单把药企塑造成恶人的。
,这个题材能说到这个份上，不容易了。中国需要这样的电影，我们离《熔炉》和《摔跤吧爸爸》又近了一步。药神是一部真勇敢的作品，这个时代再鱼龙混杂，有作出这种作品的人，怎么都有希望的。
,平复情绪后，特别能体会这部电影在这个时代公映背后所付出的辛勤努力甚至是心酸委屈，能作为观众见证甚至有些骄傲。唯一不满足的是，手法较为直白，没有什么特别需要琢磨的地方。这也让这部电影没有任何观影门槛，认真在讲一个故事歌颂一个人，已经非常可贵。@上海影城1厅
,编剧在官商科研者之间，为了过审，捡了一个最软的柿子捏，全片充斥着“无商不奸”的底层小农思想，活着的确不是罪，但是明目张胆言辞凿凿损害正版药厂利益，丝毫不考虑其他更需要新药研发的病人，真的自私。
,好电影，虽然为了过审做了一些妥协，但已经很有勇气了。程勇的转变稍微有一点点突兀，个人观点。
,超感人，国产电影总算（敢）说点正经事儿了！！！想看喜剧的人要失望了，别指望这个剧能笑到最后，也别指望能笑中带泪，笑中带泪是释然是欣慰，，而这是彻头彻尾如鲠在喉的悲剧
,本来觉得他放着自己好好的日子不过非要当救世主还觉得编剧挺那个的.......后来朋友和我说这竟然是真人真事，好吧，我承认我真的被感动了。
,令人可怕的是，所谓现实不过是外壳，虚假成为了挑动者，逃避了真正的要处，从而营造一个大众所期盼、现实所不达的场面。
,世界上只有一种病，叫资本主义。@天津鞍山西道金逸
,不错，但是到不了9.0。
,一个复杂的世界，一个荒诞的现实，诠释了一个关乎于法律、人性与犯罪的枷锁。主人公程勇作为一个被生命所主宰的病人，如何寻找自己的人生价值，并完成自我救赎，或许此时已经成为了最大的难题;或许没有人是错误的，但在这个充满矛盾与未知的“世界”里，每个人都要在绝望中去寻找属于自己的那份希望。
,一个普通人如何被一步步推着成为拯救者。卡司们演技在线让角色更可信。是否从真实事件改编都不重要，因为影片质感让人非常容易意识到它就是现实，呈现出真实的底层世界是如何沉默着被忽略。故事很聪明地选择了已经被纠错的过去，结尾字幕版将它变成主旋律，保护了它上映的可能。四星。
,有一种中国版达拉斯买家俱乐部的味道～后半部的铺陈总感觉刻意刻板，凭添一丝乏味和非现实主义色彩～也许虚实结合才比较符合主流审美吧，既有”现实”被披露的快感又能从中找到安慰。但其实根源性的东西还是不痛不痒的存在，比如那位”医药代表”所代表的那一方利益集团
,影片内容其实和我看大多数现实题材的电影一样，到最后都是说不出一句话，说无益，这样的电影足矣。我们也有了这样的电影，有了这个开头，让我生出对华语电影奢侈的期盼，在这个浮躁又偏见的环境，有这样精准聪慧的判断力和执行力让这样的片子得以出现，导演文牧野，我记住你了，这些电影人我都记住了。
,给这部电影打1.2星的应该都是良心坏了。
,142/法理与人情的辩题，却是简单的呈现无意探索深层次的无解现实。前半段幽默喜剧感十足，忽而的转折些许割裂但故事走向渐渐凝重的氛围，让人冷静下来开始思考，法律究竟在维护谁的利益。阿婆的自述分外感人，生病不是罪贫穷才是。看似美好的结局才应是所期待的未来。加一星鼓励愿国产电影越来越好
,现实题材，理想主义。如果知道了陆勇的事，就会发现现实永远大于虚构。人们热衷于讨论情与法，其实关键是法与理，如果一种法权反天理人情，只服务于一小部分人的利益，那就是恶法。如果恶法不被立法者修正，而执法者又工具化，那么公众就有权利自行废除它。
,我妆是不是哭花了，回去补妆。
,当一个社会谈论和评价一部作品，只剩下“良心”的时候，不仅仅是社会的悲哀，更是电影的悲哀。何况论质量和勇气，都比《嘉年华》差得远。
,前半部分拍得不错，点到了很多非常有意思的社会议题（专利、医药生产的全球资本主义体系、病友群），后半部分套路了，结尾呵呵，一下子消解了批判性（可能为了过审？），不过演技都很站得住～
,上帝保佑你，阿门。
,前面的所谓笑点，我也没怎么笑出来，很心酸。
,是很不错，但是一上9分，就有点“天下苦秦久矣”的意味！
,欢呼是因为被阉割得太久太彻底了，以为还有希望硬起来。
,是一部合格的商业片，尽管有着非常套路化的韩影模版，但它的出现毫无争议是有意义的。从台前幕后的消息中，《我不是药神》成为了一个极为黑色幽默的存在，上映前几天还在删改重拍，上映后部分观众在解读影片哪里批判的不对、不够尖锐，领导趁势打压风头，多么特色社会主义的产物。电影何时不是照妖镜。
,非常好看的一部电影，影片的前半部分还挺轻松搞笑的，吃火锅那里开始就开始压抑了，特别是最后程勇被判刑了坐在车上看着外面的那一群病人眼泪就哗哗的往下流，太感人了。
,我记得四五年前看过媒体报道原型，标题就用了中国版达拉斯买家俱乐部。电影个人观感三星吧，拍摄初衷加一星。
,“好看的电影”不等于“好的电影”，“深刻的社会价值”也不可代替“缺失的艺术价值”，“题材先进尖锐”并不能够掩盖“方法平淡无奇”。值得鼓励，但对于“电影”这件事本身，依然不能用报告文学的视角去简单分析。
,这就是当下中国电影审查环境下的极限，一个现实主义题材《我不是药神》的背后，没人知道有多少被毙掉的剧本 #五星说的不是电影的质量，而是电影直面现实的态度#
,大胆的题材，安全的拍法，整体确实很成熟，尤其演员真的都很棒，难得是没有太煽情。这样一部电影，看到拍了什么，总是会忍不住猜测没有拍什么，因为最残酷的总是真实。但这可能也是我们能见到最接近真实的表达了。
,虽然打错了板子，但是看起来产生了拔出萝卜带出泥的效果。可见，只要直面现实问题，哪怕有偏颇错漏，都是进步。另外，影片最后提到，“进医保了”、“降税了”，那么为啥不早点呢？如果电影把这些问题都包括进去，就更好了，比单纯妖魔化药企，好多了。
,现实主义题材，生活才是最好的编剧。王传君演技炸裂，完全想不到是当您的关谷神奇。故事性，艺术性都很高级
,为世人盗取天火的普罗米修斯，忍受了三万年恶鹰剜心之苦。
,太真实了，连配角的演技都很真实，深有感受到医改之前的中国病人，因为自己有家人生病也因为药物太贵 都是托留学生朋友代购，一样的药效一样的人生感受，人生的思考性复核形态，感知到社会底层和对生命的渴望，很喜欢徐峥这几年带来的真实！更加希望国家对于医疗的进一步完善！此片高分打动内心！
,三星半。题材不错，可惜后半程套路又机械。像是在看一篇中规中矩的满分作文，眼泪被预设好了轨迹，就没那么动人了。整体值得鼓励，但不值得9分。
,多一颗星鼓励吧，煽情有点用力，唯有摘口罩的细节戳中我，能过审太正常了。天价药确实存在，谁也不能说不会得什么罕见病重病，没钱吃药确实等于等死，会去买仿制药。剧本要讲究矛盾冲突，原研药为什么贵，贵在研发和专利，但是专利是有期限的。不把这些讲清楚一味的去攻击制造原研药，把药厂塑造成坏人这是编剧以及整个制作团队的坏
,撞湿婆沐浴神光，见故友完成救赎。他并非能够普度众生治愈“穷病”的药神，只是寻回了良知与希望的一介凡人。打架和摘口罩两处呼应耐人寻味，主动与被动的巧妙转换让人物和主题一并升华。节奏极佳无废戏，表演精湛动人心。意料之中的韩印爆款风格，我们太需要这样兼具温度与力量的朴素现实题材电影了。
,提好看的，但是真的不足以封神！中国电影会拍的越来越好看的！
,比王竞的《我是植物人》又多迈了半步。
,“有啥别有病”，老人最爱说的一句话。人在病面前真的很无奈，看到最后，药纳入一包了，稍有安慰。
,Dying to Survive.
,全方位的 真TM棒，宁浩徐峥文牧野好棒，谭卓王传君等所有演员好棒，博学好棒。
,这样题材的电影居然能过审？这次为广电点赞，能让反应社会问题的影片上映了不容易。电影拍的没得说，题材一级棒，每一个演员都将角色刻画的入木三分，希望这是中国电影发展的分水岭，愿未来有更多反应现实题材的好电影陆续上映。
,叙事非常流畅，情感舒缩有致，而且充满层次。商业手法虽然也很明显（本来就是商业电影），但又在摇镜的细节处彰显了现实主义关怀。送行那一段非常好莱坞，但确实戳泪。最喜欢雾中凝视湿婆迦梨那一段；个人比较不喜欢配乐和几个主旋律镜头，颇为蛇足。演员相当出色。编剧很精妙，开局RPG手法很抓人。
,良心是最珍贵的东西 企业要盈利 但是缺乏社会责任必然是无耻的 资本主义发展至今是应该改变思路了 不是获得市场份额第一这么狭隘的做法就可以了 为什么不能做出更具有影响力的事情呢（一个反思与警醒 希望自己将来不要迷失 成为利润信徒 不忘初心（医疗改革路漫漫 行政的错怎么没人说
,"良心电影啊，演员都演得太好了，演出了一些赤裸裸的现实，疯狂打call,真的是很精彩，徐峥这次又让人眼前一亮，可以说非常成功了"
,既然贫富差距是必然的，劫富济贫也没什么不对。愚民需要狭隘的煽动，因为那是唯一的反抗方式。
,这么一部现实题材的类型片（对，不是现实主义电影），做到这个份儿上，只能给5星，岂止是超过了预期。你说这片儿的剧本有没有问题，有的，但是其中很多锅不该他背。这部电影的深度正好，再深的话，或者过不了审，或者过了审也没这么多人看。作为一部现实题材的类型片，药神是目前国产最佳。
,和舍友刚刚看完，正整部电影都很压抑，零星的几个笑点不能改变什么，黄毛死的时候那声巨响好像直接砸在胸口一样，太难受了。
,很感人，值得我们去看🙉
,他才二十岁，他想活着，他犯了什么罪？正版药，盗版药，能治病救人的就是真药，难道救死扶伤，治病救人也要看资本家的脸色吗？
,谁能想到《安魂曲》的导演能翻拍出这么符合国情的《达拉斯买家俱乐部》呢。看片过程一直在疑惑为什么会过审，片尾几排字一出来，完全ojbk，前朝事可说。
,太好看了，中国就应该拍这么好看的电影
,怎么看都觉得拍的一般……
,周一围是中国小栗旬吗？
,良药苦口。“为众人抱薪者， 不可使其冻毙于风雪。 为自由开路者，不可使其困顿于荆棘。”
,感受到了片方强烈的求生欲
,一直挺不喜欢徐峥的，这片儿被他的演技震了，还有王传君，真的太太棒了。各种意义上的感动，中国电影会越来越好。
湖北,现实残酷又冷漠，看着一向胆小怕事的神父在那里痛心疾首的大呼他们是骗子，而后被针对被打散，真是泪目了！现今来看这部片子振聋发聩 为弱势群体发声，影响和作用不小，再次感谢！
浙江,即使是人渣、打老婆、大男子主义做好事也能闪耀着人性的光辉。被抓的时候出乎意料又理所当然，谁能当很久的法外狂徒？但是还是很渴望转机。小眼镜和黄毛死了将情绪推向了高潮
广东,真实性，话题性，还蛮令人感动的
福建,泪目了，感觉很真实，一开始为了钱，后来为了避免坐牢，后来因为友情和良善之心义无反顾，生活质感。
江苏,很感动的电影，很有感触
广东,10分打给根据真实事件改编
北京,二刷，第一次是在电影院看的，这次重看观感上升太多，觉得比大多数韩国电影都要好很多。虽然沾了题材的光，但是编剧是功不可没了。前半部分挺俗套，后半部分开始发力，顺着题材的优势开始煽情，并让每个角色在悲剧到来时变得鲜活。程勇的人物形象在一次性格转折中也算是立住了。黄毛还有假药贩子在后半段的人物群像刻画里尤其之好，假药贩子在最后被抓前对程勇说的话为主旋律的故事情节里灌入了社会现实的残酷性。周一围作为主要角色对立面的身份发挥的空间并不是很大，可以说是一个遗憾。
广东,感人，真实！
湖南,《药神》的可怕之处在于，全剧没有一个真正意义上的坏人。
浙江,有笑点🈶️泪点，好看
山东,很现实
上海,好像是一个人看的，也不知道是和雯露在电影院看的。不想吃甲氨蝶呤。
江西,对于苦难者而言，一切关注与帮扶都是“神”，因为早已经历其他“人”的拒绝和漠视。
江苏,当时只敢在电影院看一遍，看完了以后出来还哭得稀里哗啦的，程勇不是药神，但他真的救了好多人的命，一个药贩子看多了生死，变成了一个有良心的人
河北,这么写实的作品已经很少了，希望以后还能有机会再多一些这么经典的作品
上海,记得准时缴医保
英国,电影院看的。感觉是内地不多见的好片
重庆,王传君真的演得好！徐峥可喜可悲，很不错。
江西,非常真实感人的电影，每个人都是自己的英雄，用自己有限的生命做自己认为对的事情也就不枉此生啦！
山西,给真实的人的，不是给这部电影的
上海,年初在家过年看了这部，以救人为出发点的犯罪到底是谁的错
山东,文牧野长片处女座/非常完美的剧本，具备吸引力（陆勇真实事件改编）、话题性（仿制药/法与情的亘古辩题）、有很强的演绎度（商业属性和价值属性），故事核和《辛德勒的名单》是一样的，文牧野在采访中也说自己把《辛德勒的名单》拉了十几遍/王千源角色之口：“这世上只有一种病，你永远也治不好，那就是穷病”现实主义的表达内核，你可以说它深层但其实很浅，更多的是情绪煽动，但贵在其对现实问题的反映/在萎靡不振的当代中国电影史上能排到前列，但就世界电影发展而言它离优秀还是很远，我会觉得很多接近优秀的中国电影都缺乏一种真正“严肃的表达”/《只要平凡》配乐很棒
广东,"讲述了药品代购者程勇为救女儿和无数癌症患者，从印度走私抗癌药物的故事。
"
北京,特别好，虽然有俗套化的剧情和表达，但是打破人性之恶最终进化成神的叙事会令人很感动。
安徽,好看的电影，每个人都为活着而努力，最后有点让人感觉就像这个世界让人很无奈
广东,这种类型的好片多拍点吧
江西,看哭好几次
安徽,补
河南,看得我眼泪哗哗直流，很能击中人心，也能直击社会痛点。
四川,看了几遍
陕西,小人物的悲惨
河南,这是一个真实故事改编的，他把人生中最基本的问题移除，简单直白，甚至于无情的方式放进了电影里，带给了观众生死都是选择，也是无可避免的选择，虽然打假药贩子，但是思考以后会发现这些事的发生符合人性。
辽宁,近些年令我眼前一新的国产电影
湖北,也是很小的时候看的嘞
陕西,补标
山东,前几天刷段视频刷到  今天有空再看一遍 
浙江,能成功上映这件事本身 就值得五颗星。王传君演得是真的可以 期待一下作品
吉林,很多年前看过一次，最近又二刷了一遍。希望以后我们的医疗条件可以越来越好吧
重庆,一般
广东,很反映现实，主角后期低价走私药品买给病人出于情，确实已成神值得众人的注目礼，从黄毛冲出去后就一直哭的稀里哗啦，就太苦啦，愿一切平安健康，God bless you.
浙江,看完这部电影就一个感受，希望天下安康。
江苏,一个根据真实事件改编的电影，还不错
湖北,据说是这一部真实事情而改编的电影，一直觉得徐铮是一位优秀的好演员。此部电影反应了社会、现实、人性的一些问题，生命漫长而又短暂，好好活着就是最大的奢侈，好好生活，保持善良。平凡并不可怕，拥有高贵的品格才是人最需要的东西，身处绝境也能绽放出最温暖的笑容。这部电影的题材与以往很多国产电影不同，我相信电影最后每一个落泪的人内心都有一份纯净。希望以后能多有这样类型的电影，传递正能量，去正视社会，也敲醒人性的真诚和理解。这个世界没有药神，也没有超级英雄，而是因为千千万万平凡如你我的小人物。
江西,泪点比较多，共情很多，理想和现实的交织，挺好的电影。
湖南,真是好片，几年前一个人去电影院看的，哭的稀里哗啦。豆瓣几百万人评分，还是9.0，实打实🐮
甘肃,看哭了  国产电影高分佳作，现实事件改编。当之无愧的经典 
河北,片子的题材很好，痛点、泪点、笑点都抓住了，演员的演技也好，让人跟着剧情代入了。
福建,国产电影高分佳作，现实事件改编，当之无愧的经典 。
黑龙江,真实的让人哭了
吉林,很真实的电影，也真的是看得悲从中来，生了病的平民真的好难啊！
河南,之前一直没看，知道电影很好，最近才补，确实不错。
上海,直面现实，发人深省
宁夏,不可多得的好电影 看了几遍了每次看完都还是会眼泪汪汪。
山东,中国电影里算是比较有内涵的一部。
天津,看完之后，很感慨，有些人为他人触犯了法律，舍己为人，希望天下好人长命百岁
吉林,前半部分喜剧色彩浓厚，特有的徐峥式的幽默让观众们笑声颇多，而影片的后半部分相反的，给人觉得太沉重了，浓厚的现实主义色彩不禁让人落泪。
北京,为什么人要生病啊……
浙江,看哭了
上海,感动亖我了，抗癌药的价格真的会拉垮一个家庭
青海,看了好几遍，现实题材的电影最能打动人心，期待有更多这样优秀的电影。
吉林,最后药神被带走在警车上 买过他的药的患者和家属在路上送他的那一幕 我真的看哭了 很真实 很反映现实
湖北,《我不是药神》它讲的不只是一个故事。它述说着现实的残酷，人与人，与事之间的矛盾。一个人的良知被扩大。
吉林,上映时看过的，印象很深，当时哭的不行。今天刷到推荐，进来给打个分，成熟的 有内容的电影值得高分。
浙江,当年在电影院哭的稀里哗啦，王传君真的很不错啊
浙江,一部具有很强镜头语言的作品。电影中经常出现的蓝色调的画面，为整部电影营造了一种阴郁、沉重的氛围。通过运用镜头语言，成功地表现出主角内心的挣扎和成长，同时也增强了影片的感染力。主题的深刻度不必多说，世界上只有一种病。
巴西,看看现在 觉得电影更悲哀了
江苏,本来想给4星，仔细一想国产电影近几年的惨淡，还是给了5星。算是我为数不多在影院看完觉得动容，回来再看依然会有情感共鸣的一部好电影。
上海,国内少有现实主义题材，并且拍的那么好，太难得了
四川,有时间能接受再好好看看，大概是初二看的，压抑到我了，难受，不耽搁我认为这是部好电影
宁夏,一种缺失声音的表达，这一点足以给高分
山东,补标
江苏,也算做了一桩好事
甘肃,有时情确实大于法，希望法律能更关注现实问题更人性化。
上海,人在疾病面前的无助和坚韧真的很动人，这就是人间啊😭
广东,8/10，那家伙给我哭得。
吉林,想活着有什么错呢
河北,/补分
天津,卖药的抬高价格是贪婪，买药的买不起药就举报是自私。即使是最大的病——穷病，也终归会越来越好。
上海,很感人的一部，具体有点忘了
浙江,神！
山东,其实很多东西是很难用单一的维度来衡量的，只是在现有的规则之上保证最大限度的公平公正和稳定。希望未来越来越好！太感人了
北京,单一角度
河北,他是人 也是神
浙江,电影院看的忘记评了，真的特别好看主题曲张杰张碧晨我也放在歌单里面循环了好久，看完后劲很大
江苏,“你打算卖多少钱？”“五百块一瓶”
上海,补/在电影院看的，回家后一周的睡前都在想这部电影。
云南,很大胆的题材
江苏,牛逼，引起了社会的广泛关注 真的很牛
浙江,最大的病是穷病
广东,当年看算是好的
广东,边看边哭，最怕这种真是改编
福建,难得的好电影。
辽宁,我想说的词唯有感动，不多说，好电影！！！
江西,我看了没什么感觉 一边看的朋友哭得稀里哗啦
广西,还可以，真实时事反映，特殊人群的人性反映，人物性格饱满
安徽,“不要神的光环 只要你的平凡” 平凡的过完一生 已经是人生的上成剧本了
江苏,真的，少点痛苦吧
重庆,今天无意听到了只要平凡，想起这部电影，补一个评分
澳大利亚,再看一遍，还是说这部国产电影真的很顶，看到最后很感动。
上海,尊守法律很重要，法律也不是死板的，会酌情考虑善良的人们所犯下的“错误”！但也是因为有了“程勇”，我们的社会才会越来越好。吃个橘子吧，多去了解社会的穷病
海南,挺好看的
湖南,封神了感觉，还记得当时看这部电影的时候哭的稀里哗啦的
辽宁,生存本来就是一起小概率事件，只不过我们都没有意识到自己如此幸运。在疾病面前，谁又能抢占什么先机呢…
黑龙江,非常好！
北京,太难了，好电影
上海,"愿世界变好，不是因为救世主而是因为追光者
那些朝着希望奔跑的美好生命"
广东,这世界上只有一种病，那就是穷病——《我不是药神》
江苏,看到一张张生病的脸，渴望着活下去，救命的药又那么贵，不是普通人能够长期负担的，所以当出现男主这样一个人，真的就是这些病者的救世主～
福建,这几年看过这么多电影，能记住的却不多，这部是其中一部，还是希望看到更贴近生活而不悬浮的电影，这部还是不错的。
广东,有点缺点 比如说像公益广告一样分了很多屏的病人的画面 一秒出戏..总体来说国产院线片很不错 加以社会影响力 赞赞
德国,文牧野真的厉害…好丝滑的叙事…让人的情绪可以在逐渐的累积的后合理的释放出来…还有黄毛演的真的是😭😭😭😭我哭死
上海,近年来当之无愧的最佳国产电影，节奏流畅浑然天成，每一处都设计得恰到好处。这世上只有一种病，那就是穷病，这种病治不好。
云南,这绝不只是一部电影
新疆,近年来最好的中国写实片
重庆,何其有幸，当年点映就观看了这部电影
内蒙古,几年前没看完的电影，这次终于看完了。就凭其现实主义风格，对医药改革的推动，五星没有问题
江苏,好电影
辽宁,补一下，看过
广东,真实且敢拍，没有无厘头的美化
河北,"以一部分的眼前的实际存在亟待解救的人命换取一大部分的长远的无形的同样重要的人命，二者都没什么要抨击的，无奈而已，只有靠时间来进步了。
又哭成了鼻涕一把。是很感人的、伟大的平凡人的故事。心情很复杂很沉重。电影本身不算完美，我愿给它四星半，国内很少有这样好的片子了。"
北京,影院看了两遍 大哭特哭
江西,家里有慢粒患者，特别感同身受
北京,值得二刷
黑龙江,任何东西阻碍人活着都要被打倒
北京,9-9.5
河北,2018年看过，拥有相同经历，给家人找印度替代靶向药
吉林,"-大一寒假 应该是
很感动"
山东,中国影史上会留名的片子
天津,和小傻狗看的
辽宁,后半段真的好感动！！！
山东,都说世界上只有一种病就是穷病，至少在这个电影里，有了钱好像能解决大部分问题，连我自己都想过，要是自己得了这种病直接自杀好了，何必倾家荡产苟活。但是谁不想活着呢…要是治病能便宜一点谁不想活着呢…心里很难受，无能为力。
辽宁,看过，最后的画面拍的非常好，推荐一下
重庆,国内近几年少有的好片，引起了社会的改变
山东,极为稀有的极具现实意义的21世纪大陆影片，可惜结局略显平庸。
上海,很久前看过，记得是一部现实主义悲情片，主题曲好听
浙江,感觉还不错 当时在影院看的 蛮感人的 最后坐车上那一幕
河南,当时去电影院看的，现实主义题材，很有现实意义，国家医疗报销也做出了很多努力，很多人受惠于此
福建,"看了有哭成傻逼。
演员都很眼熟，章宇在这儿还是很帅。
好片，是好片。"
江西,想一想未来，我老成了一堆旧纸钱，那时的儿子已是真正的男子汉，有个可爱的姑娘和他成了家。但愿他们，不要活得像我如此艰难。
北京,现实意义。
江苏,中国越来越不可能出现这样的电影
北京,类型片公式，动作戏想到林岭东，码头戏想到吴宇森，立意有待商榷
浙江,起初卖药为小家 之后卖药为大家 法虽大于情 但也会因情而有些许改变 只能希望国家越来越好了 人情大于金钱
河北,与达拉斯买家俱乐部不同的是，此片着眼于患病群体、走私药的人、查走私药的人情感关系的变化，而后者更着眼于主人公的个人行为，更符合中国审美
广东,从药贩子到药神的一步步都描绘得很好
广东,"“根据真实事件改编”是我最喜欢看的开头，因为真实，往往比虚构更复杂而丰富。
"
北京,人要有大格局大情怀
山东,不错的！挺好看的！平凡英雄最值得尊敬
浙江,看完这部电影感觉情绪很复杂，觉得世间并没有绝对的善恶，有时候法律和人情真的存在矛盾。从订药名单上的名字，到电脑屏幕上的病人，再到最后结尾处一张张真实的病人的面孔活生生地展现在我们眼前，我真的泪目了，那一刻的个人牺牲也变得值得了。我想，如果换作是我，我或许也会选择去做那个“药神”。虽然程勇犯了法，但他绝对是个善良的好人。
北京,记得是电影院看的，当时应该很澎湃吧。甚至思考医保和补充商业保险。
上海,很现实也很心酸
湖北,好看，爆哭
广东,总的来说，该影片有笑点有泪点，在苦笑中还给观众们带去一些思考。每个人物都充满着各自的特色与闪光点，比如陆勇，虽然一开始的形象糟糕，可他也有善心，仗义的时候。每个人虽然有不完美的地方，却也在为他人着想着。
广东,我居然哭了
江苏,除了绝就是绝。后面哭的稀里哗啦的。真的很有力量很有打动人心的穿透力。很好的一部作品
陕西,没有预想中的好，觉得评分有点虚高，而且镜头太晃了，搞得我看的时候有点急躁，不过这部电影最大的成功在于它真正地影响了社会现实，我觉得这才是最厉害的地方
内蒙古,电影剧情本身并不复杂，瑞士公司开发出来的药，在中国的价格远高于印度的仿制品价格，药效相似，于是等死的患者们便将求生的希望寄托在走私并贩卖印度药的男主程勇身上，一个中年危机的底层屌丝一跃成为病友们的救世主。
湖北,可以，值得一看
四川,蛮不错
云南,注意健康，努力赚钱
海南,勇哥真的是好人啊
天津,情绪到位
吉林,牛逼，引起了社会的广泛关注 真的很牛
上海,期待文牧野，商业片的典范。
广东,钱可以解决这世上99 %的事情，剩下的1 %也可以用钱缓解
吉林,神作
北京,神作就是推动了社会进步的影片
广东,唉 只要有钱没有什么病是治不好的
北京,这里王传君的演技惊艳到我了，那种无助，痛苦，想要活下去却买不起药的绝望，久久让人难以忘怀。
安徽,很小的时候和姐姐的朋友一起看的，他们都哭了，我也很感动。
广东,这世界只有一种病，那就是穷病。
浙江,世界上只有一种病 穷病
内蒙古,太好看啦！！！
山西,他们的精神值得弘扬，希望所有人都能远离病痛，身体安康❤️
浙江,永远的top1
四川,在电影院看的，演技都不错，这件事情本身带给人的反思性行为更重要
辽宁,虽然我对影片表达的观点不那么赞同，但这是部好片子，徐峥是有才华的。
湖南,很真实
湖北,第一次应该是在电影院看的 二刷 很有意义的电影
陕西,当年7月8日电影院看过   当年我还是经常一个人去电影院的
湖南,真的很棒55555555
江苏,很感动
安徽,"揭开了这么一群人背后的故事
药只是这个链子上的一个点，还有更多的无法揭开的故事
他们统称为弱势群体"
广东,世界上只有一种病，穷病，放在哪都合适。
河南,斗米恩升米仇，太有道德就会被道德绑架，但没有道德没有怜悯心啥也不是。
河北,好看好看好看好看好看好看好看好看好看
广西,不错
北京,补标
北京,🙏
广东,2019年看的？改变中国法律的一部电影，当年票房轰动。真的很感人啊，徐峥靠这部电影可以封神吃一辈子。希望中国以后的导演都能多拍这些有深度和切及人民群众利益的电影。
黑龙江,Dying To Survive
河北,我不做任何评价  但是我的朋友说这是他近年来看的算得上好的电影了
湖北,现在这电影怕是上映不了了吧。
江苏,高估了
江苏,好看(♥∀♥)
湖南,真正的恐怖片
浙江,五星好评
捷克,缺点和优点一样简单清晰典型 够了
广东,不用说了
内蒙古,只能说普通人真的很难
,"王传君所有不被外人理解的坚持，都在这一刻得到了完美释放。他不是关谷神奇，他是王传君。
你看，即使依旧烂片如云，只要还有哪怕极少的人坚持，中国影视也终于还是从中生出了茁壮的根。
我不是药神，治不好这世界。但能改变一点，总归是会好的。"
,这不是“中国版《达拉斯买家俱乐部》”，这是中国的真实事件改编的中国电影，是属于我们自己的电影，不知道就去百度一下“陆勇”。
,小时候路过一家药店，门口的对联写着“只愿世间无疾病，何愁架上药染尘”
,放在豆瓣语境下，是部时至今日终于拍出来的国产“高分韩国电影”。拿现实题材拍商业类型片，社会意义摆在那，群戏也处理得相当不错。对我们国家而言，这样的电影多一部是一部，走一步是一步。
,文牧野眼睛太毒了，观众的笑点、泪点、痛点被他牢牢抓住，徐峥现在不拼演技开始掏心炸肺放脱自我了，药物在中国绝对是个“不可说”，但这个电影说了它能说的，也不显山不漏水的说了它所不能说的，讲的是现实，但看过电影之后才会明白其实是超现实，2018最佳!
,最大的病，其实是穷病。真的被感动了，整体都很成熟，也有些许韩片的影子。几个演员表演都非常出色。可看性和内在的表达都不错。这个世界最荒诞在于，越贴近真实，真实越荒诞。人这一生，太不易了。最后，王传君，加油哦！
,你的一个举动可能会改变别人的一生，酒吧领班从此爱上了钢管舞。
,看了一下差评，基本是自诩为独立专业的几个影评人给的吧，果然又要说电影语言，商业媚俗之类，固然把这个题材拍成侯孝贤、蔡明亮那样，影评人会有高潮，但你们其实喜欢的是影院里就坐着你们两三个人那种感觉不是吗？没有这种电影，电影人在时代急速抛弃弱势群体的巨变中，就是完全失语的。
,人生建议：别买零食，吃不下的。
,“今后都会越来越好吧，希望这一天早点来”口罩成为符号，不是雾霾，而是人性的仪式，结尾竟然看到《辛德勒名单》一样的救赎。通俗感人，上海电影节首映哭倒一片，基于真实事件改编的社会意义加分，或许《我不是药神》之于中国，就像《摔跤吧爸爸》之于印度吧…能看到就不错。“其实只有一种病：穷病”
,我就是想实名表扬一下王传君，内地青年演员里竟然也有这种会演戏并且很卖力的实力派演员，这要是搁在好莱坞，他能拿下一座奥斯卡最佳男配。像这样的现实主义题材电影，如果编剧不是韩家女，它可能连拍摄许可证都拿不到，过审更没戏，它在国内的审查制度下没有可复制性，像这样的电影，且看且珍惜吧！
,不涂彩不抹粉不抛光，近年来少见的现实主义力作。更可贵的是，清清楚楚地写中国的事，写印度的事，清清楚楚地表明这是上海，车牌上大大方方印着沪，而现在很多电影已经愈发架空现实了。战争题材写到恐怖分子得虚构一个不存在的国家，犯罪题材得虚构一个不存在的城市。《药神》为中国现实主义挽回尊严。
,炸裂，哭成狗，从观影体验上看，比达拉斯买家俱乐部好，之间隔了差不多五个《动物世界》，导演处女作就这完成度，只能说剧本实在太好。我爸爸也是药神的受益者之一，否则我应该房子也没了。感谢他们🙏。
,它远远不够好，但是对于现在的中国电影市场来说，它又好得要命。
,虽不算完美，有些国产片的小毛病，但牛逼在于华语片环境下这个故事和题材，以及所有的演员。敏感的社会话题，法外义侠的设定，对现实的反衬，对制度的思考，群戏太棒。徐峥和宁浩，在《无人区》之后又一次探明了审查的底线，还有这个类型片的价值，对于华语片意义重大
,电影能做到的好，这部电影都做到了。剩下的是这个时代不让它更好。在我们刚刚经历过的时代巨变洪流之中，有无数这样的小人物在时代洪流中艰难生存着，同时在竭力不丢失他们的灵魂。终于有这样一部电影，让我们能够看到时代，看到善意，看到希望。希望这部电影也能被这个时代善待。
,无法想象下一部这样的电影会是什么题材、能是什么题材，感觉就像是领受了上头扔下来的一根肉骨头一样。王传君真的太好了，周一围最后靠在车上等人的那一幕帅得我愿意为他入狱三年……
,我一直以为牧师是金士杰演的哈哈哈哈哈哈竟然不是
,特效是真实人性，特技是上映成功。
,        祝贺学院硕士毕业生文牧野出手不凡，导演了这样一部扎实、感人、有见地的处女作！看片中常在想：在疾病、死亡面前，一些常规的道义、是非怎么都成了反意？先人说过“合情合理才是好法。”那么实践证明已经不合情理的法律规章就应该改掉它！直面现实，促人思索，这样的作品值得夸赞！
,为一句“谁家还没个病人”泪流满面 感叹生命在“穷病”面前无药可救 感慨中国终于有了属于我们自己的有力量的电影 所有演员都非常出色 近年最好的群像表演 请记住这些电影人 宁浩 文牧野 徐峥 周一围 王传君 谭卓 章宇 杨新铭 王砚辉 咱们电影还是有希望的 愿中国的电影越来越好 谢谢
,“他才20岁，想活命有什么罪”
,懦弱、贪财、甚至家暴的小人物，最后却咬着牙把善事做到底——其实大部分人都是这样，即非至纯至善，也非穷凶极恶，但是看见了，没办法假装没看见。
,从剧作摄影到导演技巧都堪称典型的电影学院风格，不过组了个酷似初代复联的队伍也是蛮有趣的。徐峥和王传君大概要横扫各种表演奖了。这个片子能过审已是不易，有些剧作合理性，具体导演手法和意识形态面向上的问题也就不太好去苛求了。想一想觉得还是值得为这部片吹一波的。
,好电影
,最喜欢王传君的表演啊，几乎所有泪点都给他了！！而他曾经的同伴们，下月继续拿《爱情公寓》电影版面对观众。这个圈子里还是有不爱赚快钱的年轻演员，真好。
,贴身移动镜头跟拍，强化了写实风格。镜头调度尽量隐藏在人物运动和情节的背后，看上去似乎没什么风格，无非是中近景的对话正反打，加偶尔摇一下，事实上，镜头的跟进、位置、角度和细微运动都很严谨，与影片的现实感非常契合。一个藏着拍的导演。
,病是一种罪，上帝也不能赦免；穷是一种病，药神也无法医治。思慧把脱掉的衣服一件件穿上，黄毛把留长的头发一寸寸剪下，程勇把缺口补上，受益把口罩摘下。法和情谁上谁下，命和钱谁上谁下，灾厄的红药水抹到谁的头顶，侥幸的救世主降到何方人间。许多人终其一生都在寻一种药，没药的世界我们能不能活？
,"《我不是药神》看到后半段，纽太普疯狂地啜泣起来，声音超大，以至于前后左右都开始看我们。
情急之下，我从裤子口袋里拉出一个口罩帮他戴上。顿时大家露出了了然又理解的表情。"
,怎么不能拿《达拉斯买家俱乐部》说事了？同样的题材，人家对人性挖掘地多好，我们只会煽情。
,我认识一位姑娘，曾只身赴印度买仿药；也听闻不少病人，因药价太高而放弃治疗，并很快去世。本片短板很明显，甚至粗糙，但感谢让更多人关注到这个群体。虽有个光明的结尾，但不应一味强化药厂和患者之间的矛盾，尤其现实是零关税下药价未降，药进医保却因限药而买不到药，但愿一切都不只是粉饰太平。
,连群演老太太都猛戳我泪点，以后再也不能吹自己泪点高了
,比较反感这类戴着批判现实主义帽子的电影却使用了大量讨好大众的商业片常用媚俗技巧（重点表现在笑点与哭点的有意设计），剧作方面最大的问题是徐峥的转变缺乏说服力缺乏震撼力度，人性恶看不到，人性善很牵强。2.5
,哭哭 无法想象我活在一个陈赫比王传君火的世界
,希望这片子更快冲向高票房，驱动资本转向优质现实主义题材。
,怎么过的审？甚至我公安机关的大Boss在片中都是一个略负面的角色。如果此片叫好又叫座，各路资本一拥而上带火了社会现实电影，广电总局会不会再举屠刀啊
,年度最佳预定，旁边座的姑娘哭的都抽抽了，忍不住递过去一张纸巾。怪不得王传君不愿意去掺和爱情公寓电影，有这样的电影演谁要去演抄袭剧？配角个个出彩，真实可感的平凡人已经在这个大银幕上消失太久了。
,从“中年油腻渣男困顿潦倒之际找到契机实现人生灵魂的升华”这个角度，只想给一星；从“中国病患困苦于医疗制度吃药难要么倾家荡产高昂天价购买进口药要么被禁止买仿制药只得等死”这个反映和揭露现实角度，真想给五星。
,一会逗你笑，一会又让你哭。王传君吃火锅最后面对徐峥那段：由嬉皮笑脸到嘴角抽搐再到心碎无奈推门而出，微表情拿捏到位，太好了。
,微妙地在谄媚审查机制和迎合市场需求间取得平衡。看似蜻蜓点水地在法理与人情之间徘徊着作了一番试探性反思，却无比精明地把通过对政府（结尾法制宣传）和主角（“神性”的被赋予）这两极所本该承受的无论社会的、道义上的道德指责一股脑儿地推给大资本，是取巧的推卸责任行为。
,这部“社会现实主义商业类型片”既成功撩动了广大民众情绪，又释放了各阶层的生存焦虑，浓得像一团炸药，各处开花，飞火流星，把弱者包围，将强者笼罩。药神和战狼一样，都属于这个时代的超级英雄，不知不觉为沉默的大多数代言。
,影片风格上有着文牧野一贯的克制和冷静，以及他明确的诉求，我不觉得像韩影，本质上是一种属于中国的本土的电影(可能徐峥偏爱韩影和港片)。剧作上，把研发药的原创公司做成反派，把政府形象做正的处理使得反派模糊化了，这种商业化的处理应该和宁浩有关，也应该是目前审查上最大的尺度了。文牧野成了。
,带着浓浓的宁浩味，胜在题材，和徐峥。“世界上只有一种病，穷病，穷病救不了的”，直白的说到了痛处。一边卖药赚钱，一边拿钱买命，一切法和理，都在“活着”面前脱得赤条条。最后那段话为过审的目的明显，实际上格列卫尽管被列入部分地区的医保，却是有条件的，实际情况哪是这么一句能总结的。
,“送出去挺好的，将来比咱们有出息”，结合全片看这句台词会非常有意思。前半段刻意营造的笑料过多，同时使得整部片的意旨变得暧昧不清，而原型人物的重量和意义也被那一个个太过戏剧性（和喜剧性）的情节所无形消解。以及，在这个首尾都需要字幕进行“立场矫正”的环境下，还是别类比《达拉斯》了吧。
,可别吹了，有陆勇案这么好的原型故事做底子却拍成了超长春晚小品，先来段子笑料堆砌后催泪煽情。沾了题材的光，其实没什么货真价实的东西，人物的转折和情节设计的功能性和指向性也非常套路，故事讲得都差强人意，更遑论社会批判了。借赵本山的小品说，真没要啥自行车，看看报道可不好笑且远比这有启发
,这个电影让我躲入人群中合理流泪。
,嗯不知道是该高兴还是失望，中国（全亚洲都)在向韩国看齐拍所谓改变国家的狂煽情样板戏，故事写的不错，但总觉得它们不是电影。
,有人说冲着敢拍这个社会题材就要好评。我觉得是很纯熟的商业片模式，该哭的地方哭，并没有意外。最后剧情失控了，往假大空的路上越走越远……
,有点像“达拉斯买家俱乐部”，宁浩还附体了一段，不过导演借鉴消化吸收的能力很强。中国需要有这样的电影去反映现实，以后才会有改变现实的电影。“正版药进医保了”，喜欢这句话~
,C/本质是回避体制分析的个人英雄主义抒情，但又可通过全球化对位来映射分化的国内阶层。与其说是对商业道德的歌颂不如说是一次对市场和调控都完全无法拯救的社会绝境乐观且粗糙的描绘。大资本与律法的刻画都还是太程式化，光靠正面力量的情感支撑显然不够。越到后半程剧作推着走的痕迹就越重。
,"这九分并不是针对这部电影的基本创作，而在于它的题材，表现的社会现实意义大过了电影里的其他东西..
拍成这样，7.0 over"
,没想到啊你个春光灿烂猪八戒，有两把刷子啊
,年代感还算不错，挑点错吧：2002年4月26日（锦旗上日期）之前是不存在QQ群的；2003年百度还没有熊掌logo。
,虽然最后一幕让我想起还珠格格二劫法场，还是哭了。
,个人推动改革的一个好故事。归根结底，制药公司不应该做救世主，执法人员不应该做救世主，普通人就更不应该做救世主。救世主是谁？国家啊。得靠健全的医保制度。
,需要多少滑稽和猥琐才能讲一个高尚的故事，需要多少眼泪和亲情的糖衣才能吐一口反对的唾沫，需要多少条命多少升血才能论证救赎的必要意义？别问我对这个电影的看法，这特么哪是电影能聊的出来的？
,程勇的脸像七月的天说变就变，人物行为逻辑全没毛病就是最大的逻辑毛病，和张院士干架那场戏完全就是胡来，正反派说唱脸谱，药价贵药价贵药价为嘛贵？洞悉人性拉倒吧，“谁家没个病人啊”昭然若揭，利用同理心搞场社会宣泄罢了。影像更别提。
,3.5；题材制胜，不无煽情仍是动人，“长的是磨难短的是人生”贫穷是无法医治的病，资本社会里情义无法开出希望的空头支票，底层蝼蚁的微茫呐喊虽无异于蚍蜉撼树，但透过这微光或许还有挣扎的可能；从浑噩到清醒，并无神祇降临，唯有自救自渡，尺度拿捏准确，戏剧层面的现实视野，太需要这样的国产片。
,国产片的闪光之作，当然现实生活依然很残酷。里面最不舒服的地方就是药贩徐峥洗手不干的时候，白血病人对他的道德绑架。如果不是为了赚钱，帮忙搞到药是情份，不帮是本分，干嘛一个两个都好像欠了他们一样。你要死了，就无所谓也搭进去别人的人生？所以全程无泪点，结尾有小感动。徐峥戏真是好。
,《我不是药神》值得完整五星，叙事，表演，节奏，镜头都是年度最佳，唯一的短板可能就是树了正版药厂这个假敌人，但是国产电影嘛，也要理解，不算主动做恶，只能算被动装傻。徐峥真的厉害，小奸大勇，脸上都能看到一点宋康昊的影子了（不是说肥），王传君周一围都很好，这样的电影票房好，让人充满希望
,被导演直接拿剧情糊在了脸上，观感就像是张院长在台上滔滔不绝地介绍德国格列宁。
,看的时候记得带好纸巾[捂脸]我觉得不论这部片拍摄手法如何艺术价值多高，这种题材的电影能够过审就是很大的进步了。韩国能够凭借《熔炉》改变国家的法律，一部好的现实题材的电影的意义可能会远远高于作品本身。希望大家都去支持一下优秀国产片的票房🙏
,好看是料到了，没想到拍得如此朴素、扎实、流畅。文牧野是个实干派导演，他没打算要一部神作，就本本分分讲个好故事。正因如此，它对现实的关怀才显得周到、细心、准确。徐峥奉献了宋康昊级别的演出。
,改编改变了主人公身份，加了戏剧冲突，以此升华主角使其变得崇高，体现情理和法理的二律背反主题。可毛病不少：脱口罩礼赞加夹道欢送，这是什么待遇？有造神嫌疑；特写多，摇镜粗暴，艺术性差，由此剧情显得非常扎眼，易被认为在绑架观众。但演员出色，感情细腻，加上题材缘故，还是给个中评吧。
,看《我不是药神》时的我：😀😃😄😁😆😂😢😭🤭😞😢😢😭😭😍（😍给结尾的周一围） 如果这个暑期档爆且只爆一个片子 我希望并相信会是这部 更希望未来能有更多此类型的电影上映 代表我自己宣布此片提前锁定年度最佳了 
,所有的批评、思考、讨论，都应该建立在这已经是一部勇敢、积极、努力过了的电影，而且成色很不错。看看结出什么样的果，至少得想想这是什么样的土壤。导演的成熟之处，不在于在一部电影里呈现了自己的全部能量，而是呈现了自己的选择，并把选择做到了最好，那就对得起自己了。
,改编自著名的陆勇案，医改前国人对医药问题的漠视，合理求生欲在法律面前的抗争。在还原了事件原型之余，加入了群戏和戏剧张力，落脚于伦理与法律的博弈。尽管弱化了诉讼的过程，但已经构成了对生命的敬畏。黄毛彭浩是宁浩致敬自己《疯狂的赛车》的黄毛耿浩吗？
,我们终于成功学会了韩国某种现实题材类型片讲故事的方式。这个反映现实的片子好看，却又并没有触及什么现实。它给徐峥、周一围包括牧师所设定的若干道德两难命题，流于表面，并不复杂和纠结，至少没揪起我作为一个观众的心。中国观众需要《药神》这样好看的电影，但这样的电影绝不能止于好看而已。【华纳永润】
,非常赞同的一句话—“不能因为题材好，就可以无视其他的都给高分吧”
,显而易见的，并不是一部多么出众的电影，却也是一部值得些许尊重的电影。
,很好的题材和故事原型，可惜处理的太飘了。主线故事不够扎实流畅，人物转变突兀没有说服力，支线乱加戏，过于热衷添设煽情催泪戏码。
,8.5，给五星以资鼓励。每个人都演技在线，演思慧的女演员在暴裂无声里演哑巴的老婆，演得真的很好，心目中的今年国产片前二竟然都有她。
,可以说达到了韩国社会问题片的水准，与其跟《达拉斯买家俱乐部》对比，倒不如跟《辩护人》、《熔炉》对比，相似点更多。当然也有韩国电影一样用力过猛、煽情太过的毛病，比如最后病人自发来到马路边送行。但整体还是让人惊喜，希望这样的电影越来越多。
,非常拧巴的片子，讲了个有价值的现实故事，但每个元素又都不对：最根本的郑筱萸和高额关税两个真靶子，被医药公司和公安局局长给顶锅了；程勇有陆勇的原型，可陆勇本身又早被利益腐蚀掉了；假药骗子张院长活灵活现，生活中这些人又没有得到惩罚……种种红线把这片子拴得死死的，结出一个心酸的怪胎。
,真是动人！完全没想到这么好看，哭成狗了。也是罕见地在影院里没看到有人刷手机。希望徐峥能拿影帝。
,表面说的是药，深层说的是命。药能治病，命却不由自主，这是影片锲入中国现实的关键，也是引发大众共鸣的核心。盛世危言，却让人能看到希望，仅此一点，就足以让人忽略因商业和审查做出的种种妥协。它不完美，但是中国电影应该努力的方向。
,真是一部让人痛苦的电影，看得人不想说话，只想流泪。
,故事很流畅。这个电影非常糟糕的地方在于，只呈现了事实的A面，道德倾向太过明显，把正版药生产厂家塑造成无良商人。事实的B面是，研发一种药物，需要几十年的时间和几十亿美元的研发资金，消耗了无数科研人员半生心血，并且专利只有二十年。如果在二十年内收不回成本，就没有人愿意研发新药物。仿制药对个体有利，但损害的是社会总体利益，以及未来病人的利益。想活着没有错，我们都想活着，但作为一个影响范围很广的电影，没必要把生而为人的艰难，都怪在一个群体头上，这是误导观众。可以类比弗里德曼提出的问题：“老太太交不上暖气费，天然气公司是否应该停止为她供暖？”学生说不应该，因为老太太很可怜，天然气公司不可以这么无情。弗里德曼说应该停，学生问：“那难道就让老太太冻死吗？”弗里德曼回答：“你怪错人了。”
,昨晚看完，现在想想还是很激动，我在想，如果我是一名白血病患者，会怎样？我想也会期待那样的一个药神出现。影片结束后，所有观众自发的鼓掌，这是我观影这么多年寥寥几次。所有演员在线，连群演都大妈都让人泪奔。一个开头笑最后哭的片子，预测年度前三！
,这样难得有态度、立场、尊严的电影，是需要有观众情绪足够的累积呼应，才能产生完整能量核的。这甚至与票房无关，票房只是结果。韩国的社运片可以屡破纪录，中国观众没有理由比他们差。
,我就问药企的研发费用谁买单？市场经济这么多年了，商人还是地主周扒皮嘴脸，都晓得吃饭不能搞人民公社大锅饭，吃药就一定要全民AA？谁不同情病人，谁不担心自己没有药，谁不渴望延续生命？但不代表这病人所得到的救赎就真的那么理所应当。
,国内大银幕少有的现实题材，但是可能是被剧透了，期待值爆炸，所以有一点点点点遗憾，但是每个老师的表演都超级无敌棒！值得学习！
,对结局稍有失望和遗憾，如果导演在男主被关押上车后街上病人行注目礼黑屏戛然而止显然会更加真实，更加引人深思。只可惜后面又多了几秒呵呵，有时候，我们需要等待社会进步，福利越来越好，但是有些生命已经等不起了，这个残酷的问题丢给了观众，我渴望着一个答案。优秀的反思现实的国产片但是分数虚高
,3.5，上海买家俱乐部。整体还不错，前半段展开分寸拿捏的可以，后面过度煽情了，几乎五六分钟就要来一段情感宣泄，用台词对主题的不断强调也显得重复。最后十里长街送药神的配乐也太主旋律了。感觉作者后面没沉住气，急切地想把所有话都说出来。
,极不舒服的“现实&#34;消费，比🚕还恶劣。
,哭且服了。都在纠结批判得对不对，“现实”掺了多少假，偏偏忘了首先作为电影，它拍得好。伪现实和小批判有主客观因素引致，但是毛病就是毛病，不管从哪来，都在扣掉的一星里了。可没关系，它根本的价值既不在于现实意义，也不需要籍此加冕，而是关于如何去定义一个好人，和善良的意义——这是最大的意义。→12.1二刷。
,全方位通俗且教科书，符合主流国内观众观影水准式的改编，这样的题材和最后的呈现能做到这样，非常值得尊敬，但整体艺术水准不如《嘉年华》！
,徐峥从小人物到救世主被拔得有点太急太高了，最后煽情让我憋眼泪憋得头疼，有几个场面过于戏剧化，不过都可以理解，依然值得鼓励。
,几处过度的感情渲染和最后字幕、车里对话所显示的“求生欲”，并不妨碍这部电影的优秀。要放在一水国产电影里评价的话，光取材就可以打满星。
,不喜欢后半截。啥时才可以别为理所应当的事情歌功颂德、痛哭流涕？啥时候才可以别要求别人具备社会身份（本片中是商人）以上的道德？啥时候才可以别牺牲了无数人，才给自己一句“时代进步总有代价、知错能改就是好的”？
,几乎零差错的优秀商业电影，完全符合一部出色商业片的所有布局。徐峥奉献了一次能拿奖到手软的表演，几个配角的塑造的也相当成功，有血有肉，煽情也恰到好处。开头便直接用字幕告诉你取材于真实事件，加之病魔缠身后那种无力又痛楚的压迫感，真的很容易让观众产生同理心，所以电影口碑爆棚也不奇怪。
,看到两股势力的交锋，却没看到锋芒下的冒险精神，题材本身所具有的深度在迫击炮般的泪点轰击下被冲淡不少，更何况此中个人神化的倾向性太过乖张，虽能一语中的指出诟病所在，但这样的蜻蜓点水无论从哪个角度看都像极一场模式化的兜售，权衡和融合后本质也仍是求稳心理，但这不能怪创作者，大环境如此。
,好看的电影无非三种：极爽，极美，极有共鸣。人人都怕老病死，人人都怕上下为难的中年，人人都有为谋生计不得不做的事情，人人亦都向往真与善……是这些时刻集中起来让煽情的中年油腻英雄不那么脱离现实。瑕不掩瑜，从长远来看，也许它是一部可以和《熔炉》相提并论的电影。
,非寻常视野里的上海
,能在大屏幕上看到这种题材的中国电影，本身就是一种进步。
,把一点恻隐之心，都留给这部电影。
,永远治不好的穷病
,谭卓有点郝蕾的意思。
,在此之前，我们只有改变电影的国家；在此之后，也许我们也可以有改变国家的电影。希望这一天早点到来。
,一部能让中国电影人挺起腰杆的电影。推荐每位学法律的同仁都去看看，对我们的职业一定会有更丰富深刻的理解。
,“有一种病你救不了，就是穷病。” —— 底层立场的非典型国产片，而且还有几秒钟触碰到问题的实质。
,完全没想到这么好看，哭了。
,已经很不错了。现实肯定比电影复杂，之前看过的一些根据真人真事改编的电影，其现实往往比电影表现的要黑暗得多（比如《无人知晓》）。但我想我们不能因为现实的复杂而去否定电影的“单纯”。从某种程度上讲，这也是电影存在的意义。这部电影能够激发大家关于进口药的讨论，也是好事。
,非常催泪的电影，很久没有看过这样好好讲故事的国产现实题材电影了。“他们只想活着，有什么错呢”，被徐峥、章宇、王传君、杨新鸣、谭卓和老奶奶感动得一塌糊涂。
,实属国产佳作，但不至于被捧上神坛。富有争议的题材，出色的表演，真实事件改编，可惜不能还原幕后真实利益关系，迫于需要过审，只能脸谱化谄媚处理，后半段煽情技法非常奏效，但缺乏电影的高级感。这样的题材可以过审，而且排片可以像商业大片一样如此密集，实属不易。
,看的点映。面对法理与情理之间的冲突。药贩程勇给出了自己的答案，警察曹斌给出了自己的答案，众多白血病患者也给出了自己的答案。虽然这部电影不像《素媛》和《熔炉》那样推动了法律的改革。但是用电影记录下我国在医疗改革的过程中发生的故事也是有意义的。
,“他有什么罪啊，他只是想活而已！”很难的，能在国内影院看见这类片的上映。感恩，祝福。
,《达拉斯》混《辛德勒》，国内少有的现实主义题材佳作，难能可贵为弱势群体发声。剧作标准朴素，具有一定批判性的同时也找到了尺度上的分寸，在伦理道德与社会制度的冲突之间传递人性之善，不仅对电影产业有益，也具备社会关怀的价值，当下环境太缺这种作品了。四星水准，再送上创作者的一星鼓励。
,好。但是从2002到2018，又是多少生命和家庭。
,全方位通俗且教科书，符合主流国内观众观影水准式的改编，这样的题材和最后的呈现能做到这样，非常值得尊敬，但整体艺术水准不如《嘉年华》！
,真的不错哦，直到结尾都不错，个人愿意再看一遍。但实话讲，并不觉得这是中国电影的进步，也不是什么制度的进步，至多是化用其他电影创意的方式的进步。其中比较露骨没藏好的地方，比如结尾对辩护人毫无节制的“索取”，让人瞬间失去共情的动力。中国缺故事吗？显然不缺，但始终还是缺一点“大聪明”。
,看得我大哭一场。这只能说明导演很会煽情，而且真是学到了好莱坞精于算计那一套，敏锐地抓到一个（过时的）现实题材，毫不手软地捞一笔。当然眼泪不全是被动的，看到故事背景里那么多无处伸张的社会不公，非常痛切地意识到指望一部电影或者一个被编剧塑造的良心发现的商人来改变一切，是多么的轻易和可笑。
,光是挑战这种题材的勇气，就值得打五星
,我承认，我犯法了，无论怎么判决，我没有异议。我只希望，未来这个社会可以变的更好一点。
,不喜欢后半截。啥时才可以别为理所应当的事情歌功颂德、痛哭流涕？啥时候才可以别要求别人具备社会身份（本片中是商人）以上的道德？啥时候才可以别牺牲了无数人，才给自己一句“时代进步总有代价、知错能改就是好的”？
,谁标记的达拉斯啊？这是真实事件改编的，分的清哪个在前哪个是在后吗？还有个别品味高贵冷艳还要diss他人观影口味的，黑也要有点水准吧，我们那场实打实的抽泣声一片，要讨厌请代表你个人，别弄得好像爱看的人才是另类。
,看到两股势力的交锋，却没看到锋芒下的冒险精神，题材本身所具有的深度在迫击炮般的泪点轰击下被冲淡不少，更何况此中个人神化的倾向性太过乖张，虽能一语中的指出诟病所在，但这样的蜻蜓点水无论从哪个角度看都像极一场模式化的兜售，权衡和融合后本质也仍是求稳心理，但这不能怪创作者，大环境如此。
,徐峥渐渐宋康昊化了，照这个趋势，影帝是跑不了的。恭喜徐峥。不过，制药公司定这么高的价格，真没毛病，药物的研发成本极高，如果不保护产权帮助制药公司收回成本。那请问，新的药谁去研发？医药行业还要不要进步？  
,张长林落网后，被各种逼供，始终也没有供出程勇。当然不能证明他是好人，但就觉得，人总会对伟大的人抱有一丝敬佩
,谭卓有点郝蕾的意思。
,我更喜欢原型故事。
,和谐版的《辛德勒的名单》。
,根据现实事件改编，一部非常具有现实意义的电影。如果有机会，谁会不想活下去。演员的演技都挺在线的，哭戏和情绪爆发的戏份很有感染力。这部电影让我知道了一个不曾了解过的群体，也让我看到了一些进步，不仅仅是电影。
,有故事，有技术，有意义，这特马才叫电影，一部能把人看哭的喜剧电影。前半段绝壁是宁浩指导！……还有，做坏事会下地狱的！
,用徐峥惊人溢出式的演技港一句“天啊怎么会有这么媚俗的套路”，整个片子分裂得很怪异，前半段依然刹不住车的“囧式”路数，后半段混杂了努力想要达成的现实主义和煽情套路，总之令人非常难过，反感的那种。黄毛火锅那段戏倒是有些意外动人。说国版达拉斯那个自己真的不尴尬么？就，祝票房大卖吧。
,热评导致没哭的我感觉自己是不是反社会…
,徐峥要横扫影帝大奖。
,电影将“陆勇案”进行了戏剧化改编，把主角的身份由病人改编成商人（这一改编对整个故事架构、人物设定造成很大影响），并以男女老青各种阶级身份的病人、家属作为配角，展现了病人弱势群体众生相。将大医药厂商代表立为反派（迎合国情？）。在中国电影创作环境下，本片确实为难得的关注现实题材的力作。编、导、演整体不错，但也不够突出，仍有不少套路与瑕疵。不时出现的喜剧元素减少了苦难煽情成分，但也削弱了稳重的现实风格。警察角色不够立体，其表达出的善意缺乏动机。结尾为过审而“正能量”的风格也让人遗憾。演员表演和剧本的深度、完成度与《达拉斯买家俱乐部》以及诸多韩片现实题材电影相比尚有差距。值得鼓励，但不值得过誉
,看的点映，是好电影，感觉是中国版的达拉斯买家俱乐部。开篇宁浩徐峥的名字配上印度神曲让我以为是喜剧，后来发现是社会现实题材，在完全没有心理建设的情况下好几次被触动得眼眶发红。演员表现都很不错。后期一直在思考，法律和道德哪里才是平衡点呢？
,"为众人抱薪者,不可使其扼于风雪"
,可能人们离现实太远了，看到一个和现实稍微沾点边的电影就全民狂欢了。。这就是一个普通的商业电影，病态的电影市场
,第一次看点映，非常震撼的好片子！国产电影终于也可以不逃避现实问题了，情节、转折、人物处理得都非常到位！徐峥演技炸裂，几个配角闪闪发光。等上映之后可以二刷！
,达拉斯粉激情打分~
,四星半。讲的是过去的故事，但当然也会是一种投射，一种聚焦。在过去的影像时空里，角色讲着相信会更好，会让人下意识地立即着眼于另一个时空，相同的地域，不同的时间，类似的困苦、愤恨与折磨。但终究，还是要相信会更好吧。最终当然是要回归的，但前面完成的表达已经足够。
,好看的部分，太久没看到这种真实了！生活环境是真实的，情绪是真实的，困境也是真实的，甚至女主角是一个真实的上了年纪的美女，有真实的皱纹！真实才能带来沉浸体验。不好看的部分，就是唯一看出人工痕迹的地方，道德审判太明显，限制了更多的角度。
,韩式思路印式煽情的本土化达拉斯买家俱乐部
,看了点映，也看了好多评论，真的是很激动也很幸运能和很多人一起有同感想要点赞，能看到这么好的电影，真的是各位老师们的共同努力！徐峥、王传君还有周一围，演技真的杠杠的，一下将人拉进去剧情中！！！期待上映后的再度光临~
,在印度，烟雾中遇到神像那段非常地神来之笔了。然后就是一边感觉结尾的升华煽情有点太过，一边看到路边人群中吕受益和黄毛摘下口罩的脸就想哭。
,"看完原型人物陆勇当年的报道，其中一句话又让我想哭。曾受益于代购药的病患帮陆勇求情，在电话里用颤音说：「我的生活低下一点不要紧，我不是要生活得很好很好，我是要求生。」

我没有直面过疾病，但我通过电影所感受到的绝望已经让我无法承受了，虽然这种隔着屏幕的同感可能只是真实世界的十分之一"
,如果有一天这部电影票房超过了《战狼2》，中国电影就成了。
,"这几年有那么多正面导向的新闻报道，希望大家去关注医改药改、关注伤残病弱群体，其实都不如这样一部脍炙人口的电影来得更有效果。
《我不是药神》的成功，算是偶然中的必然。"
,演的扎实，拍的用心，很不错的国产类型片。前半部分比较爽快，后面有点墨迹，有煽情嫌疑，但不让人反感，本来就是个感人的故事，人间少有的真情在。
,如果无法直面事实 那又该怎样描述真实？我很难过 我们不肯反诘制度 只愿意赞颂良心。
,看完电影出了影院，马上给在保险公司的朋友去了电话，第一次主动想为自己多备点安全感。
,想对勇哥说，你就是药神。
,应该是2018年最爆炸的话题电影。直面中国底层生命的苦难和尊严，也没有逃避对社会制度和商业法则的拷问，在当下的中国电影中十分难得。创作上很成熟，剧作和表演尤其出色，每个人物都很立体，性格逻辑都很扎实，徐峥表演的突破性很大。事实证明，只要有生存空间，中国也能拍出《辩护人》那样的电影
,一个印度宝莱坞式的精彩故事，折射中国社会的残酷现实。
,片中的角色都面临法律与良知相悖的困境，而编剧也一直在故事深度与能否过审的两难中纠结。前半段黑色幽默，的确有《达拉斯买家俱乐部》的气质，后半段升华得有点过，滥煽情，但被演员的好演技平衡掉了。几乎所有角色的演技都值得吹上一波，徐峥和周一围少许的对手戏相当精彩。
,"太值得哭了，我从刚开始看到病人用一麻袋的零钱买药那个镜头就开始想哭，差不多哭到结束。尽管我知道有些镜头是故意煽情，但我还是整个哭到头疼。过程中最大的感受不是觉得主角伟大，也不是因为最后这个药有了好的进展，而是觉得人要好好活着真的太不容易了。希望每个人都健康快乐，好好活着。"
,从摄影机调度上可以看出导演是具备电影语言自觉性的（这在国产商业片中实属罕见），可惜那些低俗、谄媚的类型化桥段使影片割裂开来，破坏了本应建立的现实深度，而趋于造作的虚假。同时，这种类型化的改编策略导致一种二元对立的思维导向，并不利于反思事件本身，因此所谓的社会意义本身也沦为虚假。
,【没钱】比【有病】更可怕
,可能煽情部分对大多数老百姓来说，是做的很到位，我这种身经百战的豆瓣er可不吃这套😓，片子不坏，题材好，值得看看，三星半吧。媒体吹的上天，也有点滑鸡
,题材3分，前半部分3分，后半部分1分，结尾0分。高分说明讲好一个故事在现在的院线已经是多么难得的事，以及，不能把讲不圆一个好故事的锅都甩给广电总局。结尾可以好很多的。
,个人今年最佳国产，要刷很多遍。
,确实很不错，四星水准，鼓励一星。
,这种电影，给个五星容易，给三星很难。
,社会上只有一种病就是穷
,徐峥说上海话好可爱哈哈
,摄影有几场戏挺喜欢，大排档火和烟作为前景的戏，葬礼后徐峥主视角穿过人群的戏。
,简单地把锅甩给医药公司有点太表面化了，当然也是没办法，总不能甩给那谁吧，电影本身拍得不是特别精彩但也都在线，但总得来说是良心诚意之作，之前老看韩国，美国片说这些，国内终于也有了，这个高分也是正常的，观众实在是憋坏了。尽管如此，这事还是得说【我去年的画《药不能停》和《我不是药神》海报这事怎么弄，我没有一个迟斌啊！》】：https://www.douban.com/note/682266397/ 《关于艺术：元素，借鉴，创作，再创作，涉嫌抄袭》：https://mp.weixin.qq.com/s?__biz=MzA5MjM0MjcyMQ==&amp;tempkey=OTY1X0t0RXVhQkZRdUpzaTJSOEhWT1F5ZGZRYUViVjI3SHFtc0x3bm1wTm80NjllY0FNNG5COUcxLU0wUTB0TDd4c
