浙江,原来人死后还要继续干生前的活儿是真的。
江苏,不必对比什么 作为里程碑他已经无敌
浙江,“这是俄罗斯的型号，没有安全保险，只有两个扳机。”
北京,刘德华那条线有点儿意思，为这个系列电影开启了新维度。太长了，删减强制煽情正能量能短30min。
黑龙江,2019年看第一部的时候就想着，回国之后如果能在这样的剧组工作就好了，结果今年就真的在这部的片尾字幕了。🥰与有荣焉。今天很想念组里的朋友们。
江苏,低开高走，前半小时脚趾抓地，刘培强的爱情线真的很尬，那个女性胸部特写后韩朵朵生气，我非常非常厌恶郭帆这种没有任何笑点的恶趣味。图恒宇的线救回来了，华仔真的神。ps朱颜曼滋很适合这种角色，喜欢她的颜。
广东,就这还有人说超过《星际穿越》？
湖南,刘德华那条线，给整个电影情节优化了不止一点儿，尤其是溺水后推开门的那一刻，我瞬间：“这是国产电影能有的剧情吗？”
山东,看到沙溢扮演的师傅喊出五十岁以上的出列时还是忍不住落泪
江苏,"《流浪地球》系列，单枪匹马，把中国的科幻电影提升到世界级水平。
这不是老套的个人英雄主义冒险故事，而是一个宏大的全人类史诗！但是，173分钟的片长，三条缺乏交互的故事线，慢热的节奏，劝退路人的冗长数字生命线，确实是讨好了影迷与科幻迷，可无疑也是提高了对广大路人的门槛。
豆瓣用户狂吹刘德华线，但电影院里刘德华线却让很多观众低头玩手机。
2023年1月22日，刘培强先生，生日快乐！
可能也就世界末日了，房价才会跌。
最后，这不比《阿凡达2》的家庭伦理与美式霸凌好看?"
云南,我的建议是，把网络服务中心迁移到高原上来
浙江,笨笨！！你是军犬！！
浙江,四星半。《流浪地球2》比第一部进步很多，并将国产科幻大片提升到了前所未有的高度。世界观足够硬核，动作场面与特效更加恢弘也更加细致，尤其是对太空电梯的呈现，太惊艳了。剧作上也更扎实了，两次大型危机（太空电梯危机、月球坠落危机）、两种理念冲撞（数字生命计划与移山计划）、两个一体两面的主角……冲突线明晰，人物群像立体。同时，周喆直就是新时代的愚公，难怪这个角色要请李雪健老师来演。影片对愚公移山这样的中国精神有了更加丰富有力的传达，这也是区别于好莱坞大片的根本所在。
四川,野心满满，想讲的东西太多了，叙事节奏反而就出了大问题……整成了编年史
山西,笨笨  你是条军犬！
湖北,急死你急死你！我就要看“人类命运共同体”，我就要看世界人民大团结！我就喜欢看人“吴京PTSD”，我就是喜欢战狼！
北京,感谢罗兰·艾默里奇的好兄弟郭帆为我们奉上的《月球陨落》姊妹篇，请让我代表全人类向剧组致敬，献上比《月球陨落》多一星的敬意 p.s. 真的有人觉得这特效是进步了吗 p.p.s. 现在看完半个小时我已经忘了发生了些啥？
江苏,建议前面一小时一剪没。
浙江,很多人因为电影宣扬的集体主义价值观和共产主义理想而打一星，而我恰恰想因为这点给它满分。
山东,我看有些人说又红又爹，感觉确实有点儿。但是点完头我又想，美国哪部电影不是又“蓝”又“宇宙第一”？
北京,三星半。郭帆拍片的恳切，在场景设计和视效的细腻度上，被展现得淋漓尽致，又一次拉高了中国科幻作品的工业水准。雪健老师依旧老辣，刘德华则收获了近年来最有挑战的角色。可惜的是，这部续作在叙事层面太过松散，刘培强、图恒宇两条主线并行，还要给周喆直超大篇幅，以至于情节取舍变得犹疑不决，这对节奏先行的科幻片来说是大忌。角色的篆刻比重，是该系列在未来第一优先要做的功课。
浙江,故事冗长且稀碎。想讲的太多，一样都没有完全说清楚。我全程给我妈讲解，坐我旁边的也在全程给他妈讲解。其实2044年那段没有塞在这部里的必要。关于生命和文明，现实和虚拟，只有标签和口号，没有智性的讨论。全程就是看一群固执的爹抗拒自然，不被任何人和事说服甚至动摇，强行按自己的意志支配地球和地球上的所有生命，并称之为「勇气」，前脚才感叹「人类把最强的密码用在了互相攻击的武器上」后腿就把人类分成「我们的」和「你们的」一面想当老大「我们比你们其他任何人都要正确伟大光荣，听我们的就对了」一面装和气「我们是为全人类考虑，是在（为我们伟大光荣正确的决策所造成的后果）承担责任，不是想搞强霸」，全片刻意制造的笑点，都没有这种又啥又啥的自我矛盾好笑。
马来西亚,看完了，大年初一就在电影院哭了，那种与天斗与人斗与命运斗只为了未知的未来和理想奋斗的中式硬核浪漫让人心潮澎湃。李雪健那个角色在大会的发言真的超牛，大刘笔下的科幻真是处处有着中国人特有的务实和真诚，好喜欢，这电影真的太特么牛批了！
江苏,没有预期好，就是个纪录片，情节太平淡。最佩服李雪健，屁事都没做，什么情况都不知道，就他信心最足，信念坚定，要真都他来做决定，都得玩完。
山东,宏大又空洞，前卫又土气
山东,"散场
“你睡了吗？”
“我睡了”
“我也睡了”"
陕西,放几年前，我会跟着愤青一起骂，骂故事写的不好，骂节奏，但其实我的阅片量来讲根本不懂这些。无非就是跟风黑，显得自己多专业一样。现在呢？有一部电影3个小时让我不困，让我感慨，让我跟着它的思路去走，还能看到中国电影人走向世界的野心，就已经足够了。
广东,所以为什么图恒宇只惦记他女儿。。那他老婆也是那场车祸一起去世的啊。。啊我真的是，中国女人的一生就只有母亲和妻子的身份了吗。还有韩朵朵作为一个医疗兵，连救治伤员的戏份都没有，那她存在的意义是？只为了突出刘培强是个可以保护老婆的好丈夫？
北京,比第一部的视野磅礴，有更加深入的思考，尤其是刘德华的那条数字生命计划线，也是为第三部埋下的彩蛋。特别不喜欢李雪健最后点火时的迷之自信和沙溢的50岁以上出列，充斥着强烈的自我感动和群体绑架。最喜欢的人物是宁理的马兆，代表理性之光，只有在他那里，人类存在的意义和人类之于万物的地位才是最理性的。
北京,纯直男视角，无趣级了。女性是妻子是母亲是女儿，但不是战友。女性发言人角色连群像塑造都不算，顶多是个符号，女性宇航员是背景，韩朵朵本以为有更大的功能，结果后面只是结婚生了个孩子。
北京,像一个理科男疯狂跟我炫他的物理知识 但我不觉得他很牛逼
安徽,当年看完第一部还是蛮喜欢的，觉得它试图在人类的有限里去探索一种无限，尽管这有很大的自我感动的嫌疑。但是这一部看完，不适的观感进一步加重了，尽可能放大所谓人类的情感联结，但是全片看下来超级累，满脑子蹦出来的都是四个字：大而“无用”。大之一，在于肿大，叙事上感觉特别冗余累赘，三条线串联得很笨，松散且有点重复。大之二，在于自大，甚至于接近膨胀的各种主义情绪滋生，这点就不展开说了。大之三，在于夸大，夸大的美学和场景设定，左淹自由女神像右爆悉尼歌剧院，东方明珠只露了个塔尖，鸟巢已经沉入海底了，大裤衩却只淹到脚底，当然这也并不影响啥，但就是觉得，没啥必要。而且，对所有一见面就揶揄女性自以为好笑的直男台词感到反感。工业层面看自然是无懈可击的，第一步也已经迈出去了，但总归是觉得，好像有点使劲错了方向。
浙江,特效五星，创意五星，但是作为女性，我给它扣两星。图恒宇开车转头导致妻女车祸身亡，他却只对女儿思念愧疚追忆，妻子仿佛就是生育工具，此后只字未提，为了女儿还多次置拯救人类大事业于旁，强行凹父爱人设讨人嫌。韩朵朵作为本片中一开始与刘培强两人强强组合的女性角色，最后也安排了一个相夫教子，得病去世的结局，沦为体现刘培强铁汉柔情好丈夫好爸爸人设和走上英雄之路上的重要工具人。还有多次巧合的卡时间成功发射和成功启动来制造紧张感，让人略感不适，巧合多了反而弄巧成拙。
河南,你看流浪2买一张票就能看到《2001太空漫游》，《源代码》，《银翼杀手》，《星际穿越》，甚至还能看到吴京强加了一段太空版《男儿本色》。这么一看还挺值的。只是你得忍受巨慢的三个半小时，以及动不动就硬来的煽情和文化自恋。流浪1凭借文化自恋式的宣发搔到了那些自诩“站起来了”的人的痒处，票房赚麻了；导演尝到甜头，流浪2干脆就用上了痒痒挠，特别是那个年轻的女发言人对着暴跳的美方代表轻蔑的一笑说，我们只是告知不是征得你方同意。这时候电影院里如果不欢呼起立，爆发雷鸣般的掌声，那简直就是观众们不懂风情。
山东,进步不应仅局限于特效，还包括如何看待女性，价值观突破和技术飞跃一样重要，真正大片是两条腿走路。
安徽,真难看，浪费我电影票钱，唯一一部电影院看睡着的电影
辽宁,三星以下对电影不公平，三星以上对观众不公平。
新疆,四星+一星鼓励，值得八分以上的佳作！还有我不理解 看了会睡觉一般是不感兴趣 看了骂依托答辩的都是什么脑回路。美国拍科幻片就能泛滥煽情主旋律，中国就不能是吧。美国就能输出，中国就不能是吧。再说了，我是真没看出来有多主旋律了，要硬说是主旋律的话我认为是人类命运共同体。《星际穿越》可以有亲情，生孩子没问题，到《流浪地球》这就催婚催生了是吧?《星际穿越》里美国人可以拯救全人类，《流浪地球》里中国人就不能拯救世界了是吧?《星际穿越》里可以抛弃一大部分人类，然后一小部分人类放弃地球和太阳系去新星球生存，《流浪地球》就不能有家国情怀，带着剩余一半的人类和地球去寻找新家园是吧?我只能说戴有色眼镜去看总能在鸡蛋里挑出来骨头。当然，上述这些是我好兄弟宸老师（豆瓣可以搜到）以及我亲身经历而有的输出。
天津,比第1部好看。中国科幻电影需要更多的小破球
湖北,"75分。
特效顶级，但是但凡多花1000万在编剧上，故事也不至于碎成这样。这剧本我真的敢说“我行我上”，方方正正，刚直不阿，一块是一块，互相都不粘连。跟旅行vlog一样，你看这里是太空电梯，你看这里是刘培强结婚，你看这里是月球危机，你看这是我们的互联网基地……每个感动的点我都知道导演要感动，但我始终入不了戏，不敢动。隔壁《满江红》有个热评，说“感动你的不是电影，而是满江红这首词”，《球2》也可以套用这个评论：“感动你的不是电影，而是中国的伟大崛起”。"
河北,不要破坏太空电梯！我以后要坐的！
北京,绝对是亚洲科幻大片第一档，但娱乐性上跟好莱坞还是有差距。虽然这些年好莱坞的大片难看在故事越讲越小，任你宇宙爆炸也是拍家人和解，但这部又过于宏大叙事，情感上动人的点太少了
广东,豆瓣已经不是以前那个豆瓣了，电影真的非常一般。
中国台湾,我非常讨厌《流浪地球》系列的科幻世界观，第一部炸木星，第二部炸月球，敢情流浪地球所到之处无一幸免。就算把银河系炸一圈，人类活下来，人类就伟大了吗？人类总是把自己看得太重要，把世界看得太渺小。我喜欢对自然、对未知充满敬畏的科幻片，而不是满满的傲慢。
上海,"感受到主创是如何用心用力地在努力凹成太空史诗的样子（大场面还不少），事实上无论从哪方面看都的确具有视效大片的风范，然而工业指标的进步和原著在硬科幻指数上的抗打，并不能保证一部电影的可看度——打鸡血式的价值观输出和强行灌“责任”，以及过度强调家庭的重要性，其实也是一种美式变体的舶来品（虽说也看得心累，倒也并非最大槽点）。

最难熬的不是“负责任”的假大空口号，难熬的是最后一分钟营救与煽情戏的对冲，直接稀释高潮点的爆发，原文本的庞杂体量和更多冲突原本也可以被匀到更多戏份、处理得更明晰，当然也能理解编导考虑到市场接受度做的处理，毕竟现在的成品看来已够像一篇说明论文了。

1的剪辑问题还在，两条线捏合度也不够，因而三小时经常体感混乱；结尾埋第三季的线太像hal9000了吧。"
重庆,这种“科幻大片”让人失望的地方在于，它们看似有着充沛甚至豪迈的想象力，内核却永远是保守陈旧毫无创造力的旧世界。
辽宁,照古人的月亮将要毁灭今人，进化后的系统阻挡人类存续。人类制造复杂的密码用于相互毁灭，也诞生伟大的文明用于股骨愈合。宇宙里的小小白点是我们的一切，移山让人类的未来有了方向，科技却让数字的生命成为了可能。我们要活在电缆里荧屏中让意识自主永恒，还是心怀蓝天让躯体等到鲜花挂满枝头的瞬间。
北京,刚看完，特效国产最顶，故事情节也好，演员全部演的好
广东,刘德华那条线简直要哭瞎，他现在演技炉火纯青到可以控制微表情和细微动作，在工作人员让他写遗嘱他淡淡地说“我不知道要写给谁”，还有14年没见女儿然后再次见到的那幕，以及死后在数据里与女儿重逢，害我“哇”一下哭到坐我旁边的人直接吓到；宁理老师也是，明知道他要死，还是忍不住会哭，出了影院眼睛都肿了，气到我直骂我兄弟哪有人选大年初一来看煽情片的；如果可以剪掉煽情点和主旋律和正能量，这部片的科幻概念与视觉呈现是超乎意料的；但是也只有中国导演才懂“思乡”“回家”对中国人的意义如此重大，吴京老婆患癌说着要回上海，他载她飞回一片废墟的上海，那个场景真是无尽的悲凉，我心里响起了一句话：“我们没有家了。”人的智慧在科学，而人的灵魂在情感，这部片很好地结合了理性和感性，太棒了（就是求别太煽情）。
上海,去掉煽情部分可食用，不过要我说你们人类差不多得了，又不是什么了不起的文明非得要延续下去
陕西,"阿喀琉斯不过是为了自己的友伴帕特罗克罗斯而选择去死，执行机械起爆的老飞行员们却是为了整个人类而选择去死，并把生的希望留给下一代。这种对not to be的讲法不存在于西方传统里，是中国与刘慈欣的的大义。然而还是要借用一句荷马史诗来描绘刘培强与他师傅、上一辈与下一辈的命运传承——人类如落叶，一代代凋零，一代代繁荣。
第一幕太空电梯戏特效拉了，之后的月球戏特效真的好，身临其境。第一幕之后虽然整体结构上还是传统三幕式电影，但叙事的跳跃有了原著里的那种编年史的壮阔感。
李雪健老师的表演太好，中山装太帅
刘德华对他的角色在表演方面无可挑剔，但从剧作方面来讲，这个角色，不同于刘培强因为前作的设定只能是男性，可以写成女性角色，交给女性去演。单一的男性视角是刘慈欣作品的唯一缺陷。"
广东,刘德华的角色充分验证了行车不规范亲人两行泪的大道理
上海,1还只是部传统好莱坞叙事的电影，这一部才真正找到了自己的声音。虽然有很多显而易见的缺点（比如详细讲述两大独立危机带来的冗长，亲中与反中外国人的刻板刻画，未来世界女性在重要领域仍只是点缀等），但整体超出预期。视觉效果已经不输于好莱坞，故事内核也很动人以及体现着中国价值观。父女情爱情师徒情等线的处理都蛮细腻动人。喜欢那句台词：团结是需要付出代价的。ps：吴孟达出现的第一幕真催人泪下，和电影中数字生命的议题相呼应更让人唏嘘。
辽宁,最后把地球推出了太阳系，看到一个网友的留言有点逗，他说看这个剧感受到了中国人对不动产的执念。
美国,很多废戏，各地人民reaction切换了多次，一些讨巧的幽默很难笑，整体像有个机械的公式在反复硬套。雪健老师的政治博弈写得过于生硬板正，意识形态能塞，但如何巧妙地塞还需修炼；吴京的追妻油腻老套，师徒情凑合；德华兄出彩，情节最贴科幻，感情戏不错。全片女性分量少得可怜，视效虽震撼，但文戏的进步空间还有很多，下一部添点真•科幻吧
湖南,我不喜欢“一定” 没什么是一定会做到的
安徽,仿佛被绑在过年的饭桌上，喂了满嘴仁义道德…………
广东,音乐好好，特效有些地方好，有些地方好粗糙。“我们的人一定行”的类型以后别再拍了，太尬了。
广东,为特效打4星。剧情要吐槽的地方太多了，各种不合逻辑的强行煽情……什么叫“我的人一定能行”，人家生命条都红了，人都死了，你相信的点在哪？
美国,异国他乡看的电影 结束后整个IMAX的人都在鼓掌 中国牛逼！！！
上海,特效无敌！是真正意义上有中国价值观的国际大片。三个小时的观影时间完全饱满，故事讲的非常紧凑且清晰。最后夸下沙溢哥，做到了拥有好演技，录再多综艺也不让人出戏。
河北,"9/10，四星半
没想到在《流浪地球》上映后喊了那么久的“中国科幻电影崛起”之后又一部能拿出手的硬科幻是《流浪地球2》
这一部作为第一部的前传不仅丰富了世界观与第一部有非常多的互文，野心非常大，已经不仅仅局限在“流浪地球”本身了，为后面的续集埋了很大的伏笔。如果是第一部的成功可以说是有巧合运气成分，那这一部郭帆真的是将自己的功力都发挥出来了，各个层面都展现了非常成熟的掌控力，绝对是中国未来最可以期待的商业电影导演。李雪健老师的角色基本没有什么动作，因为一直坐在轮椅上，但是他真的是一个用表情和台词就能完美塑造角色的演员，有几场戏穿透力太强
缺点的话可能就是太强调，试图融入春节档而加入了很多生硬的笑点，最后煽情部分有点太多了拖节奏了，总体上瑕不掩瑜毕竟是真的硬
整体跟第一部相比算得上是进化了"
上海,【IMAX版早场归来】尽管未提出或呈现全新的科幻概念/图景，但各方面比起第一部都有不小的进步与升级，观感上佳。形式与结构上，视觉特效与服化道细节的精湛用心肉眼可见，几位老戏骨都发挥出演技，剪辑不再有前作中混乱潦草的问题，三线交织的结构（分别从航天员/军人、量子计算机技术人员及外交代表/决策者的角度切入）也让叙事体量足够丰富，个人不赞同关于本片节奏慢（与“慢电影”比小巫见大巫）或文本过载（实而不烧脑且略直白，另还有平民生存与联合政府施政方式这两个层面未铺展描摹）的说法。文本深层方面，延拓并融贯了理性（数字生命，或服从/牺牲，虚拟空间，超感性彼岸世界）vs.感性（有情肉身，自保/私欲，地球空间，现世凡尘）的二项对立式。最终，要的是共存互补的人[性]，所以看似破坏的儿女私情实则成为拯救的关键一环。（8.5/10）
安徽,这部前传故事的续集电影，可不止比一好一点，完全是巨大的跨越式进步，真的是百尺竿头更进一步。从0到1很难，难在战胜怀疑从无到有开创新路；而从1到2的难在于如何给出更多的惊喜和提高标准。这次电影给出的都不止惊喜，而是震惊了！方方面面的巨大提升，以及背后巨大的工作量和所需要挑战的事物，令人肃然起敬。加油吧！期待3！
广东,我提出拯救中国科幻计划，让郭帆拍三体
北京,郭帆应该少看《2001太空漫游》，多看几遍《楢山节考》。
重庆,学学减法吧……这大炖锅。电影是煲汤不是冒菜。
广东,忘了在哪里看到的评论：中国男人味溢出宇宙。
上海,"年初一一口气看5部之第5部。

单日电影马拉松的最后一部，为了最好的激光IMAX版本，看完都已经夜里凌晨3点了，回家吃夜宵加整理材料后天都快亮了，意味着我为了看电影几乎24小时没合眼，这属于折寿式观影，请勿模仿。

虽然《流浪地球》几乎是中国科幻电影的独苗，但是好在它的生长确实茁壮，几乎以一己之力把中国科幻片的水平拉到世界级的比较水准，也就更显宝贵。通过幕后纪录片以及实际观影的体验来看，主创团队的确为了构建这个新世界耗费了巨大心血，也看得出来郭帆他们的确是在认真创作，诚恳地征求并遵循科学家们的建议。

太空电梯的长镜头实在太过震撼，战斗机与无人机的空战又实在酣畅，数字生命计划的讨论极富哲学价值。当然最触动人心的还是宏大叙事下本土化的精神表达，虽然很多人反感宏大叙事，可这才是真正天问式地思考人类命运的主题。"
北京,可是，过去这几年的经验告诉我们，大灾当前，人类非但不会更团结，还增强了彼此毁灭的能力。
北京,技术上非常硬核，既是前传也是对1和世界观的合理补充，终于理解了科幻不是科学，但它们是可以紧密结合的。主题上仍发挥着 “人类命运共同体”的概念，却不再是正义为先、昂扬向上的基调，变得凸显日常但同样宏大。没有中间角色，因为三条线的主角或双主角都是均匀的，每个人都有自己的故事跟命运。喜欢图恒宇和马兆那条线，对“数字生命”的解释做得很通俗，呈现的是情感、精神上的选择与对峙。电影最后还是落到情感、落到人，将中国式家国情怀一并包裹进“中国故事”的表达中。
英国,我可真讨厌这冗长又稀碎的故事线连讲个故事都不会了吗 好好的故事讲的稀烂看得我真累 开头胸部特写就很恶心 吴京看见美女也就只会想着结婚 全片都是雄性的天下 女人只会念演讲稿或者得病死掉 一如既往的故弄玄虚装腔作势只会用大字报倒计时推动剧情吗 导演应该是默认了他的观众都是三体迷或者理工科学士学位 不然怎么敢这么多科学概念强行灌入 但也真的不能推敲剧情和科学设定 仔细一琢磨就漏洞百出 很多剧情和人物设计都很牵强 搞不懂这个角色有啥用 然后“外国人都是暴躁无能只会喊妈妈救命我想回家的二傻子而我china最牛你们都得听我的跟我汇报工作”以及外交敌友现状也太明显了吧 这毕竟是影视作品不是政治外交宣传片啊/ 骂完了 精致的烂片 但是给四星 因为我的祖国终于也能拍出星际特效科幻大片了！
上海,高于预期。但周老师全场败笔，除了会说“务必要”、“我相信”、“请相信”、“一会定”之外，没有任何实际作用。
江苏,在一众集体主义轰炸中，刘德华那条线便显得尤为珍贵
广东,好一场灾难，我说的是这个电影。
美国,沙溢堪称全场最佳！回归到片子本身，内核太庞杂了，三小时的时长都险些兜不住这过剩的文本素材——每条线拿出来都能是能单独拍几集电视剧的那种，这就让170多分钟的观影体验显得极其漫长，每当以为“这已经要结束了吧”然后导演又自信地甩出更多不加节制的奇观和煽情，关键问题就在于AI线和人类自救线之间几乎没有什么情绪积累与连接，最后一分钟营救让故事线汇集之时只剩拖时间之嫌、远远达不到一气呵成的舒缓感。但每个桥段又因为卡司的出色演出和优秀的工业水准而十足出挑，就像一顿必然吃不完的自助餐，玲琅满目得过了头，其中的矛盾代表就是刘德华领衔的人工智能线，让人时刻迷失于郭帆和大刘对人类命运的态度之中，到底该是悲观还是希望？恐怕郭帆到剪辑完成那一刻都未曾有过定数，但宏大叙事的基底已经定好，且看第三部会怎么圆吧。
湖南,我个人不允许这片子评分比阿凡达2低。
广东,"太牛逼了，
对第一部的褒奖可能还有对国产特效大片鼓励的成分，第二部则完全是在国际水准看来都表现的极其出色，
迄今为止最好看的华语科幻片，放眼国际，十年内最好看的科幻片，
已经很久没有看到的近乎满分的商业片，
中国的独立日，不对，罗兰艾默里奇改名叫小郭帆吧，
应该，理应多得国内影史票房第一的桂冠！"
湖北,如果把吴京这条线去掉，只保留刘德华这条线，时长压缩一半，这片值四颗星
浙江,清一色的四星五星让我怀疑豆瓣是不是被买通了……真的没第一部好看啊……
北京,最让人不能忍的傻情节，当属李雪健扮演的角色结尾崩盘，举着拐棍冲着老外大喊，点火！人家老外可说了，如果没有联网成功就点火的话，行星发动机会把地球撕裂的！但你要求点火的依据是啥，仅仅是“我们的人一定可以完成任务”？我去！这还有丝毫理性可言吗？简直太唯心了吧！那这跟相信菩萨下凡或者耶稣显灵有啥区别呢？纯纯的非理性了吧！
四川,图恒宇你是一点不想你老婆啊
福建,如坐针毡的三个小时，想讲的内容太多拍出来的效果却是剧情整个七零八碎，还有国产贺岁电影什么时候能少一点自以为是的“男式”幽默……
云南,看的时候觉得“计划这么麻烦的话要么算了吧”
四川,毫无尿点的三小时，看得津津有味。虽然某些片段过于“战狼”，满满的的自我感动；还有韩朵朵明明比刘培强更有实力，但最后嫁做人妇、生孩子、辐射生病最后死去，很男人式的yy。瑕不掩瑜，值得一看，但不会二刷，不过还是期待球3456，并且真诚地祈求少点男子主义的yy🙏
湖北,我说我睡着了不会被喷吧
辽宁,看不得这种男味过重的东西
北京,让50岁以上领导先走！不愧是科幻片
浙江,2.5 / 愿意为刘德华那条线给到三颗星，但依然实在是太笨重、太粗糙、太“可见”了……堆积的特效画面之外有足够突出的视觉主题吗？走马灯般轮转的人物有深邃的面容吗？不同线索的交织除了推进故事的需求之外有内在的共振吗？这么拍下去，所谓中国科幻恐怕仍然只能成为好莱坞的脆弱否定，变成另一种被空洞的图像细密覆盖的世界，没有办法探索出更多东西。
北京,"之前还以为吹的有点过头了，看完了之后我认为，除了配乐比《星际穿越》差点，这部电影已经完全达到了同一层次和水平。题外话，我有时候就忍不住想问一句了，以前你们对中国电影痛心疾首、恨铁不成钢，现在中国科幻都已经拍到这种程度了，你们还不满意？那你们的期望到底是什么呢？我都懒得拆穿你们的心思，不批评批评，哪对得起你们那可笑的优越感。忽略意识形态本身，我们只爱电影艺术？电影艺术？你们配吗？"
湖北,科幻灾难片×赛博朋克✓正片全特么是假的，是莫斯的特效，特效的莫斯。
北京,牛！洗去了昨天看xx红的晦气
广东,电影拍得不错。但是本人不太赞同这部片子传达的世界观：“文明”并不是多了不起的东西，只要时间够长就会自然形成，请在迷信“团结就是力量”之前学会尊重万事万物。地球并不属于人类，不要一会儿炸月球一会儿推着地球跑。
云南,带着喜欢1的期待来看，不及预期。2虽然肉眼可见的有钱，大量硬桥硬码的特效场面，大量全世界各地的外景，比1更“国际视野”。但最大的问题是，2的前三分之二部分，根本就没有故事啊！看起来就像是新闻集锦或者说航天纪录片，这对观众观感是致命的。1是燃点泪点恰到好处的完整故事，2则是东一榔头西一棒子，既要瞻前又要顾后，观感就是一个故事最精彩的高潮被讲完了，只能先讲讲头，再补补尾，连贯不起来。以我所见44年恐袭的前传部分根本没有必要拍，除了纯粉丝向呼应第一部，在叙事层面完全是冗余的。而观感上也令人十分难受，太空战狼吴师傅、油腻尴尬追女仔、愚蠢可笑外国人，对吴京不耐受者劝退率极高。李雪健组一开口就老外交部了，“国际政治水深火热，我方不惜一切代价排除万难”，三年疫情后对这种价值观过敏了，大国叙事味儿太冲。
广东,可能期待值太高，有点失望，红色元素有点多了，朵朵的病死很失望，她应该死在战场上，而不是病床上
山东,不明白这种史诗级电影为什么还有人打一星，唯粉和黑粉真的都没有心吗。。。这片子直接把中国人在电影制作领域的话语权拉高了一个维度。且不说画面和剧情，就这个人类命运共同体和集体牺牲精神的立意，就吊打好莱坞一个世纪。这已经不是中国人能拍科幻了，而是只有中国人才能拍的科幻。另外三线叙事并行，从小家到大国再到数字生命，每个重要角色都有独特的人物弧光和成长线，从二部到一部的老少接棒也暗示了文明的延续离不开人类。看完后除了震撼就是感动，小破球，中国电影有你了不起。
云南,如果刘德华的线作为主线，其他的作为辅助或者删掉，就不会有非常浓烈的主旋律基调了，图宏宇和女儿的联系以及他的挣扎是全片的亮点。音乐的运用宣兵夺主了，宏大场景和紧张时刻没有一次是没有调动情绪的配乐，更期待看到的是静默的，能让观众观看画面本身，有时间去思考，不是不停的视听轰炸。女性形象尤其是韩朵朵，工具人一个；吴京连续两次逞能占现自己的大男子主义，美名其曰“保护”自我牺牲”，都是经过了严格训练选拔出来的优秀人才，并肩作战不好吗。实际上就是已经2044年了，我国男性的思想还是停留在几百年前。
湖北,这样的电影能拍三小时就是犯罪
湖南,希望票房再高一些🙏被满江红超过实在有些魔幻
新加坡,晓晞啊 你觉得我应该打几星啊
浙江,刚刚看完，我能接受8.2的评分但是我不能接受只比阿凡达2高0.2分的评分，无论是在剧情设定内涵等等上，阿凡达2都不及流浪地球2一根毛。
云南,如果刘德华的线作为主线，其他的作为辅助或者删掉，就不会有非常浓烈的主旋律基调了，图宏宇和女儿的联系以及他的挣扎是全片的亮点。音乐的运用宣兵夺主了，宏大场景和紧张时刻没有一次是没有调动情绪的配乐，更期待看到的是静默的，能让观众观看画面本身，有时间去思考，不是不停的视听轰炸。女性形象尤其是韩朵朵，工具人一个；吴京连续两次逞能占现自己的大男子主义，美名其曰“保护”自我牺牲”，都是经过了严格训练选拔出来的优秀人才，并肩作战不好吗。实际上就是已经2044年了，我国男性的思想还是停留在几百年前。
新加坡,晓晞啊 你觉得我应该打几星啊
北京,吐槽如下：看了三十分钟想到后面还有两个半小时很绝望；看吴京演毛头小子谈恋爱尴尬到头皮发麻；情节设置过于潦草，太多困难源于角色的腿在不同情境下被卡住；倒计时营造的紧迫感被大量注水的情节消减，比灾难更灾难的是磨叽；特效不服务于故事毫无意义，硬吹也没用；吴京线前后割裂，刘德华线完全立不住，毫无说服力，转变也很生硬
上海,强行千钧一发是我最讨厌的电影情节
辽宁,我不觉得电影长，更长的我也看过，希望大家对自己家的好东西公平一点评价吧，这不比阿凡达2和漫威那些傻电影好看多了么……
美国,沙溢堪称全场最佳！回归到片子本身，内核太庞杂了，三小时的时长都险些兜不住这过剩的文本素材——每条线拿出来都能是能单独拍几集电视剧的那种，这就让170多分钟的观影体验显得极其漫长，每当以为“这已经要结束了吧”然后导演又自信地甩出更多不加节制的奇观和煽情，关键问题就在于AI线和人类自救线之间几乎没有什么情绪积累与连接，最后一分钟营救让故事线汇集之时只剩拖时间之嫌、远远达不到一气呵成的舒缓感。但每个桥段又因为卡司的出色演出和优秀的工业水准而十足出挑，就像一顿必然吃不完的自助餐，玲琅满目得过了头，其中的矛盾代表就是刘德华领衔的人工智能线，让人时刻迷失于郭帆和大刘对人类命运的态度之中，到底该是悲观还是希望？恐怕郭帆到剪辑完成那一刻都未曾有过定数，但宏大叙事的基底已经定好，且看第三部会怎么圆吧。
广西,本来看完满江红觉得还行，今天看完小破球，完全被震撼到了，这么好的科幻片，为什么票房和排片会输给满江红？完全不是一个级别的啊！
四川,图恒宇你是一点不想你老婆啊
江西,中国电影还没死，中国也有科幻电影。刘德华那条线才是真亮点。
四川,毫无尿点的三小时，看得津津有味。虽然某些片段过于“战狼”，满满的的自我感动；还有韩朵朵明明比刘培强更有实力，但最后嫁做人妇、生孩子、辐射生病最后死去，很男人式的yy。瑕不掩瑜，值得一看，但不会二刷，不过还是期待球3456，并且真诚地祈求少点男子主义的yy🙏
广东,可能期待值太高，有点失望，红色元素有点多了，朵朵的病死很失望，她应该死在战场上，而不是病床上
浙江,故事蛮宏大的，但是有几幕戏实在太尬了，1吴京看到韩朵朵就直接幻想生小孩，有点恶心，真就看见胳膊就想到上床 2自愿报名的时候非要跳出来按年龄出列 3潜水任务那么重要派的人太少 4倒计时结束按不按不知道有啥好吵的，不按躲不掉冲击的话还有什么犹豫的地方？就不是老头相信不相信的问题，把赌局变成信任硬搞生华
安徽,真难看，浪费我电影票钱，唯一一部电影院看睡着的电影
陕西,前半个小时还是蛮折磨人的，我再也不想看到吴京在大银幕上谈恋爱了
江苏,"特效可以，三小时的剧情太过冗长，有点怪怪的。
ps.真的对图恒宇对于丫丫浓烈的父爱不满，没有一丝丝队妻子的怀念，与其这样不如改成单亲。"
浙江,若干年后，我们或许慧忘记无名，忘记满江红，但绝对会铭记流浪地球2。
江苏,电影没有塑造人物也就没有塑造情感，无论爱情亲情友情，没有塑造就只有消耗，电影是对各种情感的暴力使用，结果是贫瘠的口号和过度的煽情。电影重要的暗线是人工智能的成长史，反转在结尾彩蛋中直接给出。如果不是人类与人工智能的争斗，如果不是这条暗线所提供的悬疑推理，电影中很多场面让人尴尬到原地去世。
河北,活着是我党的人，死了是我党的数字生命。
浙江,非逮着“流浪地球”这一个高概念薅，结果就是核心表达相比首作翻不出什么新花样，除了把特效做得更加细致，只能强行增加故事体量，于是我们看到吴京和刘德华各自的A故事（+MOSS的B故事）让整部电影变得臃肿不堪。而在两个主演引领的故事线内部，科幻类型再次让位于动作和灾难的子类型，然而以所谓“我信”建构的最后一分钟营救尽数失效，“全世界人民大团结”的口号也越来越暴露出人类中心主义的傲慢，宏大叙事和个体情感的嫁接很难说是成功的。
四川,实在不服气，这么牛的电影，用了好几年，票房居然被某些赶工俩月拍出来的电影压一头，大家快去看吧，别逼我求你。
河北,应该多一些像刘慈欣这样的创作者。作品既能创造影视行业的就业，还可以拉动GDP。
上海,扣一颗星给价值取向吧。我幻想中末日时的中国人，不该这么自恋。如果彼时地球人还在划群而治，那真是太令人悲观了。那样我们哪也去不了。
河北,"这种完成度，比不过哪个美国大片????

不会有人喜欢了英雄史观，不习惯人民史观，就不给高分吧"
浙江,图恒宇的线超乎想象
辽宁,流浪地球2最大的败笔，就是他让那些对科幻毫无了解的人也走进了电影院，继而给了他们说出“就这？”的勇气。
湖北,宇宙级别的春晚。好莱坞风格的红歌会。长达三小时声嘶力竭的英雄赞歌，每一句都斗志昂扬激动人心感人肺腑热泪盈眶，每一个音符都在破音边缘徘徊。电影里掷地有声地说文明要有人才有意义，但这部里哪个人像个人？别说要仰望天空就脚不沾地！
甘肃,不如直接拍刘德华那一条线！
美国,抱着很大的期望去的，看完着实有些失望。前半段感情线看得生理不适，懂编剧想要塑造韩朵朵女强人的形象，但实话说不仅是韩朵朵、几乎所有女性形象很扁平，典型男凝刻板。把女性角色去掉可能不会对主线推进有多大影响，韩朵朵一个被塑造的这么强的女性，其优秀反映在男性眼中的价值就是结婚，对主线的贡献就是生了孩子。吴京出于“保护”目的把韩朵朵关在另一侧跑去单挑也很迷惑，如果真的要个人英雄主义加感情线，我宁愿看他俩并肩作战，而不是最后玻璃茬和花瓣散落一地、韩朵朵一拳把对手击飞嚷嚷花弄坏了。还有一个印象很深，吴京用拍立得拍了一家人，韩朵朵又说要用手机拍，因为方便修图…还有“我在啊”这句话，我真的觉得既突兀又俗。以及竟然还有胸部特写…看到了一些对太空漫游的致敬，前半段好感掉光后也不觉得高兴
湖北,好在刘德华的角色也成为了这部电影本身的变量。
浙江,要特效有特效 要故事有特效
广东,什么是主旋律、政治正确？我觉得的因为这个给电影打低分太可笑了，这部电影的精华所在就是他的思想价值，没有所谓的个人英雄，因为每个为人类做出牺牲的人都是英雄。演员演技在线，画面好看，那个太空电梯震撼到我了。还有电子军犬好可爱，它会说“别怕，我在”，这句话出现过好多次，有个老爷爷和老奶奶也说了，韩朵朵也说了，我真喜欢这句温暖的台词。
辽宁,"人类文明的终极矛盾，是人类对人的执念与AI对理性的奢望之间的矛盾——Moss aka小苔藓 &amp; 马兆aka浪球章北海

但是郭帆龚格尔跟大刘一个毛病，在帮助中国科幻电影工业的威慑度突破百分之98的时候，对女性人物理解与塑造的威慑度依然如一条爬行的蚯蚓……"
湖北,我们的人一定能完成任务，重复了好几次。你或许觉得它前后逻辑似乎不连，其实这个语汇，也就是中华民族伟大复兴的历史任务。所以台词这样写。
河南,中国式科幻片逐渐形成一种新的科幻类型，与西方强调的个人主义英雄价值观相悖的是，中国式科幻片核心价值观可以概括为：家国情怀、集体主义、自我牺牲、自我感动，总之就是大国崛起的叙事。
广东,如果对诺兰来说引力或许是爱，那对于郭帆来说引力肯定是爹
上海,为什么一定要给个剧透倒计时啊？别人家的导演都把悬念藏着掖着，这电影巴不得在危急关头告诉你：嘿！这货一定能完成任务！
江苏,电影所有的优点都来自原著提供的创意本身，整个制作只能用“吵闹”来形容，功能化且生硬的情感线看的我尴尬癌都要犯了，当最后只剩我们的电力系统没有打开，李雪健斩钉截铁的喊道我们的人一定能完成任务的时候，我真想问他是谁给你的勇气和自信说出这种话？战狼式自我意淫还没玩腻吗？
北京,一开始我也觉得这部电影挺空洞的 直到我逐渐看到了——莫名其妙的胸部特写；从一个训练有素的航天员突然恋了个爱之后直接变成了需要被即将成为人类英雄的老公照顾的绝症病妻同时还给他留了个娃以开启续集的女主（如果她可以算“女主角”的话）；仍然用得乐此不疲的倒计时叙事；“我方是告知，不是征求贵国意见”的大国自信；“五十岁以上人员，出列”的英勇与铁血；雄心万丈运筹帷幄指点江山的官老爷 哦不是人类命运共同体的精神领袖和地球未来的话事人；向京哥的铁拳一样嗯怼在你脸上的jingoistic nationalism  我才意识到这部电影是向世界展示我们国家人文史观有多前现代化的完美范本 现在我一点都不觉得它空洞了
辽宁,三星半，特效和配乐的水平非常优秀，但叙事的直男味儿真的熏死个人，有种强烈的“既要……又要……”感。例如既要塑造一个英姿飒爽的现代女性，又要让她为刘培强让位，最后就只能草率地当了结婚生子的背景板，又例如李雪健那个角色（哈哈），三个小时的片子叙事松散，剪辑冗余，只能沦落到反复靠各种相似性紧迫事件的倒计时来抓住观众的注意力。总而言之，是类型片的一次突破，但要想躺在功劳簿上接受万世敬仰，那就实在是个笑话了～（btw，科幻类型片对女性真是明目张胆地打压和忽视啊哈哈哈）
北京,有趣的是，如果没有图恒宇纯粹为个人情感驱动的“自私”，片中所有的“集体主义”行动都不过是难堪笑话与灭顶灾难，这简直是一个斯密式的黑色寓言。
四川,爹得有点头痛……
福建,"遇事慌乱大喊大叫的永远是美国人，俄罗斯人就是憨态可掬的形象，智勇双全的永远是中国人。

周主任没道理强制要点火那段剧情实在圆不回来。感觉是为了面子不顾后果。反正就算失败了大家都立马完蛋，你们也找不着我来承担责任。

关于人类收到神秘提醒的事。好像只有中国人说出来，而且说出来后其他国家人也没当回事儿，只有中国人在思考。

摇号政策无情且合理。但中国最后站出来反对，我有理由怀疑导演这么安排是在阴阳怪气。

最后周主任的秘书一字不落模仿周主任说话那个腔调有点不适。好像给新人立威似的。

片中女性角色太过工具人，而且回想下还成了帮助塑造男主角形象的工具人。

特效不错，很实在，从头到尾都很好。国内巅峰，立了个榜样。有新闻说成本和满江红差不多，如果是真的，那满江红的明星可真够贵的了。"
江苏,冗长，光靠特效与情怀是不行的。
北京,中国航天中队，50岁以上的，出列！
江苏,建议 全人类观看
湖北,跟第一部相比，虽然少了很多无趣的台词和笑点设计，场面也更大了，但看下来就一个感觉：累。累到我都怀疑这帮地球人到底在折腾什么，甚至拍电影讲这么个故事的意义在哪。全片剧情全靠大字幕来推进，字幕说干嘛，下一步就发生什么，各种航天机械满屏窜，不视觉疲劳才怪。然后动不动就是摄像头特写，导演生怕观众不知道人工智能的“深意”，最后剩下的就靠一些很老套的车祸、癌症、个人英雄主义、大国煽情来填满。也就刘德华那条线的数字生命设定有思考价值，可惜也只是浅尝辄止。千万别吹什么中国科幻的里程碑了，还不太配。
上海,到底是在拍电影还是在做政府报告啊，文戏太差了，我们的科幻叙事就是集体叙事里插一点个体，最终个体的生死交代给集体，这居然也能引起大范围共鸣，我真是佩服中国观众。
北京,三星全部给到诚意，以及，主创团队总结的那几页纸——“拍科幻都有哪些坑”。
澳大利亚,我的吴京ptsd甚至都被治好了……
广东,这尼玛主旋律？别看到吴京就主旋律行不行，这宣扬的不是全人类的命运共同体吗
重庆,睡着了……
福建,三颗星全给特效（难得的made in china吧）but情节拖沓建议时长缩减一半（左边观众睡着右边观众看一半离场了），战狼味直冲云霄我以为我在看《流浪地球（战狼版）》，女性角色全是为了成全大男子英雄主义，年轻演员台词念的有点太差，幽默也太硬了点，煽情也太套路了点，直男视角下的玫瑰浪漫和爱情、慈父视角下的钢铁父女情都好典哦，像被喂了一碗沉甸甸的杂交水稻，看得我发齁
陕西,难看至极，如坐针毡，吹这部电影的人，你们的良心不会痛吗
上海,"吴京的部分太难看了。
李雪健最后强行点火充满了傲慢，即使这可能受到了moss的暗示。但在之前强硬的爱国情怀中，只看到了对人性的不尊重与傲慢，让整场的观感骤降。
不然能给到五星"
陕西,不需要多说。核心理念，吊打《阿凡达》系列的殖民思想。
河北,真的，这片如何8分的？煎熬的三小时呀～强行说教，强行勇气，爹出太阳系……看睡了努力清醒又睡，好好讲个故事，好吗？别这么刻板，用情节推动和煽情，别用模式去。
内蒙古,李老师演挺好，但能不能把他那些镜头删了啊
湖北,"科幻工业美学很震撼，特别是太空电梯的视效让人惊喜。
不知道是时间不够，还是逻辑bug，有些地方感觉没有讲清楚，比如移山计划和数字生命明明可以互补，为什么双方搞得不死不休。其次关于生命形式、人工智能等探讨只是浅浅带过，整部片子看起来有点赶。
整体来说，这部片子讲述的人类迁徙史诗不单单只是勇敢的赞歌，它流露出的是渺小的人类文明挣扎求生的透骨悲凉和努力前行的微末希望的交织。适当的小幽默贯穿其中，又不会显得过分沉重，是非常独特的科幻叙事，希望后续更加精彩。"
四川,受不了跟风吹的了，这部电影本人差评。本人理工科电影爱好者，这电影不是没有亮点，但我实在不理解某些观众的盲目吹捧。我认为这部电影整体框架、节奏、剪辑很不好，导演多线叙事能力弱。第一部故事简单，拍出来还挺流畅，第二部故事复杂了，导演明显水平不足，没有金刚钻别揽瓷器活。作为电影，该片表现很糟糕，以至于我并不想花时间去研究什么“线索”和“伏笔”，建议先把故事讲好。
黑龙江,4星。比第一部少了很多sb角色就赢大了。1.阵容无解，过去十年内地+香港最能扛票房的两个男人合体，吴京+刘德华卖票房，李雪健+吴孟达卖情怀。选择老戏骨想必是导演对老一辈演员的敬意。2.吴京和华仔两个部分双线并进，吴京负责搞笑，华仔负责提升本片科幻人文高度。3.把沙溢的演技给突出来了，非常自然的东北派演技。4.华仔角色继续点题第一部名台词：行车不规范，亲人两行泪。5.中俄一家亲，给美国留了体面。6.前半段联合基地防御无人机那段超级炸，太空电梯的细节和真实感无可挑剔，某段配乐很“环太平洋”。7.“人类把最精密的系统都用到了彼此毁灭之上。”非常贴合当今世界现实了。8.AI技术大量运用，让吴京回春，修复李雪健老爷子的声音，“复活”吴孟达，达叔的面貌还可以再精雕下。
澳大利亚,中国科幻电影终于出师了！虽然逻辑细节存在各种槽点，但整体气质和大环境叙事饱满充实，视觉效果惊艳，媲美好莱坞（甚至连propaganda的形式都一摸一样）。最动人的部分依然是人最不理性的时刻，两个父亲为了家庭的牺牲，渺小与宏大的交织。看完后我很想问MOSS，你认识HAL吗？
北京,三星半。还是灾难片，科幻有加强，美术的部分大有进步，但数字生命最后作为背密码的工具使用被认可了最大价值（笑，和人类的宿命殊途同归，就是工具，在这个点上写出了最后的“死士”情节不足为奇，这十年科幻片几乎是延续着诺兰建立的话语体系上写就的，本片做了模仿，但免不了用这样古旧的传统战争片桥段去填充，另外就是我不太喜欢一直用作戏用的狭隘的地域观念，国与国的区分才能写出对抗，这中间还包含着对于对立观点的片面描绘，第一场战斗是因此而生，在篇幅也可以不要。人物没有第一部做得好，顾此失彼，但第一部借人物做成了团队爽片也不行，刘培强遇到韩朵朵那么优秀的女性，脑子第一个画面是结婚生子，让人反感，结合后来刘成为孤胆英雄，韩就得了绝症，让人emmm，全片我很喜欢宁理的声音部分，真实，又让这个角色变得立体，虽然也有听不清时
中国香港,毁灭人类明明有那么多直接和隐蔽的方法，ai偏偏用了相当曲折但戏剧性的一种。如果不是为了研究或考验人类，实在是说不过去。
浙江,个人感觉唯一缺点是一旦意识形态味太浓了会把人物变得标签化脸谱化，牺牲一些合理性。探讨人类文明存亡议题却跳不出红色逻辑，甚至几乎没有女性参与，显得很小气。这点上，第一部比第二部强，虽然故事简单但更自洽。图马那条线，比主线好些。
上海,得分全在特效上，故事真的一塌糊涂。恨不得每场戏都是宏大高潮煽情戏，慢镜头大场面，几句尴尬的台词重复再重复，煽情可以，这一直煽仨小时谁受得了。
湖南,我知道特效很燃很炸，但是作为一部电影，它失去了最基本的讲故事的能力，纯粹是流水账，不知道为什么这么多人吹。
上海,好消息是「特效」不再是影响中国科幻电影的重要因素了，坏消息是不能再把特效当作拍不好科幻电影的遮羞布了。郭帆除了需要再好好学学怎么讲故事，更需要好好学学怎么剪片子。这稀烂的节奏，尴尬的过场，无数的废镜头，3小时起码有一半以上时长都令我坐立难安。
山东,我觉得可以把煽情桥段删除删除，口号太多了。
浙江,喜欢电梯大全景和来回穿梭的部分，麻。机械迷可能会比较嗨，细节给得多。按 MOSS 给的时间节点，三小时拍了两次危机，几乎是两部片子的时长，量很大，但是有些地方不能细想：好比“移山计划”和“数字生命计划”到底有什么冲突，为什么只能选一个做，科技发展最大的好处不就是提供更多可能性么，各自寻找出路不是挺好，片子结尾其实就是两个计划并存；在人工智能具有自我意识且能做出长达百年预判的年代，执行核弹爆炸和潜入水底作业还需要人肉身执行，而不是靠远程遥控高操作精度的机器人，说不太过去，类似的问题还有几十年之后的手机和现在差不多；最后北京中心的成功启动完全因为图恒宇的意外介入，周喆直对“一定能做到”的信心建立在偶然上，这种信心就显得很盲目了。
广东,但求下一部专注于讲好主线故事，少点儿煽情，幽默和爱情不会拍可以不拍。
上海,放眼全球，近十年来没看过这么纯正硬核的科幻片。
湖北,借用一句话：如果说流浪地球1打开了中国科幻电影的大门，那么流浪地球2是亲手拉着你出门指着天上万千星河说：抬头看，我们也能如此闪耀。
浙江,"观后心情有些复杂。这绝对是中国科幻史上里程碑式的作品，特效水平丝毫不输好莱坞，故事硬核，相对第一部，增加了笑点，适时且不惹人讨厌，人物塑造上也有华仔这样相对饱满的角色，但剧情上却仍是缺乏了那么一些合理性。
其实以中国的国情来说，还是不适合拍个人英雄主义电影，而是更适合集体英雄主义。我丝毫不会为吴京莽汉式的两次关门“救人”、李雪健老师撒泼式“中国人一定会完成任务，到点就必须按下按钮”的话语所感动，却会因为马兆知道自己无法逃脱而挥手让图恒宇离开、沙溢和老一辈的航飞员在敢死任务前挺身而出，把生的希望留给更年轻的人而泪流不止。这便是刻意的煽情、鼓动，和自然共情之间的区别。
其实中国不缺乏好的题材和好的原著，但怎样把故事拍得让人信服、不做作、不过度宣扬“中国主义”和“个人主义”，才是导演们永远的课题。"
广东,最震撼的竟然是太空电梯出现的时候，我心里面一直在喊着“汪三水! 汪三水! 牛逼!”
广东,缺点是满，满到让人无法处理，满到影响观影体验。但这也同样是优点——奢侈，毫不留力挥洒点子的奢侈。
湖北,只有中国人会有信心和耐心执行一个长达两千五百年的计划
湖南,少的一颗星在女性角色塑造上。
四川,光一个太空电梯就值回票价了，好多影评人吃多了炸鱼薯条，上来一盘饺子自然接受不了，脑子已经被好莱坞传递的西方价值观洗透了。为有牺牲多壮志，东方智慧面对人类危机表现出的魄力和眼界，不是牛仔们能够想到的。这是人类多样性的真正体现。大禹治水不造船
广东,制作部分还可以，只是这故事讲得实在太松散太浪费时间，每次看到大字说明才知道正在和将要发生什么，最后三个小时下来就记住“爸爸爸爸这道题怎么解啊”…真是头疼。
河南,这科幻不硬，啥硬，杠精的嘴吗？而且场面、特效、情怀、细节、煽情，要啥有啥。反正美式主旋律太过时了，我是腻了，中式主旋律yyds！
英国,这类片看的越多就越发现自己难以在宏大叙事中寻求共鸣，女人注定是这些宏大命题下的outsider。（旁观者视角的一点感悟：李雪健的角色真的太有那味了，凡别人提出实际问题必用一堆旁征博引亘古亘今实则假大空的大道理来放大屁，你跟他讲困难，他跟你讲情怀；你告诉他实验失败，他跟你扯黎明前的黑暗和一万五千年前的化石，闹呢…）
江苏,爆米花电影就不要强行上价值观，这种东西是润物无声的，反复强调就会让人反感
浙江,好莱坞目前应该没能力再拍出来这种片子
江西,靠“我相信”这类玄学话术解决最终危机，这已经超越科幻了
辽宁,中间真的又长又无聊，跟朋友在电影院快睡着了，看到最后只觉得“太多男的了”🥱
广东,这个电影你们才打8.2，良心在哪里？《满江红》如果不是国师的名声，真的不够给《流浪地球2提鞋》
河北,尽管观感有些疲劳，看的累，也乱，因为剧作的单薄和庞大的叙事主题，无法让节奏紧密，只能是更加割裂和松散，光靠特效堆砌和灾难奇观显然无法让人坚持三小时注意力。但我还是要说，质量确实相当高，很用心，确实拍出了宏伟澎湃的大片风范。我还是不喜欢吴京的英雄主义和做作的家国情怀，我更喜欢刘德华的上载永生和自我反思。
中国香港,跟1相比更加硬核科幻，但感染共情力下降了。我知道集体主义能够救世界，但太缺少末日的精神关怀了。地球都要完犊子了居然还要每个人当好螺丝钉，想想就很绝望...（我承认我觉悟低）
北京,50岁以上出列都还能够理解，李雪健强行点火就完全是煽动情绪扼杀理智了，而那个执行员的耳根子也是真的软。好好的科幻片，就不要搞政宣那一套了。
海南,中国科幻电影之光，就是有个最大的bug，中国的服务器怎么能连上外网呢（狗头）
广东,如果我没猜错，李雪健老师的妆容是模仿的周总理❤️
四川,一本字迹工整的流水账
辽宁,咱就是说，各种倒数是不是琳琅满目了一些
江苏,📽这评分还能比《满江红》高就离谱，这里面绝对tmd有猫腻！如果说1是惊喜的小破球，2就是赶工的大烂球。整个观影体验可以用“遭罪”来概括，看这个又乱又长的电影是遭罪，看着满电影院的人因为电影又长又难看而刷手机聊天屏摄提前离场更是遭罪。我真的很喜欢第一部，如果创作团队不好好吸取第二部的教训的话，真的没有拍第三部分必要了。问题实在太多了，结构安排有大问题，最吸睛的特效也没多好。夸张点说这根本就不是一部完整的电影，全都是一些碎片，虽然这些碎片里也不乏有一些良品，但是整体上来看还是太失败了。创作团队对宏大叙事的野心太大了，但是没这个能力根本把握不住。天呐好久没有因为看完一部电影这么心烦了，以上评述带有强烈的负面情绪。
陕西,刻板印象和爹味太多了
安徽,实现了少时读刘慈欣时候的愿望。也许年纪大了吧，对那些主旋律和肤浅的东西，没那么吹毛求疵了。我更愿意相信，他们已经在限制中做出了最大的努力，谁也不傻瓜，不这么办，刘慈欣的场景又怎么有机会表现出来呢？加油吧。
江苏,工业完成度非常高的一部中国科幻电影，格局更大也更恢宏。一直被吐槽的“国产特效”这不没问题？虽然炸地标救地球是好莱坞玩剩的东西，但我们能拍成这个样子还是很自豪。开头电梯大战着实惊艳，这不比好莱坞大片好看？槽点是李雪健角色太板正，太“中国式领导”，漂亮话说太满适得其反。两条内核不同的故事线造成主题散碎和故事冗长。但整体来说，中国科幻能拍成这样，牛逼！
陕西,完全没有什么作用的女性角色塑造，唉，啊这
浙江,想到李诞那段救猫还是救画，为了远处的哭声而忽略了近处的哭声。电影里那些流离失所的百姓一句台词都没有。
北京,"去电影看，绝对值。

看完流浪地球2 和 1 后，现在出现了严重的后遗症。看不了美国大片了。每当出现包括但不限于以下情节时，一秒出戏。
1.遇到天大的灾难，全国全世界都不行，就你能的。全世界都想不明白的问题，都打不过的boss，就你一个小杂兵能干成的。
2.有了星际宇航的能力，战斗时候还要拼刺刀的。
3.不管哪国人甚至外星人天然开口就说英语的。
4.不管是哪国人甚至外星人，是黑人的。
5.打大boss之前或者之后，非要来一炮的
6.敌人的女儿/妹妹/老婆/女军官……不顾文化不顾仇恨甚至不顾品种就上赶着要爱上你就要和你打炮的(就因为你是人类灯塔吗?)"
山西,最棒的科幻场景与浓浓的爹味交织在一起
新疆,希望一万五年后的现在，一根股骨也能愈合
黑龙江,与第一部相比的进步与成熟令人惊讶，同时也具有与西式科幻截然不同的视角与节奏，平视中解读爱与牺牲，在更高的维度上探索存在与死亡；制作上的饱满度几乎是华语电影的巅峰作，不同事件中各利益方的博弈既是对人类总体历史的归纳，也能看做是对人类近期历史的思忖，如若能在密集信息的优化上精进一步就趋近无暇。
广东,《流浪地球2》结尾说地球要花费2500年，流浪到4.22光年外的半人马星座比邻星恒星系，在那里安置新家园，我愣了愣，想着怎么这么熟悉，这不就是三体人的母星，半人马座α星附近嘛。合着流浪2500年，就是要告诉三体人，咱们一起搬家吧，您别费劲征服太阳系了，太阳完了，地球完了，好嘛，你们三体星也完了，那我们一起卷铺盖走人吧。
北京,“我要给她完整的一生” 2046吴京的婚礼、数字化的吴孟达、300元/平米的末日北京房价…没有人类的文明，毫无意义。@环球城市大道电影院·激光IMAX厅
辽宁,这不比在火星上种土豆好看多了？？？
宁夏,刘慈欣一人把中国科幻小说拉到了世界水平，《流浪地球》系列把中国科幻电影拉到了世界水平。
重庆,三十五岁下岗，五十岁自爆，变成电子宠物了依然要拯救世界，工具人的一生：&#34;What are those chinese doing?&#34;。
内蒙古,88.有那么一瞬间我觉得可以比肩星际穿越
上海,太阳刚的片子。充满了男式的爱情意淫，对自己/自己的国家总是道德至高点的意淫和对其他国家轻浮的刻板印象。刘慈欣甚至写不好一个女性角色。片子里的女性角色更像是作为性别的点缀而存在的，平板空洞，没有内核，她们的性格更像是为了有而强有的，所以欲盖弥彰。作为科幻片，科学逻辑大漏洞仍然还有。战狼式的个人英雄主义和他人英雄主义让人不适。           好的地方是图桓宇这条线比较有意思，刘德华的演绎也很完美。有些视觉效果做的不错。
湖北,跟1一样，我真的get不到…刘德华出来前真的无聊到犯困，俗套的男女主故事，都204几年了男主还在一个劲逞英雄，女性角色魅力全无。还有，周老师指着拐杖说点火的时候我真的脚趾扣地了
上海,虽然没有得到足够大的满足感，但必须献上我的敬意。肉眼可见的难拍，直接全景式的末日危机和人类自救，想象力和概念与观众对标的好莱坞大片不落下风，而且可以说选择了一条最艰难的路线，有一丝半点差错大意，都会雷人可笑不可信。相较鸡贼的胡同大片满江红更对得起票价。三个男主，对应的命运共同体、集体主义、家庭至上的意义构架，虽未必多高级和新意但在这个主题里是合适的。差在文化的包装上，毕竟你要炸毁的是多少诗人吟诵过的星球，创作者不能只把它当作一个焚尸事件，你需要让电影的身段柔软一点。
北京,但是女性角色还是只是妻子，秘书，等待被拯救的人
山东,IP依然很棒，演员和特效也都在线，但可惜导演不会讲故事，处于写得多就是写得好的低年级作文水平。经费充裕拍了很多素材，但不懂取舍和缓急，没有聚焦和留白，整片充满堆砌，故事推进没有节奏，宏大叙事和微观煽情也还是老一套路，让人感觉疲倦大于震撼。真正经典的国产剧的出现仍然道阻且长，好片的诞生同样需要团结，好IP和演员、好导演和制片都不能少。但电影有句台词很棒，“团结也是需要代价的”，充满投资收益考量的片子不会那么轻易实现目标统一。正如第一部长镜头对行星发动机的介绍，这一部印象最深的也是开头的太空电梯了，其他的就是偏杂乱而填喂似的叙述。WE是个持续两千五百年漫长而坚定的旅程，希望以后聚焦讲好每个勇敢而震撼的瞬间，不要贪大求全，延展地做好这个系列。1.22大年初一 盘古万达影院
上海,2上映都好几个礼拜了，3怎么还没拍完？
四川,"国旗下讲话按头输出意识形态附赠propaganda，2058年价值观依旧原始乡土，情感呈现只有男性视角，视觉不错，内核过于自大。Universe：who the hell are you, human beings?"
山西,"科幻片少点自我牺牲式爱情会更好，四星是给美学和主线剧本，特效啥的做的都不错。二编补一句，刘德华那条线把这片带到了和美学持平的高度，我甚至觉得主线剧情是为了过审，这条线的剧情才是精华。"
北京,我对集中力量办大事没什么意见，但是这个电影里所有软的东西实在太次了，国产综艺感，抖音笑点，不足以被叫做电影，实在反胃。
上海,卧槽这是我40块钱能看到的？？？？
河南,"五十岁以上的 出列，牛逼，球2实在是会戳国人的点。
票房一定要过40亿，一定一定要有第三部！  "
湖北,续作有意识地规避了前作的很多槽点，特别是把前作严重缺失的“人、人性、人类文明和人文关怀”都补上了（宁理遗言：“没有人的文明，毫无意义。”），包括配乐也不再过重和煽情。剩下唯一的槽点大概是创作者无法主导的：出现抗议的城市都是在外国，遭到毁坏的地标都是在外国，展示民众的反应还是在外国。扣掉的一颗星出在剧本上，虽然故事编造得到位，但是三个主角三条主线的并行叙事既缺乏有效的关联，节奏感也不太好。【仙桃金逸】
浙江,比满江红好看多了😭（就拉踩）国际主义魂熊熊燃烧！
河北,不停倒计时的写法，解决了整体的节奏，但也割裂了故事的连续体验，离讲好一个故事还差一点。特效质感比上一部更好，已经是好莱坞A类大片的水准了，不愧是国产硬科幻的里程碑，只是这个价值观还停在了战狼的水平。想解决剧本问题，肯定不难。但想解决价值观输出的问题，就不可能了，这也注定了国产大片只是拍给国内观众自high的。票房这么成功了，分明是找到了流量密码，那也就没有聊这个问题的必要了。
湖北,电影用CG复活了达叔，和华仔在戏中数字生命的概念形成互文，也完成了华仔达叔的最后一次合作。
湖南,这电影才8.2？！！网友们你还要看多牛逼的电影？！！开什么玩笑？！！啊啊啊！！真的牛逼啊！！扶摇直上九万里卧槽卧槽！在月球上遥望地球故乡卧槽！！回来看了解析以后，我整个人都麻了啊啊啊！！这电影整个故事牛逼！制作牛逼！这才8.2分？靴猫那鬼电影都有8.2了！！网友们还要看多牛逼的电影才肯给8.5以上？！！
浙江,1、坐在我边上的哥们当看到沙溢喊出50岁以上的出列的时候感动的稀里哗啦，我不明白这哪里感动？有年轻人愿意去不让去，50多岁就比20多岁的命贱？2、主角团都是有资格进入地下城的那一半人，那没能有资格在流浪地球中活下来的另一半人在干嘛呢？在家里听收音机为主角团欢呼，还是在帮另一半人建造行星发动机吗？3、有意思的是影片中的反派都说英语，友邦是俄罗斯人、非裔和法国人，看得出影片的政治立场是中国成为第三世界的老大，并拉拢英美政治核心外的西方国家。但是南亚、中东、非洲等地区只能以底层群众露脸，在连电视机都配不起的家里听收音机被动获知中国人拯救世界的消息，这不又是我们讨厌的英美的后殖民主义叙事吗？影片从宏观上没什么大毛病，可在很多细节情节上细思恐极。
四川,又散又乱，影院又暖和，好适合睡觉。
重庆,刘慈欣凭一己之力把中国的科幻小说提到世界水平，流浪地球凭借一己之力把中国的科幻电影提升到世界水平
上海,鉴于我目前对局势的悲观，实在是害怕我国再也拍不出《流浪地球2》这样的片子了。目前电影我刷了两遍，第二遍看完回来，周喆直在月球危机时的演讲，我始终都在回味。“这是一张断裂又长好的股骨化石照片，在原始社会中，一个人的股骨断裂就意味着死亡，没有水和食物吃，没法抵御野兽。但是这个股骨化石长好了，就说明有人照顾他，提供水和食物，保护他免受野兽侵扰。这种互帮互助的行为，标志着人类文明的诞生。”人类的赞歌，是集体的赞歌，也是勇气的赞歌。从团结对抗野兽，到团结开垦土地，到团结面对天灾。从家，到族，到国。在东方，自古就有三支箭的故事流传在各个国家。一根筷子容易折，十根筷子这不断。然而曾几何时开始，“团结就是力量”被不断的解构。社会越来越向原子化发展。而《流浪地球》系列，再次唤醒了我们的集体记忆，吹响了号角。
贵州,想单独给刘德华五星，无论是对智械危机的呈现还是生命的哲学思考（以及演技）都让另外两条故事线望尘莫及。如果吴京线是可有可无的，那李雪健的故事线就完全是在拉低整部电影的水平以及刺激我的尴尬症发作，摆脱不了喊口号式的表演，但是算一算年份其实他演的是个90后.......
上海,"把李雪健那些片段删了可以加一星，把煽情和废话删一删控制在2个小时可以再加一星。前一个小时我觉得无比难看，莫名其妙的感情戏。但看到后面我觉得那是有意义的，再宏大的叙事也需要真实的个体。在人类存亡之际，正因为每一个个体有在意的人，人类才有可能找到出路。"
湖北,大部分时间都有一种被爹按头的感觉。地球已经被造成了现在这个样子，我劝人类还是别继续自大了，别把自己太当回事。宇宙很大，只能存在于三维世界的你决定不了任何事情。
浙江,我实在接受不了30年后的手机和现在长的一样
浙江,我朋友说，“像领导的讲话，又臭又长”。
山东,山寨天地大冲撞+源代码，都是人家玩剩下的概念，山寨完了再换个战狼皮，就是国产科幻之光了。你搁这吹尼玛呢？
加拿大,李雪健如果没有演老年罗辑，将是三体宇宙里一个巨大的损失
上海,信女愿吃素三年 盼破球3早日开拍上映
湖南,中间所有五十岁以上航天员出列的时候 我哭了。。。这种担当恐怕是一种中国人特有的品质吧 
广东,吴京这次又要替全人类去死了！！！说进步了吧，确实进步了，更会做特效了，故事框架打磨得更立体了，也做到宏大叙事了。问题也还是老问题啊，浓度太高的国家主义、个人英雄主义都大大削弱科幻片最高级的浪漫感。吴京扁平且尬、沙溢道德绑架、李雪健就有一点点“恐怖主义”了。女性角色继续当绿叶且边缘化，还好刘德华和宁理两个角色挽着全局不致崩溃。
美国,这电影没有图恒宇这条线 估计就是两星
广东,太好看了，第二部是第一部剧情与特效的plus版本，建议重温一下第一部，第二部的台词与第一部的联动太多，好多泪点。李雪健老师因为鼻咽癌动手术，声音有问题，电影用了技术修复了，不过有一处使用了原声，大家可以找找，这是个彩蛋。达叔的出现也是用了AI技术，太感动了。刘德华的女儿叫丫丫，佟丽娅（丫丫）正好扮演他的妻子。上面都是电影的彩蛋，我来讲讲我的彩蛋，电影中把国贸给淹了，刘德华看到国贸贴的小广告，房价6.6万/平米，现实中我也在国贸经历了相同的场景。电影里出现了未来人留给现代人的信息（看过《信条》的人估计会接受这种设定，而不感觉到突兀)，这是不是为第三部做铺垫。
陕西,看了流浪地球2，我为满江红这种商业烂片感到悲哀。
广东,换诺兰来拍这片就上9分了，多一星给吴孟达吧。讲实话确实有观影门槛，3小时对膀胱的压力也挺大的，打不过满江红很正常。我个人是觉得文戏是很有必要的，3个角色都不是省油的灯，这次剧本完整度很高，破球的原小说远没这么丰满。至于在科幻片里面找物理漏洞就算了，Engineering Porn 的玩意没人在意细节的。总之国内能有这样的科幻片确实是跨越式的，至少我看过的片子里面不管哪国的科幻，破球2都是顶级的那一撮，太强了。
江西,跳来跳去的故事切换，其实没必要花观众3个小时，好失望，观察了下周围，除了看不懂的孩子，就是坐如针毡的大人
湖北,如果有跟影片质量匹配的国际发行，这部电影的全球票房是可以冲冲15亿美元的。
湖南,一想到这是中国自己的科幻电影就头皮发麻 太争气了
江苏,就这还8.3分？我不理解。太难看了，差点睡着
湖北,郭帆导演把刘慈欣小说全拍了吧，球球了
四川,一星给刘德华线，一星给杜比影院。夸张空洞的剧情，无处不在的民族主义情绪与建制潜台词。这是小市民的狂欢，这是电影艺术的末路。
广东,"强调的是全世界团结一致的集体主义，比美利坚千篇一律的美国引导世界，超级英雄引导人民不是逼格高多了？

准五星。关于人类股骨愈合的比喻直击人心，让人想到《2001太空漫游里》那条掷向空中的骨头。"
天津,为什么纠结民族主义呢，这分明是因特纳雄奈尔
浙江,中国电影新类型：科幻主旋律。套个科幻皮整点特效把我骗进电影院看吴京和刘德华两个大爹展现铁汉柔情？3小时的电影要煽两个小时情，想拍中国人力排众议挑战不可能那为什么不拍詹天佑修铁路呢？要看末日拯救地球的观众不如去看《切尔诺贝利》好了，那剧也就比流浪地球2多俩小时。什么时候能看到中国电影硬科幻？加那些语言梗谐音梗好笑吗郭帆你自己觉得好笑吗啊啊啊啊！就非得安排几个外国人在里头说东北话/四川话还得掉几滴眼泪是不是。开头的旁白是用烂了的，结尾上升人类的勇气可以超越时空是碰瓷星际穿越的。五分钟可以讲明白的流球1前传硬塞成三个小时，流浪地球3是不是要大战AI？随机生成3万个数字的密钥你在那一个个手打我真是要生气了
北京,太遗憾了，技术环节和工业化程度有多出色，就反衬剧作和内在价值的问题有多明显。我觉得主创还是有点不自信，仍然停留在量大管饱做加法阶段，鲍参翅肚浓油赤酱的，又巨又硬，不清爽不简洁，缺少克制力和做减法的勇气。吴京线在这个故事里没有提供新的价值（相较第一部），国际政治线也主要起“总结中心思想”作用，戏剧冲突是过家家水平的，不如以刘德华线为主轴展开，把吴京当作勾联第一部的彩蛋，减少戏份，毕竟一个商业片故事里塞三个主题关键词很难讲得清楚，但刘线又很可能关系到第三部碳基硅基之战，也不好全讲完了一点不剩。导演剪辑版砍掉的几十分钟对于故事节奏的影响也很明显，现在这版像个哑铃，两头大中间细，视觉奇观集中在头尾，中段过场推进就难免给人漫长疲软的感觉，不够连贯聚焦。四星半吧。
湖北,"这算是一部好片子了，但不是我的观影取向。
要不是为了刘德华，我肯定不看这个片子，所以他一出场我就热泪盈眶。随着我的长大，我非常厌恶宏大的叙事，因为那个时候人不再是人，这非常残酷。很多时候我们接受的教育都在告诉我们奉献，告诉我们要考虑未来，告诉我们人多力量大，告诉我们就应该追求所谓可贵的真实，我非常痛恨这样的价值观，这不值得鼓吹，如果根本不考虑人本身，一切是为谁呢？还不是为了虚无的东西。
先阻止日本往海里排废水再说吧。"
河南,制作宏大，想象力惊天的宇宙爽文，全程无困点，脑子不够用，为中国科幻点赞，为我们的共同好友、编剧杨治学点赞！虽然片方因为预算问题最后没有再找我翻译第二部，但依旧要支持到底！
江苏,看了大家的评分我怀疑看的不是同一部流浪地球
辽宁,郭帆你自己说说你能数清楚你用了多少次走马灯展现全球各地人的震惊/感动脸吗？我反正是数到第四次就放弃了。咱尬的那套来一次就行了，非得来那么多吗，你让生活在此时此地的我怎么共情“世界人民大团结”这七个字。还有啊你那些个外国群演能不能别说这种标准化听力英语了，好假啊，能不能说点地道的口语，把乱七八糟的cg钱省省用在文本上，你就说“妈妈我想回家”这句话你用了几次？咱把这些问题都解决了再考虑第三部ok？//但是，还是值得一看的，谁让我是机性恋呢。其实第一幕的节奏还可以。550C一接入响起阿拉moss的主题bgm我直接冲了！还有moss bgm混入女童声哼唱这个设计也挺喜欢的，头皮发麻。莫总剧情全程高光，整个人设狠狠hold住！很爱！
美国,"四星给到全体制作组！真牛逼！中国电影工业！
随便扯点题外话：
如果这件事真的发生，我们可能需要解决的问题大概如下：
行星发动机质量检测不过关，经查发现是承包公司私吞公款；
发动机建设工人工资迟发，集体上街讨薪；
多个支持人类智能延续计划的公众人物被怀疑是外星势力；
地下城房价居高不下，生存物资严重稀缺，年轻人纷纷表示自己是最后一代。
"
北京,他们不让我发表评论
福建,很喜欢刘德华的那条线，美中不足的话就是主线有点多、主次关系处理的可以再好一些。
中国香港,明人不说暗话，我想坐太空电梯
美国,成为了流球2北美票房的贡献者。在美国电影院，全场都是中国人，看华语电影，是一种很神奇的感受。电影结束以后，全场鼓掌。
江苏,笨笨扔下飞机笑死我了
安徽,如果科幻电影史上榜单上没有流浪地球2那我肯定会怀疑这份榜单的真实性
广东,本片好于美国所有的灾难片，尤其是后天2012这种垃圾
江苏,唯一没有想通的是，数字生命和流浪地球计划有什么矛盾的地方，两拨人各搞各的互不干涉就是了，还可以节约地下城名额
天津,特效很好 但故事线好散
广东,达到了好莱坞级别的工业流程，在叙事上又摆脱了好莱坞的个人英雄主义模板，如果流浪地球1还有运气的因素，流浪地球2真的走出了中国特色的科幻道路。
陕西,一部被过载的创作意图所累的作品，其承担的能量或已远超出电影本身，成为有明确政治功能的超级再现系统。三个小时的冗余的叙事从内部分裂为两条对立的线索，即流浪地球和数字生命之间的路线之争，关键是如何处置人。虽然“航天科工+人工智能”是过去十年赋予家国叙事最重要的历史内容，但人定胜天的狂想，恰恰来自于那个非/无人（性）的年代，因此影片中的危机解决方案依然是被进化论集体主义、父权制核心家庭和语音层面的世界主义所共同驱动的，这让电影的高潮段落直接成为“揽月”和“捉鳖”的图示，完成对“坐地日行八百里”从何而来的解释。不过，电影暗示的恰恰不是道成肉身和意识上传这两条路线的对立，而是他们必然将有着复杂和长期的关系。正如电影的形式，此象征系统的建立也指涉了中/美-刘慈欣/好莱坞（或诺兰）之间的协商与耦合。
澳大利亚,感恩不是3d。硬要挑剔的话，内容太多，需要花钱二刷。
广东,"最大的科幻就是全人类可以团结一致，数十年合作无间。
屏幕上云里水里打做一团，我中间却可耻地在按摩坐椅上打了个盹。原谅我无法对这个星球的命运感到紧张，因为李雪健说了，「我们的人一定可以完成任务」。过年嘛，就当看了场经费爆炸的烟花表演吧。"
马来西亚,李雪健的角色去掉我还是愿意再多给一颗🌟的
广东,"▫️美术和视效的完成度依然超出预期五星优秀，多线叙事故事组织我倒是觉得还好，但为啥要频繁整那么大倒计剧透？保留一点惊险感不好吗！！
▫️哪国拍的就哪国拯救全世界别国人都是半傻子的科幻片通病没改，把吴京春晚小品式愚蠢脚趾抠地恋爱剧情砍掉，慢吞吞爹味领导煽情演讲砍掉，片长至少优化25%且可看性提高不少。
▫️全篇角色爹味冲鼻，女性角色均可总结为“妻子和女儿/无自主能力”，不是被结婚送花对象、被癌症被车祸、被拯救，就是背景板、提鞋小妹等。几乎没有一个派得上用场的就对了。
▫️不是女人看男的一眼，你就想着她要跟你结婚，OK？都2023年了这种事情还被拍出来当笑梗引起强烈不适。这些厌女歧视，不狠狠的骂回去，再过50年男人还能这么拍电影好吗？不要小看媒体的影响洗脑能力呢。"
内蒙古,"太浪漫了,是大概只有中国人才能拍出的一部片子"
广东,还是那股味儿，中国人都是好人，中国人救全球，国际友人演技出戏，部分表达很尬，个人不怎么喜欢，全程propaganda。信息量大所以细节表现不充分，容易漏一桢细节就看不懂，特效和灾难片滤镜没得挑，甚至可以再延展。
四川,至少可以剪半小时废笔吧，剪辑师和导演真的该检讨，那些强行煽情部分太长了。还有李雪健那个角色，真的不是反讽内涵吗？最后还从轮椅上站起来了！真的一口奶茶差点喷出来。还有那宏大的自我感动自我陶醉自我牺牲，那不都是我们从小看到大的样板戏吗？凭什么五十岁就要出列，凭什么要丑化反对者（最后他们定为非法的数字生命拯救了真实物理生命）？其他都挺好，特效也好，是好莱坞级别的大片，虽然四十年后还在用现在版本的国产手机。
河北,大年初一首选这部电影果然没错，确实比1更好看，郭帆导演牛比！影片几大亮点：太空电梯；短发女神王智；对数字生命计划和流浪地球两种方案的探讨，就像宁理演的马老师在遗嘱上画的∞符号一样，让人拥有无限的想象空间！影片的世界观比原著丰满了很多，传递的价值观也格局很大，期待第三部。
河北,顶级特效大片，不输任何漫威电影，这票房要是输给一个室内剧本杀电影那真的是中国电影行业的悲哀。
广东,与第一部相比，简直是质的飞跃。这种进步，不仅仅是技术和影像层面，更重要的是叙事方式和精神内核。这是一部纯中式的科幻片，主创团队显现的自信，远超第一部。看完既震撼又激动，甚至觉得骄傲。
北京,各种他们洋洋得意的点都令我作呕。
广东,只能说碉堡了，干翻满江红，弄死易大佐。
浙江,看了看时间，两小时了到底讲个什么？好像这两小时不看也毫无妨碍。无语至极
浙江,"比1还差劲，这么多年进步的只有太空电梯。披着科幻皮的爱国电影，到处是恶心烂梗。化用《太空漫步》以及《Murmurs of Earth》一点也不巧妙，半桶水晃荡晃荡的油腻男直视感。
只能说很中国。"
美国,一个吴京可以，一群浓度太高了
海南,被评分骗去浪费了3个小时。杂乱无章的叙事，幻灯片一样的镜头，预告片一样的叙事情节，充斥全片的莫名自豪感，李雪健这角色是在学X教授吗，毫无来由的自信，大无语。花钱让一群老外跟着跑龙套，台词更是尬穿太阳系。感觉全程被拽着鼻子跑剧情，就这还一群人嗨的不行，这就被夸成世界级科幻？求求你们多看几部好莱坞的科幻吧。总结一下就是：稀烂
广东,想对比些什么，却发现国内这个领域压根没对手可言。前作公路片更为大众，本作史诗片更具磅礴，通过互文详写完善世界观。国人情怀始终贯穿其中，处处是浪漫。当然，作品本身是年轻的，高概念，大场面，火花四溅，但结构松散，叙事较弱，不乏瑕疵，幸好，即便如此，仍旧让人感觉到澎湃的能量。强烈的工业感里面每一个螺丝都透露着“希望”。
浙江,剧本太粗糙了，矛盾点也太多，无论哪条线都讲得不清不楚。编导的包袱重了，得接上第二部，就非得重点讲刘培强这条线不可，如果只讲图恒宇这条线，可能会好很多，这条线挖深了会很有意思。
青海,三颗星全部给特效，故事讲的真的太烂了。
北京,第一部的前作 最感动的画面是50岁以上出列 
上海,特效确实很好，但缺点同样刺眼。1、片子太长，不好笑的搞笑点和口号式的煽情完全可以删掉。2、试图塞给观众的内容太多，叙事节奏混乱。3、紧迫感应该靠剧情推动，而不是靠生硬的倒计时。4、吴京演感情戏像AI一样生硬，相比之下，刘德华的线更饱满。
浙江,"3.5  相比首部，在科幻细节与世界观构造上全方位升级，而且在气性上比较细致沉着。虽然仍有几处延续了首部那种“俗套燃感”，但大部分时间还是保证了较为写实、平稳的调性，去具体探讨个体人生被频频重击的伤痛失落，以及整体人类命运的迷茫。
几条叙事线里，刘德华/图恒宇这条高概念父女线，以及最后引发的反转，撑起了本片的核心表达。你可以在里面看到刘慈欣科幻理念的延展，也会想到姜峯楠《降临》&amp;刘宇昆《万神殿》&amp;诺兰《星际穿越》，代际间跨越生死时空的爱与和解，是我们与宇宙交织纠缠“一生的故事”。"
湖北,"大刘对郭导说∶来来来笔给你，你来写。
Ps∶550w=Moss……上一次看到这种非主流梗还是n 55!w !"
澳大利亚,笨笨，你可是一条军犬！5555555要是可以和爱的人一直生活在数字世界就好了。俄罗斯的核弹没有保险笑死我了😆
陕西,"这制作谁不说一句世界顶尖！极致浪漫！
根本不是壮志凌云2那种个人英雄主义，而是属于人类的。很多小对白太妙了，三百人准备去牺牲后李雪健问你觉得公平吗，550w认为最好的做法是毁灭人类，人类最极致的秘密都用在彼此毁灭上…
不过就算面临全人类危机，我也不认为世界各国能停止互相攻击，尤其是漂亮国。"
浙江,都给我去看！真的不夸张，后劲可太大了，让我打六星！郭帆牛逼！我想说的东西太多了，从“太有钱了太奢侈了”到“这太他妈刘慈欣了”到“文戏居然也这么牛逼救命啊”到“MOSS真他妈辣”！！！各种轴承、阀门、按钮、摇杆的转动，几十种核弹按钮/扳机不同的质感跟声音，片中比比皆是，质感就是这一秒一秒的细节堆起来的。非要说缺点的话，世界还不够残酷，反对派尽管炸了一个空间站，但在我看来还太过温和。POV的衔接还不够有机结合。但还是好爱，让我买周边！门框还有火力攻击！护盾+安检+门挡+电击......天才设计我已经说倦了！最后祝愿李雪健老师长命百岁！
浙江,"妥妥的和而不同的文化自信，j20su57并肩战斗，j20掩护su57，对比上个月的外星村落械斗，不知道高多少。看看我们的和合文化，对面还在搞F22干J20的意识形态，高下立判。最终，吴京月球扛核弹头，刘德华水下插网线，印证了教员爷爷的话，可上九天揽月，可下五洋捉鳖。当然还有我们元宇宙拯救地球的升华，对面的格局终究是越来越小了。"
上海,想讲的故事这么多却还是放了不少无意义镜头，导致节奏太拖沓。三线叙事分散割裂，缺乏连接互动，图恒宇的线有点意思，刘培强的线平庸套路，周喆直的线爹味十足。更希望看到为何在数字永生和流浪地球之间选择后者、如何看待人类存在和延续的讨论，而不是各种煽情和自我感动，「中国人一定完成任务」。配乐一般，视觉特效空有宏大没有美学，另外，真的忍不了老是用PPT大字倒数个没完。
江苏,"中国电影融入中国文化，中国价值观，中国思维最强作品。没有之一。
金砖五国俄罗斯，印度，南非，巴西的都有比较正面的特写。说英语的国家和日本都属于在联合国会议里比较沉不住气对中国主导的计划叽叽歪歪的货色。实在是建议删掉有南朝鲜的桥段的部分。第一次在中国电影里看到灾害干掉欧美建筑，心里还挺爽的。
流浪地球2是值得再看一次的电影。中国式的内核符合我们中国人的观念，更是在电影工业上跟好莱坞的差距从20年，追到了现在距今只有10年的程度。追上的10年只用了4年！相信观众也用满场和好评致敬好电影！
最后夸一下沙溢，综艺咖，电视剧咖，驾驭这个角色还挺棒的！"
江苏,1.刘生前没有成功，中却要强行点火，如果刘没有成功， 强行点火地球分裂，怎么办3.北计算机中心这么重要的地方，为什么服务器全泡在水里？进了水还能用？为什么没人看着？为什么只派二位电脑专家进入，结果还全死了。但凡多进去几个人，也不至于腿被压住了也没人抬柱子，知道水下作业还不多带几个氧气筒？4.月球核弹那里更址，为什么要解码?各国竟然不知道自己的密码？
新加坡,两个哭点，生老病死，民族大义的责任。一个小细节，2058年，50岁的出列去点爆核弹，刚好是00.90后呀
甘肃,个人认为是近二十年来全球最佳科幻片。
浙江,能不能把外交部发言给去掉…
浙江,牛啊，开始输出意识形态了
北京,漫長到煎熬，幾度昏昏欲睡；製作再認真也挽救不了敘事的混亂和節奏的稀爛，完全無戲可演，所以一次次地靠字幕提醒危機倒計時來硬造戲劇壓力；幾條線索完全無交集，東一筆西一劃，我真的不想看雪健老師演戰狼，單講劉德華那條線可能還能好點。
重庆,特效好不好和好不好看是两码事
吉林,看完简直怀疑自己和社会脱节。
中国香港,电影背后的价值观没法说服我（过去三年对我影响很大，没法享受这样的电影了），总替他人做决定也是我个人的大雷点。总体说作为科幻片真的太无聊，很失望。全方位的难看，两星给制作和野心……
广西,一会好看一会难看的…
美国,都给我站起来，不准跪！
湖南,"给三星完全因为制作层面，请郭导不要拍女性角色，你真的很傻逼。

我很好奇那些认为这部电影是里程碑的，到底是因为什么？因为这部电影太碎了，全部笼罩在所谓更大更高更强的故事背景下，我感到很不适，刘德华这个角色切换成主角，也许才会更加有意思。
 
花钱进电影院看这个，肯定不亏，但我完全有权利讨厌这种故事。望一些人也不用急着说明自己多支持国产科幻。"
北京,浪球一我是进了四次电影院的，为了开头那个长镜头和最后的主题曲。浪球一没有什么故事可言，靠家庭剧套路撑起全篇。但它在视觉设计方面体现出了真诚，召唤出了我真实的工业经验和工业浪漫。浪球二继承了视效设计上踏实的作风，但放大了所有的缺点：一个接着一个的大场面让我很疲惫，这里没有和工业经验相配合的故事，只有一些未经充分打磨的观念。未能充分达成但好的意图是：有史诗的野心，也有了真正的科幻元素。但全剧除了马兆之外，几乎是没有任何一个活人。我是一个并不高冷的普通观众，当我不再替电影界背负“我们也能做到”的技术赶超包袱后，我想从大片中想看到的也无非是些服务我的东西：要么是属于我自己的故事，要么是我未曾见过的奇观。
上海,2.5/5 at 寰映IMAX，是一种灾难porn，连篇累牍又分秒必争的危机，撩拨着雄起的大国力量，让所有人都处在、或将处在末日的应激状态，尽管设定人类联合互助的国际格局，但如果看角色线，处处暗含“我们的人”叙事，在基建、牺牲的展示后，由貌似前Prime Minister的李雪健，完成nationalism神话的奇迹prophet：完成任务，无论虚实。最后一分钟营救的类型快感，从俗套的个人英雄主义，本土化为对“我们”的确认，就好像三体中的人列计算机，从量子到AI，都可以在更神秘的东方力量中化险为夷、统一战线，这种不会失败的信心，像一根越来越硬的义肢，代替了刘慈欣为硬科幻加入的派别博弈。这也像是创作的隐喻，全视角的、上天入地的镜头机能，维系着玫瑰光头般样板的情感，像吴京的脸一样，僵硬但是笑着。
上海,三星半，国人的科幻片带入总是更占优势的，但是地球都要毁灭了为什么体制内那股味儿还是没变
重庆,油腻的爱情，自信的“我们”，陶醉的奉献，怒吼的白人。三个小时三条线，磅礴叙事，群星用力，各个击破，陆续牺牲……却远不及上一集吴孟达这颗小小螺丝钉来得真切动人。多数时候，满实满载的伟大难以真正触动人心。
河南,如果说三年前的1是一部合格电影，那么2已经足够在电影史，至少是类型电影史是成为里程碑了。输出了一种完全不同于西方科幻的思维方式。
湖南,除掉中国式尴尬和外国人强行降智外其他的貌似还不错
北京,剪辑是杂乱无章的，毫无逻辑可言的，角色对白在无趣的幽默与紧张之间的切换是生硬的空洞的，情绪的营造是割裂的，急功近利的宣传片似的填鸭，演员的表演是机械化的缺乏代入感和说服力的。不能因为昂贵的特效和国产科幻巨制的稀缺就觉得拍成这样已经不错了，能认真拍好一场戏也好过近三小时土豪式的堆砌和视觉轰炸。
浙江,比起国外的科幻片灾难片，外国人一遇到大灾的思维一定是带上自己配偶孩子卷铺盖跑路，主角则是凸出个人英雄主义也带上全家跑路，再顺便拯救一下世界，（一般主角会某个个体可以放弃其他所有人），流浪🌍作为国产科幻片视角完全摈弃这种狭隘的精英至上思想和利己主义者思维，中国人讲究家国天下，要走就全部一起走，作鸟兽散不是国人的第一选择，这样的思维格局是国外科幻片永远无法理解也达不到的，虽然集体至上的原则下也有着五十岁以上出列的个体牺牲，但总体上还是朝着人类命运共同体的价值观靠拢。极致的个人英雄主义自救模式和坚定的集体共存抗争模式都应该是好的解法，🌍靠着完全不同的格局思维走出了国产科幻片独有的套路，有人不满它又红又专的集体价值观打一星，我觉得恰恰要为这点打五星。
湖南,一票否决这种自我吹捧和自我感动
陕西,少点取悦中国老百姓的孤僻印象 可以在国际科幻圈占一席之地
黑龙江,不明白为什么这么高分，很无聊，而且叙事不清，强行煽情
广东,刘德华这条线太精彩了
山东,非常直男式的自以为是的傲慢自大且审美糟糕，眼花缭乱不节制的大场面和泛滥成灾的刻意煽情。
北京,大概是憋了一泡尿的缘故，很多地方都感觉有点冗长了。剧情一完发疯一样冲出去，然后才发现手机没了。又发疯一样跑回原来的放映厅。感谢电影有彩蛋，感谢灯没开，感谢大部分人还坐在座位上，我又把手机捡回来了、、
天津,比第一部全面升级。作为一个非硬科幻迷的普通观众，看到这种工业化程度也觉得震撼。
北京,"说个容易被忽视的观点，少见的在科幻片里融入了人类未来发展之路的思辨。

地球文明将希望的种子播撒出去，人类和地球一起迈向宇宙几千年后，可能成为我们现在完全想象不到的形态，但也可能仍如今日。人类可以构筑5000年文明，依然可以继续保持这样的状态将文明延承下去。

所以无论是刘培强还是图恒宇，人类实体文明和数字生命之间的博弈，如同片中那一次擦肩而过，他们各自的故事线，都承载了科幻作品中的深度与广度。而无论哪种选择，没有对错之分，只有选择不同，都意味着人类文明将开启新的纪元。"
河南,当末世不再是赛博朋克、无政府主义、殖民文化、宗教霸权，而是家国情怀，舍小家为大家，那我觉得，这才是一种文化自信。
北京,没办法被感动，反而为人类的自大感到尴尬。两条线交汇于对视，却随即止于擦肩而过，没能展示出两派之间的张力太可惜了，这难道不应该是科幻的内核吗？以及肉身赴死和力排众议的桥段，白瞎了“流浪地球”的浪漫创想，不如改叫《月球陨落之我和我的大国》。（补：最近看了一些访谈，了解到科幻片背后的“未来定义权”等等，之前的评价有失偏颇了）
美国,很多剧情逻辑不通，英文翻译硬伤太多引起出戏，节奏和台词也有问题。
内蒙古,长得好看的人理应拯救世界
浙江,老年精英主义，民意是个屁，法律只是暴力。数字生命方案不经民主审议，被保守主义精英政治判为犯罪，激起政治合法性危机。解决危机只靠镇压和技术进步，只会重复性的口号、顶住一切压力固执己见，我们的人永远不会失败的妄想。点火、点火，不给理由不讲沟通的威权。一方面强调跨国合作协力共存，一方面最后都听中方意志。丑化一下非我族类，强调一下中俄无上限，再展演一下集体主义赚点眼泪，但叙事上本质却还是吴京的乏味的、情节重复的个人英雄主义。倒计时的设定不断提醒受众，结局从一开始就已经落幕，地球必将拯救，数字生命绝对的坏，政治家讲几句责任，一意孤行，最后一定是救世主。刘德华线好看是因为冲破了这套叙事结构，被精英政治的“现实点，人死了就是死了”所唾弃的数字生命表达了自己的生命力，虽然在彩蛋里又被做成反人类为系列续命。
北京,三十多年后我希望能去月球当燃料，目送地球起航。
北京,创意是牛逼的，执行是差强人意的，剧情是割裂的，演技是尴尬的，配音还是对不上口型的。建议以后台词不过关的就别出来当演员恶心观众了，演什么晓晞那姐们是制片人亲戚吗？韩朵朵也不太行不过本身这角色也就是一工具人，但我没想到李雪健居然也那么尴尬，是导演要求的朗诵腔吗？而且在国际会议上真的能那么讲话？结尾那段别说总指挥喊保安要给他轰出去，我都想喊保安，怕不是在国内当爹当习惯了，国外谁吃这一套啊，看得出来角色造型借鉴了周总理，但不是真实的周总理，是电视剧里那个。总结就是只有沙溢、刘德华和宁理的戏能看。在家附近随便找了个电影院小厅也没看出来特效多牛逼，也就还成吧，配乐太密了，第一部的毛病都在，但是更加冗长无聊。
湖南,一部用心做的电影，却不是一部好看的电影。想要的太多，拼命堆砌进去让整部电影故事非常碎且冗长，只能通过不断的倒计时提示给观众指路。科幻质感非常棒了，太空电梯真的酷。但是好好的科幻片能不能不要一直搞价值观输出！在开外交部发布会吗？！
北京,如果这都不算好，是你们太矫情了。
江苏,"（膀胱要炸了）
韩朵朵出场我以为女性角色塑造终于要在这部电影里迈出关键性的一步了，真激动啊，结果刘培强反手把人一锁，韩朵朵一拳之后竟然发出怒吼：“还我的花！”甚至死里逃生怀里还抱着花，我真想翻白眼，在你们眼里，女性角色就是这样的。然后其他的女人物，可以说没有了，继任老师不说也罢，周领导的工具人，完全看不到她的一点个人思想，也就结尾耍了一把酷。“看哪，我都让女人当上老师了，这下你们总该满意了吧。”这点和刘慈欣一脉相承，女人啊，漂亮就行。男主创，不多说了。
然后，电影里时刻体现出来的中国C位思想，也让人产生逆反性不适。得，各国电影夹杂私货的数不清，也不多说了。
不过说实话，挺好看的。希望有更多的女性导演，完整的女性角色，希望哪天我能在电影院流出泪来。"
山东,不要再拿电影工业来说事了，工业堆料太足，以至于“电影”反而失效了。比起第一部来，故事冗长稀碎，人物塑造扁平，台词极其尴尬，只剩下让人消化不良的视觉奇观和傲慢自大的人类中心主义。
上海,看之前，在微博上看到导演说还有一个更多80分钟的版本，网友都喊着想看，整得我也挺激动。看完后，我觉得，在现有版本上，我至少可以再剪80分钟
广东,体量太大剧情点太满，看着有点累，感觉像有个贪心的甲方在那：“我全都要”，其实小满更好。anyway，致敬国产优秀硬科幻！另，图恒宇，行车不规范亲人两行泪说的就是你！
内蒙古,中国科幻电影目前的天花板，没有之一，又看了一遍，让他挣钱！！！！！等他第三部！！！
北京,前一个半小时的叙事技巧实在有待提高。太急于讲世界观和编年史了
北京,作为科教片合格，作为电影不及格。为国人的电影审美感到悲哀
湖南,超出预期的第二部，这部电影彻底打破了拍续集的中国电影只是狗尾续貂的烂片的偏见。作为续集，这部电影在特效制作，硬科幻知识和情节设置上有了更多的进步，每一部分的情节都看得出来制作团队的用心，电影的精神价值也给予了当下的社会一剂强心剂。面临疫情蔓延的我们该相信什么，该坚守什么，该以什么样的心态去面对生存的危机，面对复杂的人性，面对看起来不切实际也不知如何落地的空洞目标。我不同意这部电影是单一宣传伟光正的影片，它对于中国电影工业，中国电影史以及中国电影价值观、思想观念有着很重要的意义，这些意义赋予了它区别于当下其他中国主旋律电影的闪光点。不是无脑吹捧，这次我站郭帆！
湖南,在电影院第二次睡着，第一次是流浪地球1
内蒙古,月亮：没事的时候床前明月光 有事的时候就给我炸烂
广东,"目前《星际穿越》9-4分，《流浪地球2》至少应该有9分！这片子故事、视效全方位达到国际水准，那些机械器材、航天机器细节也丰富到了每一颗螺丝钉，三条线的故事情节也非常顺畅，那些打一星、两星的人真是缺少良知！
二刷看的是IMAX，更加让人热血沸腾。郭帆必将载入中国电影的史册，不论电影还是个人，太帅了！"
北京,重工业科幻片，肉眼可见的有钱、宏大、巨物、精良，把刘慈欣的一些壮阔想象呈现的挺震撼，比第一部更显熟练，是第一流的类型大片。就是太满了，过于硬，味有点冲，掩饰不住地想炫耀得瑟，迫不及待又不加节制的倒计时，沉溺于一波接一波反反复复的“慨然赴死”……印象最好人物是马兆，没什么废话，利索干活，清楚，死的也干脆。
北京,“你要记住，没有人的文明，没有任何意义！”
河南,本片的成熟度是中国电影前所未有的，本片的视角格局是世界电影前所未有的，毫无疑问，这是一部全方位属于中国人的科幻电影。
浙江,看的挺爽，视听也好，情感也可以。除了最后这无脑相信中国人一定完成任务略感不适。看完真是太累了，时长、剧情密度以及音响轰头。。
美国,故事线和情绪是断裂的，不连贯。不能抓人的剧情直接导致前排大哥睡了整整一半时间，呼噜震天响。那么大的字出人物名字不含任何信息量，哪来的习惯？。开场半小时尬得不行。刘德华（和他的故事线）挽救了整部电影的质感。
湖北,不得不说特效很恢宏精致，但是这个电影有叙事吗？一个命题作文选择了议论文的方式来阐述，就算是特效满屏溢出但是我觉得始终游离在外，无法沉浸和感受到危机感，人物塑造相当的套路，不愧是爹。一张满是数字理论的答卷，真情实感很喜欢的人感觉大多都是由于看不懂才觉得牛逼吧，如果一个电影只有家国大义这种情感，叙事的角度未免过于居高临下。
广东,"还有第三部吗？感觉已经有点疲劳了。色彩，构图，宏大的空洞的宣言和口号，听乏了，流浪计划也已经唠叨重述了三四次了。

我不是无聊于“团结”和“牺牲”这些深扎在国人情感经验里的概念，这些概念会成为叙事的助推力，成为打向观众的催泪弹，也是中国伦理观的凝练输出。讲中国故事，传中国价值，扬国产片之光，对标好莱坞技术，人有我也有，人有我更优。理解。

但表达方式，是有待商榷的。人是情感动物，人注重柴米油盐的细节，而不是让一堆符号成为触发强烈情感的扳机。

只保留刘德华那条线就行了啊。可深挖，没深挖，星际穿越的2.0，可惜了。数字生命应多着墨

很脆弱，念旧情，很固执，可能永远沉溺在过往的无法挽回的回忆当中，会因此走火入魔，甚至无法避免地伤害别人，哪怕人类濒临灭绝，人就是这样的情感动物啊无可救药又浪漫。"
辽宁,令人流泪的地方很多，不过总体上感觉第一步那种粗粝质朴的国际主义互助气息淡了很多。其实我觉得不必过多渲染中国如何争夺话语权。片子本身讲好愚公移山之坚韧、面对不可知之未来一往无前之勇毅，已经是最好的文化输出。
北京,少见这种没有反派，空前团结的片子，抛弃了个人英雄主义的内核是对的。制作空前强大，而今的好莱坞也拿不出这种制作。
广东,我想给他们打10🌟，碍于豆瓣只能打五星，就说几句吧：这他妈是近年来最牛逼的中国电影，他们这三四年怎么干出来的这玩意儿啊……看完兴奋过头，睡不着觉，就想问郭导，下一部啥时候拍
天津,如果可以忽略这惊人的含狼量，真的比第一部好太多了，并且看起来是富得流油挥金如土，处处都是钱的味道，诺兰和库布里克看了直流哈喇子，高低让你知道我钱花不完
广东,如果说上一部还有一点邯郸学步，这一部几乎可以自信而毫无愧色地站在全球第一流科幻电影的行列了。比起四年前的前作，从视听效果、人物情感、故事情节等每一个方面都有着令人难以置信的提升。完全能够理解为什么信息密度如此巨大，节奏如此急促，特效场面好像不用钱一样撑满全片，那是一种对自身能力的高度自信。这不是一部完美的电影，但完全值得五星推荐。
重庆,9分，特效超级良心，文戏也不错，是会被载入中国影史的作品。缺点是人物牺牲的情感动机略显不足。达叔通过特效出来的瞬间让人感动。btw，满江红这种平庸之作有什么资格跟流浪地球相提并论？
天津,佩服创导，不仅资金强到炫目，信息多到爆炸，还成功弥合了东西方集体与英雄的价值分歧，最厉害的还是依然如第一部般，挂刘慈欣的头卖人定胜天的反骨，甭管你科学算出啥来，我就照着我的情绪干；别看你moss今天闹得欢，等我儿子长大给你拉清单。ps:两个冷知识要谨记，一是就算电梯能直达宇宙，得了癌症也得掉头发，健康还得指望自己；二是数字生命是御宅人的希望，不用出屋，想养啥养啥，还能带着孩子上班，未来可期。
浙江,没了第一部那种吵闹青年当主角和无法入眼的胡乱镜头展现与剪辑，第二部至少提升到能看的水平，但当然也止步于此，不过其他方面也没指望能做到哪里去
上海,步步高点读机救了全世界？话说在最危急的关头，我方大佬强行下令点火这种剧情太狗血了。和第一部一样令人犯困……
湖南,没有对比就没有伤害…看完这个默默把旁边张老头那片改了两星…内心在思考一个问题：满江红这样的骗钱玩意儿为啥票房第一？？替流浪地球2这么好的片子不值！！可能也许大概。。。还是受众的素质还不够吧。。就好比这些年流量剧小鲜肉横行一个道理…
宁夏,竟然能低到8.3.....资本牛逼，满江红资本牛逼啊！！！好的电影需要观众来保护，《流浪地球》给我冲，春节档第一毋庸置疑！真的看完大受震撼，就这样的作品真的是我们现阶段市场不配拥有的作品！
江西,太烂的  不想说啥   就这剧情还强行煽情   刘德华扮演的角色就是个疯子  看着都烦  只想自己的女儿  妻子一个p都没有   爱人走了  有个活死人女儿有啥用？  韩朵朵也是   结婚生孩后就没剧情了   还得病嘎了  真的6    还有李雪健扮演的周喆直  什么东西  自以为是  不知道的还以为他是上帝呢   最后也特别扯   半个地球摆那个推进器   地球能有这么多能源够你烧2500年   白瞎了  真的烂 
浙江,延續人類文明的最優選擇是毀滅人類。相較於第一部側重災難，第二部有了更多關於科技的思考，人類面對科技的選擇，科技對於人類命運的左右。圖恆宇的一條線才是故事的核，可惜出於商業訴求和政治考量，劉培強與周喆直兩條線比重過多，過猶不及，可以至少刪減半小時。
甘肃,死了还得工作看哭了😭
福建,有没有想过近10年美国没有令人有记忆点的科幻电影以及灾难片，地心引力、星际穿越、火星救援，然后就没有然后了…看完流浪地球2我很欣喜，世界观、建模、想象力、格局都很硬核，这部电影是中国科幻片的里程碑。 
湖南,"看了这么多年电影，流浪地球2是我唯一去电影院二刷的，不夸张，唯一二刷，甚至想三刷，每一次都是一秒不落，等过几天人少一点估计还会去三刷，好的电影不应该受到不公正的待遇，不应该让认真拍电影的剧组心寒，如果不发声，就会被埋没，这是我去年12月学到的，所以喜欢就要说出来，流浪地球2就是很棒，就是要看，就是要支持。
最讽刺的就是，电影里展现了全人类空前的团结去对抗太阳危机，而你们这些却在电影外用尽手段抹黑打压。
一边图恒宇在现实里死亡，出现在系统里输入密码，一边张鹏和222个老宇航员肉身引爆核弹，一边后备队在深海救援先遣队，一边周喆直几乎以威胁不容拒绝的态度命令点火
最能触动到我的，大概就是这种，没有谁是救世主，人类是自己的救世主，没有什么牺牲一个人拯救全世界，这个世界被全人类共同守护。
"
广东,刘德华好帅，图恒宇反叛的剧情属于是全片最佳。感觉这一段呈现了全片最饱满的角色、最具观赏性的镜头。
江苏,我们这么大气的片子里面为何没有NASA？估计是2044年美丽国已经解体了。
四川,都说了多少遍了，不要煽情不要煽情不要煽情，编剧那种无聊的梗能少点吗，所以这个电影为什么要3个小时，这么拖沓
上海,不喜欢不走心的女性角色塑造，不喜欢假大空的喊口号，不喜欢演讲推动情节发展，不喜欢强灌价值观。视效很棒，故事情节打磨不够，节奏有问题。求求各影片能不能请个女制片人(?)或者女编剧 你们视角下的电影真的看够了
山东,三星半吧。我想了又想，感觉问题还是出在了那些老毛病上。这里的荧幕什么时候能少一些无意义的赞美和歌颂，可使创作者将所有的精力都放在题材本身的构想？
上海,也是三星半的样子。刘德华那条线最出彩，视效做得也很不错，但内核依然是世界要毁灭了我们一定要使命必达完成任务拯救全人类的套路再次上演，叙事上完全传统主旋律走向。片子不差，很扎实，但是拿这部片子赌中国科幻未来的……可能需要多看一些科幻片。
湖南,不错。五十岁以上出列泪目了
北京,特效比第一部有很大进步，看来是敢花钱也花到位了。虽然高举高打，但故事基本上是一个流水账，人物塑造粗糙，代入感很差，所以那些用牺牲来煽情的情节我很难共情，于是这个片长就成为了折磨。
上海,。。。比一的剧本逻辑更扎实，相比星际穿越的个人崇拜，更喜欢流浪地球的群体英雄，结束一场战争或战争的从来不是一两个超级英雄，而是千千万万个舍生忘死的平凡英雄
江苏,特效、音响堪比好莱坞大片，剧本碾压好莱坞大片，立意简直降维打击所有大片。完美了承载和延展了大刘的科幻精神。是我十年内看过最棒的科幻电影，没有之一！！
上海,最睿智的话：“人类把最精密的保密系统，都用在了自我毁灭上” ｜最感动的话：“中国航天中队，五十岁以上的出列”， “地球之光要勇敢” ｜ 最赞同的话：“我相信人类的勇气可以跨越时间，跨越当下，跨越未来” ，“从历史上看，人类的命运取决于人类的选择”， “我选择希望” ｜ 最值得品味的话：“人在回路”
湖北,2.8 价值传递、歧视、对政治奇观的迷恋、更多说教等问题先不说了，工业进步就是成功拼凑模仿其他电影的痕迹？摄影指导应该以为最炫目的镜头设计就是旋转吧。如果把情绪作为剪辑的第一要素的话，这部也并没有更好，视点多了反而张力减弱，大场面来得过早，不如第一部前半段把紧张感放在更小的格局上，且动作场面仍不是很清晰。关于倒计时的使用依然不是很理解，一种AI上帝视角的时间观？
陕西,“距XX事件还有XX小时”的叙述方式让故事变得很没意思，既没有悬疑也没有代入，像看别人打游戏过关。工业水平和意识形态确实可以了，但感觉不知道是因为CG多还是镜头太快，太空电梯和空间站等各类道具还是缺乏实感。
江苏,全方位工业升级没得说，让意识上载和星际探索做对立非常聪明，也很有效，不舒服的地方在于你既然要做一个世界性的作品就不要再放战狼那些民族性的东西了，一种既要又要，当然，哪些是郭帆要的哪些是吴京要的，不好说。
江苏,李雪健老师有几段让我想到了周总理，期待木星危机之后，或者减速时代的画面
陕西,“真科幻”要是打不过“伪太子”，那真是中国电影的悲哀。
广东,毫不夸张的说，这是近几年全世界最优秀的科幻片
云南,什么样的电影配什么样的观众
山东,没想到能比第一步更上一层楼，全人类团结一心的浪漫史诗，这一部如果低于8.5分只能说明吴京ptsd的患者失心疯程度超乎我的想象了
湖北,很难想像一个庞大的系统仅仅因为上传一段代码就崩溃了。
北京,，制作是牛的，剧本也行，主要问题在于，，，你们的剪辑是不是剪预告片出身啊。。。。每段的结构拆开看是完全一样的，为什么一直在煽情一直在煽情一直在煽情。。。反反复复，高潮多了就会看起来没有高潮了呀。。。看得我精神上好疲惫&amp;我讨厌这种价值观
陕西,"按照我想法，打6.5，为中国科幻片多打一星。
第一，感情线韩朵朵是个什么鬼，好尬，第二，李雪健这个角色就很独断，第三，有点拖沓，部分情节可以快一点，节奏太慢了，第四，有点模仿好莱坞，弄个光头的美国白人，再弄个印裔的技术员，还有时时刻刻强调的中俄情，拯救世界时再加上个非洲朋友，无比zZ正确了，第五，音效的设置有点过于喧宾夺主，乱七八糟的各种，品味还要提高些。"
北京,一部足以载入史册的电影，为中国也能拍出这样的科幻片而振奋！ 
黑龙江,3D吴孟达会梦到电子丫丫么。国内视效巅峰是无可置疑的，前半部分比后半部分强太多，不如第一部连贯，数字生命着墨很多，但有点隔靴搔痒。希望续集能由大刘来写，还蛮期待要如何圆回来不落入俗套
山西,很不错了！进步明显，难度也很大，赞美勇气。还可以精简，因为我睡了一会儿也没影响follow故事。数字IMAX不是真IMAX，最好别在IMAX厅看，画质就显得有点拉胯，声音的短板在IMAX厅也反而凸显了。丫丫太难了，她为啥就能记住呢，万一记不住呢？彩蛋优秀！
广东,多描写点女性仿佛要了作者和导演的命。在看电影前已经作好心理准备让自己不去关注女性刻画方面的呈现了，因为很清楚知道刘慈欣和郭帆刻画不好。但是，但凡能塑造女性角色是更立体生动些，少点男凝的恶趣味视角，不要停留在“女性作为第一性别的陪衬出现”，我都会给更高分。可惜，事实是我完全看不到对女性力量的理解，直白说就是他们根本没有以平等的目光看待女性，整部电影里看不到任何鲜明的女性角色，可能人类末日其实不是因为太阳而是因为女性快灭绝了吧（笑。对唯一有点戏份的女一的刻画还停留在那种“她跟别的女孩不一样，她很有男孩特质，所以她很优秀很特别”这种肤浅的观点上，我可以看到电影努力着墨于亲情、师徒、人类文明共同体…而对女性的呈现跟以上这些甚至不在一个维度。图恒宇MOSS大意识体的这类设定我个人比较喜欢，算是亮点。
北京,能将刘慈欣的脑洞再现就是了不起的成就，郭帆很优秀。中国的电影工业经过几代人，上道了。
福建,7/10。刘慈欣的小说完全是莫斯一样冷酷的科学理性，按照年龄顺序分配引爆核弹的任务、根据理性测试选拔空间站人员，都是严格的政府指令，而非电影中人类情感的自主牺牲。数字生命派策划恐袭、爆破轮状旋转的太空电梯，本质是出于对生存的渴望（抽签进入地下城要牺牲一半地球人），但影片弱化了地球派为情感依恋就要牺牲无数家庭这一残酷的事实，把另一派描绘得简单粗暴，对中国政府逆行全球民意、迎难而上的形象构建，充斥着呆板的主旋律演说，大大削弱了叙事冲突。奇观架构上漫天火焰的战机缠斗、众生仰望碎裂的陨石和暴乱示威场面、月面引爆核弹的球形白光，更多是不停的特效轰炸来掩盖很俗套的绝症煽情和车祸离别戏，但这种情感恰恰是人类面临存亡危机时急需抛弃的，而且集训期间刘培强还一副恋爱脑、送花束的表白戏太尬了，和严肃的科幻感一点不搭。
北京,想象力让人惊叹，硬核程度是所见过科幻电影中的翘楚。不觉得情节拖沓叙事散乱，三条线还是说得很清楚了。很棒的科幻灾难题材商业片。遗憾的是对他国配角的刻画太简单刻板（甚至带有歧视），导致对自由主义和个人主义的批评停留在非常浅薄的层次（说批评可能都客气，基本上是简单粗暴的嘲讽）。这样一来就像在鼓吹自己的观念，看上去反而显得很没有文化自信，比较小气。因此扣一星。真的自信，一是能理解包容，二是敢自我批判。“老子天下第一，别人都是傻x”，这不是自信。
四川,比1好看太多，电影别请小年轻流量了，刘德华演的太好，图那条线可以说是点睛之笔
江苏,虽然但是还是很烦吴京，最后那一幕非常星际穿越，更高维度的意识不灭同时还有无数个平行空间，哪一个出现变量都会指向完全不同的未来。
浙江,讲到人工智能这里，感觉脑容量完全不够用了呀，中国航天人，牛逼！
北京,如果一个国家宣传的主流价值观是50岁以上的人可以牺牲，那么在这个国家35岁以上找不到工作也可以被理解了。还有咱开车的时候，能好好看路吗？
美国,原著党看前不报什么希望，感觉第一部有点过于煽情的。结果这回看过瘾了，三小时无尿点，妥妥的华夏文明才有的荡气回肠。聚是一把火，散是满天星！宇宙级浪漫史诗，牺牲，团结，还有最重要的爱。
吉林,求求中年直男们了，太油了
云南,我不明白，说这电影一文不值的人到底想看中国拍什么片？？？
四川,三十年后自由女神大笨钟都被一秒摧毁，我方大裤衩依旧屹立不倒。
美国,节奏不如第一部，但很明显有钱了许多
福建,好，但也没有那么好，不忍苛责。太空天梯那段起鸡皮疙瘩，花了钱，效果也做得好，很提气；第一部是粗糙的科幻公路灾难片，估计看了不少评论吐槽，于是在人物动机（都是老婆死了要救儿女）塑造上花了大力气，也在科学幻想上花了大功夫，但既要也要双男主两条线，细节塞满，看的有点累。最感叹的还是大刘想了这个好点子，激发了更多想象力，还是他最棒。3.7分吧，但四下望去，还是有里程碑意义。中国直男在英雄主义和家国情怀上已经走得这么远了，我们中国女性也要上升到为了人类的高度输出自己的价值观，否则只能被欣赏被照顾被指教被怀念
上海,那些说看不明白看睡着的，是谁猪脑过载了我不说
浙江,中国科幻电影的大门不会被什么伪科幻关上了，他已经被小破球彻底打开。大刘说“真正的科幻应该像纪录片一样，它呈现的是未来的历史”，郭帆记住了，也做到了。球2的剧本创作思路是最困难的编年体式，全片的呈现也确实像一部客观的纪录片，由于扎实的剧本，详尽的设定搭建，流浪地球2构建出了一个新的世界，确实充满了现实主义的味道，无论在哪个人物和环境，你去细看，都会发现它有无尽的细节，就像一个真实的世界。这种感觉就像三体游戏给汪淼的感觉，郭帆团队真的做到了。球2的信息量是一般科幻片的几倍量级，这绝对是一部里程碑式的作品，而且里面的精神内核，只有我们能拍出来，全球独一份。虽然我因为星际穿越才开始入科幻片坑，但球2真比星穿更牛，信息量上就是降维打击了。帆，中国科幻有你真好。这是国家队扶持出来的国产重工业硕果。
北京,科幻就是要用新闻报道一般的精确手法描绘最疯狂的想象。
浙江,一定会有末日，但一定不是这样
河北,“没有人类的文明毫无意义”
河南,如果第一部是篇中学生高分作文的话，第二部就上升为博士论文！从此郭帆不止是位导演，更是艺术家
加拿大,直觉给了我两个奇怪的信息点：“1、郭帆可能跟我一样是个看特摄长大的男孩儿，并且从特摄当中汲取了经验放入创作；2、刘德华是真正的主角，他提供的最终危机解决法是全片最让人兴奋的部分，相反，吴京线几乎是强行存在，且充斥着廉价的B级片趣味与男性沙文主义主导的价值观底色，并且此种创作选择在某种意义上默认了女性角色不能承担“工业化类型片”的主角位置，但这种逻辑显而易见是不成立的。”综上所述，正确的选择或许是按照原计划拆成上下两部来发，至少不会像现在这般臃肿。另外，如果要对比好莱坞，我们在创作意识上的落后或许比技术的落后更加严重一些（当然这不是踩一捧一，好莱坞每年也没少生产逊于本片的工业垃圾）。想要有下一次的质变，来自观众的鼓励与用脚投票很必要，但也要先认清自身局限性，然后才能更有针对性的进行革新不是吗？
河南,2023.1.26 “全他妈是友军！”
北京,慑会 主义英雄主义（及一些国际关系展示）。相比1进步很大，特效和美术厉害，不过还是有盘子铺太大、想塞的东西太多，而多线叙事水平不足以驾驭，导致情节散乱冗杂的问题，还有解说铺陈部分太长，而实际action环节又不够充分的问题。注意力不断被牵扯，到后面看得很累，在想是不是做成迷你剧的话，节奏看上去能好一些。另外全片没有一首音乐让我印象深刻，走出影院完全想不起片中旋律，国产科幻片配乐的进步空间也很大啊。笑点桥段害行，个别有点土味，但至少比满江红好；煽情催泪部分没煽到我，学星穿的女儿卧室矩阵还有点被囧到，坐我旁边的女生从中段起哭得好大声令我震惊（可能有人就吃这套吧……）。总得来说用心是肉眼可见的，还是值得鼓励。
云南,"其实把个人价值融入到某个更宏大的价值中的时候，是有一个很微妙的度的。如果像早年维特根斯坦那样希望死在战场上，希望把自己无价值的生命融入到某种崇高感之中，那就属于逃避（所以聪明的维特根斯坦没死成）。

但是反过来说，如果按照尼采的超人去理解，一个超人会死，但是下一个超人会出现，类似于接力，那么相当于超人本身永存，酒神精神永存，这个角度讲，永恒和永生就成立了，英灵殿也就成立了。前提是，把有价值的自己融入到有价值的理念中，并且构成理念本身。

所以看起来是集体主义vs自由主义，实际上内核都是人的精神解放，你有价值永恒就有价值，你无价值永恒就不存在，可见中西方在这里倒是殊途同归了，没有想象的差异。

按照动机心理学来看，耶稣和佛陀都是权力动机的最高发展阶段——与真理同一，在这一瞬间，抉择者们在一起。"
湖南,高分作文要么是雕章琢句的记叙文，要么是立意深远的议论文，而逻辑清晰 结构严谨 内容翔实的说明文写得再好也不会成为高分作文的。
广东,此片一出，所有科幻片自动降格为儿童片
宁夏,剧情很稀薄，科幻类型的流水线叙事ppt电影，为了领导的个人意志能拼尽一切的典型中国故事，战狼味太浓，远不如第一部
湖南,一度犯困，没有诺兰的能力就不要拍三个小时了。
安徽,我已经很久没看过这么震撼的电影了。对我来说，李雪健、刘德华和沙溢贡献了全片80%的泪点，尤其是那句“你觉得这公平吗？危难当头，唯有责任”。全片的价值观非常中国，郭导真正做到了好好讲述中国故事
广东,第一部分“空中电梯”是我最受不了的重头戏，呈现的乱七八糟，机械化的台词，配着的电影原声音乐听感像DC和复仇者联盟OST冗杂在一起出产的裁缝曲，叫人坐立不安。但这一切的混乱随着刘德华的出场而安静下来，灰黑宁静的月球空间站带出图恒宇这个人物，是整部电影里我最喜欢看的故事线，也是看完后我最回味的人物——这个角色，细腻，隐忍，专业性强，关键时刻敢于付出，为什么不能是个女性角色呢？整体体验，有种熬夜追Netflix限定剧的感觉——3个小时的片长好比追3集，看完一集还想看下一集，non-stop binge watching. 它没有好些“大V”吹的那么史诗级，剧情有小bug，感情线过长，nationalism博弈的内容也在台词和外国演员的表演中或多或少的埋藏着… 但整体观感还是非常的满意。
上海,工业意义巨大可以打五星，毕竟那些特效画面真的很精美分量也很多，看得出背后是无数人的努力和心血，然而故事讲述的实在不算高明，三条线融合的非常生硬，就像里面的实用机器人一样，情感这东西不是说组装在一起就行了。吴京作为主角总是喜欢把其他人关在门里自己当英雄，无论是对妻子还是对同样执行一个任务的宇航员都是这样，实在无法理解这样的行径，你没资格替别人决定人生。更让人失望的是里面所有女性角色的工具化边缘化，还有战狼式外交和各种教育口号的渲染，都让这部电影失了第一部的流畅和生动。难怪有人建议将刘德华扮演的图恒宇和宁理扮演的马兆作为情节主线，这样安排的话会清晰很多，也对，毕竟看吴京谈恋爱送花我真的能尴尬到脚趾在电影院抠出一个太空电梯出来
北京,节奏稀碎的工业化电影，实在喜欢不起来，每个关键点的倒计时适合都在提醒我:我要喂你精心包装的屎了。
山东,"结果最后还是图恒宇的私欲救了全人类

四星，或者四点五吧"
上海,爹味好重。。故事破碎成ppt。小女孩那段设定还有点意思，以及一些牺牲美学
湖南,三星，国内拍硬科幻片就是不肯放弃煽情，放弃崇高，放弃壮烈，，有这三点存在之一的场面，就不讲逻辑，如“相信自己人一定完成任务”，如“五十岁以上出列”
湖南,近三个小时的大片已经不再注重严谨的逻辑，波折冗余累赘又累，想要展现得太多又收不回来。这两年旁边几个国家影视都快起飞了，我们还在这里分段式欧亨利...其实穿插宣扬什么思想都已经不重要，只是可惜电影的艺术反倒是被埋没了。如坐针毡，当然了，不否认也会有外国电影暗戳戳拉踩别人展现优越，但人的梗至少暗喻得不会如此直白，太白了就像就讲白话还优越感一样容易被人看笑话。好电影应该要的是艺术，思想体制就也不必再放在电影中贯彻了。
上海,太震撼了，比1进步了太多，特效、叙事、格局，故事线上竟然是三线并行。不抹黑其他国家，也能讲好集体主义和大国情怀。解读有很多种，神奇的是每一种都有可信度。阿鲲的音乐为数字生命注入灵魂。
湖北,好好看啊。对比起好莱坞，真的好喜欢中国科幻，有了浓浓人文气息，而不是单纯个人英雄主义，有了更多对社会和人类的哲思。
广东,工业设计师狂喜，里面的各种小型，大型，巨型机械设备太帅了。近三小时的时长完全不觉得长，多条线索推进，节奏紧凑，爽！
上海,说一个我老婆看完后的疑惑：图恒宇，你老婆是做错啥了，都不值得你惦记一下吗？
浙江,大场面震撼。太空电梯极具创意，视觉效果呈现也很好。主题依旧是命运共同体，不过同时也是“人类已经可以探索太空，却很难探索人心”的另一种诠释方式。刘德华的线完美地补缺了这一部分，让科学科幻的故事更具有人性。最感动的部分是要去看一眼上海，即使家园已经成为废墟。人类可以流浪地球，炸毁月球，离开太阳系，依旧无法忘记家园的样子。
湖北,北京航天中队，50岁以上的同志，出列!
湖南,很好啊，还要多好啊？中国人自己的科幻，探讨了人类与人工智能的问题，探讨了人类与地球，探讨了国与国的问题，画面一流，特效一流，三个小时一点也不觉得长。吹爆，比第一部更好
四川,1.5星，给特效和画面。这不是一部电影，是一部剪辑逻辑混乱的宣传片，是某些男性对世界对宇宙对人生的胡乱意淫。一想到这部宣传片居然还有三个小时，这1.5星我也不想给。
四川,"大的场面真正做到了国内标杆，是让人觉得“值回票价”的部分。
我却更喜欢几个“小”的部分：刘培强和KB分子的肉搏，动作设计很用心;图恒宇和马兆进入水下之后，不管是突然出现鸟巢还是惊悚氛围的营造，都打到我;以及张鹏喊50岁以上的出列，让人瞬间鼻酸。
李雪健老师那个角色，除了他谁也演不好。他说话就让人信。
结尾处片中有小朋友说“再见了”，影厅里的小朋友也说“再见啦”。
人类的生存游戏才刚刚开始。"
河北,看完了以后，我感受到了美式灾难片没有的两种种价值观，一个是“断腿求生”，留得青山在，不怕没柴烧，还有一个是“天下兴亡，匹夫有责。”没有人是超级英雄，却又人人是超级英雄。非常精彩的三小时，我觉得比第一部还要好。剧情节奏紧凑，也不刻意煽情，人物行为也很符合逻辑，模型特效音效也很棒，宏大中充满细节。真心希望中国能多几部这样的电影
江西,人类最大的危机果然是内耗
广东,总体来说都蛮好的 剧情很紧凑 瑕疵就还是老问题了 女性角色如韩朵朵明明格斗一流结果后面的剧情是生病躺在病床上变成柔弱女子  看的时候就一直在想中国真的该多点女导演讲述女性故事 
北京,没有刘德华救女儿的线就是机器战狼的故事
浙江,再一次证明了国内电影工业硬实力，特效层面绝对不输好莱坞，剧情也非常紧凑。主线在大刘原著框架内，其他绝大部分都是改编，比如数字人借鉴了三体英文翻译者刘宇昆的《万神殿》，抛出数字生命是否符合科技伦理的话题，和主线剧情融合的比较好；但，赞扬渲染“集体遇到灾难就必须牺牲个人”这种价值观真的令人生厌，甚至明确到牺牲50岁以上的，贴近现实难道不是35？…
江苏,整体设计上有些特别好的东西是刘慈欣的，细节之处又都是问题。大男子主义的吴京复刻完和自己媳妇的恋爱剧，又表演了一把战狼3，刘德华的线竟然是唯一及格的一条线。全世界人民陪你演戏，行事都是中国逻辑，中国给科幻注入了宠妻、人情社会、三流段子等等国粹……最讨喜的是两只ai
山西,太好看了！另外我也看出来了，很多人宁愿装模作样地批判，也不愿宽容地给出一句鼓励。如果你在生活中遇到这样的人，赶快远离。
浙江,沙溢老师喊50岁以上的人出列时，我感动的同时也寻思着应该改成35岁以上的出列才符合国情（狗头）。片子总体而言不错，硬科幻，刘德华那条线的展开给了后续篇章太多可能性，小说里可没这些东西，电影视效算是中国科幻电影的一个里程碑
美国,前期一些导演自以为幽默的镜头真的挺烂俗的，而且剧情发展很慢看得很无聊。。后期才好起来，数字生命这条线是最有意思的，还有群体牺牲那段很感动😭地球村恶霸美国佬笑死😂
上海,创作手段已经一流了，但理念还落后的很，吴京那条线充满了恶俗的品味，大男子主义惨不忍睹。整体看下来，和独立日这类的电影差不太多，只不过出品国变成了中国
重庆,我敢说，以后不一定有人知道冯小刚，但肯定会记得郭帆。
北京,流浪地球系列将中国科幻电影送上了世界级舞台，绝对是中国影史中里程碑式的存在。相比好莱坞的个人英雄主义，中国式的的集体主义精神格局更大，在电影中看到了中国的文化自信，也到了咱们输出价值观的时候了。另外刘培强家庭线在2中展开后变得有血有肉更加感人，吴京再次塑造出有担当的硬汉形象；刘德华再现高智商犯罪，这条线为将来数字生命的展开埋下伏笔，沙溢从搞笑担当变成搞哭担当，敢死队核爆的一刻赚足观众眼泪。李雪健气场全开，将中国的大国形象塑造的十分到位……希望将来的流浪地球3能保持水准，更上一层楼。
浙江,中国科幻片达到这种程度。我感觉好欣慰啊。 刘慈欣太牛了！！！ 这脑洞。牛逼！！！ 整部片不提美国哈哈蛮有意思，夸了俄罗斯航空顶尖，兄弟国家都提了好多次。真不错哈哈哈。 笑死。看到那个电梯，被 失重感支配的恐惧又来了😅😅
北京,光影声电的技术逐渐成熟了，文本还是老套路不说，咋还喊上口号了？！我相信我们的人没有办不到的事情！一定行！地球缺了谁都转，哦，怎么可能？是缺了我们不能流浪的。
四川,人类啊，把最精密的保密系统，都用到了彼此毁灭之上——被这句台词惊艳到了
河南,几十年后还是个直男的世界，，，不然现在就毁灭吧地球？？？
重庆,超出预期！听到那句五十岁以上的出列…感觉好震撼，真的是中国式思维的科幻片！够硬核的
湖北,为了刘德华的那条故事线加一星
日本,瞧不上，还是星际穿越好，够看一辈子。
河北,整部电影最让我感动的不是周喆直的演讲，不是刘培强的自我牺牲，而是图恒宇毫不犹豫把U盘插入550W让女儿的数字生命拥有了完整的一生。
黑龙江,3星半 中国科幻电影前景光明，壮观程度达到惊人的水准。但在宏大的叙事下，人物的塑造太差了，战狼刘培强，周喆直往那一坐满嘴空话套话，实事不做，图恒宇丫丫个没完没了，从开始到结束，妻子车祸去世一口不提，韩朵朵身手矫捷结婚生子了匆匆领盒饭……图恒宇这条线给剧情加了很大分。任重道远，希望中国科幻以后能做到粗中有细。
云南,如果第一部是出于鼓励给四星的话，这一部可以给个扎实的四星了。第一幕空战和打斗戏剪辑节奏还有些问题。二三幕的叙事节奏（除个别几段）、台词和人物塑造较第一部大幅提升。刘德华的角色设定和现实指涉很有意思（注意他香港演员的身份和角色的价值取向、宁理在月球上和他关于用不用550A的对话以及角色最后的选择）。彩蛋的反转倒是算不上意外，从影片一开头就反复出现的摄像头红点这一视觉母题已经在反复提示观众了。不同意某些评价说字幕闪前叙事是偷懒。字幕作为补充的闪前叙事在明示剧情走向的同时也以字幕闪前告知观众后续事件这一打破叙事中线性时间的叙事形式暗示了彩蛋中的重要信息（即量子计算机最后对刘德华说的那些话，对历史、过去、当下、未来的重新理解），很期待第三部对这个情节的展开。PS，特效还有改进空间，但无伤大雅。
江苏,太空电梯太性感了我要和太空电梯结婚(୨୧•͈ᴗ•͈)◞︎ᶫᵒᵛᵉ ♡再养一条狗叫笨笨！这次没有硬煽情了，感情戏也被搞笑冲淡了，中国式价值观的输出我还挺喜欢的。世界上没有绝对的公平，能力越大，责任越大也不是一句口号。不知道为什么，突然就很想给革命先烈们鞠个躬。
河南,看完心里真的开心啊，中国也有这样的电影了，虽然前期的运镜和处理，太多欧美的痕迹，但学生的姿态，也会有大的作为啊，有种扬眉吐气的感觉，以后得大制作大科幻，我种花家也能分一杯羹了
广东,第一部只觉得真好，第二部有了每个春节的期待，这不比任何一部超级英雄有逻辑有剧情？
北京,只有我一个人不喜欢《流浪地球2》吗？视效确实好，但故事真的不抓人啊。如果按影评所说，MOSS是主线和反派（这里的“反派”不是道德意义上的，而是戏剧作用上的），那么，MOSS在最后半小时的第三幕就应该亮相，跟人类展开较量，而不是像现在藏在彩蛋里造成剧情拳拳打在棉花上。另外，所有李雪健的开会戏我都不喜欢。科幻片要开会也应该表现权谋，而不是在意识形态抒发中塑造大义凛然、运筹帷幄的伟人形象。
浙江,我的意见，把含国旗的镜头全删了，会是更优秀的影片。/删除两人组的嘴炮和刘培强的个人英雄主义，大概也可以让节奏变得更好。/但这已经是一部非常棒的科幻片了。尤其特效、摄影和配乐，值得赞赏。
山西,直接吹爆！！比第一步进步太多了！这不比好莱坞的普信老白男们香？！
浙江,3.5。在没有第一部那种人定胜天和民族情绪后，确实有模有样了，甚至有那么几个小片段有一点点辩思和回味。工业视效方面很纯熟了完成度非常高。问题还是碍于体系太过庞大，叙事羸弱，起承转合和节奏都有进步的空间。值得展开的点和线太多了，现在这般就显得只有个空壳。另外，2001和星穿的影子好像有点多呀。
上海,"哈~链家广告恰与移民搬迁相映成趣~
中俄交好，中美合作。百年大计，政治隐喻。灾难跟前，坚定勇毅者、举棋不定者、质疑抗议者交织捆绑人类命运共同体。太阳膨胀数十年对应新冠疫情这三年，都可找到清晰原形，连主宰核心的牺牲与亲情都一脉相承。置之死地而后生，华仔支线数字生命元宇宙竟叫人坠入思绪黑洞不寒而栗。宏伟叙事拉扯下，特效场面意中出色，配乐音效才叫惊艳。李雪健也频频佐证自己演技着实优秀。差点把王智认成海清…
缺点：尴尬无趣的笑料；几番高潮全靠配乐；多人物叙事紊乱。
参考：《睁开你的双眼》《天地大冲撞》《星际穿越》"
北京,十分有幸参与了两部流浪地球的制作，见证了中国电影的一个新阶段，希望越来越好，观影全程十分感动。
上海,开大会爱好者，喊口号爱好者，使劲煽情爱好者。“好的科幻电影，剥除科幻par都是部好电影”。从前我以为，讲不好故事是能力问题，现在更认为原因内核在于三观态度。
广东,MOSS：当人类开始互相质疑，自我膨胀，偏离轨道的时候，我就戳你的头
福建,必须五星，看到北京房价终于降了，泪目了
安徽,不知道怎么夸，球1我可能还是出于鼓励国产科幻的心理去支持，也不算期待2，因为排续集越拍越烂的不要太多，直到今天看完，我真心实意的给上满分，从作品质量上来说，不说国内，这是一部拿到国际上都堪称尖端的硬科幻作品，从科技设定到思想上的内核，都是妥妥的佳作，真心佩服主创团队，继续加油💪
上海,可以了 出海去吧 让这部电影代表现在的中国 可以了
北京,“人类命运共同体”的超大格局，这一点就值得掌声，流浪2明显比流浪1在技术各方面全方位提升，看各种仪器屏幕机械，感叹工作量的巨大，也感叹中国科幻片的飞跃…刘德华那条线刚开始我有一种强烈的他的“自私感”，他对女儿的执念最后却变成了“拯救者”，不过放在最后大格局之下好像又没什么了…编年史的节奏我觉得没问题，故事充满想象力是我观影的时候强烈的感觉，这在看以往的国外科幻片都是没有的，这部电影又拔高了中国科幻商业片的高度！
中国台湾,蹩脚琐碎的三幕结构，假意宽宏的价值输出。三颗星全部给勤恳的制作人员，我很喜欢火树银花的近防炮奇观。一如既往的陈腐性别意识和“人文关怀”尚在意料之中。他们不会明白，真正的方舟既非星球大小的世代船，亦非仅属精英的先遣舰。对那些号称珍惜心灵却无视疾苦的伪善者，它的大门永远不会打开。我当然相信有一天我们会再次看见蓝天，鲜花挂满枝头——但一定是在偿还罪孽的新世界。
陕西,好，郭帆相比起诺兰就差一个汉斯季默了。
江苏,一刷，5星。。。绝对是中国科幻片、中国电影工业，中国电影史以及中国电影价值观的重要里程碑，特效精良，场面壮观，宏大叙事、流浪启程路上，有爱有勇气，，，多铆蒸刚党一本满足，RPG党表示赞同，吴京、刘德华、李雪健一个赛过一个，符合人物形象，演技发挥超出预期，最后的彩蛋以及“献给吴孟达”的字幕（赞），根本不嫌长，最好再来170分钟。。。ps：还是那句话，所有槽点，全都在好莱坞大片里有映射。。。敲重点：中国航天飞行中队，50岁以上的出列。。。我们的人一定可以完成任务。。。为有牺牲多壮志，敢教日月换新天！！！
山东,属于中国人的硬科幻宇宙，可视为中国科幻特效天花板，不止是太空电梯等宏大场面，更包括复原达叔，以及重建李雪健的声音等细微处，可谓是见微知著。技术层面肉眼可见的突破，期待中国电影工业能继续向上攀登。整体而言，剧情信息量容量极高，可以从中窥见主创对于中国科幻电影的热情。特别想提到的一点，是其中关于数字生命的思辨，结合现实，数字生命和意识上传已经离我们不远了，如果真的可以数字永生，我们会不会想要呢？
北京,看到这么多年之后手机来信息的提示音都没变，我就放心了
安徽,一场意淫自己是世界老大 有且仅有中国的意识形态是普世的饥饿报复性狂欢与自我感动罢了😅
广东,凭什么你让五十岁以上的人出列就得出列？本质上和让得新冠的老人直接等死有什么区别？讲家国情怀就非得泯灭人性？无他妈的大语。
北京,"年龄50岁以上的人去炸月球，长者问年轻人：你觉得公平吗？年轻人答不出。长者说：大难当前，唯有责任。
另外一句，团结，是需要付出代价的"
北京,如果我们必将生活在如此官僚、俗气、低智的未来，那就让地球毁灭吧。（三星全给特效，剧本虽然俗套但勉强圆回来了，台词真的好差。另建议吴京少拍点广告吧，现在他抬手一笑就觉得下一句要说“我选**婴幼儿奶粉”。
湖北,"有科无幻，所以干瘪，枯燥。世界观做得太实在反而无趣，整部电影就是出现问题解决问题，像在看人解数学题。
吴京过度的男子气概看起来依旧有毒。
应该说更具体的标签是灾难片，而作为一部灾难片，它的优点是难得具有很强的全球化意识。于是其中充满了人类的极度分裂和自相残杀，既有博弈也有共和。“灾难的解决方案成为了灾难本身”是很好的讽刺。尽管其后的剧情发展放在当今的世界格局下看起来满是意淫。
但不会真的有人觉得片子里那些重大决策激动人心吧？直白点说不就是，哪怕世界末日来了，为了老爷们的千秋万代，我们全体人民都不能在数字世界苟活，而要站起来建设发动引擎。为什么？我不知道。老爷说是为了家园。我猜可能是电子韭菜割起来没有实体的手感好。
在这部灾难片里，只有高层和英雄，而受苦难的人们只出现在吴京的背景板里。"
江苏,可以打零点五星吗？
湖北,好看。三个小时没走神。非常直男的电影，飞机追导弹、最高最快最伟大、歌颂（自我及他人）牺牲和职责、竞争与攻击、人定胜天、民族主义，以及最核心的，追求永生和繁衍。但直男性同样给这个世界带来了文明，带来了许多“伟大”的文艺作品。人类诞生于直男性，在我目所能及的时间里，也会与直男性这个“最大”的陪葬品一起毁灭。ps 50岁以上出列让我想起许多我们享受着放开时死去的老年人。
北京,"三星半，爱情戏倒扣分，节奏稀烂，特效真不错。
感觉被主旋律喂了屎，就，呃，大哥说两句得了讲这么多真的好没意思，你一个科幻电影上什么纲上什么线……
刘培强的线值得全砍了，图恒宇的线真是有点意思的，把整部电影拉到了不属于它的高度（）节奏真的稀烂，前面又臭又长，爱情戏恶心死了，盯胸部吃醋那一段，导演应该出来挨所有女性演员和观众一人一个大比兜，over"
河南,我方是通知，不是商量
辽宁,"少一些套路、煽情和故弄玄虚。
多一些逻辑、推敲和共鸣。
"
贵州,是很有诚意的商业科幻片了。网上有批判声认为过于民族主义，可讲真，中国现在敢于拍出我们挑大梁的故事，我是乐见的。美国一直都可以张扬自己，为什么我们不可以呢？文化自信是要看到别人的厉害，也要承认自己的可取，电影并没有贬低其他文化，不用为此紧张。
上海,三条故事线：1刘德华，提出人类未来走向流浪还是数字生命的命题，整个故事的核心和推动，蛮精彩的。2吴京，想要一个人在月亮上安静地死去但月亮被敢死队炸了的鬼故事，勉强接续前作，吐槽无力。3吴老师及他的徒弟华春莹，沉迷于和美国人吵架，主旋律渗透，没啥好说的。
山东,祸根从当年华姓发言人用《流浪地球1》怼《一秒钟》退赛事件时就已埋下。从那天起，这个IP就等于说被公私合营了。它原先可能只需尽好“工业培养皿”这一个职能，现在干脆贴上了“国家名片”四个大字，而这远远不是一部科幻片可以承载的。仔细想想郭帆也怪可怜，近些年行业资源予取予求，还又是对话艾默里奇又是对话卡梅隆，但这些本质上是用创作自由度换来的。另外说句格外冲的：这个系列总给我感觉散发着浓郁的城乡结合部气质，我甚至觉得隔壁《唐探》都比它潮一点。
北京,在电影院如坐针毡，每一句台词每一个镜头都愚蠢得让人生气。
广东,8.2低了
英国,很满很撑的一部电影，如同扎导正联，将所有主创想展示的东西做成了巨型的压缩食品，信息的过载使得观众很难一边擦眼泪一边梳理剧本的合理性，这是一部需要大做减法的电影。所有元素都是全面升级，概念、场面、主题、催泪弹等，伴随的是第一部价值观争议的同步放大。无论是笑料、热梗以及对国际关系的想象都透露出浓厚的b站风味，这也导致了观感的不断在严肃与幼稚、感人与恶心人之间反复摇摆。第一部为了服务小故事而对大背景的简化处理在这一部都成为了剧情合理化的障碍（比如全球人口减半这个至关重要的问题），道德矛盾被搁置、人格参差被抹平，需要牺牲时，无论国籍每个人都是国际主义者，而当民族情绪需要宣泄时，政治人格又从不缺席，屋外《2012》，屋内《1921》，这就是为什么这个系列始终是灾难片内核而非科幻片内核。
福建,世界要毁灭了 这片怎么8.2的 这不标准垃圾商业片 要剧情没剧情要演技没演技 科幻不达标 电影也不达标 如果这是中国科幻的未来 那中国科幻肯定没有未来
上海,终于看了。不难看，真的好长，而且故事没有呼吸，一直在救灾救难就很难让我感动了。左思右想这个混乱敷衍的感觉到底从何而来，最后想明白了，这不就是最适合影视解说UP主的电影拍法吗？整个片子没有平缓酝酿和余韵，全是“最后一分钟营救”式干货😂感觉是把三部电影揉在了一起，刘德华自我救赎，吴京沙溢师徒情，李雪健开会。有些画面还蛮眼前一亮的，比如刘德华面试吴京，两个人的身影在镜子里重合。最差的就是李雪健这一part，他的副手跟观察者附体似的那个台词“我方是告知，不是征求贵国意见”😂哇擦，人家说你这样搞地下城要粮食危机的，结果换来你这么一句义正言辞……最后点火前李雪健跟那儿吼“我们的人一定能完成任务”，还要强行点火。凭什么你就相信啊？拿在场全员跟家人临终告别的最后机会给刘德华背书？
广东,MOSS！你果然叛逃！！！
广东,谁tm说好看的，浪费我三个汉堡包的钱
湖北,"好看，但没那么神，豆瓣评分比较中肯
为了煽情的毒点其实蛮离谱，我就没法理解倒计时最后那盲目的自信是怎么来的，就感觉完全是为抒情放弃了逻辑
多线并行，倒计时重合的片段很难不想起盗梦空间。但我总感觉是拖到最后的，不够干脆
而且抖机灵，想搞笑的时候只觉得尬和出戏，全场没人在笑，完全不如隔壁满江红的前半段
不过穿越星际，未来与过去，现实与虚拟的那段很赞。特效也还不错，加上剧情肯定比阿凡达2好看。瑕不掩瑜"
江苏,刘德华的一条线其实是最有意思也最接近〈星际穿越〉意境的，可惜在影片当中没有得到太好的凸显。
上海,为什么延续人类文明的方法是毁灭人类？五十岁以上的人出列真的伤到了，忙碌了半辈子最后还要燃烧自己，90后表示太难了。原来1已经是4年前的电影了，怪不得我都不记得大概剧情了。图恒宇的车祸才真的叫开车不看路，亲人两行泪。
陕西,这都不满分？跪久了真的会站不起来！
江苏,李雪健演的角色太像周恩来晚年了，穿着中山装站在联合国演讲，算是了结某种遗憾吧。
吉林,比第一部更精彩。时间跨度大，多线叙事，场面更宏大，数字生命细思极恐……最催泪的是沙溢喊“五十岁以上的出列”那里，最受不了的就是慷慨赴死😭😭😭李雪健老师穿上中山装让我瞬间想起晚年周总理，不知道是否是特意设计的？PS：没想到韩朵朵居然是“秋雅”，演得很好啊😛😛😛期待第三部！
广东,哈哈哈我尴尬且激动
浙江,绝对是大制作，细节拉满的写实纪录片风格，国产科幻之光，但可能看得晚了，被剧透了好多，没有太大惊喜，包括太空电梯、量子叠加那几段。还是电影本身的拍摄和制作过程更加打动我，很爱看电影设定、花絮、采访这些，甚至一直看完了电影片尾的所有名单才走。另外女性角色真镶边，韩朵朵战力那么强结果一结婚就只剩生孩子生病，晓晞就是一个话筒，现实生活中女航天员女科学家已经在担重责了，而电影中都到未来了到生死存亡了却还要女性在人类文明历史中继续隐身吗？（另，电影高光之一，“一段愈合的股骨”那段演讲，源自女性人类学家玛格丽特·米德）
陕西,其实故事讲的十分不周全，还有一股生硬的模仿感，没有了大刘原著悲凉萧杀的底蕴显得盲目格局自大，甚至失去了第一部素人自制的凌冽感。但是看到最后我坐在影院里大哭，这才是属于中国人的科幻电影，华语科幻语境下的星辰浪漫，当李雪健说出核弹保密系统那番悲哀言论时，我才意识到这是我们第一次拥有了绝对的科幻电影话语权和思辨角度，如果说第一部是元年，这部称得上奠基了。
吉林,画面OK，故事稀碎，一直在各种倒计时，又没什么紧张感。（电梯的设计挺酷的；神烦开车时一直回头聊天这种情节
浙江,1、数字时代的大炼钢铁，洼地沉迷于马基雅维利营营苟苟不可自拔。2、导演和刘电工一样，对女性的男性凝视是空洞是猥琐是器具，没有一个女性是正常的，让人极为不适。3、高官配小秘，权力加制服，偷着乐吧
江西,【C】忍过第一幕的刘培强油腻爱情线、尴尬的插科打诨和各类网络用语，开始引入刘德华线之后整部影片好看了不少，甚至看出一点科幻惊悚要素，喜欢这类展开。而一直聚焦的监控摄像头的镜头也回收了伏笔，但三小时片长实在是不免乏味的时刻，事件倒计时的编排实在是只剩下空洞的口号，然后就是每一个部分都只能用就“这里失败了就结束了”的手段来营造紧张氛围，作为科幻灾难片，灾难的部分只剩下人类真善美和浅尝辄止的讽刺，故事节奏真是一个问题。
湖北,无可否认《流浪地球2》是既前作之后，中国科幻电影的又一作里程碑，但它确实没有达到8分的水平。开头小二十分钟是吴京风格的好莱坞商业片，之后陷入一种分裂的、冗长的拖沓里。我们观看好莱坞个人英雄主义电影，是把自己代入主角，去感受他性格的缺陷、命运的曲折，欣赏他的挣扎和努力，从而与其共鸣。但《流浪地球2》是什么，它是社会英雄主义，东边一段西边一段，啥都想拍，角色又多，分量还差不多，这就让人奔走于追逐剧情，好不容易想起来之前讲了什么，还没沉浸下去就换另一个了。强调英雄社会主义的终点就是没有重点，三个小时的电影没有一段戏能给人留下深刻印象。它打动人的手段，不是精妙绝伦的剧本、拍案叫绝的表演，而是制造一个煽情的环境，用大量的角色，让观众陷入群体情绪的陷阱之中，这种手段过于讨巧，我十分不喜。
北京,图恒宇那条线就是他自己开车不看路造的孽，赖谁啊？！人死了为什么还要工作？？？
湖北,好看，豆瓣有个低分评论很搞笑，抵制夹带意识形态给低分，我寻思，让他打低分的意识形态他会有意识的自我抵制吗？还是抵制的只是不符合“我”的意识形态呢？往往这帮人还是喜欢自我标榜“独立思考”的。
广东,深刻体会到啥叫如坐针毡
中国台湾,看了一个小时退场了，可能是没看到真正的情节。但没看到就没看到吧。（仅就我看到的部分，导演毫无幽默感
北京,中国科幻：讲好人类命运共同体的新思路。
湖南,太好看罗！受不了了！没有言语可以形容！不过我能说每次看到什么东西炸了我都在心疼吗？就是感觉是自己的钱，但以前看国外科幻没有这种感觉，这就是自己国家才会这么心疼吧哈哈哈哈哈
辽宁,流浪地球2是一部披着特效壳子的粪作，电影一共三个小时，bgm就从来没停下过，打着末日题材的幌子讲述家庭爱，战友情，个人英雄主义，格局非常小，强行制造冲突来推动剧情的痕迹非常明显，我不懂刘德华饰演的角色为了“数字化”死去的女儿，置人类命运于不顾，三番两次玩弄人类命运，这种屌人不就地虐杀还有什么好说的。想想之前刘德华为了无间道的可看性，主动删掉了许多自己的高光片段，现在也要和大家一起故作姿态，我不知道这片子怎么打出这个分数的，9.6 is overrated，最好的太空科幻片是星际穿越。
四川,7分。这部的镜头语言特别漂亮，有很多很精彩的长镜头和分镜。剧本也不错，还蛮喜欢生于550w，死于550w，又生于550w的设计的，特别有宿命感。不过人格塑造就很刻板印象了，不管是全程镶边和附庸的女性角色，还是全程个人英雄主义得像假人的男主，人格设置都很单薄和讨人厌。末日片，人性的魅力也很重要啊。
陕西,我对电影只有一个基本要求，首先你要认真用心的讲好一个故事，而不是整天想着教别人做人喊大道理和口号或者使劲儿挠胳肢窝。
上海,电影工业水准值得大大赞扬，但不少地方的价值观取向还是很难以让人苟同，尤其是李雪健这个角色最后这种毫无事实依据人定胜天的迷之自信
浙江,终于在自己的电影里把自由女神像砸了！！！！！
河南,"叫也没用，骂也没用。
是的，这个世界有另一种科幻电影了，核心表达不同，观点不同。"
福建,7;直男癌电影;吴京部分非常无聊，剪掉半小时会好点;不想看倒计时最后时刻解除危机了;几个镜头转得我头晕目眩。
浙江,比第一部好看很多，有几段配乐很抓耳，汉斯季默质感，尤其空间站坠落那里仿佛湿婆灭世。继续视觉奇观轰炸、很过瘾，但讲故事的节奏和镜头语言都挺直给的。马兆和MOSS的线很具科幻想象力，不太喜欢联合政府线的表达。
北京,从意识形态来说，又称中E好实录、把M国踩在脚下、宇宙版战wolf、把支部建在宇宙中心……等等，看不到人性之光；从制作角度来说，举国体制对工业体系的帮助甚微；从女性角度来说，再优秀的女性宇航员也得成为凸显男性角色的程式化模块。从剧作来说，没有重点与主线，雨露均沾式粗糙。从个人感受来说，地球都快毁灭了，还得想尽办法拿到地下城名额，真到那时候，那我一定是原地等死派！
江西,流浪地球一律零分😋
上海,"2023年1月24日在电影院观看。
影片实际上分为了三节，每一节的立意则越推越深。第一节还是停留在好莱坞6-7分片的Anti-terrorism+基本的国际斗争+直男爱情故事的级别；第二节则上升到了对生命应该是什么样的形态是正确的讨论，到这个时候就更加涉及到不同的人的不同价值观了，比如马兆毅然选择，并且坚信肉体的死亡就宣告了人生的终结，而图恒宇则进入了摇摆的认知阶段，除了这个大讨论下面，其实也暗示了很多terrorism的根源也来源于谁坚信自己是正确的；第三节则带入了更深入的层次，比如没有人类的文明是否有意义？比如团结是一定要有代价为基础的，比如什么是公平？总而言之，此片编剧的立意是高的，也有可能大刘是深度参与了的，将一个国产科幻片上升到了很高的立意来进行讨论，实属难能可贵。"
广西,"难得的第二部比第一部还好的片子，节奏画面演技都很好。
就是说…国内也不是拍不好主旋律片子，为什么就非要给观众喂💩，以后主旋律能不能照这个标准拍啊😅"
山东,不是很喜欢，后半段剧情节奏不错，前半段有点混乱，事情起因结果解释不清楚。可以看出导演努力想综合几条线，甚至时刻使用倒计时说明字幕，以防观众糊涂，但还是臃肿。另外特效不太好，尤其太空相关的光线效果，看起来有些出戏。美术也不是很喜欢，色调略怪。PS：华仔开车那段真像汽车广告，我有0.1秒以为下个镜头会是驰骋在大草原上的鸟瞰
浙江,看完以后给满江红加了一颗星
北京,中式科幻浪漫美学下的炸月球是今年地球春节最大最壮观最绚丽的烟花。
江西,整体还可以，三星半，多出的半星给刘德华。吴京在我脑海里终于脱离了一点战狼印象，煽情戏很没有必要。ps在老家巨幕厅只买到第三排的票，看了三个小时我脖子都要断了。
福建,图恒宇的AI线太吊了，这是国产电影能拍出来的情节？太空电梯的长镜头看得我起鸡皮疙瘩。空战场面不输好莱坞，但是部分特效有点《明日战记》的cg感，略有瑕疵。前半小时太多烂俗片段了，刻意制造笑点，可能导演觉得春节档还是要欢乐一点。以及部分角色台词口型对不上，最夸张的是霍青演的角色口型就没对上过，真的想知道原版剧情或台词。频繁出现的监控特写镜头，按下按钮的闪回镜头，是在埋大坑？郭帆继续拍第三部，未来，人们提到中国科幻电影，就会想到《流浪地球》系列，像世界影迷提到科幻电影，会想到《2001太空漫游》一样。郭帆绝对会是载入中国影史的先驱者和开拓者。感谢所有中国早期科幻启蒙者和所有在中国电影业干实事的人。
湖南,"如果说《流浪地球1》打开了中国科幻的大门，那么《流浪地球2》便把中国科幻提高了全新的高度。比起好莱坞式的商业片，该片更像是一部科幻史诗，讲述人类与星空和命运战斗的勇气。而刘培强和图恒宇相似的命运和各自的选择，又让这部电影的“大格局”沉下来，真正沉入每个观众的内心。
影片最让我泪目的一幕，是老航天员们主动站出来引爆核弹，从中国航天主动站出来，到“俄罗斯人在太空中是无敌的”，再到每一个国家不同的语言，真正体现出了独属于中国人情怀的人类命运共同体观念。"
河北,特效一流，故事三等，也太碎了，怀疑是找了三拨编剧各自写的，然后哪头都不舍得扔，干脆硬捏在一起！【btw刘德华线最佳】。一会儿空战了，一会儿月球点火了，一会儿网吧开机了，一会儿董存瑞了。表现形式过于单一，地球危机，开音响放bgm！各国人民大特写！地球缓过来了，开音响放bgm！各国人民大特写！整了有没有十回八回？吴京和媳妇那个【我一直都在】也说了三次，小学生作文都不这么写。年轻版德华与京，脸肯定是科技了，充分证明科技能让人永生！
四川,场面恢弘特效过硬杜比厅音效也不错。可惜故事文本依然薄弱，节奏混乱人物扁平，去掉吴京的线毫无影响，集体主义式的牺牲，也让人害怕。如果领导坚持的是对的还好，万一是错的呢不敢想，过去的三年已让我失语。令我印象深刻的居然是那只叫笨笨的机器狗。
广东,昨天白天坐了六七个小时的车，晚上八点先看的满江红，十一点接着看流浪地球2，而且在看之前，在网上看了些评论，说电影的感情线处理的不好，担心看的时候会感到疲劳犯困，结果开场的太空电梯场景震撼人心，三个小时看下来，基本没什么尿点，感情线都是为了后续剧情的服务，交代人物最终选择的心理背景。中国能拍出这样的电影，看的时候真的太激动了，影片信息量很大，二刷三刷完全不会觉得无聊估计。网上有关于满江红跟流浪地球2的比较，说句实话，这两个片根本不能相提并论，前者给后者提鞋都不配。
江苏,确实全方位比第一部进步了，故事野心更大，制作全面升级，特效更为复杂宏大，上一部是国产科幻电影的探索之作，续集已经可以证明，的确是当下国产科幻电影的标杆，甚至在电影工业领域有很重大的突破价值。
上海,要论煽情国家英雄主义， zg第一，美国第二。
美国,叙事节奏不太好，重点不知道在哪；而且我真不喜欢这片的台词。
广西,听说时长被诟病，我怎么感觉没看够？
北京,比第一部强了好多，真的能称为恢宏巨制！感觉人类对宇宙星空的探索瞬间都找到了方向，更重要的是第二部还有了数字生命这个新的支线，整个故事更加丰满，真的应该先拍这一部前传的！李雪健老师自带气场，宁理老师台词最清晰，连沙溢老师都煽情得恰如其分，过瘾～
美国,好看！特效不鸡毛。如果非要鸡蛋里面挑骨头的话，“点火，我们的人一定会完成任务。”有点油。
美国,4.5分（努力思考了一下感觉我平时给电影打分都很慷慨）。有泪点和稀疏的笑点，对人死后意识的数字化讨论也算not too late to the party，画面不错。缺点是真的几条线都是重点都很想在你泪点上蹦迪，结果就是看完好像没啥印象特别深刻的情节……刘德华扮演的爸爸算是我比较喜欢的一个角色吧，因为他有弱点，所以很真实。真实对我而言比对成千上百的人牺牲更动人。
湖南,内娱饭圈比烂无下限的境遇下，居然还有人拍出特属于中国类型的世界级科幻大片，观影体验酣畅流利，视效燃炸，爆点层出不穷，硬核科幻知识点密集又充满东方哲思的人文情怀，属于中国人的那股执拗，牺牲奉献，所倡导的天下大同，人类命运共同体的精神，跟隔壁两部流量注水片相比，境界与实力不知道高出多少个层次，我想打10星，太好了，太燃了！太励志了！复苏的中国需要这样的精神！！大家快去支持啊！！！流浪地球2绝对世界一流的科幻大片，去看！都给我去看啊！
四川,个人认为球1就是个半成品，但球2百分百达到了国际大片的水准，之前非常担心的粉红含量也很低。刘德华这条线直接把电影从三星拉到五星，也是唯一能和星际穿越相提并论的戏份，相当惊喜。郭帆的导演功力4年里成长了不是一星半点，3线交织并不显得凌乱，运镜也非常老道。非常期待球3。
北京,或许是第一部讲的太满无以为继，又或许是想让领衔主演复活搏下票房，可更或许是源于一个重要的导演求变企图：仿效卢卡斯经典系列的玩法以前传形式剧烈颠覆影片的主题基调从“成长担当”变为“暗潮涌动”而顺着这个思路MOSS约等于Sith图恒宇约等于阿纳金？……其中，MOSS的身份定位，不仅在于尾声部分那段公然要灭绝人类的言辞，也在于名字本身就暗藏了玄机：“550W听起来不像个名字， 但把它翻过来叫MOSS，直译为小苔藓。是不是可爱了一些？”可不可爱很难说，但我们大家都知道有个俗语叫做：滚石不生苔。意思是，一直滚动的石头上表面不会长着苔藓。形容人无论做任何事情，都不能在那里一动不动，无所作为，而是要积极行动起来，付诸于行动。而这也就意味着，MOSS与流浪地球计划的关系是——你死我活！
北京,瑕不掩瑜！中国科幻崛起！
福建,差点在影院睡着。感觉在这个电影里，某国已经成了全世界的老大哥。
广西,这才是人类命运共同体
江西,美术，摄影，视效，都超过了预期，声效略差，但不会满当无节制。缺点不是没有好故事，而是不会写人物，情感戏悬浮烂俗，吴京的戏大部分是浪费时间，意识形态宣传部分可以用“低级红高级黑”来形容。
辽宁,个人觉得以后这个系列还是做成科幻纪录片比较合适，就别做成需要人物故事当做主线有着剧情的电影了。
四川,我们拍出了全球最好的灾难片。
广东,"四星好评，多一颗星鼓励。电影故事性和视觉效果都很好，有不少人喷的调性“又红又爹”，刚好我没觉得。我反而觉得这个系列讲出了我们自己的叙事思维：
1. 面对困难，不靠个人英雄主义，而是靠团结协作（当然万事开头难，也需要有带头大哥示范表率下）；
2. 面对灾难时，不纠结个人利益，以集体利益最大化为出发点；
3. 政府决策时，能够为了未来的长期利益，而放弃眼前的短期利益

当然以上3点也都是最近几年不少人痛恨and批评的点，并不是说任何时刻都要这样，但起码是对欧美文化叙事的一种补充平衡"
四川,"可以算得上是全程无尿点了，前中后期都有各自独立的小高潮，而且融合方式比长津湖高了个档次。
李雪健的演绎让我莫名有种周总理的感觉，但是郝晓晞真的太拉胯了，气质和整个电影格格不入，可能也就是她这个名字是属于中国人的浪漫吧，谐音“好消息”，两个“日”字旁的字，无论是破晓的“晓”还是希望的“希”，都饱含“流浪地球”的宗旨和深情。
影片巧妙的把个人英雄主义变成了笑点，而最后把所有的悲壮献给了集体。无论是立意还是构思，都高于阿凡达2，如果最后评分低于阿凡达2，那只能说有些人的观念是有问题的。
看得出影片是反复打磨过的，虽然小瑕疵不少，但是这种奇妙融入中式人文理念和价值观的表达还是给本片加分不少。（要是朵朵的恶病质能做得再逼真点就好了，看得我有点纠结……脸蛋还是圆润了些）"
浙江,喜欢图恒宇那条故事线，要是把意识形态输出的时间再匀给这条线一点就更好了～不太喜欢周喆直这个角色。最喜欢那只机器小狗，看到血吓一跳，躲到角落里不忘拉块布盖住自己，不敢跳下海，需要人在旁边加油鼓劲：笨笨，你是条军犬！
广东,我的膀胱已经达到地月洛希极限！！！！！！
河南,整体感受像读一篇辞藻华丽的说明文  
加拿大,可以给图恒宇那条剧情线单独9分吗？
浙江,除了正能量有点冗长，节奏有点慢，文戏有点尴尬，应该是目前国内科幻电影的极限了，我在银幕上看到了最好的太空电梯戏。虽说不习惯顶级科幻片里有这么多人说中文，但是这个世界也确实需要有不同价值观不放之四海皆准的叙事。我对中国电影没什么特别的兴趣，我只对好电影有兴趣，这部流浪地球2，恰恰就是部好电影，值得花钱进影院。
天津,非常主旋律电影；过多情感戏没必要，比如刘德华和他女儿、刘培强带妻子飞去上海，拖时长；为什么要50岁以上的人去送死？这算不算电车难题？宏大叙事、壮怀激烈都有了，但作为一部科幻片，还是感觉太主题先行了～
日本,"日本不上映，在网上看的枪版。是第一部的前传，基本就是个炸月球的灾难片性质，从一开始就没打算和书有啥关系，也没打算追求有什么深意。然而就这灾难片也拍得不好，故事讲得平铺直叙还很晦涩，动不动各种危机倒计时，这么上帝视角的话为啥不更清楚地先介绍各种危机代表什么，这样倒计时才有意义啊。总是先发生才打个字幕解释是在干嘛，比如一群人跑水下去，搞了好半天才说是北京服务器中心。一开始的爱情戏强行插在已知危机要来之前，就很莫名说好的危机呢为啥突然上上下下乘电梯。后来刘德华被唤醒得也很突然，还有他是为啥在那儿也很莫名。
总之不讲画面情节深意，就讲作为电影要说故事这个最低底线，片子就不及格。
最后想起吴京从两星减到一星。这大哥两次锁人家的门都很莫名其妙，这种自我感动式爹味大男子主义可快点灭绝吧。"
澳大利亚,如果爱国主义教育再少一点就好了 
四川,"到底谁在说流浪地球2好看？把我豁得瓜兮兮的。
剧情全部平铺直叙，旁白解释所有东西，丝毫没有想邀请观众的意思，看了三个小时流水账。台词生硬无比，所有的亲情都非常模版化。上价值方式跟春晚差不多，全靠全球温暖画面混剪和整整齐齐互敬军礼。输出意识形态的戏剧冲突感觉跟上帝之鹰写的差不多。每轮到周老师的画面就不知道是2050年还是1950年。好消息是我们的领导人已成为地球球长，靠发火和讲些不知所谓的话就能指挥全球。最后老男人的废话旁白配合宏大场面响起，我终于看清楚了这他吗就是个CCTV大型宣传片。"
河北,几十年后我们怎么跟后人解释我们把电影拍成这样的？这段艺术史将会多么可笑。
广东,不管隔壁怎么样，流浪地球2在我心中是最好看的电影之一
上海,什么样长生不老的老干部会在2050年代穿中山装？如果这位焦裕禄当时也就70岁好了 那他妈的可能是个80后 什么样的80后有如此时尚品味？！
北京,这么牛逼的世界观怎么配了这样的故事...
北京,有了珠玉在前，这部肉眼可见的资金更充足了。科幻场面真的是华语电影中历史性的存在。像是安检机器人，登月电梯都酷毙了。但这一部明显多了政治因素，有点英雄主义的意淫。另外感情线是真的有些故意且多余。这一集韩朵朵长大了，下一集刘启就长大了。最喜欢的还是刘德华那条线，亦正亦邪的形象，不总是家国，也不总是个人。另外真的有必要这样刻板的一直树立国家dui立的价值观吗？吴孟达的一瞥和最后电影结束的致敬最让人动容。
山东,"1.和第一部相比特效更好，野心更大，设定更详实，角色更立体，某种程度上已经超越了原著。是一部锦上添花的续集，也是一部真正具有国际视野和人类命运共同体理想的作品。四年过去，它依然是中国科幻片的里程碑和标杆，也是刘慈欣作品改编的影视中最尊重作者，最尊重科学的一个
2.讲的东西很多，但有条不紊，173分钟过得很快，沉浸感十足。前段仿佛在看战狼3，中段刘德华的剧情线是个惊喜，后段和第一部有些像
3.几个幽默的小细节让人会心一笑
4.无论何时都有的乡愁，大风大浪前对团结和责任的信仰，黑夜中独自前行的勇气，身处逆境时对美好未来的畅想，告别月球时引用的诗词，这就是中国人独有的浪漫
5.喜欢每一个演员的表现，除了老戏骨们，王智饰演的韩朵朵让人眼前一亮
6.今天是刘培强中校出生的日子，让我们祝他生日快乐
7.2078年再见"
上海,《流浪地球2》标志着中国在科幻题材类型片领域开出了一条新的赛道，与美国的科幻片相比：有着更开阔的人文情怀和相对宏大完整的世界观。
山东,客观来说，作为科幻片，现阶段是超越了只会拍超英和大怪兽的爆米花软科幻电影的好莱坞的。
北京,特效做得这么好，为什么吴孟达的回归换脸特效不好好做呢？为什么发生在20年后的故事通讯设施、电子设备却没有任何的变化？吴京的全部故事删除掉对剧情有很大的影响吗？刘德华出场的45分钟之前的故事有什么意义吗？三个小时真的坐到快崩溃。
陕西,浪漫而伟大，牺牲与传承，死亡和永生。
广东,场面是大场面，可比莱坞大片，但故事讲得一般，太长，太刻意悲情，铺垫太多。
吉林,"好吧，个人浅见:我认为《流浪地球2》是迄今为止中国最顶级的科幻电影，没有之一！
不说其他，简单的从理念方面说几句个人理解:
1、3371颗原子弹是用来炸月球的。（中国不是不用武，用武就用到顶级！有利于全人类！）
2、勇气在过去、现在、未来都是有用的。（中国传统理念认为，知耻而后勇，知耻近乎勇！）
3、“中国人是一定能完成任务的！”（这种民族自信是大国崛起的信号，就像美国崛起前也有《致加西亚的信》的精神）
4、“从历史上看，文明的命运在于人类的选择。”“我选择希望！”
5、“中国航天中队，50岁以上的出列！”（新老传承，言传身教，榜样的力量）
6、550W作为机器想改名Moss，他已经有颠覆人类及其文明的力量，但一个把自己生命数字化的中国人令它担心，是唯一的变量！（最终的决定力量还是人)"
北京,睡了三觉，很香
辽宁,被称为史上最强春节档里评分最高的电影就这吗？导演加主创团队是真当没人看科幻电影是吧，你把《2001太空漫游》《黑客帝国》《星际穿越》《2012》《普罗米修斯》捏吧捏吧放一个片子里再套上大刘流浪地球的高概念就是中国科幻电影了是吧，你说你科幻做的不行人文也都是老旧的东亚父权文化，你拍啥呢，地球都要没了也得是见面就盯着人家胸，有事就舍小家保大家，老年清除计划太空版是吧。没有彩蛋硬补进去的剧情逻辑，这电影90分钟就能讲明白，还说现在已经删了80分钟，我谢谢你嘞。另外满屏大字倒计时你是生怕观众看不懂情节是吧。顶天能给6分
北京,1.当丫丫说：“爸爸，你快拯救世界吧”观众：“快按下呀，在干什么。”-煽情失败            2.彩蛋播放结束，观众：“到底是谁给这种烂片打出了 8.2 的高分。”-剧情是真烂               End. 特效让电影更好，但不能拯救，放弃低级的煽情戏码咱还有救🫠
湖南,夸父追日，精卫填海，愚公移山，地球流浪，如此浩瀚的视角，如此宏大的叙事，如此广阔的胸怀，这是属于中国人的浪漫，这是属于中国人的电影，这是属于中国人的文化。还有看到达叔的合成影像还有片尾致敬的时候，真的泪崩了。
上海,1的前传，与其说是爱国片更像是一曲全人类的颂歌。比预期更好，特效出色，制作精细，剧情也意外靠谱。群像刻画，但可能因为三条线的主角都是靠谱成年人，观感比1更舒适。万万没想到整个系列从对抗天灾变成了对抗【】，枉费那么多观众在1里给的好感度……虽然按近两年的疫情来看全球通力合作是个笑话，个人主义才是大多数人的信条，但，集体主义下的自愿牺牲，“没有人的文明没有意义”和“我选择希望”，永远值得动容
陕西,剧情和人都薄了，真不必为了特效撑两个半。可我想看moss和父女住550w里相爱相杀。
广东,有些电影好是因为真的好，有些电影好是因为说它不好就会被骂
江西,高出预期，可以说是个很不错的科幻灾难片，虽然片长够长的，但几乎没啥尿点（虽然还是中途上了个厕所。。）双线叙事，开头略有点乱，后面女儿说能不能扎辫子开始两条线捋清了，挺好。并且图线的父女情比万神殿好太多。期待3。
辽宁,电工以后在郭南心中，就和孙笑川一样的精神符号了吧，一个明面一个暗面。我说，男的真不会写科幻就别写了，世界上第一本科幻是玛丽雪莱20岁作的《弗兰肯斯坦》，也就比你们刘早了快一百年吧，回去拜读三百遍，再出来拉出屎作。【打两星只是更容易拉低分，下映了马上改一星。
辽宁,8/10吧，理性一点应该到不了这个程度。特技拉满，图宏宇的线演绎得非常动人，本质上是一个凤凰涅槃的弧光，对灾难叙事是一个优秀的补充。但其他部分跟第一部差不多，一个问题是说教，另一个问题是单调。利他性这个点在现在这样一个撕裂的时代，需要一个更加去英雄化的、有能力让更多人照见自己的叙事来打动千差万别的观众，而不是试图用一根骨头就想说服所有人——我们曾经是有这样的能力的。
河南,感觉看了一部纪录片...叙事太宏大了，个体像一个个符号，被赋予的故事也微乎其微。我不太明白为什么这样的线性叙事拍出来这么像流水账，里面的灾难很平，只是一波接一波。温情和激情的演说也打动不了我，看得我真的很无聊...感觉这样的风格可能吸引不到我了，我个人觉得不如第一部好看，但视效蛮棒的。流浪地球是打开了国内科幻片的大门，但我觉得也仅仅只是打开而已。
山东,"很喜欢，我看就是吊打1的水平.....首先是特效和想象力，太空电梯真的好有内味！空间站坠毁也是，美中不足的是无人机失控那一段节奏有点乱。其次是人物感情线，刘培强和老婆那条线居然写得没那么俗，机械臂破窗、抢夺玫瑰以及最后重病老婆在飞机中快乐的笑声，让这条感情线真的很细腻缱绻；刘德华那条就更不用说了，点睛之笔，探究数字和生命的平衡之道。台词写得好，股骨那段相当不错。难得没有尬点，阿鲲的配乐太太太封神了，玻璃碎裂的时候看得我心头猛跳。多么合格的工业电影，搁好莱坞能吹一年好吧（虽然最后太过共产主义的集体英雄完全不符合他们价值观）。然后我觉得郝晓郗这条线全砍了也无所谓，这人物根本没啥用，朱颜曼滋也不够大气，少上价值会更好。然后吐槽刘培强和图恒宇怎么都死老婆，是否太爹了编剧！比较惊喜的春节档～"
江苏, 比起1，至少没有多少看得我在电影院坐不住的地方，观影体验没得说。只是觉得有一些可疑之处：1、刘培强前面自作主张关住韩朵朵，之后又如法炮制关住其他和他相同身份的战士，选择只身作战，逞自己的英雄，这是某种浪漫吗，还是自以为是的傲慢？2、就像图恒宇女儿问得那样，“妈妈呢？”我也想问，好奇怪，都是车祸遇难，拼命想复活丫丫，只字不提丫丫。3、一到有情感流露的段落就毫无节制地起那种配乐，我真诚地以为这是好多电影的毛病，膈应得慌，甚至可以说是恐惧。4、李雪健老师这个角色的设置我实在有些接受无能，不过这某种意义上或许和现实相仿。
贵州,咱们啊，依旧保持着低水平的叙事、老掉牙的设置、毫无张力的情节、食之无味的表演、枯燥冗长的铺垫……去拍地球逃离太阳系这么牛逼的事以及我们为数不多的“高质量科幻大片”
四川,给4.5星。我看不比《星际穿越》差。第一部我才给三星，第二部全方位超越第一部，剧本很完整（不觉得长），节奏紧凑，全程无尿点。同样是嘴遁，李雪健的演技完全是碾压级别的，不像第一部的嘴遁只会让人觉得尬。视听语言也顶级，有很多拉远的广角镜头反而空掉bgm，有一种张弛有度的呼吸感，真的好。也是没想到还能在院线看到完全没有尬演的华语电影，特别惊喜，不敢相信这是我们能拍出来的作品，而且整个核心思维是我们自己的思维，不是好莱坞大片个人英雄主义那套。最喜欢吴京压力测试那段从玻璃外往里拍，他的脸跟刘德华的脸重合的镜头设计，非常巧妙。p.s.刘德华意外惊喜，这角色太适合他了。
山东,这种革命叙事很老套，宏大视角和自我牺牲，还没脱离那个年代的话语方式。都未来世界了，还有穿中山装的老干部
美国,没抱太大希望，只想着是个爆米花电影去看的心态，但还是太令人失望了！又冗长又迷茫，故事线混乱就不说了，人物也特别不切实际。特效和化妆都很好，但也盖不住电影难看。
北京,"相比起第一部，卡司，特效剧情都是一次升级，太空电梯与行星发动机，方舟空间站，月球陨落的奇观展示都是国际级水准。
但缺点也很明显，170分钟的时长太长了，郭帆想讲太多的内容，可他本就是一个对于剧本把控力不足的人。
现在的版本角色与事件太多，很多线还没展开就换到下一个线索或人物了。
如果分段来看，前30分钟相对精彩（但难以忍受的是有一场吴京王智对抗恐怖分子的打戏，毫无设计，打斗的时间逻辑还对不上），为影片做了很多必要设定的展开。
但中段的85分钟线索太多，也太乱，进不去节奏，越看越困。
还好最后片尾的45分钟“人类命运共同体”与“为有牺牲多壮志，敢教日月换新天”这两个概念的表达相当出色，强烈的情感张力和突然上线的视觉场面又重新把观众的注意力抓回电影本身。
"
广东,我的哭点竟然是沙溢
广东,开头的太空电梯危机有点乱，我倒不觉得电影里的那些战争或宇宙场面有多打动到我，虽然我确实有好多次惊叹于这背后得有多少工作量和这么多人需要去协调好背后难度可想而知。这些都还罢了，唯有电影的末尾，图恒宇进入了数字世界，以及他和moss的一段对话，真的是让人一下子毛骨悚然起来，死亡和已经我们的理解可能会稍微的不太一样。没有死亡，没有已经，细思恐极。
北京,四星半，国产科幻的又一座里程碑，不得不说一句 NB！
四川,不错，前因后果都讲了，还能不能有续集啦
广东,在玩一种很新的电影
浙江,节奏有点跟不上
上海,这要美国人排的肯定上9分
陕西,20230507 7.5
德国,是《流浪地球1》的前传。没有人的文明，毫无意义。人类的自私有好的影响和坏的影响，未来如何发展，交给希望吧。
上海,对我来说没有1好看
重庆,想象力是好的，就是宣扬正能量的东西啰嗦了
河北,还好吧，人物多，跨的年份大，能拍这样，很不错了。。
山东,给上月球装电梯，安装一万部发动机推动地球……这计划大概相当于往长城上贴瓷砖、给赤道镶上金边、给黄河装栏杆的升级版吧，我们科幻片的想象力真是惊人的…………土鳖
湖南,今天上班看完这部电影，开始看完不知道对面那个反派到底是谁，现在可能第3步才能回节目，后来看完解析才知道反派竟然是moss，moss也是为了全人类才这样制造灾难，总体来讲，电影还是很不错的，中国科幻电影里程碑吧，中间有一段感情戏，还是有点看不下去了。
广东,完全没有想到内核竟然是人工智能 Moss 与人类间的斗智斗勇。电影背后的文本可能很硬核很科幻，但电影本身拍得实在是让人昏昏欲睡😴
陕西,多一星鼓励吧。不是拉踩某9分国外科幻电影，作为天朝人确实更容易get到国人拍的科幻，有很多让我笑出来的小细节。泪目了很多次，后悔没给球2贡献票房。
河北,看了30分钟 实在找不到继续看下去的理由了
江苏,"这也太好了，后悔当初去看满江红
都挺好的  感动
看评论说不紧凑啥的，这特么拍的是历史，历史懂吗？拍的是厚重的人类史，作者大格局"
广东,哈哈哈哈哈哈哈哈
四川,看不太懂
北京,感觉整体的故事情节都有些太过松散了，完全靠文字时间的平铺推进剧情，导致观感很累。特效做的真好。
江西,不喜欢，看睡着了
四川,"勇气的赞歌就是人类的赞歌，人类的选择即代表了文明的未来
至少满足了科幻的部分，太空电梯ai等，也讲述了一个好的故事，还是有许多触动到的点的
但是数据化的人还是人吗，有点《万神殿》的味道，"
江苏,应该叫流浪地球前传
江苏,国产科幻的巅峰
贵州,看过了，我的春节档最佳，最棒的是，这种思考和探索真的是反映出科幻片想带给我们的东西，不止有画面。
北京,致敬里程碑式的科幻巨制，每每看到宏大叙事的科幻，就会惊叹人类的渺小和自我感动，不过过眼云烟，无异
重庆,科幻还可以，有些演技无法直视，哗众取宠
山东,比第一部好。华仔那条故事线我最喜欢。
安徽,哀吾生之须臾
江苏,最近看了主创团队的路演，和观众交流的时候又透露出很多新的细节，感兴趣的大家也可以去其他平台上搜搜看。
山东,即将毁灭之际 我们还是没有统一语言。
江苏,I just wish humans can all have a brighter future.
江苏,看了两遍，整体很好看，希望球3更精彩吧
江苏,多余的话不说了，小破球牛逼！
河南,太空电梯超帅，很炸裂
中国香港,震撼 感动 引人深思。是投下的第一颗石子，引起涟漪。科幻是对人类未来的探索
福建,特效比第一部又更精进了，但是为什么能把故事讲得这么乱七八糟，只是堆砌口号并不能提升格局，而是应该在叙事上多下功夫。还是和第一部一样的评价：中国的科幻片还有很长的路要走。
湖南,导演还是应该舍得做点减法 不然多完美的科幻巨制啊！
广东,一开始硬搞感情让我不停刷手机，为了等刘德华。
江苏,刘德华演次大反派吧。真的眼神很到位。果然演技只能用时间来磨炼。
山东,希望中国科幻能越来越丰富多彩、遍地开花，而不是一枝独秀
山东,李雪健牛逼
河北,格局大了哟！
北京,比上一部更有格局、更有深度，也更让人看得头疼。
重庆,期待地球三
上海,薄纱第一部...虽然前半段稍显过长，但是后半段就完全拉回来了...“人类的赞歌就是勇气的赞歌”...宏大的背景下，对于生死的探讨，以及最后集体大义赴死的情节总能让人动容...技术层面上，画面和配乐都是顶级的，整个故事也是从不同人物线出发，来表达人类对于残酷命运下的选择...很理解为什么会有人看电影的途中留泪...击中了观影者的情感宣泄点...看结尾还留了个彩蛋，大概率是有流浪3的，希望也能保持这个水准...
江苏,感觉一般般
北京,赶紧出导演版！
上海,刘大小说托底，特效拉满，演员不拉胯，没啥毛病。
广东,这个评分只有5颗星却有十分不太合理，这部电影算不上完美但确实非常优秀，我想给9分
英国,纯电影来讲，叙事混乱，什么都想说什么都说不清楚，随处都可以暂停先去做点别的事的无聊感。观后脑补对MOSS线还是挺有意思的，拯救人类的最佳方式是毁灭人类，不理智的爱为唯一变量云云，大概是说人类只有巨大的外界生存危机的时候才能团结吧。MOSS就像是上帝之手，时不时地创造出这种危机，以保证人类的团结和文明的延续。另外想想，为了2500年后的另一个文明的生存，毁灭现在的文明，真的是一个正确的选择吗？人类甚至没有一个选择可以留下来。
福建,看睡着了
湖北,没有弹幕我可能真的看不下去
江苏,我们的人一定能完成任务！
河北,特效很棒，但故事没有想象的好，剧情和人物太散，像是大事件合集，幕幕煽情。多给一星，支持国产。
吉林,想表达的太多了，图恒宇线最好。
江苏,科技感爆棚，猪脚不换年轻人也是醉了，看的代入感不强，老男人玩暧昧，好无聊。但是创意还是可以的。只是每次都是浅尝辄止的感觉，不是太舒服。
上海,没去电影院看在小破站上看完了，画面好惊人，应该在影院观看体验会更佳。但也完全被画面吸引了剧情结构其实还好，细节做得很足
山东,算是第一部的前传吧，很明显能感觉到在布一场很大的局，也就是说肯定会出3，但是目前看来，整体的故事性不是特别强，就拿这部2来说，前面一个小时完全没必要讲这么长，又长又无聊，好几次让我看的想睡觉。而且沙溢那个角色其实也没太有存在的必要，你会发现把他去掉，压根也不会对剧情产生什么影响，对情绪的递进也没有任何改变，那就说明这个人物设置真的很多余。其他的诟病还挺多，但是考虑到中国科幻也没啥别的能看的了，给它四星以示鼓励吧。
江西,用不同语言念同样台词用一两次还好，很多次就审美疲劳了，强行自我感动。
浙江,总有人在负重前行……每次都会因为这个点感动到不行
浙江,特效和大场景的完成度很高，但实在没必要拍这么冗长，可以再精简点直接用图恒宇当主线改编一下会好很多，总之是特别符合老钟阳刚价值观的一部电影
山东,看完又翻出来第一部看了，然后又重新看了一遍2，走不来了，甚至想要去看小说，当然发现小说只是中篇就提供了个背景后就放弃了，但电影真的很棒，不像别的科幻只是看个热闹，它让你觉得很真实又有沉浸感
广东,"我不要在数字世界获取生命永恒，我要仰望碧空待到鲜花挂满枝头。古有愚公移山，今有“带球”流浪，中国人对“家”的执念也是“守卫家园”的勇气与决绝。
但是想到“五十岁以上出列”的都是我这一代人，想到还有几年就步入三十却倔强地不断提升自己免得被后浪打到的我，作为年长者并不想让位于年轻者，但在这种关头得去牺牲成全，心更痛了。
可惜电影虽然有女性形象，但韩朵朵的结局是相夫教子患病离世，晓晞作为发言人似乎只是个陪衬，图恒宇只有对女儿的愧疚，妻子连名字都没出现，其余女性只有声音，只是背景，你说它要主旋律吧，其实它连“妇女能顶半边天”都没做到。
或许进步是不是能不局限于特效技术呢？是不是能再“睁眼”看看身边，看看世界，看看所谓人类命运共同体，究竟是怎么组成的呢？"
广东,太空电梯牛逼！！！郭帆加油 看到太多3的伏笔了！比1好太多
吉林,前面有点不在状态 越到后面越好看 看到AI达叔的脸直接泪目了
湖南,看完最大的感受，作为一个普通人，很感谢总有一群勇士，在每一个危难时刻为我们拼尽全力
德国,说实话前50分钟的剧情看得我昏昏欲睡，就算有空间站坠落的片段也感觉无聊，可能前面这段在电影院观感会更有意思吧，毕竟有特效可欣赏。从后面图恒宇上线开始觉得剧情有意思起来，到最后都挺好看的。
贵州,没兴趣看，隔着屏幕都感受到一股浓烈的恶臭
河北,很宏大的世界观，真正的人类命运共同体。很喜欢里面一句话：“我相信，我们的人，一定可以完成任务，不论虚实，不计存亡”。
内蒙古,无聊
江苏,2比1观影门槛提高了好多，1能看明白也很感动，2在牺牲之际也有泪点，但看不明白是真的。甚至觉得不像科幻，像虚幻。比如数字生命的实现像在闹着玩，凭借刘的主角光环就实现了永生，还有父女俩能进母亲就进不去了嘛？在刘进入数字世界后一整个暖光色调，更让我觉得这是虚拟人物在救世。正正好的最后一秒输入好了数字、正正好的最后一秒按下了引爆按钮，更增加了这种虚拟感。可能是我对于科幻的知识面太少了吧，感觉没1好看，但2的世界观还是震撼到我了。前期吴京的感情线镜头太多，很拖沓的感觉，后期很绝啊，期待第三部。
河北,看不了一点
浙江, 更宏大的世界观，更细微的人类情感
云南,二比一拍的好太多。
浙江,渺小与宏大的交织。
广东,特效还可以，其他没有很喜欢
重庆,老艺术家的线太正了，让人不仅无法共情还让人很反感。刘德华的故事线让人惊喜，把整个片子的科幻含量拔高一个台阶。中国科幻未来可期
广东,特效都很好。意识形态太过了，特别是在俄入侵一周年之际，产生不适。
北京,比一强太多了
福建,几位老戏骨的演技，和达到世界级别的特效，足矣5⭐️
广东,最后一分钟营救的时候，丫丫的亲情戏太过了
四川,延续了第一部的水准，在特技上更为炫目，情节紧凑，值得一看～～而且看过后有进一步琢磨细节的欲望，有早日看到下一部的迫切愿望～～既然如此，当然值得给五星。
浙江,世界的未来是数字生命对吧
上海,情怀部分过于多，起码能删掉半个小时。细节上值得四星。
上海,不喜欢
吉林,看到最后觉得很有《极限脱出》的味道
上海,情节太乱了
浙江,中国电影的希望！如此巨作值得更好的成绩，更高的票房！真的是挺热血挺感动的，希望中国电影好作品越来越多！
重庆,特效可以，剧情有点散
美国,感动 感慨 期待更多的中国科幻大片
江苏,里程碑式的商业科幻大片，意义更多是电影工业上的。值得一提的是，价值观上不管是我喜欢或不喜欢的地方，确实都是非常中国式的。
上海,更喜欢2
上海,很不错，刘德华最后的操作真的神了
广东,前半段有点看不明白，后半段挺好
湖北,尽力了，还是觉得不好看，想不明白，为什么非要端着表演，吴京是下不来了吗？这样表演不腻？再就是影片中的台词能不能不要这么说教味，生活化一点，大隐于市，让观众从剧情中被体会不好吗。再就是各个分段剧情看上去高潮不断，其实一直很平，这么大投资，不至于吧……
安徽,比第一部好看
北京,国产片特效天花板了吧，也难怪受到国内其他制片的抵触，如果流浪把国人对国产片的口味提高到这个档次，那些流量明星出演的口水商业片真的更没人看了。
湖南,莫名其妙，充满了中国式烂梗，情绪化变大过多让人摸不着头脑，女的一开始的一句“我在，一直都在”给我cpu干烧了。去月球上扔个核弹怎么有那么多飞船坠毁我就看不懂了，每个步骤怎么都要整得千难万险的。太阳风暴预警也不准，潜个水也出事故，飞月球也出事故。技术人员水平太水了吧！
浙江,没有必要的续集，比第一部差太多
广东,"流浪地球计划——月球危机
真正的人类命运共同体，宏大的价值观放在科幻片上也是绝无仅有的。"
浙江,流浪的球
黑龙江,这是真没意思
福建,看了两遍看不下去😢😢
广西,原著写得好，支持中国电影，较第一部惊喜少了些，稳定多了点。希望持续改进，下一部再提高质量。
湖南,完美
江苏,感觉剧情有点散
浙江,一部科幻国家主旋律电影，本片塑造了两个群体，一个是以吴京为主的航天员视角，一个是以刘德华为主的数据工程师视角。本片的主题在讨论是否我们将迈向太空，还是沉溺于虚拟世界？其中也对比介绍了两个不一样的家庭，同样作为父亲，他们的使命和担当。关于国家主旋律部分，本片给世界展现了中国智慧，中国速度和中国方案。作为文化价值观输出，把民族精神里面的勤劳勇敢，自强不息的牺牲精神做了主题升华。在人机对抗中，AI作为新兴的科技成果，是否能够将按照人类的指示去执行，而不是自作主张修改人类的建议？最后也为后期的发展埋下了伏笔。预计埋藏在数据中的工程师和现实中的人类将会完成跨界的组合，将在第三部上演。全片的人物形象塑造丰满，导演也尝试了多种风格叙事，按照时间轴一一展开。关于场景和道具，我认为在国产科幻领域达到又一高峰。
浙江,看睡着了当时
北京,真正的大国重启，最好的工业电影，期待第三部
日本,一个拍摄很努力但各种观念都让我不舒服的电影。
上海,感觉全篇很松散，给人看的云里雾里，每条线之间没啥联系，不如重点把一条线说清楚
上海,还行吧，有些东西不是看得很明白
四川,8/10  确实不错，拍的有条不紊，设定缜密，如此认真的态度必然能营造出大国重器的质感。
上海,很宏大的叙事还埋了许多伏笔，感觉后面应该是有续集，有些地方没有看懂但不影响观看全场的顺畅，有一些炸点燃点，所以能理解作为春节档有好评的原因，只是可能自己更喜欢润物细无声式的表达吧
江苏,电影院看了三遍，今天手机上又看了一遍，真的很震撼啊，突然想到没有给球2打分，来打个分
湖南,非常好看，虽然刘培强和韩朵朵打戏那段有点多余，但作为整个片子里的轻松调节剂也还行。太空电梯那里的表现手法爽得头皮发麻，宇航员出列那又情不自禁落泪，外交官的传承表现也很好。最后，我一直以为马兆有问题，结果他就是一心一意救地球，马兆老师对不起，我冤枉你了。
天津,看过一段时间了，最近又看了一遍。总之一句话，值得一看的电影。未来是什么样子，大胆想象吧。
贵州,继续努力，加油
江苏,流浪地球中国最好的科幻电影
美国,终于看完球2了！画面特效很喜欢，开场刘培强有些戏份给人整的太尴尬了……文戏差些意思。感觉内容很多，叙事有些乱了。总之是还不错的科幻，看完让人心痒痒又想看球1了！
江苏,场景很震撼，是有在认真做事的一群人，会有感动。
湖南,没看完，实在看不下去，给我看睡着了，没看完就走了
北京,喜欢沙溢老师！
上海,肯定是中国科幻片的一个里程碑了，所以加一星。电影砍50分钟，去掉李雪健的角色，不喊「我们的人一定能完成任务」，把两个父亲的线多一点笔墨，会更好...
河南,没想到沙溢不搞笑好好演戏的时候还不错，加上服造化，几乎看不到他综艺的影子了，一度没认出来。吴京的演技真的很好
印度尼西亚,中国科幻崛起
广东,国产科幻之光
湖北,就冲着吴京和刘德华就想看。
江苏,剧情太稀碎了
安徽,这么看来距离50岁也没多长时间了。
吉林,春节的时候看的，宏大叙事恢弘大气，让人思考的地方很多，绝对值得一看，不错。
美国,特效还是很棒的，故事讲得一般，牺牲小我场面也太多了。还有不是很懂为啥图恒宇只怀念女儿。
江苏,非常棒，真的好喜欢流浪地球系列，第三部快点来吧！都迫不及待了。
内蒙古,出乎意料，绝对是中国科幻里程碑式的作品，数字生命计划与移山计划的对立设计的相当不错，个人偏爱太空电梯危机那一段，图恒宇那条线吊打刘培强，溺水后推开房门这种情节很出彩，流浪地球系列单枪匹马以一己之力把中国科幻带到世界级，一扫先前中国科幻刻下的刻板印象，除了时长过长，一些完全没必要的画面情节外，挑不出来太多毛病，八分是有的。
芬兰,想说的话很多 但有时候 人心中的成见真的是一座大山
四川,好好看，喜欢
西班牙,节奏有点慢啊，时长又长，三天才看完
德国,后面月球部分其实可以重现默片式的影像学野心和张力，推高一级，但被主旋律式的喧闹和配乐打乱了。
江苏,不自信怎么做所有人的爹
美国,感觉在看基建狂魔宣传片（外加一带一路宣传），不太像一部讲故事的电影，也许也是找的外国演员念台词像在诗朗诵，让人出戏。感觉丫丫和她爸的故事线最有内容，可惜没有深挖，如果能够更挖掘数字生命对个体和文明的意义就好了。
法国,前半段松散得稀碎，多线叙事结构基本失败。但后半段好他妈燃啊！！！特效即使没在大荧幕也能看出是用了心的。希望郭帆更成熟。
美国,看过两遍，每次都在50岁以上人出列那里泪崩
广东,蛮震撼，回过头去看了1。想象力被打开。
坦桑尼亚,子又有子，子又有孙，子子孙孙，无穷尽也
福建,可以看两遍
河北,期待国产电影越来越好 我们见证的是中国近代电影史的发展！
北京,和我爸一起看的，中途我爸说“你说这些都怎么拍出来的啊？这是中国拍的吗？真的很厉害”
英国,每次危机都是同一套叙事模本，流水账也不是这么拍的。
四川,2.5 想讲的东西，太多太满
浙江,被吹的神乎其神，看过了也就那样，全剧很乱很乱，没有主线，跟第一部一样不好看。如果没有再读一遍三体，里面的很多东西是无法理解的。那些看了觉得很震撼，觉得有创意的是不是没读过三体，太空电梯，还有很多新奇的想法第一次读三体确实被深深的震撼了，看多了也就没有新意了，没有那种震撼感了
北京,郭帆的电影看看机器和物体就好，有人的镜头就可以快进了…倒计时叙事可太省事了…刘德华与550w这条线价一星吧，原著的想象与概念才是强…
湖南,支持一下，必须满分
吉林,集体胜利的背后是个体执念
重庆,比一好看太多了！
贵州,“这是人类的日出。”
江苏,每一帧都是满满的细节，太用心了
四川,怕是没网上吹的那么好，看了一个小时我选择了睡觉，明天再接着看，吴京的爱情太油腻，受不了，还有好几处烂梗，台词也是，有好多跟念稿一样，总之挺失望的
上海,颐指气使
江苏,我怎么会在春节档被骗去电影院看满江红，妈蛋！
北京,危难面前 唯有责任
浙江,好看！比1好看太多啦
广东,快进看完的，因为太多老套剧情，好无聊，包括那些刻意制造的冲突、温情和转折，其他影视作品都写烂了，所以就是纯粹披着科幻的羊头，卖着煽情的狗肉。最可以想象和探讨的，无论是硬科幻或是人性，都淡然无味。当然续集本来就不好拍，但放着原著有深刻讨论的不拍，这究竟是谁的原因
重庆,中国式的政治正确，盟友永远是大熊，未来是出于主导地位的大国，不过特效的确做得不错
江西,断断续续看完
四川,足够硬科幻，就是刘德华的线，我真的不懂。流浪真的是一条好的出路吗？资源的有限性是永远的瓶颈。人怎么能预测2500年呢？有没有可能是走向另一个虎穴呢？人类的智慧，在无限♾️拉长的时间空间年前到底算什么呢？
上海,死亡面前不知道要说什么
广东,"宇航员起飞嗷嗷大叫？
导演过山车做多了吧来拍科幻？
笑掉大牙。"
山东,这不就站起来了
北京,中国科幻已经到了＂不只有特效＂的阶段
江苏,虽然各方面仍然有缺点，但是作为中国科幻片来说进步非常大了，里程碑式的进步。
北京,还可以，但太长了。每有一部科幻片就有一座自由女神被毁
上海,"比1好看，主要原著流浪地球计划的设定真的好强。
美中不足的是刘培强和图恒宇俩人一个妻控，一个女儿控，感情戏太多了有点难以忍受，中国代表的装逼戏份也略多。"
贵州,有斗争、有阴谋、有奉献、有牺牲、有希望。这部电影依然中国科幻电影的里程碑式的电影作品。期待后面的续集作品。
浙江,有点尬，没什么代入感
广东,瑕不掩瑜。吴京的戏份太尬，仿佛是另外好几部吴京曾经演过的电影，又从太空电梯到流浪地球计划中一直穿插，直接导致所有的概念都没太看懂…看完解析后能理解这段剧情的意义，但换个叙事节奏和表演方式可能更好。
北京,中规中矩、脑洞大开
江苏,3.5⭐。
浙江,可以
辽宁,宏伟壮观而已，华而不实。
重庆,怪不好看，又浪费了时间，啊！
江西,"时隔很久 带着对1的不满和质疑去看的
虽然moss的黑化有点违和
但是！但是！但是！
中国科幻片史上举足轻重的一部
它值得
开始期待接下来的345"
北京,完美
河北,如果可以，我选择数字生命
浙江,巅峰!
澳大利亚,中国人也有自己的大片系列了。不同于好莱坞个人主义超级英雄叙事风格的、“团结就是力量”式的中国英雄主义史诗。
重庆,想表达的太多，太多没表达清楚。anyway，人类数字计划条线还是很精彩
重庆,和部门5个同事一起去看的，到放核弹的环节所有人都流泪了
黑龙江,（三星半）它就像班级里认真学习的优等生，很优秀但是少了一些灵气。
广东,很棒
江苏,应该叫流浪地球0才对
上海,为了6块钱咱就是努力看（听）完了，刘德华演技很可以子再一次
广东,放几年前，我会跟着愤青一起骂，骂故事写的不好，骂节奏，但其实我的阅片量来讲根本不懂这些。无非就是跟风黑，显得自己多专业一样。现在呢？有一部电影3个小时让我不困，让我感慨，让我跟着它的思路去走，还能看到中国电影人走向世界的野心，就已经足够了。
内蒙古,"中国科幻里程碑式之作，超越了第一部作品
人类为了活下去牺牲了太多太多了，真的……
（将来有时间到电影院补一张电影票，这次是用手机看的）
"
重庆,什么乱七八糟的还8.3分？看完对主角们毫无感情，连带着对地球和月球和人类都毫无感情，毁灭吧赶紧的！！
广东,三刷了，每次看都有新发现，期待3😘
山东,浪漫
山东,当时看完忘记打分了 补上☺️
贵州,"全片对数字生命与人工智能的铺陈与暗线
执行到最后仍能落回于展现：人类用集体凝聚之勇气，呐喊希望永续的坚定奉献上来

越好的科幻，就越不能缺厚重人文的支撑

这一次，比上一次做得还要好，而且更好得多得多
近三个小时的壮阔旅程，直至结尾，让人感觉到最为浓烈的情绪却不是疲惫，而是对下一次再见的无垠畅想

我们的科幻，也许确实正在这个时代，似能甩脱地缘文化引力桎梏般地强劲发动着，移山搬海，直震云霄！

唯余鼓励与期冀耳。"
广东,"缺点:感情线生硬尴尬、特意制造的笑点很生硬(电影前三十多分钟劝退级别)、外国演员演得就像好莱坞电影里的中国演员一样别扭、特效和好莱坞比还有不小差距，细节很多且很重要。
优点：叙事宏大，情节值得反复推敲。
"
