天津,真的不如俩人一起嘎了
河北,每一帧都是美的，故事立意很好，结尾不错。中途有些薄弱，总体推荐
甘肃,"叙事方式太喜欢了，似真似假的幻梦让人猜的到不是现实却又猜不到真正的现实，碎片拼接的艺术呈现很有冲击力。

无与伦比的想象力，抑郁症小女孩的被救赎之旅，电影是造梦的，这是它的可爱之处"
北京,"看大家都在抱怨，这个春节档电影越来越像剧本杀。《深海》就是个典型的哭本逻辑，前面一套叙事，后面倒转成另一套叙事，让大家恍然大悟的同时，颇受感动。这个剧作模式确实不高明。
实际上，倒不是电影越来越像剧本杀，而是电影这么多年为自己树立起来的媒介壁垒，随着其他媒介的发展（如游戏、剧本杀、电视剧），不断被拆除。
那么越是这个时候，电影人越需要反思，什么才是电影没法被取代的体验。也正是于此，我愿意肯定这部《深海》。
它其实就是还原到了一种纯粹的视听冲击力，如漩涡一般，把人卷进它营造的世界，去切身体会一种痛苦，以及微不足道的救赎。
我尤其喜欢破次元壁的那一幕，一边是母亲的呼唤，一边是南河沉入海底，主人公竟然背离了母亲，冲向了南河。因为比起那个虚幻的希望，眼前的陌生的善意，更可依靠。"
辽宁,"大年初一第一刀
本来到中间很困的，但是架不住有个好底啊
后半个小时哭的稀里哗啦
南河！"
陕西,孩子哭的一塌糊涂，即使回家了还在问我参宿冲破的那块布为什么能把她的脸给割破了。她确实没看懂，但是她的反应却告诉我，当大人们依旧吹毛求疵地点评着单薄的剧情和人设的时候，田晓鹏却用那漫天绚烂的色彩飞扬，轻巧地跳过了成人世界，触及到了一颗不谙世事的心灵最柔软的部分，这其实就够了。
吉林,比深海饭店不存在更让人难过的，是南河曾存在
安徽,我愿意为美术和冲破黑暗粒子水墨组合的星空画卷给五星，但是对于抑郁患者和讨好型人格来说，自愈是需要勇气和信心的事，是在不断内耗和挣扎中让自己好过，绝不是靠别人的生命来换取自醒，梦境是美好的也是最残忍的。
安徽,希望在平行时空，能看到没被过度修改的动画原貌。
广东,大家这几天可以看看啊。用最绚丽的色彩，描绘走出灰暗的童话，中国动画真的很强，这部完全是可以拿国际级奖项的！
江苏,一句话故事概括：一个陌生人牺牲自我，帮助小姑娘笑面人生，重塑自我的故事。这句话看着是不是感觉有点拧巴？就是如此，这种拧巴也让这部电影缺少了一些底层逻辑。电影画面无与伦比，同时有笑点有泪点，当然这种泪点你先需要克服电影中的那种拧巴感，观影过程中会不自觉让你觉得似曾相识，来自《千与千寻》的相似感。过年选电影的话这部电影可以一看，家有小孩亦可一起“食用”，只不过我非常不喜欢电影的3d，流浪地球都放弃3d了，我是始终不明白一部动画片为啥非要3d，画面黑黢黢的，有部分场景看得都快斗眼了，要是改成2d，我对它的评价还能再更高点，7分片吧。
上海,"春节一口气看5部之第2部。

3星和4星大概纠结了一个小时后还是决定给4星鼓励一下吧，因为真的觉得非常可惜：

《深海》其实和《阿凡达2》很像，都是讲水下的故事，都是特效好到离谱，在大陆都只有3D格式，出屏感都很优秀。我甚至认为《深海》的特效可以吊打大多数皮克斯的动画，粒子水墨和《阿凡达2》水下动捕都是极优秀的创新和突破。

同时两者都在剧情上存在漏洞，《阿凡达2》缺点见短评，《深海》的缺点是前面2/3几乎都在做展示，没有进行有效主线叙事，非常遗憾。

但是两者不同命的地方在于《阿凡达2》依赖海外票房已经回本，而可怜的《深海》则只能用片中的台词叹息道：点评又掉到1星啦，你们这帮人可真挑剔。

我真的替田晓鹏感到难过和惋惜，参宿是看开了，导演会不会又因为不达预期的票房和口碑而被丧气鬼纠缠呢？"
陕西,失望至极，仅仿制出宫崎骏的皮毛。超速的运镜和充斥全片的浅焦局部特写给视觉造成极大负担，被塞满的扁平画面毫无层次重点，对巨物的迷恋更是无比陈旧的创作思路。第一幕主角二人相遇后自说自话，交流语境缺失，造成剧力的彻底坍塌，后段煽情全靠硬来，邀赏式的情节反转。一个奇异的幻想世界不应该仅由浓墨重彩和聒噪声效组成。
湖北,"醒醒吧，散场了。还真的是有点自知之明。乏味透顶，要是真能让我哭也算对得起这票价了。真的不适合大年初一上映，太丧了……主创团队到底想传递什么价值观念？跟《雄狮少年》隔了7部《大圣归来》大失所望球球了，不要再卷画面了，先讲个好故事吧"
山东,用心做特效，用脚讲故事，有期待就有失望，和诈骗差不多。稍微有点阅片量的人都不会觉得惊艳，前一个小时差点睡着，故事过于单薄，人物过于简单，情节几乎没有。三星全给特效和画面。
河南,到了这个地步，还有什么好说的
陕西,愿每个走过长夜的人终将等到一束光。
吉林,儿童版毒液+甲亢版童漠男+克苏鲁式千与千寻。聒噪，太聒噪了，无论是人物、动作、台词，还是声音、画面，都比大年初一早上的炮仗还吵。
山东,"看完前半段：我为什么要在大年初一的早上跑到影院来受刑
看完后半段：对不起我错了这是神作呜呜呜呜呜呜呜呜呜呜

P.S. 感谢邻座小姐姐递过来的纸巾[玫瑰]"
浙江,"前一个多小时的填鸭只为了后面半小时的反转，半小时是很感人，但前面大半时间也太难熬了
鼓励四星"
浙江,我，抑郁症，掉海里了，救我的人死了，我开心了，那人是个小丑。
江苏,能理解说不喜欢的，但是说看到半路离场的，突然觉得，对深海不耐烦的看客，就像对小孩的痛苦不耐烦的成年人。
贵州,动漫就动漫，别碰你不熟悉的领域行吗？抑郁症这个你不懂就别用这个题材，本人看过深海之后严重心理不适！我愿称最差国漫。
河北,"不会编剧就别编，大年初一看你叫一个小女孩晦气晦气到底你确实晦气了，我看了是真觉得晦气。看完我真的妈妈ptsd了，一个俩小时的动画电影拍的和一个2小时的宣传片一样你干嘛呢？我第一次在电影院看电影看的我如此生气。
你没有剧情只有画面也行，但你硬煽情是要干嘛？你以为最后立意硬拉上抑郁症就能拯救你那除了画面毫无剧情放内核了吗？画面是肉眼可见的贵了，你剧情呢？你内容呢？导演你自己看看你自己都说了些啥？我天我真的太生气了！！！两星只给画面！！其余的啥也不是！！！"
广东,故事和设定都还没讲清楚讲明白，就一昧的去向观众输出视效、输出情绪，又再用这薄弱的情绪去营造大场面，到最后在深海之眼歇斯底里的努力的时候，我都不禁在想他们到底在为了一个什么东西在前进？没错，整部片就是这样，不知道是为了什么而推进剧情，它构造了一个只浮于表面根本立不住的世界，然后用了爱丽丝梦游仙境或千与千寻一般闯入异世界冒险的故事架构，去塑造这个所谓的深海故事。
福建,少女参宿的奇幻漂流
山东,"如果参宿死了，那这部动画将是封神一般存在。可惜根本容不下这样的结局。
深海大饭店没存在过，但是南河存在过。他是一个小丑，他会给参宿讲笑话逗她笑：从前有一只白色的小海豹，它很爱笑。我问他，小海豹小海豹你为什么总是笑呀？小海豹回答说：船长，我是萨摩耶呀！
好美好美好美，美到我一伸手好像就能抓到面前的彩色鱼儿和水母。电影画面之所以这么美是因为现实是灰暗的，那么人生本来就是没有意义的。"
广东,画面真的很美，但是对我来说最震撼的还是“醒醒吧，别睡了”。妈的你是怎么知道我睡着了………
山西,为盘醋包了顿饺子
江苏,"大年初一大早看这个，艾玛，给我哭得。在哭抽的间隙挣扎着爬起来说：特别好！五星推荐。这确实是一个关于救赎的故事。
真好。 "
江苏,如坐针毡，如芒刺背，如梗在喉。今天你们五星鼓励它的情怀和特效，未来就会有无数部只有画面没有剧情逻辑的PPT式的动漫。如果这是你们想要的，就尽情打五星吧
河北,看前超期待，看后只想破口大骂！！！无病呻吟，除了画面一无是处，看到最后，画面也有些审美疲劳，叙事稀烂，老套的剧情，女主要死自己死好吧！！！最后，希望所有的解脱都来自于自救，来自于自己的豁然开朗
广西,要特效有特效，要剧情有特效
上海,你说一个抑郁症 要有个人因为救自己死了 那不应该更抑郁了吗
云南,剧情啊剧情，你就像影片里的大海，全都是水。对抑郁症的理解就像，影片里的鸭子游泳圈光浮于水面上了
广东,毫无逻辑的剧情，导演之前暗示被广电删减，就这垃圾的剧情，不剪也不会帮你屎上雕花的。强行煽情，仿佛掐着我的脸说：给我哭，必须给我哭。不要再说熬过前大段，结尾才是精华这种屁话了，凭什么要硬坐一个多小时，看你的结尾十分钟啊。还有那丑的要死的男主，真是辣眼睛。既然宣发成天卖惨，那就祝你越卖越惨吧。
河南,要特效有特效，要剧情有特效。
四川,"对我而言全片最想哭的地方好像和大家不太一样 最戳我的地方是：南河一个黑色剪影 清瘦的身材长发飘零  面向着家乡的原野  天空处粒子水墨特效涌动  好像梵高的《星月夜》  那一刻真的把我美哭了  人果然是为某一瞬间而活的。
这或许就是动画制作的意义 ！"
福建,顶级折磨👍
河南,"不用，用你的角度来两极分化
这部电影就是很好，非要有所经历才能共鸣的人，你的情商和共情能力是太低，而且看电影的角度也不对。
这是一部治愈的，用心的电影
剧情没毛病，特效更好，音乐超级棒
关注了家庭问题，也关注了有心理问题的孩子，更是希望社会可以作为男主来帮助他们
三观，价值观，特效，音效都在线
我是哭的很过瘾
而且很治愈
"
浙江,"原本不打算特意来打分，但这个分数和票房我真的意难平，加上还有很多尬黑甚至嘲笑导演的，看得我很难受，不想看他们乱刀杀死工匠精神和创作初心，就算是发点微弱声音也好，那就把pyq的观感搬过来吧——前半部我的状态be like：画面太美了，视觉影像信息量好大，剧情啥玩意，我看不懂。后半段：（……戴着口罩哭得喘不过气
出影院后基友和我都不说话，半晌基友问我：你还好吗？我“不好”俩字还没说完，眼泪又扑簌簌掉了下来，完全不敢回想剧情，不然我俩怕是要在电影院门口抱头哭会儿了。
我不会安利这部《深海》，这是给有缘人看的故事。如果你懂它，那么它自然会治愈你，给你巨大的震撼和力量，就像走出困顿后一个鼓励的拥抱，又或是源源不断的温柔指引。"
江苏,当理解到这一切都是幻想时就猜到了。评论里好多理性人来分析剧情抨击画面，可是这部片就是试图用高饱和与混乱的深海将梦的超现实表现出来啊。应该早些注意到的，参宿四、南河三，以及在分割着二者的银河中的天狼，某种冬夜的暗喻。潜意识里塑造的女性都具有着母亲的特质，而男性的丑恶、理性和趋利都是对现实的反应。南河作为长发男或许也中和混杂了某些性别气质，很有意思。只是真正的患者是能够自洽的吗？梦中真的能自我救赎吗？我想能拍到这步的导演应当是没能扭过审查大爹的意见吧。很可惜，梦醒后又是一个破碎灰暗的现实。散场后也是。
浙江,家庭幸福顺风顺水的人会在中途觉得无聊退场，而一生有憾童年缺爱的人（仅指我自己）会哭到隐形眼镜滑片。打五星并不是说这片子有多好，而是我这二十多年，都活得太拧巴、太差。
广东,作为青少年期就患上了重度抑郁，十年后确诊双向障碍，急性发作期有大量幻觉，不得不住院，使用过大量精神药物的亲历者，这个故事几乎原封不动地讲出了我的故事。为什么丧气鬼是红色的，因为在这个阶段会有很多自伤自残的行为。我高中差一点就跳楼死了，自己也不知道什么爬回来了，第二天发现另一个人从楼上跳下去了。作为幸存者的我，强烈地感知到自己的这条命是换回来的。这个片子共鸣太强了，后半段我几乎控制不住自己在影院嚎啕大哭，我们真的是用尽全力又足够幸运才活下来的啊！
河北,《深海》让我想到《少年派的奇幻漂流》，前面一个多小时里，色彩绚丽的深海世界都是女孩内心的投射，这个世界里的角色、情节、道具和冒险的设计都是女孩脑海里的事物幻化出来的，是一个展示女孩战胜心魔的过程。你在看片的时候，可以把注意力放在女孩跟母亲有关的台词和噩梦上，留意女孩身边的一切。进入深海大饭店之后，你就可以自行对应上很多细节，参与到故事里之后，观影乐趣会暴涨。就算你不愿意主动参与，也没有关系，电影的最后导演会用一连串的蒙太奇镜头帮你一一对应相关的故事情节。《深海》虽然是一部动画电影，讲的却是儿童抑郁症，导演干了一件现实主义题材的真人电影都不会干的事情！很久没见这么剧本扎实的国产动画电影了，我觉得今年春节档能靠口碑逆袭的票房黑马，肯定是这部动画电影了！
广西,"为什么？为什么《深海》评分才7.3啊？我不明白。这视效可以说没有任何动画可以比，顶级，剧情也非常牛逼，结构巧妙，很多隐喻一点都不晦涩。画面不止好看，还做到了把情绪和感觉可视化，让观众感同身受。这么屌的动画居然不给10分？

不是说十个人里七个抑郁吗？没道理这么多人共情不到啊，男主看起来是个救赎者，其实他也一直在压抑自己，不然不会看出女主的笑不是真的，因为他自己也是一样，所以他才希望女主的每个笑都是发自内心。这句话也是他想对自己说的。

新年看这个片真的太治愈了好吗？如果我们都是参宿，那《深海》就是我们的南河。

在此希望所有抑郁症和讨好型人格的朋友，不要怕，想哭就哭，想笑就笑，并且每一个笑，都是发自内心，真正的笑。"
四川,"前半段如坐针毡，令人出戏，人物扁平，情感生硬，后半段破题串伏笔还是略为惊艳，但前面太过拖沓，已经磨灭了人的耐心，显得后面的感动有些可笑。另外看到了许多宫崎骏动画的影子，只可惜画虎不成反类犬。
画面确实色彩绚丽，但支撑不了剧情，这部作品告诉我们，中国动画不缺技术，但缺好剧本打磨。"
湖南,"这下宫崎骏又伟大了。

一命换一命，把你救回原生家庭不要太谢谢我。"
浙江,暴发户一样的色彩
上海,视效无敌，但表故事不成立，情绪表达和真相揭晓都太过直给，我理解这个故事是只呈现给有缘人的私人表达，所以好遗憾，我和这个故事少了一点缘分
广西,田晓鹏你是不是觉得自己特别懂抑郁症？
广东,所有的问题都暴露而未得到解决，无论是重男轻女、东亚家庭pua、抑郁症、与世界和解，整体看来却那么空。我其实清楚内核是什么，但感觉在东亚教育视角下去评价，给小孩看不一定看得懂，给大人看又觉得过时了，或者说，却是成人早应清楚的道理。少功有过。如果情感落点在母女上会更好，我无法接受女主为挽救生人（还是男人！）而付出的结局。最后，视觉效果虽然惊艳，但大红大绿大蓝一叠又土得梦回《大圣归来》；男主丑得吓人，，原本以为海精灵已经很cult了，没想到男主才是最cult的。
广东,《深海》导演因看到母亲救女儿而亡的新闻启发灵感，却拍出这部母亲抛弃女儿，女儿被陌生恶臭男人拯救的故事。就问导演，如果你有女儿，你死了，你放心你女儿被一个陌生恶臭大叔拯救？！现实中明明是母亲的不放弃让女儿活下去，你受启发编故事偏偏要塑造了一个抛弃女儿的母亲，哪怕你一开始就让妈死了都好点吧。真几掰恶心 ！女人就是这样永远被泼脏水！
河南,光是3D制作就足以满分了，绚丽的场景和细节的刻画都很好。母女共生幻想本质上还是因原生家庭破裂的遗憾而产生的心理补偿机制；笛卡尔、《少年派》式的幻想&amp;现实双重叙事显然是神话的建构，真实的结局往往是黑色的。献给走过漫长黑夜的自己。
河南,什么时候国漫才明白讲好完整的故事才是最基础、最重要的？
湖北,"二十多年来第一次在电影院里差点哭晕过去，泪眼模糊，鼻子通红，眼镜哭花，纸巾用尽。

我们要写梦境 ，不能只写虚幻与漂浮，要写奔腾的浪，要写海浪下奇幻的光，要写海底晃动着的光怪陆离的世界，要写荒诞不经的船长。

我们要写抑郁症儿童，不能只写悲伤。要写他们悲伤之下的仍旧强颜欢笑，要写他们被悲伤吞没的的黑暗世界，要写他们每时每刻的战战兢兢，要写他们冲向光亮时的抽丝剥茧血肉横飞。

我们要写落魄的普通人，不能只写普通，要写被生活所迫变得他们的尖锐和势力，要写他们面对危险时慌张无措但仍旧舍己救人，要写他们在逆境时拼尽全身解数的坚持，要写他们才情满怀只是无人发现 ，要写他们有滚烫的心，也是照亮他人的光。

所以我们看深海，不能只看到它是一个抑郁症小孩被救赎的故事，它是是一部悲伤至极现实故事。
"
四川,导演，要坚持下去啊！！！
江苏,吐槽的点太多了，父母离婚，父亲再婚被忽视的有抑郁症的女孩，被一个“小丑”拯救，干瘪瘪的几句空话，那个小丑能理解她被忽视 不被爱 的人生吗？轻飘飘的“未来会有光再等你” ，最后荧幕上，女孩和爸爸相亲相爱的画面让我觉得呕吐。我只希望她不要向外渴求光，拥抱自己。
北京,没想到这么克系，看某些场景的时候一直在脑补如果拍一个恐怖动画应该会非常不错。剧作挺私人的，但了不起。老金是爸爸，花花是后妈，抱球海狸是弟弟，这都很明显，所以南河当然不仅是南河，还是原生母亲的投射。海精灵是欲望，引诱人下坠，红色物质是可吞噬一切的消极深渊，参宿希望有人从消极深渊中救出自己，她将这希望寄托给母亲，但最后她发现如果要达成自己的愿望，就会牺牲南河（即寄望母亲回头，会毁掉母亲目前的生活/幸福）……不是我说，让一个才这么大的孩子做电车难题是否太过分？故事到这里戛然而止，没有给出选择。被南河救起醒来后，参宿看似被治愈了，被注入快乐的希望了，电影有了一个光明的结尾与片尾，但恐怕没有人觉得她会真正被治愈，相反……既然她是一个连母亲都不忍打扰的善良孩子，南河之死所造成的负疚感只会更快加剧拖垮她。
浙江,能理解主创想要构建一个爱丽丝梦游仙境式的世界的意图，但是对恶趣味的放纵（鱼头鱼脑的食客与令人作呕的食物）和对技术盲目的追求（不可描述的海精灵和黏黏糊糊的丧气鬼）让电影在视觉上显得不伦不类。粒子水墨出现的段落诚然赏心悦目，但没有真正地融入叙事，海獭抑或是海象的处境也是如此，远没有神偷奶爸里的小黄人那么令人印象深刻。单就故事而言，以小女孩找妈妈为动机让人实在提不起兴致，南河这个男性角色在绝大多数时间完全不讨喜，最后的反转也十分苍白无力，说难听点就是为了催泪而催泪，相当的生硬和算计。希望导演尽快从多即是美、大即是好的思维中解脱出来，把想法一股脑儿地堆给观众，只会像片中的创意菜一样，让人难以下咽、消化不良。
四川,"这海报很漂亮啊，但莫名有点像大鱼海棠?
很期待啊，我也很爱大海。

看了姜子牙后面的彩蛋，制作太惊艳了。


终于看了，但真的对不起我期待那么久。画面五星，剧情三星。看之前就知道是讲抑郁症的了，所以光怪陆离也能接受，但就是不好看，剧情混乱，人物立不起来。适合当壁纸，跟当年的大鱼海棠一个毛病。"
天津,没看哭的人一定过得很幸福。
江苏,谁写的智障剧本 我建议给美术磕头
北京,至少有一位中国导演在尝试自我表达，动画是表现形式，服务于自我叙事。（我相信导演知道怎么做可以商业化成功，片中也有很多镜头在做折中处理，尽可能折腰，至少他在尝试不给观众喂猪食
北京,没看过观影过程如此折磨的影片，全程在好绚丽（色彩和视效）和好恶心（形象和故事）之间反复横跳，能感觉到创作者真是太自恋了，把很多自己碎片化的思考和感受塞进电影里。光顾着自我表达，根本没想好要给观众讲一个什么故事。中国电影人还是太TM好混了，敢这么玩弄投资人的真金白银和观众的期待，失望！愤怒！
湖北,确实没想到美轮美奂的视效背后是这样一个有关生命和抑郁的片子，为导演的主题和立意鼓掌，我们不缺大片，更缺关于“人”的电影。观影体验上，开场很惊喜，中间略有点视觉疲劳，结尾20分钟泪崩。#年度十佳备选
河北,"观感像是跟一堆剩菜一起在泔水桶里泡了一个小时然后被冲进油污滑腻的下水道里
剧情无病呻吟为了反转而反转
放在大年初一看也是真晦气
"
江西,精神污染的级别，全程痛苦面具。忍受40分钟后，感谢闺蜜理智带我逃离苦海，果断选择隔壁流浪地球2。
湖北,你们动画圈就没一个会写剧本的吗……
云南,能不能花动画十分之一的钱找个读过书的编剧？
山西,如果说阿凡达的视效是享受，深海的视效就是折磨。无法理解导演审美，全片都是调色盘打翻的程度，真的太过了，而且充斥着黏黏糊糊的类似呕吐物的东西，糊人一脸。80%的近景和特写，把所有的东西都怼在你眼前，毫无空间感，很多虚化和摇晃镜头，坐前排看会非常晕。故事上，前一个半小时不知所云，后半小时全力煽情，反转俗套，抑郁症只是设定，中间穿插几段奇怪的mv推进剧情，最后的感觉只有一个，我真的哭不出来…
上海,并不太能相信一个说出“不买就不要碰”的人 会毫不犹豫地跳进汹涌里救人。因此也无法相信一个没有爱的世界里的无私的爱成立。
上海,"#水之道8分深海只有7.6我不服 某瓣评分崇洋媚外实锤
写在前面：如果你只想过年图个乐呵，那我劝你别去，不然就会像某瓣上某些脑残恶评说看了两个小时的晦气。
这是一部献给抑郁症患者的电影，扩大点范围来说，是献给所有有抑郁情绪的成人的电影。不适合带小朋友，小朋友也看不懂。硬伤没什么好赘述，能改进的地方确实还有很多，但不能掩盖精美的画面、工整的故事以及温暖的内核。田导潜心七年讲述了一个他想说的故事，这故事不是商业化的，无法讨好大多数观众的口味，只能抚慰一小部分人的心灵。比如最后在电影院哭成🐶的我~
我既希望所有参宿能有一个南河，又不希望参宿们必须经历南河之后才走向坚强。不要贪恋内心的色彩斑斓，外面的世界虽然灰暗，但总有一束光能照耀进来。
致敬所有走过长夜的我们[爱心]"
河南,这部片子是我唯一一个不知道该怎么评价的片子。很吃受众，也极有可能很两极分化。画面做的很好，剧情也不错，可能跟个人经历以及共情能力有关。我从前面眼泪就有点控制不住，不知道具体是什么点，就是眼泪一直掉。到后面有点泪失禁了，哭了半卷纸，哭的我脑子疼。觉得这部片子对于我来说是很值得看的，虽然排片真的很少。但我可能不敢二刷了，带来的后劲太足了。
广东,大家为什么不愿意对深海多些宽容，至少并没有你们说得这么差劲，这甚至是我进电影院以来看过的最好的国产动画，从画面到立意再到叙述方式，前面根本就不会沉闷，你需要看进去就会了解女孩的心思。
北京,眼睛吃蘑菇
北京,他妈的退钱！！！！！
广西,发出来不怕被别人踩。女主被妈妈抛弃，那为什么妈妈这种独立女性非得等到孩子跳海才回来陪伴呢，为什么不把女主带走呢？中间那段描写后妈和重男轻女的，真的超级恶臭。连妈妈这种x色体都不girls help girls，还要指望一个八杆子打不着的y色体小丑来拯救自己，果然墓妊总想着y色体来接盘，差评了。
河北,这不是春节档最好的电影吗
广东,抛开技术的过于饱满，深海还有三个缺点：剧作上没必要把抑郁症直接抛出来，不说明比说明意境更悠长；现实层面据我所知抑郁症的治愈过程不是这样的（如果不明说的话就不存在这个问题）；故事上结尾避开了一个油腻自私巨婴男引导的家庭的残忍性。但它有一个巨大的优点，为华语银幕动漫带来了非英雄主角，非IP主角，带来了原创故事，甚至没有明显的国风元素故事。它只是一个放之四海而皆准的小女孩的内心戏，是兔子洞，是汤婆婆的阁楼，是潘神的迷宫，就为此也值得加星。
山东,我完全不觉得故事没讲明白，他从海里救下了参宿，讲了很多故事激起我的求生欲，后来终于有船经过，可是在这最后的的时刻我再也坚持不住了，他再次救下了我，可他却再没能回来，再失去他之后，在生死夹缝之间，我做了一个梦，梦里他的故事成真了，我的负面情绪变成了丧气鬼，我的欲望变成了海精灵，开始我的海精灵代表着找妈妈，可是后来为什么海精灵会变成代表南河?在深海之眼的最后我鼓起勇气突破了丧气鬼的束缚，可是南河还是消失了，化成了彩色的碎屑，我终于想起来了，为什么在梦里本来是妈妈的海精灵，却变成了南河的海精灵，因为我的欲望改变了，“我想要南河回来”
福建,片子没有戳到我的泪点，对于南河被献祭，我不是感动，是感到可怜。跳出来看，你会为了一个抑郁症小女孩去牺牲一个为了生活努力打拼的年轻人吗？
河北,毫无逻辑的故事发展+拙劣模仿的叙事结构+过度油腻的人物形象+混乱浅薄的主题探讨+自以为是的画面表现，不要拍了滚吧。我真的哭了，我真的太久没看过这么难看的电影，我凭什么大年初一花两个小时看这么一个电影啊我凭什么啊我真的要生气了，希望新的一年再也不要看到这么难看的电影i really wish，中国动画电影再这样下去的话就别拍了吧我真的报警了这种电影真的不是诈骗吗特效还挺好看的但是真的很难看我真的要生气了。
广东,动画电影什么时候才能“断奶”啊！要么就是找妈妈要么就是找爸爸，然而参宿需要的，是关怀是爱啊！这完完全全给跑偏了嘛！“深海大饭店”明摆着就是千与千寻“汤屋”照搬过来嘛，参宿的形象也参考了荻野千寻（某些时刻某些动作简直像是附了体一样）。但起码千与千寻里的人物是有所成长的，而本片更像是“强行疗愈”。原生家庭、抑郁症……那么多苦难，真的就只是笑那么一下就能释怀得了的吗？电影制作七年，只是缝缝补补东拼西凑，借着“抑郁症”想搞些深意，披着五彩斑斓的外壳想摆弄那“精湛技艺”，很可惜，深意不够深，“精湛”的画面也只是辣眼睛（我戴着3D眼镜难受得啊）。“看得出你真的很努力了”是我对目前国产动画的评价，确实憋了一股劲，我也看到了，但这评价并不带一丝褒奖或是慰籍，而是换一种形式的“失望”。
天津,创作真的不容易吧，唉辛苦了，加一星给创作者和美术。虽然残忍，但事实证明，太多华丽炫技便损耗诚恳，填得太满便过犹不及，只有设定和立意、却没有扎实的血肉和铺陈，就无法让人真正相信和共鸣。看海报以为会是美和细腻的故事，却变成在肤浅无厘头的眼花缭乱中头晕和失去耐心。把立意分析得再好、价值上得再高，都不等于故事实际真的打动人和令人相信。什么都不如扎扎实实把故事讲好。|第一次在电影院如此如坐针毡。片头绚烂的海底美得令人感动，片尾的手绘和画册也舒服诚恳，但正片本身却无奈地令人失望。深海饭店少女冒险像千与千寻，梦的碎片拼接像穆赫兰道。小胖猫和水濑挺可爱的。
山西,满江红罪加一等
福建,前90分钟两星。世界观的引入和人物的塑造都过于潦草，故事发展非常儿戏且看不到一个有力度的主题，迫不及待展现技术却暴露出各种不用心的地方：用了很多长镜头式的表现手段但深海大饭店的空间结构依旧无法清晰呈现，极尽所能创造宏大场面却用空间感扁平的长焦镜头捕捉具体的人物，动作场面因水墨背景画风与3d人物动作的不协调造成速率的失衡。没想到结尾10分钟力挽狂澜，在一个极短的瞬间内道破一切故事的根源，以气力万钧的剪辑调动起观众的情绪，用应接不暇的前后呼应收束起所有的模糊比喻，让这虚伪荒谬的宏大冒险踏实而有力度地回归于细腻的人文关怀——这一切不过是一个孩子放逐自己的乌托邦，她的心智就像影片前90分钟一样，幼稚、没有方向，但始终怀揣着五彩斑斓的希望。这般明智的视角回归，让这碗冲破黑暗、拥抱现实的心灵鸡汤足够动人
北京,中国人做动画就不能有一点自己的创意吗？剧情创意都可以抄袭宫崎骏的千与千寻，小女孩误入怪物世界，深海大饭店的光怪陆奇就是千与千寻的汤泉，海精灵就是无脸男，还参杂了大量恶俗的网络段子和没必要的慢镜头，还有吃鞋子，吐出粘液，亲痰盂等恶心恶俗的镜头。更别提完全没有宫崎骏的童心与善意，完全利用动画表达成人的视角与表达。立意与表达都完全输了，导演就不要再卖惨说电影被修改不让上映了，完全没有上映的必要。
四川,一坨五颜六色的屎
江苏,➗生玩意
上海,打分低的观众们，我想你们应该都过得很幸福，每天都生活在阳光下吧……好几次的感同身受让我无法客观的给出评价…当小女孩发自内心的快乐时，我很害怕..害怕她的这种快乐转瞬即逝…南河就是她，她就是南河，能真正解救她出来的只有南河（她自己）…最后，“散场了，该醒醒了”（这句话有调侃的成分，可在我看来，是导演，是我，对自己接下来的新生活的一种自我鼓励方式吧……）这是至今为止我看过的最好的一部国漫，必须是五星大饭店。
内蒙古,受苦难的女宝最后被丑男救赎  东亚女孩命怎么就这么惨 
江西,我第一次觉得这分是因为大家对国产动漫太宽容，狗屎，一坨狗屎。
上海,"如果可以打0星的话……吵，满格彩色，哈尔的移动城堡，千寻给河神洗澡，艾莎公主找妈妈……后半程看出来是精神病的自我世界，为赋新词强说愁！不给我退钱真的很难不生气！"
浙江,实话实说，当电影里角色说出抑郁症的时候，我情不自禁地竖出了中指。还有不是绚烂的色彩就是高级，美是内敛的，不是五彩缤纷的，你能用一次，不能每次都用，真是视觉污染。丝毫不觉得所谓粒子特效有多么神，男女主的cv让我听觉不适。从头到尾依全是依托答辩！
上海,"南河这个角色很妙，他有时候是追逐名利的俗人，有时候又是忧郁的是会讲五颜六色的故事的，他做创意菜却不被理解，他追求五星好评却永远实现不了。直到他看到女孩落海而毫不犹豫地跳了下去。或许，他只是想救一个溺水的自己。
“因为我是萨摩耶，我生来就这样啊”"
四川,看完深海给我的感觉就是，一个差生想用华丽的词汇和丰富的语言想写好一个故事。
浙江,=《千与千寻》+《少年派的奇幻漂流》+《哈尔的移动城堡》+《海洋之歌》+《泰坦尼克号》。整个就是一场濒死体验。对于抑郁的表达我非常不同意，电影完全不允许不快乐的存在，劝你要看开要相信希望，要与世界和解要与自己和解要接受现状，可这才是病态。三幕剧的格式，成长、原生家庭的主题关注儿童心理健康的呼吁是符合当代价值观的。参宿属水，以及动物与身边人的对应这都是亮点。剧情的破碎没有逻辑，以及用缤纷的视觉设计来呈现这样一场抑郁自杀后的濒死体验反倒有一种悲剧感，是电影最突出的优点
北京,球球国漫不要再追求视效了，真的已经够用了，分出点钱来找个正经编剧吧！！！！！！！
陕西,不是画面花里胡哨就显得高级，也不是剧情搞搞意识流就可以称之为艺术的。作为一名曾经的抑郁症患者，至少从我自身体验来说，抑郁症患者的形象绝不是电影里刻画的那样自卑敏感和害人。另外想说，建模稍微好看一点吧，我的眼睛也很珍贵，受不好一直看两张丑脸的面部特写镜头。
广东,动画必须时刻动起来、必须有变形的永动魅力、必须要拍实拍无法拍出的风格和效果，这三个关于动画的偏见，本片可以说是占满了。青涩的动画作者获得最好的技术加持后，毫无节制地在每一秒、每一个颗粒做加法，以及毫无节制的浅景深、前景遮挡导致信息无效传达。与其说他不晓得何为动画的静止美学，不如说他甚至不晓得动画为何而动。若说被这些动势模糊掉的世界展现在本作并不是那么重要、因此不需要一个大全景的话（有人会说毕竟这是主观而无法解释的梦境），那为何要依赖拖沓又看不清信息的长镜头跟随角色游走船的内部？就连海精灵追逐、丧气鬼入侵等戏码都不愿意给个稍全的远景镜头？可能这是春节档最有人文关怀的电影，但也是视觉上最污染眼睛的电影，本作上线流媒体的话，一定会因为国内流媒体的低码率糊成一片。
上海,打分低的观众们，我想你们应该都过得很幸福，每天都生活在阳光下吧……好几次的感同身受让我无法客观的给出评价…当小女孩发自内心的快乐时，我很害怕..害怕她的这种快乐转瞬即逝…南河就是她，她就是南河，能真正解救她出来的只有南河（她自己）…最后，“散场了，该醒醒了”（这句话有调侃的成分，可在我看来，是导演，是我，对自己接下来的新生活的一种自我鼓励方式吧……）这是至今为止我看过的最好的一部国漫，必须是五星大饭店。
四川,看完深海给我的感觉就是，一个差生想用华丽的词汇和丰富的语言想写好一个故事。
北京,球球国漫不要再追求视效了，真的已经够用了，分出点钱来找个正经编剧吧！！！！！！！
浙江,实话实说，当电影里角色说出抑郁症的时候，我情不自禁地竖出了中指。还有不是绚烂的色彩就是高级，美是内敛的，不是五彩缤纷的，你能用一次，不能每次都用，真是视觉污染。丝毫不觉得所谓粒子特效有多么神，男女主的cv让我听觉不适。从头到尾依全是依托答辩！
福建,前90分钟两星。世界观的引入和人物的塑造都过于潦草，故事发展非常儿戏且看不到一个有力度的主题，迫不及待展现技术却暴露出各种不用心的地方：用了很多长镜头式的表现手段但深海大饭店的空间结构依旧无法清晰呈现，极尽所能创造宏大场面却用空间感扁平的长焦镜头捕捉具体的人物，动作场面因水墨背景画风与3d人物动作的不协调造成速率的失衡。没想到结尾10分钟力挽狂澜，在一个极短的瞬间内道破一切故事的根源，以气力万钧的剪辑调动起观众的情绪，用应接不暇的前后呼应收束起所有的模糊比喻，让这虚伪荒谬的宏大冒险踏实而有力度地回归于细腻的人文关怀——这一切不过是一个孩子放逐自己的乌托邦，她的心智就像影片前90分钟一样，幼稚、没有方向，但始终怀揣着五彩斑斓的希望。这般明智的视角回归，让这碗冲破黑暗、拥抱现实的心灵鸡汤足够动人
重庆,"最搞笑的就是最后那个“醒醒吧散场了”，堪称春节档最佳总结奖，既然你们知道观众要睡着干嘛不好好写下剧本啊……
我对睡着两次的朋友说“还是蛮有自知之明他也知道观众会睡着啊”，后排男生附和道“对头，我也睡着了”"
上海,"南河这个角色很妙，他有时候是追逐名利的俗人，有时候又是忧郁的是会讲五颜六色的故事的，他做创意菜却不被理解，他追求五星好评却永远实现不了。直到他看到女孩落海而毫不犹豫地跳了下去。或许，他只是想救一个溺水的自己。
“因为我是萨摩耶，我生来就这样啊”"
广东,"找妈妈的故事×
找南河的故事✓
前半部分=五彩缤纷的依托答辩
后半部分=抑郁症符号的胡乱拼贴
《千与千寻》+《红辣椒》的低配一锅炖大杂烩，故事与设定不如前者、叙事与意象不如后者"
山东,凡是收割到本人眼泪的一律按照五星处理
广东,太残忍了，把五彩的梦碎掉给你看，还叫你要往前看。
陕西,不是画面花里胡哨就显得高级，也不是剧情搞搞意识流就可以称之为艺术的。作为一名曾经的抑郁症患者，至少从我自身体验来说，抑郁症患者的形象绝不是电影里刻画的那样自卑敏感和害人。另外想说，建模稍微好看一点吧，我的眼睛也很珍贵，受不好一直看两张丑脸的面部特写镜头。
云南,"海精灵——《幽灵公主》邪神

深海大饭店——《千与千寻》汤屋＋哈尔的移动城堡

田鼠——《千与千寻》煤小鬼

老金、阿花——《东京教父》

劈海——《加勒比海盗》

深海之眼——《天空之城》

挤破幕布——《红辣椒》

叙事架构——《少年π》＋《潘神的迷宫》＋弗洛伊德

再叠上东亚女buff＋抑郁症壳子＋网络鸡汤

合着梦境是个筐呗，啥都能往里装

"
内蒙古,难看到哭，毫无逻辑的情节，无缘无故的爱和恨，没有根只有矫情的人物，抑郁症的设定成为了人物设计上的最大败笔——悲惨的家庭、孩子的丧气之举和抑郁症之间的因果关系到底是怎样的？两个主角的活动线一个是找妈妈一个是赚钱，结果告诉观众这是将死之人的幻觉，把前面所有的人物动机和剧情全推翻了，妈妈也不找了钱也不挣了，我一个多小时看了个啥？一场梦，多低级的剧本！制作出来的奇观的确让人震撼，可是看太多就让人眼花缭乱，审美疲劳。南河是好人吗？是也不是，大家不是因为他是个好人而哭泣。“人之将死 其言也善”，只靠这一句话是打动不了有脑子的观众的。赔钱！
,没看懂女孩是怎么走出抑郁的，想见的人没见到，想救的人为了救自己死了，光想想就很地狱
浙江,=《千与千寻》+《少年派的奇幻漂流》+《哈尔的移动城堡》+《海洋之歌》+《泰坦尼克号》。整个就是一场濒死体验。对于抑郁的表达我非常不同意，电影完全不允许不快乐的存在，劝你要看开要相信希望，要与世界和解要与自己和解要接受现状，可这才是病态。三幕剧的格式，成长、原生家庭的主题关注儿童心理健康的呼吁是符合当代价值观的。参宿属水，以及动物与身边人的对应这都是亮点。剧情的破碎没有逻辑，以及用缤纷的视觉设计来呈现这样一场抑郁自杀后的濒死体验反倒有一种悲剧感，是电影最突出的优点
北京,博士后的技术，小学生的剧本。
山东,南河好像齐天大圣啊！他是那么温柔，就像我心中永远的大圣。愿所有被伤过的童年能走出阴霾
四川,决不鼓励这种只靠特效忽视剧情的内核自我感动式烂片。
浙江,男主真的是太丑了，嘴巴可以咧到耳朵根、眼睛可以瞪出眼眶，就是在最后像一个正常人一样和参宿说话的时候他的脸也是像一团果冻一样甩来甩去的，加上电影里面的各种屎尿屁元素，比如在洗脚盆里煮起来的海精灵疙瘩汤、用痰盂装疙瘩汤、黏糊糊的丧气鬼、充满了粘液而且晃来晃去的各种菜品，导演可真喜欢在观众的审美点上蹦迪，想方设法的把这些东西做得足够恶心，五彩斑斓的💩也不过如此，使用舌尖上的中国里的配乐简直就是对舌尖上的中国的一种侮辱。第二，请不要营销什么粒子水墨，麻烦主创好好看看中国的水墨画应该是什么样子的，你这明显的油画风格还是别碰瓷水墨了。第三，请不要消费抑郁症了，我有一位有轻微抑郁症的朋友看了之后并不觉得治愈呢，如果抑郁症患者这么容易就能被拯救也没有这么多抑郁症患者自鲨了，这种一命换一命怕是更致郁。
新疆,老zhong是不会塑造除了 沈腾式表面爱财内心保有一点善良 以外的任何男性人物嘛✌画面非常精美，但是为什么内核老是这种被这种破男人拯救的故事？参宿结尾在虚假的妈妈幻想中选择了冲破牢笼，和真实的爱他的南河醒来，但是为什么东亚女非要在真实和虚假的爱中选来选去，而不是自己爱自己呢……最狗屁的就是你打着关爱抑郁症患者的旗号，内核还是从外界寻求爱，而不是自己真的值得被爱，学会自己爱自己。剧情拖沓节奏混乱，编剧也觉得说不通吧喝喝。
广东,谢谢田晓鹏导演的一场梦，前一个小时头一次让我感受到呆在电影院里是如此的难受。
四川,画风确实是非常不错，能给我美的感受，后面是关于电影的思考。能看出来导演是在造梦，造一个名字叫救赎与寄托的梦，最后一行字“献给走出长夜的你”，这里我认为导演其实是不怎么懂走出长夜的，以至于他的叙事还是偏向于造梦，我是自己走出过长夜的人，那些真实的伤痛是靠意志力，靠独立思考，靠一步一步坚持，可以说走到今天是极为不易的，我理解的走出长夜大概应该是小女孩站起来的心路历程，并不是说期盼救赎不对，只是说太过梦幻太过童话，显得辜负了我们奋力走出长夜这一路的风景，前方并非光亮坦途，途中不会有小丑拉你一把，回望这一程，你依仗的，你拥有的，都是你的那颗心，那颗勇敢无畏，坚韧的心。
江苏,一坨精雕细琢、五颜六色的大便。元素堆叠、剧情生硬、画面过于眼花缭乱。导演，实在不行你把男主角设计的好看一点吧，换成一个美少年我还有看下去的欲望，您的偶像宫崎骏永远不会画这么丑的角色。
湖北,建议导演跟编剧给美术磕个头吧，不强行煽情不会拍了是吧
天津,题材是很好的，但是故事讲得不好，尤其是奇幻部分，节奏不佳人设单薄，拖累绮丽的画面。小女孩和男主的感情建设很莫名其妙，忽然间就有羁绊了的感觉。现实角度故事也不讨喜，有这个样子的父母小女孩抑郁是非常正常的，要拯救一个抑郁症小女孩连累一个无辜的人死亡真的是……大过年的……何至于此……
四川,总觉得这种尬是国产独有的，老毛病:总想用一部片给你灌输n多道理，但没一个经得起推敲。堆料于我而言是没有用的，五彩绚烂的图像冲击十足但特别具象，没觉得有什么想象力可言。这些春节档注定会被埋没在影史长河中无人提起。电影（个人观点）的脊梁从来不是技术。
四川,如何讲坏一个故事？这个电影把近几年中国动画的毛病都集中到了一起，特效炫、台词尬、人物虚、情节乱，最后还要强行来个煽情大高潮。
云南,我就不懂那些看哭的人，你的泪点究竟是有多低，期望越大失望越大，剧情真的大鱼海棠都能碾压你
甘肃,这不是克苏鲁神话，也不是《千与千寻》，而是一部在动画世界里罕见的以精神分析和精神治疗为诉求的电影，将沉未沉的船，五彩斑斓的深海世界，充满活力的船员，海精灵，红丧鬼，深海之眼，活力与丧失，死亡与拯救，都可以和精神世界里的事物一一对应，田晓鹏导演苦心造诣地，给出了故事层面的逻辑也给出了精神层面的逻辑，可以让观看的人各取所需。在少年儿童抑郁症发病率越来越高的现在，它完全适合全家一起观看，可以浅看也可以深看，可以娱乐地看也可以治疗地看。
安徽,一个用想象力构建的奇幻世界里，每一个细节都在挑战观众的认知能力和信息接收能力，如果观众跟上了电影，那这部分是一次视觉和想象力的饕餮盛宴；可如果观众没跟上电影，那这一段就会变成令人疲惫的视觉轰炸。最后当电影抵达结尾后，故事才解开了前面的一些困惑和最后的谜底，所有的人物细节都一一对应上了前面绚烂的童话世界，并且带给那些跟随着奇幻漂流一起来到终点的观众们特别的感动。
四川,&lt;9&gt;这片子如果换成日语，嚯，那评价指定爆炸，只可惜，母语羞涩症啊，人们总是本能敬畏自己不懂或不想了解的，而贬低自以为自己了解的和驾驭的，这是一个把“失去灵魂”当做标榜的麻木时代啊
河南,参宿丢下妈妈的手回去找南河的那一刻我泪崩了…有很多人说参宿没有成长，但这一刻就是我觉得她自己最大的成长和救赎，也是对南河的救赎…现实中有多少参宿最终会义无反顾的走向妈妈、甚至又有多少参宿会记得南河呢？
浙江,无法喜欢大男人拯救小女孩的故事。大团圆结局也很牵强，要是周围的环境和人都那么容易改变，全球抑郁症患者能减少50%。还要说多少遍，抑郁症不是简单的不开心，不是听人说很多句“多笑一笑”就能痊愈的，要是我天天听人念“开心点，别丧了吧唧的，笑笑嘛”，我只会更难过更想逃哈，而不是如影片展示的那样被治愈。总之角色都轻飘飘浮在半空，人物塑造大失败。
江苏,具象化了不可言说的苦痛，使他者有了流动的出口，感谢世上有一部深海。
安徽,因为画面好，所以我宽容没有直接打一分两分…但这个剧情到底是什么呀？前面的看得我昏昏欲睡不说后面有些台词…真的…确定是想拍给抑郁症患者而不是把他们气死吗？中国有些电影人什么时候才能明白花心思打磨那些花里胡哨都没有讲好一个故事重要啊？。。ps 男主那个五官乱飞已经不能说是颜艺了，就是丑啊。。丑到让人生理性不适
河南,这画面真的给人一种脏和油的感觉 每一帧都黏黏的 令人不适  而且不理解为什么喜欢让人物的眼间距那么宽
上海,挺喜欢的，剧情不是他的骨，情绪才是。视觉效果拉满，导演能用丧气鬼把depression的感受具象化，被深红的风暴裹挟，直到被完全吞没，直到窒息死去。海精灵就像我的百洛特，邪恶却又不得不依赖，大脑被暴力式控制和停止思考。因为现实太灰暗，海里的梦境才会报复性绚烂吧。献给走过长夜的人们，有人劈开了大海，也有人留在了海底。希望主创人员这种开创精神能不被浇灭，让国产动画越来越好。
江苏,我能想象出导演看完成片后自我感动到泪流满面的样子，可让别人花钱陪你感动是不是就有点恶心了。
北京,如果你觉得这部片子很烂，那真的是太棒了。不懂它的人想必是幸福的。
北京,做出这样的片子一定很难很难，但真有种吃力不讨好的感觉，无论是情感还是画面，总给人一种不断重复而不是递进的感觉，导致最后还没到高潮已经感觉有些疲惫。个人认为最好的段落是开头、两段歌舞以及最后的大高潮至结局，其他的节奏都有些问题。
重庆,“请你务必一而再再而三，三而不竭，千次万次的救自己于人间水火”
上海,在电影院哭成傻逼
福建,"如果没有结尾处的反转，我大概率会给一颗星。从叙事到画面都给人强烈的不适。狰狞扭曲的表情，毫无来由的寻亲，隔靴搔痒的笑料和不知所谓的挣扎。给人直观的感受就像是眼里滴入了半瓶混合着半包MM豆的眼药水。。眼压飙升，心脏狂跳。。结尾给出的解释是，前面的世界构建在一名患有心理疾病的儿童的幻想之上，虽然也并不牵强，但少有人能耐着性子看到最后的。最后，我实在不理解这部电影为什么要放在春节档上映。大过年的，多数人还是追求欢乐，或者至少不那么压抑的电影。以上"
贵州,大年初一放这个？我劝你把过年的理念先搞懂
上海,现如今走入电影院就好比去了南河的大饭店，光怪陆离的创意菜是靠从过去无数的类型中拼凑出来的，可怜观众只想吃口正常饭，但在404层炸掉的电梯里，一次又一次地被掀翻。最后还是要靠榨出海精灵的汁，也就是特效和特技来对观众施以幻觉，才能换来五星好评。从这个意义上来说，我愿称深海为开年现实主义的作品………
广东,记得《小丑》有一条影评。无法代入剧情的人是幸福的。
重庆,在电影院睡到我的小米手环都开始记录了
江苏,剧本节奏很有问题，看得人昏昏欲睡。当片尾打出“醒醒，散场了”，显得格外讽刺。
江苏,建议田鹏导演把票房所得捐给心理健康慈善机构，作为他对心理工作者工作不尊重的道歉，诊断抑郁症请吃药，不是靠梦一场和爹味嘴炮^_^
广东,改编自母亲救女儿的故事却把母亲的角色整成丑男😅😅😅恶心谁呢
河南,特意选大年初一早间第一场，居然上座全满。国产动画的井喷年吗？开演前接连几部预告片，貌似都挺值得期待。《深海》稍嫌可惜，亮点缺点都十分明显，形成了口碑的两极。功能雷同的叙事段落不加克制的一再反复，消磨了绚丽视觉建立起来的惊艳感。收尾漂亮，重新挽回和收复了观众涣散的耐心。旁边座位的小姐姐一直在抹眼泪。“我才是丧气鬼！”“都是我的错！”“我不怕你！”——女孩嘶喊着，用尽浑身所有力气挣破封禁自己的那枚“茧”的一幕，相信会戳中每一位曾有抑郁经历的观者。我不知道一部影片是否足以提供治愈，但我愿意相信南河这一人物所象征或说隐喻的那种生命中救赎的力量终将出现。瑕不掩瑜，国产动画人加油啊！
上海,我有太多理由可以给它打五星，为挑不出半点毛病的美术，为同为精神疾病所困的强烈共情，为那句我等了30年的“这不是你的错”，为散场半小时还哭的停不下来的自己。中国是不是真的要文艺复兴了？
江苏,一星给美术。通过陌生人的生命去治愈自己的剧情，有一种世人皆你妈式的自以为是、蠢蛋式的英雄主义以及道德绑架式的自我感动。（而治愈的是抑郁症，就更显得制作团队真是脑瘫的别出心裁）
新西兰,粉墨画风不错，感情输出太廉价了。这故事和设定，呃，“千与千寻”和“少年派”双双表示有无语到，田晓鹏怎么就是不会打磨剧本呢...
河北,"把细节做繁，做的是1+1&lt;2的苦力活。这不是在突破审美观念，而是完全违背了审美规律。
"
广东,故事幼稚，台词老套，画面嘈杂，人物油腻，头晕。和闺蜜一起提前离场了。年纪大了，时间宝贵，不如喝茶聊天。
上海,所谓的海底最深处的深海之眼，不过就是内心最深处最痛的地方。不过就是落海濒死前的走马灯，大脑给自己幻想的一场美梦。从开头参宿逗弟弟笑，说明她不讨厌弟弟，而且也很配合懂事地努力融入新组成的家庭。爸爸不关心她，对她不上心，她难过，但仍然不闹，为了不破坏气氛，甚至强颜欢笑，懂事的让人心疼。就连在自己幻想中的“深海饭店”都是不论自己做什么都是错的，幻想中且如此，现实生活中她该有多难过，多痛苦呢？连结尾最后她醒过来病床边都没有人。幸好她遇到了南河，其实南河从某方面来说大抵是和她是一个群体，但南河依然坚强地生活着。南河最后和参宿说“希望你以后每一次的笑都是发自内心”。参宿最后破茧而出，是涅槃重生。说明她不再逃避，直面了内心最痛苦的地方，重获新生。结尾的彩蛋参宿又长大了，回头的那一笑是发自内心的。
海南,"有过抑郁情绪的人太能理解这片了，神作。
当然参宿如果也死了就更现实更神作了。"
江苏,洗衣服脏水乱倒映出五彩斑斓但又油腻的视觉泡沫。
北京,深海大饭店的画面让人生理不适，巨物、粘液、聒噪，预告片里却完全没有涉及这一部分，这不纯纯诈骗吗？
北京,画的好看，但不高级，故事也潦草拉垮。中国人除了吃饭和找妈真的没别的事儿吗？
浙江,影片的“人设”和“价值观”没有问题。影片真正想讲的是：一个不被世界在乎的弱小个体，如何与这个世界和解，并带着伤痛活下去。别说什么“抑郁症根本不是这样的”，这是电影，不是精神病学教材。何况：一个九岁孩子被母亲抛弃——平心而论，设身处地的想一下，自杀的理由“不够”么？
黑龙江,最近看到个说法，就是人类对刺激的阈值是越来越高的，但我还是觉得总有那么一撮儿人不知道哪儿来的自信用自以为高的阈值来评价剧本，《深海》的情感并不廉价，剧本写得也很高级，如果非要拿一套所谓的标准来评价，哪怕以罗伯特麦基为代表的那套好莱坞标准，《深海》的故事也不差；比起迪士尼很多剧本，《深海》出色脱俗得多，如果国内观众对这样一部电影还没什么接受度，觉得不似网文在类型里深耕，那我觉得问题不在《深海》，也就不必给这样的作品评价，希望我们也可以有这类电影可以生存的土壤，文艺作品应该、也需要这样搞
辽宁,"神作 我不懂为啥那么多人会喷这是部烂片
😭深海绝绝子 画面太美了 
是一部有门槛的影片 虽然前面较平淡但一定要全神贯注不能放过每一个镜头每一句台词 最后的结尾就会大彻大悟

"
湖北,看到最后30分钟听到旁边男生对同伴说“也不知道是电影有问题还是我有问题……”。很想接一句：“你没有问题”。
四川,"太恶心了这电影，几乎是我看过最烂的之一了，烂出天际，无聊还吵闹。。。最后还强行煽情就更恶心了不知道吃了几斤疙瘩汤能拍出这玩意儿"
辽宁,可以分开打分就好了，三分给动画技术本身，零分给到编剧和台词
广东,"一个人长得好看，会引人多看两眼。但深入了解后发现他无聊、丧气、任性、不合常理，好看也只是一戳就破的泡沫罢了。这部电影就是这样一个泡沫。绝美的美术搭配让人皱眉的人物行为和故事——相信导演也知道他的电影会让人昏睡，片尾打出了“醒醒吧，结束了”。不明白什么样的大力士小孩能徒手打开长满珊瑚海星的船舱顶盖（导演直接无视物理学，就是不愿放下对空洞美的执念）。也体会不到一个用iPhone的小孩到底能有多悲伤（我打了几年工才舍得买）。所有的父母都被描绘成肥肠油腻，正常身型都是正面角色。这种刻板印象出现在一部动画里简直是亵渎这门艺术。动画应是比真人作品对世界期待更高、审美和意识更开放，平视现实的艺术。动画有天然的优势去重构真实世界，解放观众的固化思维，而不是把现实的刻板印象程度加重，去歌颂苍白无力的美。"
江苏,2023年了，还在拍小女孩等待大叔拯救，随便一个故事就能治愈抑郁症……
北京,3.5 都不知道该谁背锅了，前面一个半小时视觉如此过剩，毫无主次轻重可言，动不动就打碎调色盘，一点气口不给留，完全就是在堆技术，最后真的疲惫到没啥力气了，又是这样重要的转折配上这么寡淡的视觉。头重脚轻摔了个大跟头，还得让观众坚持着跟您共情。观感可能因人而异吧，但有一点：我们所谓的“工业”到现在为止还是处在比较初级的“堆”人头阶段，跟其他工业一样都是劳动密集型，至于真正的创意部门其实远远没法提供完整性和原创性，更不知道该表达什么，甚或像某片一样直接走火入魔。这样的巨大失衡，真的离成熟形态还比较远。
河南,"本来还感觉惊喜，但参宿苏醒之后就落入俗套，如果电影停在参宿即将抓住南河的手就好了。
影片最后还用画面展示了参宿后来还算幸福的生活，可是我心里清楚，这个b生活根本不会有太大变化，爸爸、亲妈和后妈还是会对参宿漠不关心，参宿还是得不到她一直追寻的，来自妈妈的爱。
全片最惨——南河。"
广东,我愿称之为春节档最佳
陕西,大半夜哭成傻逼了，幸亏没在电影院看，要不吓着别人，完全是嚎啕大哭。有些电影就是这样，它会让你忘了那些评分标准，忍不住给满星。
湖南,全片给人一种说教式的“救赎”：跳了个海做了场梦，然后就走出抑郁症了，你看这不是很容易吗？
浙江,电影快结束的时候，坐着电影院的位置上，突然冒出一个念头，人生中能看到这样的电影，真是幸运啊
广西,从观众的角度来看，真的对荧幕上唯唯诺诺一言不发的女性形象有点疲惫了，真的就想看点爽的，直接掀桌的那种，哪怕所谓大女主也好，现实已经够隐忍了，疲于在一部动画里还要受气。后来又看到是以抑郁症为主题，更加心烦，拜托，没有天使会来拯救任何人，不是说笑一笑心情就会好的，不是说看到所谓的光明就是好的，本身人也能看到黑暗和光明，只是当黑暗来袭的时候什么光明感觉都变得无所谓了。其次从创作者的角度来看，不能因为讲述的是一个梦境的故事就这么胡说八道，剧情逻辑太混乱，所有所谓的伏笔到最后也不过仅仅是勉强的自圆其说，不过这一切的稀碎剧情终究比不过糟糕的人物行为逻辑烂，求求创作者能够想想人物的情绪动机吧，两个主角到底是从何而来的这么大的羁绊，你真的敢相信吗？最后，画面确实值得夸赞，但这造成了这个故事有如此大的割裂感
北京,没法共情，觉得有种对抑郁症的浅薄消费，特效好画面美是优点
吉林,一锅浓墨重彩花里胡哨实则是用廉价工业添加剂勾兑出来的黏糊糊的边角料大杂烩，还内含一坨主创自我感动甩下的鼻涕。主创或许是看着宫崎骏动画长大的，抄得手忙脚乱，但愣是没学会把小孩子尤其女孩子当成断了奶的独立个体，结果最后做出来的这锅东西唯一能映射出来的只有这群中年人自恋的油腻倒影。
福建,【C－】一声叹息。前四分之三基本全程挑战我的承受下限，其中所包含的具象克苏鲁元素恰恰是最不克苏鲁的部分，那些夸张、油腻且毫无节制的角色表演才是最不可名状的怪物（轻易超越《无名》），分镜、帧率和速率所共同组成的运动体系同样是致命的精神污染，在模仿真人影像的瑕疵中不断制造晦气的视觉垃圾，并吞噬自己仅剩的美术噱头。后四分之一的揭底基本拯救了全片（忽视前半段甚至可以给到四星），但矛盾点也无法忽视：这种好是通过反衬得来的，也可以通过解读将烂执行给轻易消解，但置于主题之上的“忧郁症”却是如此轻浮，再踏错一步就与「消费」无异。用腐烂的方法讲述正确的故事，观感也只剩矛盾与无奈，不禁令我怀念《雄狮少年》，至少它是扎实的、清晰的，甚至是克制的。
北京,都花那么多时间了，就不能再好好磨一磨剧本吗，前三分之二都让人冷漠脸。
甘肃,片子很好看，特效非常炫技，但是又败在了剧情上。拯救抑郁症的不是以命换命也不是以后要开心一点，而是科学的干预治疗，拍了这么多还是没有正视这个疾病。
广东,6.5/10。唯有叹息，如此强悍的技术力，同时具有完爆同题材作品的高概念设计，最后却只能呈现出如此糟糕的完成度。观影体验是痛苦的：一种毫无节制的视觉污染。而与失败的美学风格实验对应的却是单薄至极的剧情设计，第二幕那种夸张油腻的人物演出更是对主题的严重伤害。通篇也没有任何的留白空间，尤其是精神世界的符号对位，以至于最终前置于情感高潮的最大奇观，难以获得真正震撼人心的力量。至此最后一幕再怎么力挽狂澜也难扶大厦之将倾。
云南,"这部片没有典型反派以及清晰人物动机，可能很多人会觉得没逻辑，个人认为这片核心其实就是情绪。海精灵是对妈妈的执念，丧气鬼是自己的负面情绪，南河既是小丑南河也是参宿的自救意识，一整段的非现实和现实一一对应。
最后感动的是参宿放弃了在病床上听到的妈妈的声音，而转头奔向陌生人的真实善意，并接受了南河离去的事实，并不是南河拯救了参宿，而是她自己救了自己。
全片并没有讲太多的大道理，有在好好表达关怀身边人的情绪问题，尤其实在孩子成长阶段，情绪需求需要被看见被回应被安抚，希望趁过年能让一些看了的家长好好做父母。
最后，深海和大圣、吉卜力在叙事方式、凸现主题等本来就不是同类作品，不懂有些评价强行对比的意义。
"
北京,"《深海》又名《千与千寻》+《少年派的奇幻漂流》（潦草版）
前三分之二瑰丽、绚烂、空洞、美轮美奂，开场如炫彩夺目波澜壮阔的时空漩涡，把人吸入其中，来一场奇幻诡谲的深海冒险。
但人是会审美疲劳的，前期铺垫太久到八十分钟了还在炫技毫无节制，多少让人有些失望。当把你所有耐心都消磨殆尽时，后三分之一开始快速反转极致煽情，所有的一切急风骤雨般砸向你，参奏的痛苦、抑郁，直至放弃生命，南河的伟大、美好、救赎牺牲。你会为它感动落泪，但不是因影片的传达而共情，而是“我都煽成这样了，你还不给我哭！”
一直期待参宿会跟妈妈有个对话，结果什么都没有，还是一贯套路化的玩世不恭的英雄主义，看完只剩浅薄的感动，走出影院，风一吹就散了。"
辽宁,骗人的，世界上根本没有南河也没有深海大饭店。
黑龙江,这个b电影看的气死我了，预告片小海獭挺可爱的，结果进去了深海世界是加了大量克苏鲁元素的低配千与千寻。那个一坨密密麻麻头发丝里张一堆眼睛都海精灵是干嘛的？看着我就难受。深海饭店部分一点剧情没有，那个南河跟厨子有啥关系吧，客人一个个跟溜大了一样，完全不知道要表达个啥。加上光污染在影院真是折磨死我了。立意算是少见的关注一下重组家庭的孩子，但是你这是库库消费人家孩子和抑郁症啊，不解决女孩的困境问题，非要牺牲一个人去救赎一下子是吧？那能救赎的了吗？孩子自己跳的船，她不愧疚？死里逃生了她妈不还是不见她吗？孩子心结解开了吗？能不能关注一下重点？真恶心，看的我生气，气死我了。总结就是包装精美的依托答辩。特效确实挺好的，能不能用到正地方啊，讲一讲正常的故事吧。捏麻麻地，气死我了。
广东,"我能理解一些人认为小题大做无病呻吟，就像女孩的父亲；我能理解一些人能够共情感动，就像生活中受到过挫折、潜意识里总在自卑的大部分观众；我也能理解一些人备受伤害和煎熬，就像无数个真实生活里长期被原生家庭伤害的参宿，就像评论里认为受到冒犯的被迫受抑郁症等影响的观众。影片出现了多次的断层，但情绪渲染却火力全开，反复拉扯的主题让大家都只看到自己最注意的那一部分，无论的伤害还是治愈。
但必须说明：真实环境下的参宿需要相当大的心，才能将跳海救自己的南河的死转化为疗愈自己的动力。而电影因其特殊性，引导普通观众情绪和视角，让大家都普遍忽视了这一点。对于绝大部分的心理障碍患者来说，你无法用一个创伤去治愈另一个创伤。如果有，那叫洗脑。"
上海,没有思考的影片是爆米花电影，通篇都是思考却又思考得很浅薄的电影则令人惋惜。虽然部分画面炫丽得令人晃眼，但其画作技术与细腻程度几乎比肩国际水准，这点不可否认。田晓鹏在动画技术上专研琢磨，其用心可见一斑。只是这煞有介事的剧作不得不令人感到遗憾。本片的设定与宫崎骏的多部作品有着相似之处，但看宫崎骏的作品比如《千与千寻》，除了连贯的剧情，他亦有注入哲思，只是他的思考放在某个具体意象身上——无脸男。再看《幽灵公主》同样有着深刻的蕴意与道理、教育与呼吁。但却并不是通过口头一遍又一遍地申诉，而是寄托于意象——山神。抑郁症、原生家庭、儿童失爱……老生常谈的这么几个话题实在无需费全片篇幅去赘述，醉心于自我感动，忽略对人物的塑造。全片几乎全是性格单一的脸谱角色，动机与转变毫无铺垫。道理不要光靠喊，而应凝练透彻。
广东,完全没有感情投入！就像开着电脑看了两小时动态壁纸。
上海,确实不是一部放春节档的片子，因为内核是给成人看的救赎故事，不适合带娃看。不过确实相较于绚烂的画面，故事本身更令人触动，每个躲在自己保护壳下懂事无助的自己都希望有一个英雄站在身前施展魔法，愿每个走过长夜的人终将等到一束光。
江苏,哄小孩的玩意，適合8歲以下兒童。配音硬傷，賣慘可恥，畫面精美但劇情毫無感染力。成年人大過年看這個過於晦氣。
美国,导演可能是色弱吧…这不是五彩斑斓的美梦，这是光敏性癫痫人群的噩梦，我能想象会有很多人在电影院里只想闭上眼睛享受黑暗，
北京,以为是原生家庭的故事 结果是好人好事
北京,田晓鹏到底是什么大艺术家啊！这满屏幕的不合时宜的才华！
浙江,要不国产动画还是完蛋吧
湖北,😥诈骗啊，这段时间看了太多诈骗电影了，深海，谢谢你，诈骗犯。
北京,故事真的不是这么讲的。一个半小时的绚丽画面没有任何实质性的行动，最后半个小时的反转只是强作解释，真的看得没有任何波澜。
北京,说真的如果我害死一个陌生人可能抑郁会加重…  真心希望剧本不要这么想做抓马而是更加细致的描绘心灵的碰撞和一步步开放。而这样需要更多的笔触放在现实世界而不是梦境，所以剧本在合理性上感觉是失衡的。
安徽,【4】真诚是很可贵的，即便调动的一切并不超出预期，而有了技术力的加持，才真正成为一场盛宴。恍惚间甚至找到了当初看EVA时的震颤，在不同时代、不同语境下碇真嗣的出现，见证我们一戳就破的甜蜜。
重庆,不要再卷画面了，把剧情讲好吧，谁看电影是为了看美术啊？看电影的时候感觉我和我妹妹有代沟……
江西,又尬又低级  感觉评分都刷出来的
福建,感谢导演给晦暗的心织就这幅绮丽的美梦。有人说如果一部电影只有抑郁症患者可以共情，那不是失败的嘛？有没有一种可能，是我们被忽略得太久了，第一次被这样毫无保留地拽到阳光下感受别人习以为常的温暖。喜欢的电影可以有很多很多，但想要对导演说一声谢谢的，就是《深海》。谢谢你，看见我，洞穿我，代替我沙哑的嗓音引吭高歌。深海之中或许有惊涛骇浪，但太阳照进来也可以五彩斑斓。
上海,这画面风格和动画质量完全配得上讲一个更好的故事……
广东,难看得想跳海。剧情就是一坨浆糊，再添上一些自作聪明、有头无尾的感动片段，我完全不懂影片想表达什么。画面也许是精美，可真正有美感的片段不过片头以及片中丧气鬼爆发这两段，其他的都太满了，以至一片混沌；毫无克制的猎奇大特写毫无幽默感；造型以及场景设计完全是为了创意（一定要制造出点什么）而创意。观影全程在犯困、迷惑以及愤怒这三种状态当中切换。
甘肃,整个人哭成傻子。你一定想不到抑郁症患者的世界色彩太炫烂了。我们不要害怕。 心目中国产动画第一。
北京,在昨晚如坐针毡的看了三个小时的缝合怪之后，大早起没什么情绪的去电影博物馆看了深海，没想到电影结束走出影院还没办法醒过来，泪流不已。愿称这样的电影为中国电影工业的飞跃和骄傲。迷幻绮丽的视听艺术，中国风的水墨美学和技术突破，真正无国界的人文情感内核，故事和技术相得益彰，透过这部电影能看到导演和幕后团队柔软诚挚的真心。有时候我们是参宿，有时候我们也是南河。对我来说，南河是大圣，是田晓鹏，是周星驰，是治愈过我们的漫画和电影，是保卫我们精神家园的文学，是拯救过我们、在溺水时拉过我们一把的人和事。很幸运，我也拥有自己的南河。因为有ta，我的笑是真心的。祝贺中国动画有这样金子般的心的人才。希望这部不是特别适合春节档上映的电影能慢慢走出长尾，希望在国际市场上也能走的更广更远。
广东,前段时间确诊了重度抑郁，看这部电影前有些犹豫，但表妹想看，还是陪着看了。情节确实比较单薄，但是对于那种被“丧气鬼”追逐、缠绕乃至包裹的整个过程，画面和配乐的感染力太强了，太深有体会了，以至于在电影后期泪流不止，打湿了口罩。看完表妹问我“南河是不在了吗？这是个bad ending吗？”我说“不是所有故事都有happy ending”。希望自己能够早一点走出来，找回从前的自己。
广东,你们欠郭敬明PPT电影一个道歉
安徽,哭到口罩湿透。什么视效、剧情、抑郁症都不说了，就冲这个片子敢在大年初一上映，给五星。
辽宁,"观感：
1.华丽的刑具，在电影院里的俩小时仿佛在上刑。
2.从来不解决根本问题而是幻想着主角被陌生人“拯救”就能重获新生，编剧写剧本的能力永远比不上自我感动的能力，nb。
3.再也不想为国产电影花钱了。"
四川,简单的把抑郁症定义为灰色，向往生活中的彩色，彩色还是需要被人救赎才能获得，这是对抑郁症的侮辱，求求不要再输出这种肤浅价值观了。大过年恶心人真有你们的，本来视觉污染审美灾难已经让我很不适，没想到最后托底的能是她家人又对她好起来了，爬爬爬，垃圾，消费抑郁还要恶心抑郁，能存做个人！
安徽,让我想起来学生时期有段时间执着于论文字数顶格写，答题卡必须填满，PPT要做极精致漂亮诸如此类表面功夫的时候，至少不会被给差评，但言之无物食之无味，偶尔被评价为“努力”，离“聪明”尚且很远。
陕西,深海的情绪密度好浓。看电影前买了副3d眼镜，看完送给了检票员，拜托他赠人，他一脸诧异的盯着我。陌生人救了小女孩，为她编了一个童话。我从头哭到尾，不知道为什么我旁边的几个年轻人从头笑到尾，可能我也…我觉得这部电影，就像《四海》，去年《四海》我给了五星，我没把它当电影看，就像是《四海》藏在贺岁档，我笃定选了这部，以至于app提醒，这是您今年看的第一部电影，丧。还好，如我笃信的，丧即真实。可有的人沉溺其中，很痛苦，我是另外有的人，我靠写作。导演那句，散场啦，醒醒吧，让人绷不住。你看得出，这导演在这电影里藏了很多关于绘画，电影，想象的情怀。小女孩挣死往那个梦的世界里钻，我也想去……这么一部脑海中的作品展现于大荧幕，导演一定幸福，我感受的来，比《刺杀小说家》幸福多了啊。最后，敬想象，敬活着，也敬现实。
河南,已经准备好在电影院爆哭一顿的我…前面两个小时完全不信，所以后面用音乐音效节奏金句强行煽情的时候，只会觉得更加尴尬。剧情里看到了熟悉的影子，哈尔的移动城堡，千与千寻，少年派，毒液…画面那么漂亮，那么多人费了那么大劲，就讲了个这？最后，全体角色黏糊糊真的很不舒适…
广东,千言万语涌上心头，谢谢你愿意在东亚人追逐的集体主义和宏大叙事之下拥抱我们被禁锢的个体心中的幻梦世界🦋
黑龙江,好几年没去看院线的动画电影后，再去看本片后真是震惊于国内的动画水平已经高到这个水平了?除了画面外，我觉得这部片子最难得的是适合全年龄的观众去看，对于小朋友来说，这可能是个高配版的小蝌蚪找妈妈。可是对于成年人来说，片中出现的抑郁症、原生家庭和与世界和解的探讨，也是相当戳人的。其实没有想到田晓鹏会在《大圣归来》之后做了这样一部动画，意外也惊喜，他可以做观众想看的，但却做了属于自己的。
广东,客观4星，感情分5星，这份画面质感就值得二刷，跟同是拍海洋的阿凡达2比都完全不输，还在天马行空的幻想维度上更胜一筹，故事的人文关怀也甩开阿凡达的爹味价值观一大截。缺点仍然在叙事上，桥段重复+视觉轰炸让人有点疲劳，情感的转变也不够流畅合理，堆积到最后才用反转放大招…国产动画的美术和技术水平已经无需证明，真的希望接下来转变为画面服务剧本而不是剧本服务画面。
安徽,感受到了影片的勇气和诚意。技术和画面确实无可指摘，美轮美奂，故事最后的落脚点也确实打动了我，看的眼眶湿润了。但最触动我的，反而是全片结束的“快醒醒散场了”六个字，就好像刚刚看片的过程也是做了一个梦，一个有点美好，也有些残酷的梦。在这个梦里，大海是五彩斑斓的，小动物是可爱的，丧气鬼是可以被打跑的，即便是面对跨不过去的坎儿，也还是会被拯救的，是可以重新开始的。但这六个字的出现提醒了你，梦醒了，回到现实里，我们谁又不是参宿呢，只不过我们遇不到属于自己的那个南河罢了。而南河，又何尝不是另一个戴着小丑面具的参宿呢？
河北,大年初一首场，真实观影感受：前30min：半小时了还没啥剧情推进；1h：各种炫技，花里胡哨，故事能不能好好讲？1h30min：坚持！马上就完了！最后半小时：BGM太煽情了遭不住遭不住……片尾曲：边哭边回忆剧情，明明可以拍得更好……画面特效音乐都超棒，剧本故事也挺好，但是前半段的观影体验真心不好，可能是年纪大了，不太喜欢单纯炫技的电影（深海传说是导演自己写的……）所以导致很长时间都没有进入剧情，最后的煽情就显得太突兀了……总之，四星还是值得的。
四川,和朋友一致认为很难看。。。如坐针毡。。15块钱以上没必要专门来电影院看。画面和技术是五星的，但是故事真的没有任何逻辑拼拼凑凑。。没有线索没有高潮，看到最后只想知道什么时候才能结束😅回去想再看两遍小妖怪的夏天。。动画导演们请先想出好的故事吧
上海,前半部分看得真心累，画面色彩绚烂、要素过多，整个场景里的人物都在频繁动作，找不到重点，说实话观感并不好。但最后半小时的剧情确有扳回一城的感觉，总之看得挺感动的。
新加坡,故事讲得很乱，感觉为赋新词强说愁，人设显得很架空，梦境和现实的呼应提醒观众做连连看，最后一顿嘴炮输出强行HE，参宿的困境是靠自己想开点能解决的吗？南河为何需要小丑装扮? 南河过去经历了什么，能让他受伤了还跳海救人？看到结尾也没答案。。就感到尴尬，整个一故事为画面服务。
广东,在长夜独行，久了就把隐藏当作本能，把欢笑视为任务，把孤寂看成领赏，把自我压缩到最微末，但想见的人不来，相伴的人不在，难得田晓鹏借这个簇拥的档期，试图把光渗透到早该正视的抑郁症上，又或者，让更多的你我在难免的灰色里，剥出一些光亮来。粒子水墨的绝美，在于有了泼墨的旖旎与潇洒后，能在倒转色彩后虚妄地倒转知觉，因此看到了深海无穷尽的斑斓，饭店众人比海还宽的胸襟，那大梦一场，就是人生一段。到头来，会在色彩与黑白之间，光与暗之间，记住笑与故乡，记住浪般的草与雪，记住温度与抚慰。其实啊，结局也像梦，但没有什么需要害怕了。
河南,"看的是晚场，再加上前一个小时剧情有点无聊，炫目的画面太多以及过于聒噪，使得我昏昏欲睡。后半个小时让前一个小时荒诞的剧情变得合理。
最后没想通的是，参宿是个患了抑郁症的小女孩，她摆脱抑郁症的方式是陌生人的鼓励和自己的努力，可是现实里家庭的问题没有解决，妈妈不在的问题也没有解决，救赎自己的南河也没了，这样抑郁症真的能消失吗？不是很理解这一点。"
北京,有生之年竟能有幸见识到这么垃圾的电影。
广东,我真的受不了多动症一样的男主，他甚至不能站着好好说完一句话。另外剧情太多设定断裂了，整个故事是为了串联一个个“梗”一句句似乎很有道理，但其实是个人都能说的“金句”而存在的…虽然题材、视效加分，但真的也就只剩题材和视效了…故事前10分钟渐入佳境，入海之后一塌糊涂…简直就是碗杂烩！
四川,这部电影揭示们文艺创作的现状：技术性的东西搞得虎虎生风，一个没有因果的人却写实，所以上不了台面。请在成人世界的闭环里继续反刍你们的大便！你们这群沽名钓誉的大人没资格搞动画片。
浙江,"很矛盾。画面时而很美，满屏都写着美术联考色彩满分，人物和生物又时而丑得让我生理不适…有cult的画面没有cult的灵魂
剧情wise，都啥年代了一上来就是沉香救母式的找妈妈执着，没有任何铺垫和情感代入，并且结局简单粗暴的问题解决方式冒犯到了所有有过抑郁症经历的人😅
总的来说这片子的观影感受特别像我当年看美院毕业展，画面看起来很厉害，实际上完全不知道在搞啥"
河南,这是从立意到呈现都不输给好莱坞的中国动画，硬要说有点缺陷，就是不太适合春节档吧
北京,从编剧的角度来说，这个剧本无疑是春节档最好的剧本，比同期的流浪地球2和满江红都要好。没有流浪地球里面的科学bug，也不是那么宏大遥远的格局，而是贴近生活的讲述了一个 我们每个人都或曾会有过的抑郁的故事。我们这辈子不会面对太阳氦闪 但一定会有低谷和抑郁的时期。当然也没有满江红里那种逻辑bug，片中所有的暗示明示都非常工整，极具象征意义。也是一部非常适合二刷的电影。电影技术制作和粒子特效方面这个就更不用说了，目前是中国第一，世界领先的水平。无论从视觉享受还是故事内核来讲都是一部非常开眼和疗愈佳作，也希望大家多多支持
江苏,电影结束的时候，前排小朋友问他妈妈，这部电影多长时间呀，妈妈说两个小时。小朋友又问：“妈妈，为什么我玩游戏的时候没觉得两个小时这么长呀……”
安徽,又一次被骗了 R!N!M!退钱！！！（给你们中国动画宽容，谁tm退我票钱！）
上海,剧情真的很弱 给出的解决方案就是“这不是你的错”。。不够 真的不够
湖南,煽得你都担心不流两滴眼泪会给人指着鼻子骂冷血…
浙江,成年人要做自己的南河
安徽,剧情和台词薄了，视觉特别厚。
江苏,"这部电影如果不走进电影院，你无法感受它特效的旎旖，但是走进电影院，剧情又离谱的一脸懵逼。除了特效一无是处，但是国漫已经不再缺特效，也不需要打高分鼓励了，没有剧情驱动的特效，就像没有演技的花瓶，徒有其表。前面60分钟都在故弄玄虚，后面30分钟又怕你看不懂似的恨不得把剧本嚼碎了喂给你。而且我真的没懂“深海大饭店”和“找妈妈”，“抑郁症”的关联在哪？南河作为“拯救者”不论是人设、动机还是和女孩的羁绊都没有刻画，一切都是突然的。而且所谓的“一束光”的形象不仅不是阳光温暖的，甚至带着一丝诡异一丝丑陋。有人会说你没有抑郁症所以你不懂，但想呼吁更多人关注抑郁症患者，却又不让观众看懂，这样的宣传片意义何在？而《困在时间里的父亲》聚焦阿兹海默症人群，却让我能身同感受，不得不说还是《深海》编剧文笔功力太差。"
广东,我喜欢这部电影，喜欢这样的结局，喜欢那句“心结要是解不开，就像噩梦一样缠着你”。电影结尾小妹妹的处境一点都没变化，父母的忽视不会改变，父母的想法也不会改变，只是自己不在期待于获得父母的爱意，不再是用自己的梦去幻想这个世界，而是用自己的眼睛和心去看这个世界。原生家庭的问题就是需要自己和自己和解。南河的善良打开了一部分心结，又会成为一个心结，不过这次是主动的，意义不同，也许活着即是如此吧。
四川,好多年不看春晚小品，没想到在电影院看到了。
广东,3.7不想给到4，真的不差但很烦，新但有点俗，梦幻但烂泥。我的建议是全都挂掉。
天津,现在7.4蛮符合的  多一星是为了平衡上面评论里那句：廉价的情感 。你指望一个把对被爱期盼称作廉价的人有什么观感
安徽,开创华语精神病动画电影先河。难道好的动画不应该是有一个非常好的剧本，但是实地拍不出来，所以才要拍动画。现在倒过来了，为了拍动画随便弄弄剧本就硬拍。你们这个概念上就完全错了。
四川,原创的剧本，画面剧情能做到这个高度，四周看看，还有哪一部？视觉效果，简直达到了一个新高度，放在国际上来说也不为过。参宿，每一天每一天，时时刻刻都会想起南海吧。
广东,"这部片，可以安静一分钟吗？

不听老人劝，吃亏在眼前，网友都说了技术登峰造极故事稀烂，不信邪还赶着下线来看imax，结果完犊子了。如芒在背，如鲠在喉，如坐针毡，豆瓣为啥没有负分，各种不适！男主角无时无刻不在乱扭，抖动，女主进了饭店就被动推来踩去，不是几秒，是好几分钟！其他角色都是怎么恶心怎么长，技术不是用来恶心我的！看的不适到窒息，导演对活泼这个词是不是有啥误解，对从主角到配角是不是都给设计了啥大病。抄袭抄成核突版宫崎骏，整部片完全无底蕴"
北京,从《魁拔》到《大鱼》到《深海》，今天的动画真的不缺美和绚烂，但尚缺一颗踏踏实实讲故事的心。
浙江,自诩“看得懂”的人是有多喜欢做阅读理解啊🙄️
上海,本质是个二胎心理创伤片，居然能过审不容易；但我很怀疑这样的手法，是否真的能帮助大众正视抑郁症。前半段千与千寻，后半段EVA破，但中间的部分太乏味，头一个小时人物关系几乎没有推进。预告片中比较惊艳的油彩渲染，反而因为滥用而有点审美疲劳。结尾更是强行HE，父母难道不会觉得这样的小孩更麻烦？总感觉短暂的照看之后是更彻底的抛开。而小丑的死太过沉重，女主真的会因此振作吗？为什么贫贱夫妻百事哀而离婚的父母，父亲还能二婚，并且有钱到可以邮轮出行？我 不 理 解
天津,看不懂它的人可能比较幸运吧。它更像是儿童抑郁症版《少年派的奇幻漂流》，是参宿在溺水濒死状态下根据现实碎片产生的幻觉，其中的迷影元素也很有意思。绚丽诡艳的色彩和触手、黏液(更像某种黏菌)的运用在当今的国漫里算很大胆了
甘肃,"还有一些瑕疵 但我好喜欢
“濒死的梦境”这个设定真的很刀我"
江苏,美丽又空洞，即便是面对这样让人心痛的内核也无法动情。
河北,本来不想一星的，两星也行，看到说打一星的没有共情能力，看不懂深海，都不是人，那我就打一星了，什么垃圾剧情，真的烂死了，老掉牙的套路
福建,"  私自私心把它封为看过最好的国产动画电影、最好的3D电影、前三的国产电影、中国动画电影的希望、中国电影的希望。就是上一秒还觉得中国电影马上就要完了，看完感觉中国动画电影走向全球，不去戛纳拿个奖都说不过去。
  剧情受众有门槛（不是认知水平导致的）和个人经历应该会有很大关系，所以爱的很爱讨厌的很讨厌。争议主要出在剧情上，就这个片子不是走故事写实打动人的，是写意的，或者说它的剧情结构也没有很巧妙，就是传统的剧作结构，但是它剧情的表达非常到位，也不跑题，把主题讲的很好了。然后+它选择的这种动画表现形式，这次真的没有炫技，技术渲染下表达更生动了。片子情绪很到位，而且表现的点都很对，对我这种有过同类经历的观众，那是直戳心窝窝。
  最后，要看一定去电影院，这是一部绝对值回票价的电影。"
浙江,"热热闹闹的幻象下，是无比悲伤的内核。

现实越灰暗，梦境越绚烂。"
辽宁,毫无节制。视觉和听觉灾难。
上海,在影院里哭到不能自抑……求求了，孩子们对于世界和自我的看法，皆来自于上一代的孩子，我们不能改变世界，但是却能选择不要变坏，选择负责，选择守护，如果带她/他来到这个世界上，请好好爱！（五星私心）
北京,1、除了画面一无所有，然而画面还用力过猛，仿佛为了播出这个画面，硬套了个故事进去。第一次感受到原来画面可以让人觉得很吵。2、抑郁症并不是精神病幻想症谢谢。
广东,看了一个半钟弹幕还在说“继续坚持吧”、“正片即将开始”、“没有耐心看什么电影”，装你妈的大头鬼啊！
山东,从故事而言，讲得一塌糊涂：节奏如同躁狂症，毫无规律、令人疲惫；主题摇摇欲坠，最后定格在一个有问题的价值上；主人公什 么 也 没 干 就奇迹般地解决了人生最大的矛盾和问题。从视觉而言，虽然很美，但美的场面太多太杂令人疲劳，看多了也没感觉了；鱼又太丑。
黑龙江,电影能给人的只是共情，抑郁也没那么容易就被三两句话治愈，它只不过是为你的生活提供了一个温暖的明亮的瞬间，就像南河一样。这条阴郁的道路注定要只有你一个人走，而他的存在只不过是让你又多了一个走下去的理由，哪怕是一路哭着继续走下去，谢谢你啊。
广东,对不尊重故事和人物热衷于耍花招的片子0容忍
浙江,抑郁女孩弥留之际的奇幻梦境，华美瑰丽。但结局实在太过奇怪，南河的死完全无益于参宿的成长。曾经被一个人拯救，但ta后来又离开了自己，失去了唯一的情感寄托，自己的抑郁程度是会严重加深的，这是我的亲身经历。其他人很难因为一次自杀就突然转变对抑郁患者的态度，反而容易出现嫌恶情绪。这部电影让大家关注到抑郁儿童是好事，但也相当脸谱化抑郁患者了。
湖北,国产动画迄今No.1 ，把一个好故事讲好就足够了
浙江,看到了很多优秀电影的影子，千与千寻、哈尔的移动城堡、少年pai等等；能看得出来导演团队的初心是真诚的，想要去通过奇幻故事+现实的双线去展示抑郁症孩子+救赎的故事；音乐没咋用好，妈妈的歌多次出现，意义是什么？部分功能催泪音乐用力过猛；画面是精美的，但内核还是很多bug：深海世界的故事太长而且没什么意思，看到后面想赶紧反转；雪地里找妈妈出现太多次了，但对剧情和人物没太大用处；原生家庭对孩子抑郁症的影响和关联探讨的太浅，细节太表面，不太能共情；南河这个用戏谑的方式来完成深情/正确价值角色的设定没有更多羁绊作为支撑很苍白；深海世界里的人物性格设定似乎跟主线没关联；画面的信息量太少，更多是台词，但是台词又不够精彩；抑郁症可以探讨出更多的细节，目前的呈现，以及救赎相关的对话，很表面。
云南,热评“真不如两人一起嘎了”，纯纯傻逼
湖北,"什么sb剧情，112分钟的电影看得比人家三四个小时的还煎熬，全片充满莫名其妙，莫名其妙的女主，莫名其妙的男主，没头没脑的剧情，单调重复的设定，甚至能感觉到关于海下世界的设定都是不完整的，男主一直浮夸到让人无语的表情就算了，剧情还像一坨屎。
打着温馨的名头，没感觉到哪里值得感动的，确定不是抖音低成本自制短篇合集吗，唯一值得称赞的就是有几个画面景色构图很好了
写出这种sb剧情真的佩服，不过比这更sb的就是花钱看这破烂玩意儿，，，啊这个人就是我啊，那没事了🙃"
四川,不经历漫漫长夜，你以为是烂片。。。意识流绝佳。没坚持到最后的，走了，没走的，长夜将明那一刻，情绪喷涌到窒息
广东,不知道抑郁患者看了是什么感受，真的可以靠牺牲别人的生命完成治愈吗？前面的饭店情节可以剪掉30分钟，纯粹是为了炫画面吧
北京,本人对单薄的煽情过敏。and小女主太丧了太脆弱了哭唧唧像个小寄生虫
福建,有几个小问题：哪些是食物哪些是人物？画面的颜色是表现绚烂还是有什么石油污染海面的背景？主角为什么一直捏着嗓子？故事发生在水里还是水面？大概就是动画界春晚吧。
湖北,局部至少的确是发挥动画电影的形式特性的，随着意识和心理展开对梦境和情绪延展的异世界想象，哪怕效果是非常保守、小范围抽象、且过度延宕的。指出了那个房间里的是老式放映机和它的光，阻隔你的是不可把电影梦境同现实混为一谈的银幕之壁，与你素不相识的是小丑、卓别林、或是一位在行业里追求创意和“魔法”的导演，在很久以前电影也只想让你发自内心开怀一笑。而在有些时期电影没法上，饭店没法开，没有客人来，人们谈冠色变，只想避开一些晦气的事物，让观众看一部悲伤情绪绵长的、讲述濒死体验的电影，在传统的春节档里也的确挺晦气的，只能说未尝不可吧。缺点确实挺多的，它仍笨拙地很想要满足市场，缺乏清晰的空间感和跟上运动变化速度的镜头设计，美术审美水平也并不均衡，看的普通小厅3D版尤其前半段在对焦上很奇怪，这个之后刷了再下定论…
北京,导演们什么时候才能放过宫崎骏啊？他的动画好，不是城堡多华丽，场景多丰富，宴席多热闹，而是能把故事讲好，主角一步步成长得自信勇敢并且充满爱。一命换一命算哪门子的救赎？牺牲一个人，就能走出困境，原生家庭原地变好人？一家子就变得其乐融融？还有，既然参考人家老爷子了，场景能不能用点心，海里的生物能不能好好做，搞些斗鱼锦鲤是个啥，全程稀里哗啦眼花缭乱，人物动作还掉帧，最后的绘本才是正片吧。还有带口音真的很难听，瑞典人才配搞笑？大红大绿的假水墨，实在欣赏不来
广东,看完电影深海发现场内有小孩，这真的适合孩子看吗？创作团队对抑郁症以及单亲家庭的小孩有过基本了解吗？适合这部分受众看吗？大篇幅出现让人狂掉san值的头发眼睛怪物海精灵和张牙舞爪的诡物丧气鬼，剧情生硬对话空洞，核心设定和情节让人心梗，后半程皱着眉头看完，我愿称之为最烂动画，别说什么瑕不掩瑜无功无过，都要怀疑是靠卖惨营销促成上映的程度，豆瓣打不了0星，只给爆米花一星。
重庆,五颜六色的大便，属于是纯炫技了，剧情一言难尽，一星全给画面，画面已经next level
黑龙江,崛起成这样就别崛起了。
吉林,欠深海一张电影票
北京,"看的时候还在想，参宿在深海大饭店打工也平平常常，南河怎么会这么拼命去救她...原来陌生的勇气和善意，更能给人力量!最后一段我直接爆哭...南河曾经存在过，谢谢你，谢谢你。
很好的故事，很美的画面，中国动画电影了不起!（感谢xz的推荐）"
四川,我个人觉得故事真的很好 影片很多伏笔和闪回都恰如其分 直接猛男落泪了 也不理解给电影低分的人到底是啥想法 只是觉得他们不配看这样的好动画
江苏,剧情依托答辩，狗屁不通，一个小时了依然一头雾水，海精灵是什么，丧气鬼是怎么形成的，男主原型是什么，为什么形成这样的性格，全都没有交代，后面二十分钟是能看，但我已经看了一个小时的彩色垃圾啊。画面很漂亮，但不明白为什么人物形象这么恶心，海象和鱼做成肥猪，男主丑得要死，明明有能力做得更好，做这么丑恶心人是不是 。。。为什么不能站直了好好说话，说一句话百八十个小动作。。。。
安徽,本就一部10分钟短剧，硬是被拉成2小时的电影，又臭又长。现在这些个导演和编剧表达欲怎么这么强？
重庆,原型故事是母亲救女儿，强行女冠男戴伤害到了剧作逻辑！本来画面8分，配乐5分，故事3分，勉强可以打三星，听说导演故意张冠李戴，扣一星
湖南,技术可以拿奥斯卡，剧本值得摘金酸梅。田晓鹏不适合当导演，适合做彩妆，配色起码能出5盒眼影盘。如果剪掉45分钟炫技片段拿来塑造人物关系，最后煽情绝对能把我煽得稀里哗啦。
浙江,"画面黏糊糊的，特别是那些肥不拉几的鱼，一度对深海产生了恐惧感，无聊的炫技，完全不治愈，感觉是惊悚片。
不喜欢这种片子，无聊的技术，幼稚的台词，叽里咕噜的配音。
剧情真的太烂了，连故事都看不进去的片子到底有什么意义啊。后30分钟居然能被称作好看，吐血。
没看过大圣归来，现在对它的好口碑产生了深深的怀疑
这种片子要什么观影门槛啊，烂的借口罢了。
突然想起，有很多宫崎骏片子的影子在，但人家故事首先是有趣的。你这个，画面没精美，但真的，不想看。
"
北京,怎么说呢，开场惊艳，中间难耐，结尾圆回来。但我还是想打四星。
广东,“巨婴直男式自我感动”
河南,一部十分需要共情和沉浸的电影，但前面的剧情太苍白无力，导致后面揭晓真相时实在很难触动。梦幻≠嗑药，把什么都画成五彩斑斓的真的不太好看。。。另外，这么需要表现画面的电影做成3D，感觉就像给iPad贴类纸膜，摘下和戴上眼镜完全就是两种画面，实在影响观感。
浙江,"绝美的画面（指技术），垃圾的剧情，一坨华丽的💩，我还趁热吃了。
剧情简要概括：抑郁症小朋友自杀被人救，救人者因此死了，小朋友决定不死，有勇气走出抑郁。
导演，谁给你的勇气，让一个抑郁症小女孩目睹他人为救自己而死啊！！！还自称抑郁症患者“晦气”“丧气鬼”！
你在想什么，田晓鹏！抑郁症碰上你是真的晦气！
丝毫不否认抑郁症主题很难做，但在片子里丝毫看不到导演对于这一群体的同情与关切，看到的只是满屏的恶趣味——口水，尿液，眼珠子，舔鞋，痰盂装菜。
说句片外的——因为自己的不专业耽误了配音工作，第一任参宿（2017-2020）因为年龄长大而进入换声期，以至于被换掉——美其名曰：精益求精。
什么东西！"
河南,"就很突然的坐在电影院最后一排哭成一个泪人了。
就像做了一个五彩缤纷的梦，然后梦醒了。最后听到南河的声音就开始绷不住了，他说“你要开心点，笑的真点，生活可能是灰色的，可你总会遇到一束照亮你的光。”
梦醒了，光没了，有的人继续温暖，有的人重新等待。"
重庆,从不给国产动画打一星的我，实在是忍不住了。期待了这么久，觉果全程如坐针毡如芒在背，这拉稀的剧本甚至连《杨戬》都不如，这些年来只有在电影院看上海堡垒给我带来过这种难受到想骂人，想冲出影院的感受。从大圣归来、哪吒之后，国产动画电影走上了一条畸形的道路，一味追求所谓的技术、画面“创新”，剧本一部比一部拉，这一个完全就是宫崎骏今敏大乱炖，只看到了炫技，且是那种追求画面绚丽实则毫无画面重点的炫技，没有任何好好讲故事的诚意，整个一个直男意淫自我感动式故事。倒是可以作为负面教材时刻提醒创作人，千万别搞这种创作，想骗别人，最后别把自己骗了。
湖北,"失败在于，中间九十分的彩色烂泥让我进入结尾二十分钟时远要更难而不是更容易。
在讲这样一个现实主义故事之前让我把主角定性为史上最恶心男主和史上最烦小孩并不会帮助我和他们共情。
在开头暗调切彩调那段秀肌肉级别的水墨粒子带给我短暂惊艳过后，本片就开始了对我眼睛和精神的双重酷刑。大多数时候，我觉得创作团队对美的理解就像是小学生从事玛丽苏写作时形容女主的头发只能想到“七彩”、“九彩”这两个词。而中段的台词和剧情尴尬程度让我脸皱成了一个黑洞。
整部电影在画面、配乐、角色形象塑造、情绪烘托等每个方面都臃肿得像有几百万头鲸鱼同时在我胃里、脑子里和身上碾压倒腾。就像南河吃泡面都要吃满汉全席泡面，甚至还要把面汤洒得到处都是，仿佛前片对强迫症迫害还不够似的。
“这船不错，花里胡哨的”几乎预示了全片仅有的价值。"
广东,烦人，所有层面
湖北,结尾那句：快醒醒 别睡了 很符合我的心情
云南,四星半。不喜欢《大圣归来》的卖情怀，所以对田晓鹏出品是有担心的，但看完后完全超出预期！粒子效果彩色光影美到窒息！之前看预告片感觉是一个小女孩寻回真我的故事，前半段也让人直接联想到《千与千寻》。但完全没想到包裹在这么一个奇幻子供向表皮下的，是黏腻恶心时不时惊吓的掉san恶趣味、致敬了周星驰与黄子华的男主南河人设、心理学精神分析式的内核、细腻的内心世界具象化呈现、以及最重要的极为温柔悲悯的人文关怀落脚点。看前半段时我就猜测到最后会有这么一个反转的“底”，但我想的多半是南柯一梦或者死前走马灯，完全没想到最终落脚点会在关注重男轻女、关注儿童心理、关注抑郁症上。黑色“海精灵”是母亲与南河最后的背影，是风雨中的乱发，看似恐怖实则温暖悲伤。红色“丧气鬼”是母亲最后留下的红外套，是过去的纠缠牢笼。
湖南,这是磕了多少啊我的天（男主做太难看了，票房不好感觉要背一半锅
福建,知道花了很多心思在画面设计上，下次请个好编剧吧。
湖南,这种动画对于目前的中国来说还是太超前了
山东,画面越美越觉得可惜，为什么国漫十几年如一日没有想象力，纯靠煽情和自我感动呢？中国文化可以借鉴的东西这么多，离了宫崎骏就不行了是吗？（中间有一段故事稀碎的让人如坐针毡，男女角色之间各说各话，毫无逻辑可言，男主性格时而疯癫时而颓丧，形象割裂到让人无法忍受，群众的行为也莫名其妙，人设一个也没立起来）我愿意花钱支持国漫，请国漫不要负我。
浙江,什么玩意儿，堪称诈骗。前面模仿千与千寻，后面在想这不会是少年Pi吧？故事都讲不好就别搞特效了吧，特效应该是为故事服务，而不是炫技。
四川,这融梗融得…千与千寻、少年派的奇幻漂亮、功夫（南河不就是动画版周星驰的形象吗？）、哈尔的移动城堡…最后呼吁一下：请个别家长管好自己孩子，别牺牲路人的生命！
辽宁,前面看得满头问号，只能说有些画面很精美有些太杂乱甚至有点恶心…看到后半部分才恍然大悟，尤其是结尾部分，才发现前面好多细节值得细品，这个故事其实也是很丰满的。前面总觉得南河太丑，为什么一个救赎他人的人不可以更好看一点呢，也许是一个对比吧，南河的形象是小丑的形象，落魄的形象，但他用生命救赎了参宿，自己还在淋着雨却不顾一切为别人撑伞。我开始理解，前面那些或绚丽夺目或心惊肉跳的画面就是一个人的内心，幻想被爱的时刻，恐惧害怕的时刻，那些纷繁杂乱，无人知晓。观影时看到一个弹幕说这个小女孩还真是不讨喜，我真的很反感，为什么要讨人喜欢，你以为你是谁？小参宿，希望你今后的每一次笑，都是真心的。
上海,春节档的几部电影里，最期待的便是深海。为此还收了一本《深海大饭店》画册，对那艘机械鲸鱼的“深海号”赞不绝口。看完电影才发现，原来这是一个如此美丽又如此悲伤的故事，就像那个吊儿郎当的小丑南河，他不过是一个落魄的尼摩船长。而华丽的深海号，也只是一艘悲梦的鹦鹉螺号。但即便如此，电影仍呈现出吞噬天地般的视觉效果，而其中蕴含着的情感，又像这场梦境那般永无尽头。潜入深海，就像潜入意识深处，那里有一个孤独的孩子，永远无法诉说的广袤宇宙。它像恒星一样遥不可及，又像玩具一样视而不见。你把它轻轻切开，就会发现里面装满了破碎之心。
浙江,与其撕贺岁档谁是票房第一，不如肯定认真做动画电影这些人的热爱和努力，即便是借来的故事框架，过多的致敬，不算太好的故事节奏和台词，但中国动画电影在1到100这件事上做的足够出色了
广东,纵然在情节安排有令人不适的地方，但此片也是近年最优秀的电影，不仅于动画片，真诚的作品是能打动观众的，国产最高的画面技术，独有的粒子水墨，梦与现实的故事其实并不简单，也没有做到晦涩，全片的情感氛围烘托，这一切无意营造出独特气质。这是一部真正的艺术片啊，影评人所求的大师手法感动他们，不就在这吗？（另外，现在观众却依然对动画电影有偏见，以及他们的审美如此狭隘短浅
浙江,《深海》是一部关于孤独的电影，在春节档影院合家欢的氛围中，在邻座大声讨论剧情的调侃中，在后座大声咀嚼爆米花的声音中，这种孤独感被无限地放大了...
湖南,真的好爱，爆哭三次，哭到服务员问我没事吧，国漫终于不再局限于神话故事，开始探寻存在与意识，探寻哲学的深海，即使有的人永远只能看见性别，但弗洛伊德关爱每一个自我。
江苏,不喜欢审丑和审胖，前大半段的剧情完全是重复的，真的无聊，最后的解释显得非常苍白。找妈妈干什么呢，去找一个完全不把你放在心上的人…根本立不住…完全是导演的自我感动吧…看个电影就为了最后十来分钟的话我觉得根本没有看电影的必要了…有个无端联想：丧气鬼/晦气/红色的液体-月经/初潮
山东,这个分数真的低了！！！只能说不是人人都适合看深海，也不是人人能够看懂深海，但喜欢的就会特别喜欢，一个人去电影院看，去感受，真的真的很沉浸！就是结局不喜欢😭但，真诚就是必杀技！
河南,我称之为意识流动画，全程肆意狂想，喷薄而出的想象力创作力，如果梵高在当代也会这样画星空麦田。最后的着力点打破了第四面墙，处理的方式太让我感动了。满分。
安徽,《深海》是另类的，它没有家国情怀下的一腔热血，没有宏观宇宙里的人类命运，它关注的只是普通个体身上微不足道的情绪波动。原生家庭痛苦阴影环绕着的少女，为了攒钱还贷款的小丑，底层的抱团取暖，他们抛却所有的社会身份而回归个体更私人的情感，在这场梦幻的深海之旅里撕破伤口，不断的内耗和挣扎中试图让自己好过，以付出生命的代价换取勇敢和信心的自愈。但醒醒吧，该散场了，敲碎这一场美梦，你看到的所有一切都是假象，根本没有结局，真实的世界远比此更加黑暗。
浙江,哭得惊天动地天崩地裂
广东,"我从未想过能够在国内大荧幕上看到这样情感充沛的电影。人心人心，深海深海，最难触及，也最为柔软。后半段堪称大部分东亚女成长历程的闪回。
Ps.其实从电影手法上来看，深海走的是先抑后扬，逐渐高潮的方式，所以并不新鲜，同样，缺乏铺垫的人物羁绊也让人觉得可惜。但是能在当下这个早已将个人负面情绪当做洪水猛兽的社会，看到这样一部直抒抑郁情绪的电影，实在是出乎我的意料。光是主角是两个小人物，主题也不再是重复讲述梦想这一点，就足够让我感到难得了。毕竟当前大环境下遍地宏大叙事，而关注个人内心成长的电影实在凤毛麟角。所以从这个角度来看，我愿意给深海5星。"
上海,画面极其绚丽，甚至到了过犹不及的程度，对于癫痫症患者很致命。湿哒哒，究极杂乱画面不是很对我胃口，但是得说细节和技术确实很厉害，属于是钱多得没处花了。全篇克苏鲁味太重，眼球章鱼不知道对小孩来说是否会有心理阴影。结局依我看醒来后的那些场景估计是糊弄审核的，“卖火柴的小女孩”才是真正的结局。
四川,很明显是画师思维导向的电影，具体表现如下，顺便把我的感想一起写了1.平均5分钟一个很炫很酷的长镜头2.段落分明衔接不够顺畅感觉像是一个个短片拼起来的，观众的情绪跟不上逻辑跟不上看得我疑问越看越多但是剧情完全顾左右而言他我只能完全放弃思考只能被动接受 3.演出过度、配乐过度镜头完全成为了炫技的工具而不是叙事工具4. 剧本纵深感差，转折生硬前中期信息量过少且缺少明确简单的小目标导致观众很容易失焦，而且我真的很讨厌前中期完全一团迷雾只能被动地接受故事走向 5.台词没有水准过于直给 6.画面和镜头喧宾夺主几乎把“我在营造气氛”写在脸上 7.聒噪 8.海鲜让我有点反胃了
北京,用心做画面，用脚找妈妈
浙江,导演喝多了吗，里面人物都像喝了酒似的，乱七八糟的扭来扭去讲台词。专门找了个新开的imax，结果画面全是小景别浅景深，还晃来晃去，你要这样编排镜头，那就别用3D好嘛。真的那么喜欢3D，你就用高亮度高帧率做，我谢谢你了。里面那么多黏糊糊、舔痰盂、火锅煮鞋子、泡面撒的到处都是的设计，除了让人感觉生理不适，对剧情对人设有什么推进作用吗？
湖北,好硬的煽情啊，给我看困了。如果说一开始还有点被推着共情的挣扎感，到后面就完全是厌烦和麻木了。男味儿自我感动味儿贼冲，只不过这回没了大圣的形象加成，感人效果有限。画面还是可以的，只不过有一部分既视感特别强。小女孩儿的面部表情做得挺好。
北京,整个观影过程就是几乎把2022一整年的眼泪流完，如梦如幻的想象力和视觉技术上的确登峰造极，更难得是整部电影的审美有一种超然的高级，这和其他过度饱和的国产动画非常不同，情绪氛围感让我想到看《水形物语》的感受。不过，梦可以醒来，但也不是每一个梦非要醒来，也可以一直留在梦里，活在自己构建的世界里～
安徽,毫无逻辑的剧情走向和人物瞬息万变的丑脸都让人不得不怀疑导演创作时的精神状态🙃中间那段在梵高的星空下花式打拳的画面更是把整片的荒谬程度推向了一个新高潮 笑得俩人一度直不起腰来🤭所谓反转也是意料之中毫无新意 对于无良商贩到鸡汤大师以及抑郁厌世到阖家欢乐的生硬突变只想说呵呵我不信😧从大圣到深海真真是团队审美和叙事能力的断崖式下跌🤨
重庆,这部电影的受众就是我，中间虽然猜到了可能的发展，但真的展现给你的时候还是能让人哭到抽搐，一时半会儿根本缓不过来
上海,很久没看过这么难看的动画大荧幕了…建议被市场淘汰
河南,希望我在崩溃边缘也能有人来救我
上海,"1.28，旅途中抽了一个晚上特意去看。朋友说她看完爆哭，我还特意多带了两包纸巾，结果中途一度昏昏欲睡。特效确实美，但给的太多太满，很快审美疲劳。
总体来说，这个题材导演并没有能把握住。虽然表面看起来故事似乎圆上了，但是非常勉强和浅显。许多人都在说，没有这种经历的人是看不懂这个故事的，然而我这个深刻经历过这种时刻的人看完以后，甚至感受到了一点伤害。肤浅的关心和理解，让整部片子在情节设定上呈现出一种天然的凝视感，表达他们自以为是的痛苦，用他们自以为是的方式和解。他们知道故事的表象，但却从未把其中的逻辑梳理清楚，这也直接导致它的“排外”。
总之，我觉得我们的经历被轻视了，那些痛苦明明很重，明明值得被更好得表达。"
江苏,❶鸡零狗碎；❷叙事效率低下，尤其是深海大饭店登场的部分；❸设定不明；❹结尾强行煽情。
湖南,"一星给美术，制作团队给美工磕一个吧！真的烂，太烂了！！剧情简直依托答辩！感觉是导演想到什么做什么一样，女主爸妈为啥离婚？开头女主妈妈为什么对女主那么冷淡，但是结局还哭喊着要女主回来现实？南河为什么前期那么贪财？后续有为什么不贪财了？整个剧情都完完全全是脱轨的，一点起承转合都没有，不要和我说细节伏笔要重刷，就依托答辩我看一遍还不够吗？他这个剧情根本就是垃圾到恶心我完全不想再看第二眼，纯粹是浪费我的时间。还有关于抑郁的问题，球球高抬贵手放过抑郁症吧。我抑郁想死，正解脱的时候，来个陌生人为了救我死掉，我活了，那我更会再去自杀。
以后审问犯人就放这个吧，他们一定都会招的，什么都会招了。男主建模丑死了，我还以为我是看的恐怖片呢，五官乱飞，还有嗦鞋带yue，恶趣味吐了。"
上海,最有意思的就是 电影院里有几个小孩子看到一半被吓哭了 整个电影除了预告片就能看到的浓郁色彩背景画面不错之外 其他时间画面都很油腻 拥挤 色彩过于丰富 就像冰糖雪梨 一个梨配了10斤糖那么难受 至于剧情 抑郁症和不是抑郁症的看完都沉默了
上海,3D景深、长镜头、水渍…亮点星罗棋布。充盈拍案叫绝视效奇观，千姿百态动画上风淋漓迸现。是出类拔萃美术片，也是杯盘狼藉故事片。只会喊妈妈的“千寻”× 配音不对口型的“大圣”，国漫近来批量生产同款老少配。叙事一片混沌，角色情感互际完全立不住，甚不如《姜子牙》。靠曲终真相强行拔高，类似《少年派》。但李安重视效辅佐剧情，而本作叙事全让位于画面，只落得头晕目眩视觉轰炸。网络热梗也叫人生厌。
上海,前半部分过于令人不适，无论是人物的压抑，还是画面里出现过多的粘液….  餐厅那段戏有点反胃
云南,初时，兴致寥寥，这是千寻、波妞、哈尔、幽灵公主…的变种结合吗？饱和度极高的颜色初看很美很亮眼但容易视觉疲劳。可就在进入中段的一瞬间，像被闪电击中般，突然明白这个故事要表达什么，它隐藏得太深了，恐怕除了真正的抑郁症患者，一部分人要到影片的四分之三处才能明白一二。那大团大团的浓稠色彩和黏腻物像都有了豁然之感，现实与幻境的交叠，戳中了心巴，戳开了泪腺。可是呀，导演呐，如此真挚动人的立意，如此漂亮精致的画面，为什么不能再认真揣摩一下叙述手法？为什么不能将主人公的潜在情感再挖掘细致点呢？你要么往高雅升华突破常规，要么往通俗里增加技巧煽情呀，为什么不上不下就缺了那么一口气…我能哭那是因为深深的身份认同感以及本身是个爱哭鬼。就，惋惜，惋惜得不行。或许又是被审查删改所限？单论动画效果我是给四星半的。
黑龙江,凄惨遭遇脑中幻化神奇旅程的范例不要太多，只是在这个版本里无论技术多炫丽，却始终无法与缺乏同理特质的故事弥合在一起。
黑龙江,"《千与千寻之参宿的奇幻漂流》

先说优点吧：
首先视效绝美，每一帧都能看出花了大钱
特效真是无可挑剔，用钱且用心
其次最后的两个场景很动人
属于煽情煽在了点子上
电影院里抽泣声一片

然而，缺点也同样明显
前期的画面真的太恶心了
克苏鲁风格的海精灵
混合着口水、臭脚和饭菜的场景
我这种毫无洁癖的人都难以容忍

人物方面，塑造的过于单薄
女主全程被推着走
突然就说不害怕也缺失心理过程

最后也是我觉得最严重的一点
就是虽然关注了抑郁症和抑郁症患者
但是传达的思想仍然是“要想开要高兴”
这并不是治疗抑郁症的方法
更不是人们应该对待抑郁症患者的方式

希望人们可以理解抑郁症需要干预与治疗
抑郁症不是心理疾病而是精神疾病
通过正规治疗，治愈率非常高
所以
别再对抑郁症患者说“高兴点”了"
安徽, 我完全没触动，就算看到最后也很疑惑，春节档三部电影我都这样，难道是我出问题了……但还是给真正想做好中国动画的导演们一个小小的建议。不要让剧本服务于画面和特效，不要开大切口，不要大面积浅耕。又看了其他的评论才意识到，导演想表达的抑郁症还是刻板印象层面的，有心理问题最重要的是好好治疗，而不是你自顾自地对人家说一切都会好的。林奕含形容抑郁症就像是失去了眼睛或双腿，是失去了快乐的能力。而导演通篇台词让她坚持，让她微笑。说明并没有真正研究过什么是抑郁症，除了增加大家的刻板印象之外毫无用处。
山东,缝合怪吧…一开始以为是千与千寻，又澡堂又鱼又饭店的。后来以为是周星驰讲不好笑的笑话，再等等以为是少年派的奇幻漂流，还有就是人是扫把星子的时候真共情不了，现在不兴爱蠢废物和没由来的英雄主义了。画面非常好，就是人物不讨喜。还有到底是谁教的玺帝台词法，已经超过出戏的范畴了，多跟大护法学学吧！
湖北,太尴尬了 尴尬到快结尾那段想要中途离场…… 好表面啊好刻意啊好做作啊，故事本来也没有很深，还非得把话说那么明白，就很…恶心诶……本来没多复杂的故事但很多地方人物动机又莫名其妙的。最可怕的是结尾前还强行带观众又重新看了遍电影复盘了一下，有没有搞错啊，生怕大家看不懂这么简单的故事呢，感觉智商被侮辱了。什么家庭问题啊抑郁症啊那些部分提都不想提，大叔+未成年少女的组合我也真的无语……绝美画面确实有，大概是有那么十分钟吧，但根本拉不回来这个拉胯剧情。那些优秀的画面真是被糟蹋了啊（咬牙切齿
内蒙古,画面太美了，无需多言，好的剧本更是锦上添花。精神疾病需要引起重视，抑郁症不是无病呻吟，希望你今后的每一次笑，都是发自内心的。
浙江,2.5 / 并未把新技术简单当作背景板，而是将其作为特殊材质与其他几种传统动画影像并立为不同的叙事空间。因此当人物撕裂内心的银幕时，推动力不是潦草的剧作，而是多种影像中的色彩挣脱再现形象并幻化为粒子的冲势；人物不断被撕扯的面容也不像是情绪的表达，更像是影像边界被扰动的标记。然而这个近乎《双子杀手》×《星之彩》的框架在全片来看并不怎么奏效，太多的时间浪费在俗套的奇幻冒险与干瘪的精神世界推演中，徒留虚张声势罢了。
浙江,《千与千寻》是一次邀请和探寻，而《深海》则是把人强行拽入异世界，倘若故事没有在最后得到翻转和揭示，那么它真的只是在用极度的绚烂换取极度的空洞。主段落“深海大饭店”几乎是纯炫技，因为角色的夸张和单薄，完全无法让我产生认同感，更不用说移情——《姜子牙》《杨戬》亦有此问题，国产动画的技术已经普遍性地压过了情节和人物。面对死亡这件事，《深海》的方式是举重若重，尽管有些用力过猛，但让那痛直抵人心。毫无疑问，春节档绝不是最优选。
上海,看不懂的希望你们永远都不要看懂
湖南,看得出来导演的执念很深 行至中途其实谜底已经全盘托出 但是不能因为画面偏向奇幻就存在明显不合理的时间线和故事线 幻想戏里缺乏一些基本的世界体系建设 海精灵 深海之眼究竟是什么 有什么来龙去脉 绝对不可以一笔带过 已经听到心跳归零的长鸣 最后的“欢迎姐姐回家”完全狗尾续貂不知所云
北京,兔年第一部院线！强烈推荐看IMAX3D版！！之前就听很多朋友推荐过深海的视效，看的时候就怀着高期待去的，依然超出了预期。不仅是技术层面的好，整个影片有非常完整的3D美学。剧情本身和视觉呈现相辅相成，用的是这几年很流行的叙事手法，在奇绝瑰丽的冒险景观背后，其实折射的都是主人公的心灵世界。南河其实就是南柯，从一开始就暗指南柯一梦。但这梦中的历险反而是对孤绝现实的缤纷救赎，其实也是被困于深度抑郁情绪的人的自救之旅。能在大屏幕上看到这样的题材、这样的呈现手法都非常惊喜
广东,就光色彩够我给五星！太绚丽了，和两个小学生一起看，她俩没哭，我一个三十几岁大人哭的一把鼻涕一把泪的……
上海,内核还是千与千寻那套，但比千与千寻差了至少4部玩具总动员。当下尽是追逐外感的刺激，正是这样的异化使得人迷失了爱而陷入深海。
海南,用汹涌搅动的颜料桶很真切生动地展现了抑郁症来袭和褪去时的感受，然而这个病要治愈，可不是靠别人给你一命抵一病啊，然后真正的病灶——那个冷漠的原生家庭——白拣了个现成，却并没有什么成长和改变，看完还挺气的诶……
广东,真棒！！为什么没有六颗星的选项？
重庆,我是国漫狂热份子，但是我无法共情，特效太满了，到了光污染的地步，就像用极致绚烂的色彩填满眼眶来掩盖其他地方的不足，人设跟大圣归来比基本没变化也没进步。不明白为什么主角五官乱飞，四肢乱弹。如果讲喜剧的内核是悲剧，中国奇谈的小猪妖很触动我。如果讲关于抑郁 人生低谷 救赎 重生，我想起一首日文歌，中岛美嘉的《曾经的我也想一了百了》，歌词描绘的场景也很触动我。如果讲绚烂的色彩描绘一个灰暗的故事《被嫌弃的松子》依然很触动我。但是我跟这个电影共情不了。
广东,"画面惊艳又有特色，可惜排片太少，只能在小厅看，如果能看imax或者激光厅啥的应该更好，另外3D效果也很棒，难得，
但是这个叙事是咋回事，超级聒噪，平庸，无聊，哪哪都是车轱辘话，这种普通不是个人审美上觉得普通，而是国产动画片大量的使用同类的叙述方式所造成的客观的普通，
比如，后半的通过反复大喊大叫来突破困局，你能在所有的封神和白蛇传动画里看到相同的桥段，
其实有这么优秀的画面，完全可以放弃叙事，哪怕简简单单的洗眼睛我都看得下去，现在这样，就像吃很美味的烤肉却一定要卷很难吃的生菜，非常难受"
河南,"憋了一个月，还是决定在春节档最后用这部收官。
即便早早听到看到了一些似是而非的评论，还是决定在没有任何提前了解剧情的情况下用本能去感受。
结果，前七八十分钟看得我也做好准备开怼了：什么剧本？！哪来的逻辑？！什么设计？！什么眼花缭乱的绘图上色？！什么乱七八糟啊？！！！
结果最后二十多分钟直接全部颠覆。所有先前的不解全部通透。
不仅仅是因为这是一部送给抑郁症患者的电影，不仅仅是一部送给成人未满的动画，不仅仅是因为将死亡和童话这样的元素搬上了大荧幕，不仅仅是中国动画有了更深刻的思考和呈现。
因为我也经历过妈妈离开过家，经历过自我了断的煎熬，经历过很多人的热潮冷讽，经历过噩梦中所有情景都在挣扎。
我懂。
我明白。"
江苏,煎熬啊，中年猥琐大叔和萝莉的互相治愈吗？情节呢？故事呢？你在讲神马啊～
四川,四星鼓励一下吧，这是一部需要耐心的片子，一部需要忍受孤独与无助的片子。或许是因为删减的原因，世界观的铺垫和人物的塑造都显得十分仓促，很多东西感觉是out of nowhere，叙事也因此变得磕绊和割裂，只有华美绝伦、华彩夺目的水墨粒子特效让观众保持期待——影片的最后半小时会让观众找到原谅这一切的理由，不必将它与《千与千寻》并提，因为世界观其实并不重要（我相信导演是想实现好的），这梦幻的底色是令人窒息的灰暗，斑斓的世界是受伤之后自我流放的乌托邦，故事的落脚点最终是被隐藏起来小女孩的限定视角，和她的心灵旅程，持续的、真心的爱与付出，终于让她愿意拥抱现实、相信世界会温柔以待。这锅鸡汤熬得不如《心灵奇旅》美味，但却比它更加深情，这深情会带来真心的感动，只是，需要些耐心。
江苏,前段男主角真的是令人生厌，全篇没有一个讨喜的角色，看得累且烦躁，可惜了这么绚烂的画面，讲了一个单薄俗套的故事。心情不好的时候独自看的晚场，看完心情更不好了。
安徽,"三星。前两幕甚至前四分之三都是垮掉的，各种目不暇接甚至可以说是狂轰滥炸不节制的奇观制造加上各种运动镜头和3D格式的放映让我甚至想吐。但最后四分之一“补完”演出却把全片都撑了起来，一切都那么恰到好处，且充满着导演的真诚。但如果我们回过头来整体复盘一下，叙事上显然是想整意识流但没整明白。看到最后我get到了导演想要表达的东西但却没有以往意识流作品中get明白的豁然开朗的感觉，仍旧感觉故事是散乱的，哪怕代入导演自己的隐喻系统里也解释不通。粒子水墨运用的不错，色彩上有种打翻调色盘的美感，但在3D的放映格式下这种美感却被削弱，属于水的灵动细腻变成了油腻（字面意义上）；而无节制的视觉奇观更是进一步削弱了粒子水墨多带来的美感。
总体而言，视听还行（如果能节制下更好），叙事问题太大。"
河南,"画面可以

下次别找北京人配音，听着恶心"
广东,前面一些设计好恶心，粘腻的液体，夸张的表情，还有人物特写。一开始进入幻想世界的时候很混乱，人物太多场景嘈杂，看得有些累。最后南河参宿在海上那一段还挺感人的，但是一个儿童版救生圈能撑那么久好神奇。故事较单薄，特效细节做得还是不错的，毛发和皮肤质感值得浅夸一下
日本,"电影后半段虽然把故事圆回来了，无奈前期铺垫过于冗长复杂，给观众增加了很多不必要的观影负担。除此之外，深海大饭店和女主身上的千与千寻+哈尔的移动城堡既视感过于强烈，令人难以忽视。在特效，美术方面确实是国产动画的一大进步，这一点值得肯定。
总体来说是一部瑕掩了瑜的电影。"
福建,"观影过程：
无聊——无聊啊——就这——剧本不行啊——什么？——憋住不能哭——哭了😭"
广东,本来剧情上只值得三颗星。题材受众本身小，更需要强大的情感驱动力和合理性才能让人共情。一个陌生人为抑郁症跳海的女孩死了，女孩就会为这个陌生人产生这么强烈的情感触动而活下去了么？总觉得牵强。反而网传的另一个参宿死去了的版本更让人能共情。剧情里很多笑点也是有点尴尬。但不妨碍它是一部优秀的原创剧情动画，光是画面就能值回票价。至于说隐喻太多，我不认同，剧情还是很好理解的。我承认有许多烂俗的高潮点我还是俗不可耐的泪目了。打四星是因为，希望能多支持这样的电影。为中国电影人的诚意。
海南,期待很高，但电影的重点什么时候变成画面了，不应该先学会讲故事吗？
上海,国漫到底什么时候能放弃这奇怪的画风啊，究竟是从哪里继承的审美啊？到底能不能好好讲故事啊，女孩为什么不可以自救啊？
四川,少年派，千与千寻，小丑。。。都想学但都学不来，想表达的主旨很多，但是只有“发自内心的笑”阐述的比较明确，画面没得说比肩梦工厂和皮克斯，但人物真的不在我的审美上，故事很简单，基本上南河一出场就猜得到结尾，我本来没什么期望，看完跟预计也差不多
北京,画面太美太炫了，但转化成故事有点儿信息量不足，导致前后有割裂感。不过还是很喜欢，不管有没有被迫改稿，能比较直观地呈现×××孩子的××，还是挺震撼的。男主的形象是现代版大圣，我理解也喜欢这种联动，但小女孩的梦魇是失去母爱（虽然重点在失去，在被留下后的孤独，后来演变成怕失去大圣的支撑也在情理之中），如果拯救她的是她自己心中的女性形象，我会更信服。
山东,开头太棒了，情绪、氛围、画面，我一度以为马上就要见证中国最牛的动画诞生。但越往后越拉垮，只有场面，没有情节。就算是弥留时刻的人生走马灯，在剧作上也不能搞成成片这样（要么就搞成纯意识流，放弃那些花花绿绿的动物和笑料）。视觉效果无可挑剔，但放在这么一个薄弱叙事上，让人非常疲惫，观感也像春晚——只有打翻调色盘的舞美，没有真心实意的内容。
湖北,视效真的是一场梦境般的盛宴，色彩斑斓充满想象力，对光影的表达极棒，技术上是国产动画工业的巅峰水准了。如果说这场梦境是抑郁小女孩的濒死想象，那么这些绚烂的特效和剧情也是融合的，记得有个画面是在梵高般的星空背景下，冬季夜空中最亮的参宿四和南河三与天狼星形成了猎户的三角形，这画面就像在点题一样，参宿与南河，这些夜空中最亮的星是宿命感，更是快要从身边消失掉的陌生人的善意。
河北,不知道她回到现实中该如何生活
江苏,情节不行，画面美有什么用？我不如去看手机屏保了
上海,天上的参宿会有人指路，地上的南河却只能入海。越是璀璨越有人关心，越是灰暗越无人在意。果然只有强者才配谈弱小，真正的弱者是会连弱者的名头都被夺走的。小丑终究是小丑，大抵这就是小丑的宿命吧。在导演设计下，小丑生命的全部价值就是让一个不开心的小女孩开心起来，连悲喜都只能葬入大海。这踩在真正可怜人尸骨上呼吁关心不大可怜的人，很符合我对社会的想象。
四川,国产导演是不是只会拍许多几分钟短片然后连起来啊
山西,一开始觉得因为影片前半部分稍微过于强调自己出色的特效制作使得故事背景设定交代不清楚，人物行为动机欠合理，故事情节推动理由不充分，结尾的交代貌似解决了部分问题，但仍觉欠缺，最突出的就是南河这个角色的行为动机和人物个性，且片尾煽情过长。但是即便如此也仍不失为一部不错的、值得推荐的院线电影。影片优点特别突出，大全景的制作绚丽令人惊撼，人物形象细致，几个小片段的减帧处理合理恰当，选择的插曲既好听也能兼顾与故事情节的融合。
湖南,"《深海》无疑是2023春节档最震撼视觉，又充满弥久治愈力的惊喜黑马。

带领观众进入水下奇境，冲破丧与晦的阴霾，迎向明媚灿烂的明日阳光。真幻交错，感动和温暖最终穿越悲伤，泪点水到渠成。

视觉上，田晓鹏导演无愧七年磨剑，把国漫动画电影的特效天花板又抬到新高度——色彩斑斓的水母、游鱼、漩涡，尽显粒子水墨的瑰丽梦幻，IMAX效果尤其突出。而海与天的切换、水流和旋风、浪涛和大雨、“丧气鬼”和南河之船的追逐，又壮丽磅礴。

“丧气鬼”的触须系很克苏鲁风格，废土钢筋的南河之船又很赛博朋克，当然，还有海象、水獭、兔兔这些萌物，画风丰富多元。配乐也极为出彩，烘托情绪到位。

深海的尽头是光，愿光照亮每个孤独的人，消融悲伤，给你最真心的笑容。"
云南,1.引起严重生理不适  2.深海大饭店段落东施效颦  冗长聒噪  哗众取宠  3.剧情凌乱  后半小时单薄  4.看完这么刻意想救赎抑郁的电影只会觉得活着更没有支点  5.唯一可圈可点的是3D有诚意  同时也被恶心和堆得过满的画风反噬  呼应第一点   
上海,国内动画通病，用心做画面，用脚讲故事。单说画面值得去大荧幕观看。
江苏,挺乱的，故事又很简单。最喜欢那句：我们以后还会见面吗？南河默默摇头。还有南河拉着参宿劈开海狂奔那段也很喜欢
上海,不适合春节档，适合出口
北京,堆砌感太重，原创性不足，幻想部分空有技术毫无叙事，要不是最后一幕推一波情绪，真只想给两星。
广东,"不知道这么高的分数是怎么来的，昨天看到还是9.0，今天变成7.3，是观众真实感受迅速拉低吧？
只可惜不能打负分。
上当受骗看《深海》，幼稚不通强忍耐。
全家强忍着坚持看完，边看边恶心。"
黑龙江,已经考虑炫技的画面了，但是故事确实不行，这是什么邮轮待业男青年勇救抑郁症小女孩的剧情……而且是怎么自我救赎的，女孩明明自己什么也没做。哦还有，作为前抑郁症患者，我要是画自己的濒死体验大概只能画出来日本漫画的黑白灰……
江苏,当我们也拍出来携带意识流的电影时，美分会跟你说剧情太弱。随便把这部片子给一个人看，假装告诉他这是千禧年日本动画，他会给你夸到天上去，堪比今敏。
河北,人血馒头吗？找妈妈是主线吗？还是抑郁症呢？主题混乱杂糅，集婚姻、家庭、离婚对孩子的伤害、抑郁、重组家庭对孩子的伤害、重男轻女等等于一体，并没有完整明确的说明任何一条主线。明里暗里还在维护婚姻制度，离婚对孩子造成多大伤害？21世纪了，不反思成年人自己的责任，暗戳戳谴责母亲的无情？抑郁症的定义就是缺爱吗？给一点爱就好了？明明还是在误导大众，电影，先锋艺术，传达的尽是些腐朽思想，好愤怒，观众的眼泪这么好骗吗！
内蒙古,"“在夜空中有两颗恒星，一颗叫参宿四，一颗叫南河三，它们和大犬座的天狼星组成了‘冬季大三角’，天文学家预言参宿四濒临爆炸的边缘，而南河三始终陪在它的身边，十万光年的银河系，亿万个星系，下一秒或许就是永远的别离。”
一个普通人救赎了另一个普通人的故事
支持国漫和孤注一掷的导演
（克苏鲁风格一堆粘液的海精灵有点恶心
有段煽情有点尴尬前半段剧情推进慢
被删减了一部分可能是永远的遗憾了
中国联通的生日祝福很暖）"
浙江,一定要选一个巨幕厅或者IMAX厅观看，视觉做的实在太绚烂了，3D效果也非常好，观影过程中已经数不清感叹了多少句：哇。直到快到结局才意识到上次类似的观影体验是李安的《少年派的奇幻漂流》；整个剧作回头看其实类似一个基于现实主义的绘本故事，影片聚焦于儿童抑郁症题材，把小孩受原生家庭影响而产生的黑灰世界和他所向往的绚丽世界在影片前后做了强烈的视觉对比，那深海到底是什么，在影片中，是海底饭店里热情、友善、充满爱的船员和到达深海之眼依然是五彩缤纷看不到尽头的旋涡，而现实中则是寂静、令人窒息的无尽黑暗；而影片结局就像一次自我救赎。
四川,"3.0,导演太注重反差，依然没有甩脱大圣归来的路径依赖，男主的嘴巴和肢体语言就没有正常过，人设完全崩塌，故事逻辑混乱，除了画面和小动物卖萌一无是处，现在不是1几年国漫没有技术力的时代了，唯有好的故事才能国漫佳作，追光都死多少次了，略显失望的作品。"
北京,沉浸式的体验到了什么是“光污染”，易晕车体质看的时候真的略感痛苦。能感到主创非常非常用心，但确实还需要打磨剧本。
贵州,本次春节档最令我惊喜的电影了。没有反转前一直以为是《千与千寻》式的人类误闯奇幻世界的童话式冒险，结果到最后才发现是一个如此催泪而沉重的现实故事。那些颜料涂抹的五彩斑斓的海底世界，那些魔法与奇幻的背后隐藏的真相。真正理解参宿的遭遇的人，那些也曾做过傻事的人相信会和我一样对这个故事给出最高的评价，并谢谢导演将很多话讲了出来，谢谢你将南河带给了参宿。
北京,纯在大年给人添堵
北京,中间部分的情节填充严重不足，故事立意蛮好的，感觉更适合压缩成一个20多分钟的动画短片
广东,太失望了，国产动画的老毛病。很清晰地感觉到导演在模仿宫崎骏，导演那恨不得每一幕都塞满这五颜六色和丁达尔效应的自我陶醉简直毫无保留，与此同时的是十分糟糕的剧情叙事和场面调度，讲故事的技巧无比刻板和僵化，每一幕的确都是美轮美奂PPT，但这些PPT却跟电影本身几乎毫无关系，一个最简单的故事都讲不清楚，就真的不要拍成快2小时的电影了，电影跟多年前的《大鱼海棠》的糟糕相比有过之而无不及，怀疑隔壁能连续这么多年春节上映的熊出没可能都比这片更好。
浙江,画面好看，但是故事讲得不好。节奏很有问题，逻辑比较乱。后面三十分钟好看，前面一直在炫技。夸张的讲，都有点视觉疲劳了。
内蒙古,压缩到一个半小时正好，煽情部分太刻意说教了，对于抑郁症患者高高在上的态度也令人受不了。不知道为什么把母女故事改成男性。
北京,完整延续了前作里的吵闹、拼贴和过分性的“夸张”呈现，直接淹没了背后的技术创新以及难得一见的“立意”，然后本身已经极度过度的视觉更因为粗糙的全片3D转制让物体层面粗暴粘连在一起，让画面更乱了…
四川,越美越残酷，如果更隐晦点，更少年派一点，更让傻逼评论家看不懂一点，就好了，文章憎命达 魑魅喜人过
黑龙江,我为什么要大初一的来看这么一个全程让人不适的东西（。）
浙江,当我意识到丧气鬼就是抑郁症的那一刻，震撼和幸福感同时袭来，震撼于描述那种被吞没的感觉非常真实，幸福在于我有非常好非常好的朋友。
广西,3D版千与千寻，然而是低配版。也可以说是3D版大鱼海棠（巧了都是与海有关）。华丽的画面加上孱弱的剧情/人设，导演只顾着把自己的白日梦和鸡汤塞进去，完全不考虑情节安排。导演自豪的粒子渲染的水彩油墨效果就是全片唯一的亮点了。国创尚未成功，同志仍需努力。
湖北,很少打一星，但是观影体验很差，看了一半就忍不了了出来了，一开始会觉得漂亮，看多了就审美疲劳，里面所有的生物表情动作都太多了，一直在不停地秀景观，想看他们好好讲个话推动下剧情都难，节奏不会讲吗，没有审美就别做电影，祸害我的眼睛。
广东,过度煽情，人设立不起来，羁绊莫名其妙，创作团队自我感动痕迹明显，关于奇幻的设定也挺无聊，华而不实，还有一些毫无必要令人不适的画面。优点是视效惊人。@深湾万象 | 杜比
山西,这嗑药特效太好看了，好几处看得我起鸡皮疙瘩，震撼一整年。用这种特效讲一个这么小众私人的故事，田导相当可以，爱了。
广东,技术反被技术误，感觉就是好不容易开发出很牛很酷炫的水墨粒子不用白不用，恨不能铺到每一个关键场景里用到满用到尽，以至于电影确实是帧帧壁纸，但故事却被画面喧宾夺主了，而且壁纸看多了也会审美疲劳，观众是来看动画不是来看动态屏保的
湖北,《深海》称得上中国动画的里程碑
山东,20分钟绚丽的画面拯救不了110分钟稀烂的剧情，心疼我的票钱。男主好讨厌，五官乱飞咋咋唬唬，大圣归来看见他都得叹服“还是您猴啊！”只值两星，多一星给画师。
福建,7年的准备可能只供了7分钟写剧本，真的要画面有画面，要剧情有画面，中间漫长的剧情一个笑点都没有，一切都是小女孩的幻想
上海,剧情就像是《海底两万里》+《千与千寻》+《哈尔的移动城堡》+《少年Pi的奇幻漂流》的一个究极缝合版，视觉效果则像是梵高和莫奈生的孩子嗑了药之后做出来的……导演有梦想当然是好的，但是这么拍也太拧巴了……看的时候，一面不断感叹视觉效果太牛了，一面对立意、人物设定和剧情冒出各种问号……
广东,技术上，登峰造极。但是，再次证明在中国电影圈里，地位最低的就是编剧，甚至有大批不会讲故事的导演，觉得编剧很简单，自己就能干了。
四川,人物和故事你好歹占一样啊，能不能有一点逻辑？完全像是技术催生出的剧本。而不是剧本去找的技术
北京,一流的画面，二流的故事。但还算真诚，二流只是能力不足。
江苏,华丽的色彩和高超的技术还是解决不了空洞的内核，大段落的“致敬”千与千寻和哈尔的移动城堡，但却没有把人家讲故事的优点学会。
广东,哎，不能只是搞技术啊
河南,"醒一醒，散场了。我为那五彩斑斓的梦境哭，为奋力冲破火红桎梏而哭，为陷入深海幸遇南河而哭。敢将先进的技术投入敏感小众的题材，敢将作品排在与其内核氛围格格不入的贺岁档，敬佩导演的勇气。再勇敢一些吧。那些辛苦的过程，筋疲力尽的瞬间，都是自己独特命运的长河。感谢自己无数次冲破局限，感谢我的命运有拯救我于火热漩涡的南河，永远要相信，也接受，也坚守。"
山西,一堆堆砌起来没有升华，海底饭店太过冗长，最后强行粘在一起，哭不透彻还噎着，视觉无敌，编剧脑残。
四川,我直接给原画师磕头，3🌟给原画，加1🌟给配音老师们；挺明显的虚实梦境，说不上反转吧，依然是一股硬塞鸡汤的味儿and南河真的好大圣（别营销国漫崛起之类的了，崛起几年了还在崛）导演加油，还是喜欢的💪🏻
湖北,在我这里，深海就是国产动画的里程碑。技术层面已与好莱坞顶级制作匹敌——精致的cg，迷幻的色彩、粒子墨水的独特质感，在IMAX厅里太震撼…不止有“硬件”，田晓鹏出色的导演意识更是画龙点睛，摄影的存在感极强，浅焦摄影表现女孩抑郁的心境，长镜头调度展现深海世界的绚烂，视听体验绝对是动画电影里前所未有的。故事本以为是短板，没想到后30分钟的反转彻底把我击垮，居然是走人物心理，乃至意识流的处理，真高级真大胆，如此小格局，却又如此普世，如此动人——情绪感染力太强，突然地眼泪就止不住。
河北,想笑你就笑，想哭你就大声哭出来。到那个时候，你就再也不用讨好别人，不用为别人活着。9分
广东,《少年派的奇幻漂流》《头脑特工队》《深海》，内心探索如宇宙冒险般惊心动魄。
上海,难看！为什么看到最后会哭？我是被气的一晚上没睡好，剧情大雷，踩到底线也就算了，幻想画面照抄《哈尔的移动城堡》《千与千寻》，真的别去看！
广东,"相比与春节档其他几部大片，这部《深海》是完全个人化的表达。它不是那种大的情感大的故事，关注的是一个小女孩的破碎心灵。这部电影如此温柔，但是它又不像迪士尼那样充满阳光，它是灰色的。

它有一个那么瑰丽幻想的世界，同时又那么现实残酷。"
江苏,打五星是有一点私心在的。故事还有可以完善的地方，很多隐喻也是看了导演的采访才明白其中的深意，比如红卫衣和丧气鬼之间的联系直接从视觉上看是比较难在电影中就勾连起来的。但真的很能感受到导演所想要实现的情感性大于剧情性，当你不再去以批判一切的视角来审视，当你只是沉浸到这个彩虹般的梦中，自责、自我怀疑、愧疚、痛苦都感同身受。正因为极强的隐喻性和诸多隐喻的物像，故事的阐释空间很大，它既可以走向童话，也可以真正成为残酷。但无论哪一种，都非常感谢导演将抑郁症带上了大屏幕。谢谢用这场梦幻般的电影帮助在现实中挣扎的人们完成这一场自我救赎的仪式。
山东,画面太满看得很累，剧情让我感到很不舒服，前半段想睡，后半段想走，大概就这种感觉
上海,“我不怕你！”要笑啊！要大笑啊！如果生命以痛吻你，你不要报之以歌，你扇它巴掌啊！！！
广东,为什么女主背负了因为自己死了一个人的罪恶感之后抑郁就消失了？场景好看。
广东,其实我有被打动到，就是那种“我偏要劈开大海”的信念，让我想起《平原上的摩西》那句“只要你心里的念是真的，只要你心里的念是诚的，高山大海都会给你让路，那些驱赶你的人，那些容不下你的人，都会受到惩罚。”导演最后想说的大概就是，面对残酷的现实，不改心志，要比造一个美轮美奂的深海梦境更需要“我偏要劈开大海”的信念。所以这是一个关于抑郁症患者的故事，又不止于此。
河北,"国产动漫人就不会像个人似的，说话不好好说，走路不会好好走，一星纯是看着画面给的。
你要说小女孩画的我觉得蛮可爱的，南河脸画的抽象点我也理解，动漫吗。
但是你那嘴说话的时候七裂谷八歪的好像小儿麻痹，为了节目效果画的你不能全程这样啊，南河配音整部电影下来就没几句正经好好说的话。为了表现小女孩到新环境怯懦手忙脚乱可以理解，但还是那句话，水满则溢，你一直整活就审美疲劳了，霍金站起来走两步都比她走的好。
故事讲的啥也不是啥最可气的还是梦结局，太恶心了。
煽情倒是还真用心了，可不管事，你故事都没讲好人物都没立住看起来就像搞笑了，还是再给一星吧，真的纯感情，盼了一年塞了口屎，不信国漫了。"
广东,真的欠你一张电影票，但我记住你的名字了，田晓鹏！
河南,md，神了
福建,大年初三，哭成狗。有一瞬间我甚至觉得南河就是参宿的妈妈。
上海,为什么一个家庭的错误要一个毫不相干拼命努力活着的成年人去付出代价？
四川,先承认我在看的中途睡着了，因为中间的故事和千与千寻真的很像，但是故事不够丝滑流畅。平心而论，所有情绪的外化都太过直白，人物台词太过直白，中途感觉真的很无聊。但是，庆幸我在后半段醒了，后面真的很让人感动，就算他很直白，我还是很感动，不仅仅是参宿最后拼命想要挽住南河的感动，也不是即使她在孤寂中仍然选择回到现实，而是南河的自我救赎。他才是全剧中最应该被拯救的，他永远分得清情感和利益孰轻孰重，在这样私人化的个体情感叙事中，中途是让我无聊到不会去注意各种细节，但这也是影院的魅力，我忽略了其中的细节，但影院观众强制性与被迫性让我看完了整部电影，也有机会去接触这样的电影。（p.s.故事的确需要更深刻一点）
上海,田晓鹏你可真牛啊     看到说等网上看的评论以后补充：头一次因为画面（和音乐）感到幸福，震撼的幸福，没有在高质量的大屏幕上看到是眼睛的损失。
陕西,反转时刻开始流泪，最后一句「醒来吧，散场了」忍不住泪崩。当然，前面的故事太弱了，因为深海大饭店美术设计的极繁、人物造型上的模仿和宫崎骏千与千寻与哈尔移动城堡过于相似经常跳戏，大概是文化背景不同无法从一开始认同海精灵的暗示、深海之心的设定与寻找妈妈的关联……南河形象在中段孤勇者英雄的设定让我颇感不适……当然那种遮天蔽日汹涌而来的黑暗在3d视效的加成下是很有代入感的，但因为很难认同人物的情绪让我时常游离于故事的不信服和生理的窒息之间，丧气鬼和晦气这种暗示好像不该如此直白的出现……结尾之所以哭，是因为有时候短暂同行的陌生人给予的善意和关爱，都比父母要多要真要没有理由，而我们在观影中的救赎感也像黄粱一梦，或许在现实生活中早已死去，而电影无法遁入其中……
浙江,想象部分过于聒噪，调度节奏乱七八糟。一个好故事，戏里戏外都是好故事。希望编剧下次能改正。
重庆,我的个天，叫你们别吹大圣归来，你们非不听，这破玩意简直侮辱动漫这两个字
河南,真正的参宿，是不会醒来的。深海大饭店不是梦，被忽视的孩子醒过来过上了幸福的生活，这才是梦。我估计真的会有那些看了《深海》之后感同身受的人，好好生活，不放弃，这些电影里讲的，都是对的，但是，别给父母再来一次的机会，把孩子逼成这样的双亲，他们哪里值得就这样被原谅了，这也是电影语焉不详不敢点出的事。
北京,不怪人新海诚挣钱 你看你拍的是个啥
湖南,看开头以为是宫崎骏，没想到最后是李安。[B+]
上海,“傻孩子，这真的不是你的错” 看完这部电影我久久无法平静，我流泪，在心中拼命的呐喊，我们有着相同的故事。我想：电影的本身，并不是拿着抑郁症的命题、幌子在招摇过市。回到电影的本身，不应该去深究抑郁的本质，反映到的是家庭本身对于孩子的影响吗？孩子，本身就是要依靠爱，才能健康茁壮的成长的。畸形的家庭，只会造就畸形的孩子。哪怕他们看起来，无论是身体还是心理都是健康的，但是在我们看不见的地方，有一小块一直是残缺的。至于如何弥补，我想是要有一个更广大，更永恒的爱去浇灌、滋润和弥补的。而这种爱，又那么的难得。或许，我们应该更关注的不是电影本身它精彩与否，而是看它呈现出来的东西是否值得大家重视。我喜欢这部电影，我爱它的叙事，爱它的光怪陆离，爱它的笑话，爱它的抒情。
浙江,太震撼了！田晓鹏带领团队研发的“粒子水墨”技术将国产动画的视觉效果推到了全新的高峰，他以深海为画板，涂抹上星辰银河的壮美璀璨。而当故事在第三幕反转时，又带来更深层的奇观，他拍的不是深海，而是人的内心，是潜意识里浩瀚的恐惧。而因为这种面对恐惧的勇气，也让这部动画闪烁着希望的光，足以照亮黑夜。
江苏,特效塞满严重挤压叙事空间，没有一个好的故事撑起来，注定华丽但空洞，观众不能只被自己的眼泪欺骗。
广东,好好讲个故事很难吗？画面感觉就是一坨五彩斑斓的黑。没必要。
北京,用力过猛，空洞乏味，元素堆砌，人设反感生厌，整部片子仿佛一只珐琅雕花夜壶，外边那层漂亮皮里装满了导演飞叶子过量吐出来的呕吐物，所有有台词的生物张嘴就特招人讨厌，我只看到对千与千寻和哈尔的移动城堡的拙劣模仿，别看
陕西,如果我是参宿就不活了，不希望南河救我。
广西,比较差的缝合怪
湖北,多一星给特效和画面。看得很难受的一部电影，尤其不喜欢五官乱飞动作浮夸的南河和各种奇形怪状的鱼，就算可以理解为小孩在和南河接触的大部分时间南河都在尽力逗她开心，还是夸张过头了。以及几乎从头到尾的相同配色的大段彩色画面，看得眼睛好累。明明技术已经这么顶尖了，故事也是少有人尝试的题材，最后拍出来却是这样，真的很失望。这部电影的优点很明显，其他方面只能说都不太对我胃口吧。
北京,比虚伪自恋的创作更让人恶心的恬不知耻的卖惨营销
北京,美术和技术当然一流。模板是千与千寻、少年派、寻梦环游等的合体。头五分钟深入了被离异母亲抛弃寄人篱下小姑娘的内心，特别棒。之后一个小时成为美轮美奂的熊出没式无聊。觉得问题在于缺乏价值观，因为价值观已经苍白，剩下的是每天的“房贷”压力，顾客好评，几颗星之类。相比之下，上述外国模板有真切又有个性的价值观。最后半小时与头五分钟对上了。价值观出来了，是九零后写出来的对于一零后二零后的绝望哀歌，比上述模板都要虚无和绝望。算是挽歌。很深很深，彻底的绝望。没有希望的压抑，同时带来负罪感，一种心灵毒害。幼小者认为是自己做错了什么。幼小者宁可认为自己做错了什么导致不被爱，也不愿意认为自己本来没做错但就是不被爱。不是么？接地气，是人们为了钱和内卷而放弃爱的时代，孩子受到巨大伤害。难得的真实真情体现。为此致敬。
山东,难看！退钱！人物建模丑，剧情无聊，配音出戏，导演国庆档期间还疯狂炒作
山东,中国动画电影的剧本真的在进步，我似乎也能感到一些桎梏，但不影响我因自己的理解在电影院哭得泪眼模糊。其实我对那些奇景感觉还好，大概是因为开篇就太悲伤了吧，我一直觉得小女孩见到深海大饭店的时候是已经死了，南河是黑无常，一腔孤勇到达海之眼在那里神魂俱灭也挺好的。但是结尾的现实才是更悲伤的事啊，姑娘，虽然你承担着另一人的生命继续活下去，但是往后人生会更苦的，我反正脑内自动删掉从女孩轻而易举和南河分开那场往后所有戏份。我自己去年一年工作不顺、新冠后遗症、年假期间也在焦虑的加班，在最后一次听到南河的“坚持”时，心中有触动。田晓鹏导演本质上是个悲观的人吧，自此登上我心中必看导演榜，很棒
广东,个人认为，《深海》这部电影前一个小时是看上去的特效盖过剧情，后四十多分钟是剧情盖过特效，前面是一个荒诞的梦，后面是残酷的现实，个人认为这是春节档最值的电影！不仅特效用心，剧情只要有耐心张力十足，最后四十多分钟发力真的刀死你（所以一定要忍住）。唯一美中不足的一点，就是男主南河的人物弧光稍微有些不完整，如果将人物的背景有更详尽的介绍和表现（我觉得可能是太现实了被删减了），后劲可能会更足！总之，4.5星/5星
重庆,即使是我看过这么多视效大片已经惯于视觉奇观之后，竟然依然被视觉效果震撼，这点很让我惊喜。作为一个喜欢2D的人，如果有电影一定要看3D，那《深海》是其中之一。初段的逼仄和灰色之后，高饱和高亮度的深海段落，第一次让我感觉无尽的远与宽阔以及瑰丽多彩。看完电影因为接受起来毫无困难，我甚至有些不理解为什么有人会不喜欢，于是上豆瓣搜了搜试图理解，但是看到满是戾气的标题又不想点进去了。这是部靠情绪流动的电影，先不要较劲，接受下来跟着情绪流动就可以了。看到最后那句“献给走过长夜的你”，感觉导演赛博拍了拍我们的头，说情绪崩塌未必是电影里参宿的原因，可是谁没有过自己的长夜，谁未曾感受过孤独，不管是否走过，这不是我们的错。
山东,后面确实感动哭了 但说实话 饭店那里真的没必要做的那么恶心乱七八糟的
江苏,最后反转才明白是小女孩濒死前的幻觉，用意是让观众忽略一切逻辑，享受荒诞混乱的斑斓梦境。但就算导演的野心是红辣椒式的想象力放飞，体验感依然算不上美妙，反成败笔。片尾漫画书似乎窥见导演献给业界的自白，但也正像海底的南河一样，苦思创新却端出一盆大杂烩，曲高和寡也不难理解
重庆,整个电影与平常看到的童话式电影不一样的地方就在，平时的电影，是经过大人逻辑和眼睛处理过的小孩世界，而这部电影，还原了一个小孩眼中最真实的世界，是零碎的，琉璃的，真挚的，梦幻的
上海,7.2 绝望如没入深海，共情于此。近期看过最为遗憾的作品。和《大圣归来》的全面平庸相比，这部作品在视效上获得了技术爆炸，田晓鹏按捺不住展示欲，硬是把一个本该意蕴深长的短篇作品，拉伸为长篇，却未填充更多坚实的情感表达，可谓扬短避长。在过于吵闹的台词、大段眩晕的运镜和让人眼乏的色彩轰炸里，叙事混乱、节奏失控，人物焦点游移的软肋暴露无余。《千与千寻》珠玉在前，一部奇幻和现实勾连的作品，真正动人的，必定不是过犹不及的炫技，而是缺憾的留白。
江苏,美术&gt;4，题材（儿童抑郁症）5，剧本&lt;3：开头节奏极差，进入深海大饭店之前的节奏稍慢都不算严重影响观感，进入深海大饭店之后节奏依然杂乱，观感很差；后半部分尽管动人，但剧情却有了更大的问题，儿童没有归因能力，会更直接地认为一切都是自己的错，抑郁症儿童轻生之后发现有人因为救她而死，在没有外界治疗干预的情况下更有可能觉得自己是错的，一命换一命是什么傻逼设定。原生家庭的影响，抑郁症治疗的重要性，太多深层的东西不去讲，哪怕真要想合家欢也不是不行，让救人的是参宿她爸好了，她爸也因此认识到自己的错误。整个电影像是厨师用了顶级食材，精心搭配了最好的配菜，但最后却做出来一道外面糊了里面还夹生的菜。
河北,这么好有啥可两极分化的？
河北,毫无疑问，深海仍然是一部不太成熟的作品。对静态画面美感的追求在强烈风格化的同时也削弱了导演的本分指责，也就是讲一个有新意有意思的故事，并且讲好这个故事。但是深海并不只是在用俗套的情节套眼泪，并且至少在本意上也不是用精美的画面吸引PPT爱好者前来拍照截屏。最能体现出导演功力的几个片段是看似杂乱无章的过场动画，镜头随着海浪和相应的船的摆动，同时追逐着情绪和旋律中不稳定的纹理，我们得以如微粒一样潜入屏幕中狂乱的和谐。但是讽刺的是，这些梦幻片段遵循的逻辑类似于MV，而非电影，并且这些片段对于故事的发展并不起决定性作用。从这点来看，整部电影就像拼贴起来的片段，没有以从头到尾的方式被对待，也没有以从始至终的方式呈现出来，而整个故事的诡计与这方面虽然相似，但却仍然是两种不同的东西。
云南,画面顶级，但其实一个人没办法从精神上拯救另一个人的，只有下沉，不停下沉。
广东,这不比大圣归来好八百个哪吒？遗憾之一是应该找一块亮一点的屏幕；之二是希望国漫编剧不要偷懒，好好写人物，动不动就套一个癫狂不羁的直男的壳，看得都要ptsd了。
湖南,电影前面2/3的部分简直让我坐立难安！一直让我在寂静岭和某些喜剧片中间切换。中间有些镜头甚至让我觉得有些恶心，上一次这么如坐针毡还是在看青蛇劫起！不过多亏了最后1/3的部分把全剧拉高了档次。但总得来说这部电影还行，但这种致郁题材的电影绝对不适合放在春节贺岁档里面，也很不适合在电影院看。把这部电影当作一个无聊时的榨菜就好！
湖南,工业水平很高，故事…………配不上这个制作水准。
四川,这导演和电影确实晦气
北京,这部动画就像一个人一样，只注重外表华丽，但没有品味。外表看似华丽其实很俗，没有内涵。故事性很差。
山东,画面炫彩，剧情稀烂，非常催眠。故事是一个完整的故事，但沉浸在自己的世界里，除了色彩美，既没有完整世界观也没有任何规则，没有驱动力也没代入感，杂乱无章，让人昏昏欲睡。就像字帖，每个字都很好看，但这些“美字”却都组不成一句简单完整的话。非常可惜。
陕西,春节档唯一逻辑自洽电影。剧情逻辑好歹顺圆了，隐喻基本能找到对应，儿童抑郁患者的绚丽破碎的精神世界，叠加一个陌生人见义勇为故事，男主还是很像大圣，嘴硬心软，上窜下跳。
广东,第一次在电影院哭得停不下来
北京,技术狂的一次视觉宣泄。画面极尽华丽，大量饱和的色彩，铺面而来的粒子，视觉上已经满溢了，是与饕餮一词最贴切的作品，也是春节档视觉上最绚丽的。但是这些奇观，也把影片的其他东西一并掩盖了。剧情本质上一个陌生人用生命拯救了一个抑郁症少女，其实是个很简单的事件，但用大量魔幻情节反映少女的弥留，这个手法也已经被用烂了，从手法上来说，本片没有任何突破，反而还略低于窠臼。
陕西,其实他这个电影很真实的，比如说像你这种比较幸福快乐的人呢没有像主人公那样患有抑郁症体会的话，是比较难以理解那种表达的情感和治愈层次的。但是他把抑郁症患者所有特别真实的体现在了每个细节上面，不爱请尊重谢谢[玫瑰]本来不是春节档期的是国庆节不知道为什么到春节了，整个电影压抑的原因呢是让观众们感受的抑郁症患者的难受，所以这个片子是让没有抑郁症的人感同身受理解抑郁症对抑郁症的态度做出改观，对抑郁症患者表示温暖治愈[玫瑰][玫瑰]其实是这样的
重庆,烂剧情 导演是ltp吗？ 小女孩幻想一个丑男人拯救自己
湖北,本片除了画面一无是处，之前的大圣归来我就觉得剧本不行，这么多年居然也没长进
浙江,用顶级特效塑造了一个由灰暗现实映射出的五彩斑斓之梦，故事非常简单，胜在叙事手法，用梦境与现实的对比让感情得到终极升华，如果是有过跟参宿同样遭遇，心有抑郁之结的人看这片会共情，后劲会很大。“快醒醒，散场了”原来全是一场梦，梦里才有南河，现实就是地狱。一只榴莲的《海底》跟《深海》是绝配。
云南,贺岁档第一，不论真人还是动画。各种触手系的黏兮兮，日式的满满当当，港片的超快节奏和县城菜场的打翻颜料盘，居然配在一起毫不违和，生动表达出抑郁症患者的心灵世界和热烈的求生意志。真正只能在大银幕欣赏的作品。要说不足就是配角刻画得欠缺深度，以及用欢笑来赶走丧气的主线太过简单化，不过瑕不掩瑜。
浙江,技术上没啥说的，中国对编剧的不重视就会是这样的结局，对电影题材所需容纳的信息量是完全没概念的，这是个半小时微电影的剧情，其他时间都是在炫技术，炫设定，仿佛在说，看我技术多牛逼，技法多高超，更恐怖的是，这样的剧本放在贺岁档，居然算还不错的了。中国编剧产业GG，还好本人润得快。
江苏,最先是被粒子水墨的精致画面震慑住，那是独属于中国动画的梦境呈现，完全发挥了动画电影的特性。然而，真正感动我的是故事内核——“希望你的每一次笑，都是真心的”，梦是五彩斑斓的，现实是黑白灰影调，深海是每个人的心海，在无限希望中汲取片刻的温柔。抑郁症患者总是在内疚，为了周围的人和事，大量消耗内心的卡路里，可以说是最最“温柔、体贴”的一群人了。与上一部作品相比，彰显了更多田晓鹏导演的作者性：阻隔梦境与现实的是银幕，在投影仪前手舞足蹈讲述的是自己的梦想，拥有“魔法”的是创作者，挑三拣四的是观众，“晦气”的是悲剧主题。不是每一个梦都得醒过来，不必要再讨论适合与否，反正太阳也肆意地吞噬星空。
河南,"从南河在窗子画上笑脸开始，泪止不住地流。
这样的故事，以后还能看到吗？"
浙江,后半段情绪被共情到泪流不止，那五彩斑斓且绚烂迷幻的异想世界太充盈了，深海是参宿的心海，南河是参宿的德米安，这里面积压了太多孩童时期的苦痛和对生活之光的希冀。这个主题在国产动画乃至电影里都是稀有的，深海值得。
北京,全程皱着眉头看完的，第一次看一部电影这么煎熬
陕西,知道团队的用心和艰难，但是太满了。过分溢出，不给观众任何喘息的机会，等到想要强煽的时候已经根本起不来了。
英国,三星全部给画面 到现在日本动画我只看过千与千寻 看这个故事就一个感受 太像了 是不是致敬不好评价 真不懂 但没跑的是 故事讲的稀烂  也没有升华的东西 最后全靠音乐和超清动画煽情 国产电影什么时候剧本能跟上来啊？？？
四川,乍看惊艳，整个故事充满了狂想与梦呓，夸张、浓郁、绚烂的画面，好像创作者也是喝了深海大饭店的疙瘩汤后创作出来的。起初以为是拍给小孩子的影片，表现孩子内心最深的恐惧诸如被抛弃、不被爱，渲染亲情之重要。随着南河的形象逐渐确立并高大起来，又以为是孩子和大人相互救赎的故事。直到结尾，童话破灭，从来不存在什么深海传说，从来没有相互救赎的童话，从头到尾都是参宿濒死前的一场梦，是抑郁症患者的自我挣扎。南河是他们自己心中幻化出来的希望，是对抗阴霾的武器，南河就是他们自己啊。正是这个看起来有些“幻灭”的结尾，让整个故事不再仅仅停留在春节档合家欢。希望每个抑郁症患者都能有“南河”陪伴一程，浮出深海，大口呼吸。
北京,这个故事没有故事啊
江苏,若是结尾在心跳声音长哔那里我可能会给满分吧。因为对于抑郁症来说，世界始终都是灰色的。但是我想努力做那个带你看色彩斑斓世界的小丑，因为我的南河把我带出那个灰色的世界了。我也想努力成为你的南河。
江苏,看完彩蛋，鼓励四星。过多现实梗的插入，填补不了故事本身的羸弱；色彩扑面而来的华彩，台下观众却只想喝碗简单的疙瘩汤。终于感受到，宫崎骏电影看似简单背后的动人哲思已经是陷入技术怪圈的国漫所不能努力的方向。即使投入最大的共情，导演就像南河画了个深海大饭店，片尾那一页页翻过，看到了那些创业辛酸点滴历程，也理性告诉自己，电影的价值不仅仅在于移情，而在于有所反思。
山东,"南河和参宿应该是同一个人，他们一样的梦境，一样彩色的伪装，一样斑斓的幻想，一样孤僻，一样被忽视，一样虚假的笑容，一个救生圈。
开头向弟弟做鬼脸的参宿，和在海獭动物朋友面前面目乱飞的小丑南河有什么不一样呢？"
北京,看得非常累，聒噪而喧嚣的音效和画面，戏肉少之又少，如坐针毡。绚烂的色彩能看出砸了不少钱，然而人物太漂了，完全立不住，以至于最后的十五分钟为了感人而感人的戏码让我毫无共情甚至还在麻木思索“为啥呀？”。这个初次见面就骂女主的小丑真的会奋不顾身去救人吗？那么多暗示明示，女主这么晚才知道丧气鬼是自己带来的，最后恍然大悟的时候我觉得简直就是在嘲笑观众智商。这逻辑没讲通啊！大酒店和人物的出场仿佛看到崩塌魔改➕丑版的《千与千寻》。所有的特效，都是要为人物和剧情而服务的，而不是为了华丽而华丽，而前者只需要一支笔和纸，后者可是要花钱一大堆渲染，希望电影人不要本末倒置。
上海,"1.田晓鹏导演的两部电影，我在影院里都睡着了（而且《大圣归来》是我人生中第一次在影院睡着）。他的电影在中段都有催眠的效果。2.技术层面，是惊艳的，但惊艳没有转换成叙事的力量，非常可惜。3.主题棒呆了，构思也棒呆了，结合电影背后的故事，令人肃然起敬。但是田导就是对“满”这个字缺乏足够的敬畏。讲故事讲得过于一厢情愿，可能一小部分人会有灵魂被触碰的感觉，但对于大部分人来说，还是有个接受度的问题。稍微接地气一点，稍微控制一下节奏，稍微“空”一点，不会伤害你片子的艺术品质的。4.以后别再拍3D了。"
北京,前半段很千与千寻，后面才看懂是心理剧
山东,南河一梦~
河北,很少有电影能让我几乎全程眉头紧皱，画面越华丽就越讨厌这不清不楚的剧情。最后稍稍升华了一下，原来是讲抑郁症小孩的，看来我最近精神状态没那么差，并不能懂抑郁症患者的世界。
山东,这辈子没看过这么难看的电影。抑郁患者通过别人自我牺牲式感动加上多笑笑就好了的假大空，就好了，根本心结没打开。就像春晚小品一样徒有其表，画面也晃眼根本没多精美，千万别看，浪费我人生两小时。
福建,7/10。连续不断的视觉流动将人卷进炫丽的色彩漩涡中，从阴郁冰冷的游轮、萌物拥挤的深海饭店到霞光万丈的海上晴空，快速变化的视觉空间很符合人物内心受创后压力紊乱的感受，南河面筋一样肆意拉伸的五官、喧嚣热闹的煮饭场面和喜剧动作，像大杂烩般堆叠的元素似乎会适合春节档的氛围，但叙事中心移到南河和参宿的关系建立上，就突然显得两人的情感联接十分薄弱，一个陌生人明明缺乏深层的动机去保护小女孩，还要冒死带她前往深海之眼寻找母亲（揭示自我身份），在参宿冲破海里放映机的幕布、被布料割破耳朵一段，既是参宿突破幻象（绘本、幻灯片银幕）达到现实的努力，也是导演在市场需求和自我表达之间的拉扯，最终显现出叙事调性的混乱，大场面的用力表现很难回归到温情小场面，于是突然的燃、突然的煽情音乐、碎片式梦境加雨天滤镜，成为应付的方法。
天津,南河真的太像童漠男了😐
福建,前一个小时觉得这眼花缭乱的拍的啥玩意啊，看到最后眼泪止不住的流。即便你确实是个丧气鬼，可有一天还是会很幸运的遇到一位南河，和你谈自己梦想的生活，一边嫌弃你笑得不够真诚不够开心，一边善意的告诉你不是你的错，你没有那么不好。世间有多少细小如麻，像一场大梦无他。
福建,假期最后一天，自己跑去看一场属于自己的电影
江苏,刚开始我以为剧情像《千与千寻》，但是看完后我发现是截然不同的故事……有过类似经历的人会更共情，希望每个深处黑暗中的人都能有一个拯救你的南河
浙江,美术设计和视效完成这方面是很值得一看的，如果有IMAX“梦”的沉浸感会更强。但是不推荐有情绪障碍的朋友，反正我是差点犯病。问题出在剧本上。现实中发生了什么一眼能看到底，因此需要在“梦”中解决矛盾。但是在深海号上，女主没有发现平时没注意的老金的温情或家庭的支持，没有想到日常中被忽略的愉快或生活的意义，她仍然只想找妈妈，除了麻烦和危险没给周围的人提供任何其他，从头丧到尾需要所有人哄着，性格上毫无闪光点可爱之处，南河说“不是你的错”，但剧情上的安排就是她的错。她的生活和心理都没有改变，怎么可能就这样度过长夜。可能主创者是代入南河的立场，但我是站在参宿的立场上看的，最后结束在她和南河一起走了我都觉得更好些，电影的结局窒息…PS：一个叫参（生）宿（锈）的人搭乘叫天狼星号的船，这算是有文化还是没文化不好判断。
河南,表层上非常暗黑，内核却十分温暖的、私人化的、不那么商业化表达的一部成人动画电影，甚至你可以说它是“反商业”电影叙事的，田晓鹏导演用超高技术水准美轮美奂的粒子水墨画式的视觉奇观，支撑起了80％的有明显反商业叙事的、不符合逻辑的人物动机所进行的冒险故事，却又在最后20％用相对高明且具有门槛的手法告诉你，故事的谜底和人物的真相，这种手法对已经产生共情情绪的观众的冲击是非常大的。这种手法类似于《穆赫兰道》，又像是《未麻的部屋》和《少年派的奇幻漂流》，《深海》在一定程度上完全可以利用精神分析学说和梦的解析进行细致讨论。总之很高兴，中国有这样一部可以叫板卡梅隆and具有超高技术水准的、作者化表达的原创动画电影，而不是深陷IP续集和神话传说的。
云南,特别像初中或者高中的我会写出来的剧本，台词太糟糕了，画面再精美也无法弥补的糟糕，令人如坐针毡。
山东,眼睛好疼啊，拍这种视觉污染给小朋友看，真的没人管管吗
江西,"A-. 其实这更像是一部文艺片而非商业片，在当下春节合家欢的文化氛围其实并不合适，票房和排片也诚实地反映了大众对于此类电影的态度——熊出没的票房居然都比它要高出2倍。
既然偏向文艺片，那它其实更加属灵而非强剧情，中国动画电影终于能有更多脱离神话体系而“剑走偏锋”的多元化叙事了，值得称赞。
但巨幅流光溢彩的心理世界，让野心很大的导演失去了对整部电影完整度与现实意义的有力把控而变得模棱两可；另外，「南河」这个人物我不太理解，这是一个对于小女孩有决定性与指导性的人物，不太可能只是对应于一个萍水相蓬的小丑卖家，我更愿意理解为是抑郁症女孩自救心理的内显人格。
最后，从各方面来说，我都会觉得导演非常勇敢，虽然再难见当年不思凡，但《深海》仍然值得。"
广东,"我觉得如果这是一部自我救赎而不是南河救赎参宿的故事的话，他值得八分。
并不知道导演真实的意图，一万个人里有一万个参宿，我相信所有的一切都是参宿的幻想，南河只是深海大饭店的作者。参宿编织了两个梦境，让意识中的南河救赎了真实的自己，但其实就是意识深处的自己救赎了真实的自己。"
重庆,很庆幸去电影院看了！ 它真的值得！！！ 错过十分钟前面没看太懂，中途大家都说各种色彩光怪陆离有一些喜庆，也没看出来，默默的被情绪拉扯进去， 同时感叹国产动漫的制作精良和一些传统的细节和色彩。            说到情绪，“晦气”“丧气鬼”“对不起”，就已经逐渐感受到了导演想讲什么，把这么细腻的情绪通过深海里流动裹挟的液体表现出来，最后现实和绘本的融合，明确了“抑郁”这个立意，突然觉得多了一点，但为了引起更多的关注，这个“多”又似乎恰到好处。可不在乎的人终究会觉得无聊，只有“丧气鬼”们会一遍一遍的回味吧。“南河”很勇敢，他说有光，推她回到现实，那一刻我一直摇头不希望她回去。梦境可能是我的选择，可如果遇到“晦气”我会选择当“南河”。从对不起对不起到谢谢。不是你的错，希望你以后的笑都是真心的
江西,现在都开始混淆故事不好和叙事性不强了，按个人观点，看故事有文字，电影院看视听，画面和声音可以直接传递情绪，而视听方面《深海》非常有力量，是绝对供给大银幕的产品。A面故事的情景和建构并非服务于讲故事和现实的逻辑而是状态和情绪，类似于《穆赫兰道》。之前点映说很多观众是看到最后B面故事而感动的，实际上B面不过是个简单俗套的故事，导演也并没有想多展开，A面的的劈海和作为高潮的闯入深海之眼比杨戬劈山有冲击力多了。电影完全做到了用最炫丽的色彩讲最低沉的状态，用重工业讲私密的人生体验。男主有点神似大圣和小丑和融合，女主人设和形象太单薄比男主差太远，从细节看审核前的剧情和现在剧情的AB面结局应该正好相反。
安徽,无力吐槽国产动画电影的周星驰情结……故事内核极其浮于表面 充满了无意义的炫技 在雄狮少年里就受够了脏乱差式幽默 到这部甚至一个剧情或人物的亮点都没有……还有参宿读成can，男主又不是和观众一样先看到文字，要玩梗也是谐音“生锈”之类的吧？😅只有海獭是真的可爱
浙江,从此南河就是我的大圣。导演，请继续
河北,既然导演知道你们做的是商业电影，知道回本的重要性，那就应该尊重市场尊重观众，不是说你搞艺术搞自我表达不行，但你硬要把故事核心留到最后20分钟，不看到结尾前面的剧情根本狗屁不通，作为商业片的剧本就是不合格。另外这个人设能不能讨喜一点？国产三维现在要么是整容网红脸要么是猿人脸，一个商业片学松本大洋干什么？球球你们做艺术之前先把自己本职工作做好行不行，别再拿着资本的钱任性最后又怨资本怨观众了，好好照镜子看看自己吧。票房不行纯属活该
安徽,前半部分看的坐立不安，为了我的电影票钱坐了回来……整部电影只有后面10分钟是有意思的😅美术倒是挺好
浙江,拿着顶级资源满足童年缺失了属于是，那么作者想要的是:千与千寻+周星驰喜剧+迪士尼运动规律+深海情结+星之彩?上春节档真的有勇气哦。人设做得很差，深海只有一个小丑老板+一坨辨识度极低的闲杂人等，老板的一举一动像是有那个大病，参宿，很难想象有人会给孩子取这个名字；看似精雕细琢设定丰富，实则叙事空间和镜头节奏都被各种虚焦前景粒子流糟蹋了；看似场面很多，实则根本就不连贯毫无可信度；剧情像是闷小孩田晓鹏和大导演田晓鹏的幻想被强行缝在了一起，哎，幻想中偶尔透露出的现实感让人扶额；台词插曲有种搞不懂受众的美；各方面都学点海洋之歌吧。很少打两星，意思是连我都能做更好😳。
陕西,精神层面与抑郁症搏斗？只可惜以此作为基石的故事并不成立！首先这是劣质的冒险电影，因为电影只是侧写参宿的想象世界，从而对她的幻想进行了全景式的描写，所以当然不能以冒险逻辑来理解这个随时受现实影响的幻想世界。可当真这个世界是以参宿为主体创造的？参宿少有与外部世界互动，我们未曾见到她与任何人建立真的联系。导演错吧幻想世界当成现实世界，甚至让参宿在幻想世界里承担了现实世界才应有的创伤。小女孩依旧保持她内敛的性格，没有获得成长。幻想世界不成立！这就是胡编的！从小女孩不明不白的跳海就知道了，电影没有逻辑！没有更深的情感脉络！所以电影最大的问题是缺乏故事，把大幕放到了艰险的海洋求生，电影中人物的所有话都是唬她的，没有人真正体察她的需要。抑郁症命题，给出的答案是极其轻巧的…
美国,3.5吧。感觉前半段太乱了，虽然特效很强，但讲故事的方式太散太杂。类似立意和场景的千与千寻、哈尔的移动城堡和少年派会好很多。
北京,田导，下次请找个好一点的编剧。与其最后通过几张画强行和解，不如一开始就把电影主题定为学会告别，让儿童学会主动结束一段不幸的关系是好事
广东,大过年的导演包了一盘揉合了红烧肉苦瓜巧克力老干妈馅的饺子，很有创意，吃得很腻，在被硬塞了几十个饺子快吃撑时，最后再端来一瓶醋灌你喝下去，然后你打了个嗝，感觉很不是滋味，怀着五味杂陈的心情走出了影院。
山东,"-妈妈，五一放假我可不可以去找你？
-改天。
-真的么？！！！什么时候？！！！

在默认的世界里改天就是不见，
可参宿相信却并开心了很久。"
江苏,"有抑郁体验的人都明白，那个时候如果不付出沥血饮泣，钻心彻骨的代价，就一定会毁掉所有珍视的东西，毁掉自己生命里的一切。然而正是这苦心勉力做到的「没有崩溃」，成为旁人眼中「矫情而已」「笑笑就没事」，冷酷无情的借口。

因此，尽管我实在很难接受导演的克苏鲁表达与对黏液的偏爱（以至于一度想要退场），但因为些许共情他的心境，也因为制作团队对迷幻多色的感知审美力，和每一帧微粒画面所投入的精力都是不属于这个世界的惊人壮举，《深海》值得最诚挚的支持。"
山东,画面很美，艳丽的色彩几乎充满了每一帧画面，像是看了一整场画展。故事方面略单薄，宫崎骏风格很浓郁。你说影片是对抑郁症的治愈吧，但是我开开心心的去看，看完却感觉不是很开心。用男主的死亡换回了女主的释然怎么看也不是一个治愈的故事。再就是为什么男主一定要画的那么像猴，一次两次的可以理解，次次这样都不觉得晦气么。
上海,画面厉害的地方是很厉害但怎么讲……如果技术不能很好的为剧情和情感服务的话，其实就很空洞欸。
北京,很失望，没想到拍成这样。开头结尾还行，谁能告诉我中间讲了个啥，看一半我就放弃了，就看导演怎么收尾了。
北京,“不再为别人而活”，“这真的不是你的错”，寥寥几语，有千钧之力，感谢每一位把我们救出深海的人。
山东,大年初一看这种弱智片，真的晦气😅
广东,"1、与小丑在开篇现实中没有铺垫好彼此的情感纠葛，导致结尾揭示梦境以后，小丑落海营救女主而死亡的动作缺乏情感力度。甚至在梦境中他们人物关系的发展也没有展现出双方的困境和救赎，小丑的人物形象是贪财，而女主在梦境中只贯穿一个动作——找妈妈，两者之间互不影响，毫无勾连，这是影片最大的问题。
2、很多人会拿《深海》的梦境历险与《千与千寻》误入奇幻空间作比较，然而后者是在冒险中成长，修补自身的个性缺陷与释怀。但《深海》的梦境在情节驱动上不起任何作用，也毫无意象可言。梦境的功能是什么？如果说是一个抑郁症女孩脑海中的光怪陆离，或是濒死体验，起码这些内容应是心结的解。作者既未对其深入到潜意识的挖掘，也未交代出它的情节功能和人物影响，与苏醒后的现实较为脱节。
"
湖北,可是南河啊，不会再见了，这事我想起来，还是有些难过。
河南,"父母失职然后路人救赎，够老套也够让我反感？
前期看的黏黏糊糊让我浑身难受。我贼讨厌黏黏糊糊的感觉。
画面美是真的美，就是我好久没看3d电影了，看得头晕瞌睡。
未成年人的成长确实值得无限关爱，但事实是另一回事了。"
广东,视觉，配乐，人文内涵，各个方面的国漫里程碑。将会是未来很长一段时间内，断档级的标杆。国产动画不要说超越，连接近的都没有。另外如果连深海的级别都达不到就宣传赶超好莱坞吊打迪士尼的话，那就是经济诈骗。
北京,拍的就是我。
辽宁,［1+］华而不实的色彩垃圾，丰富的影像有意义的前提是它要为剧情服务，可是深海的影像充其量只能说它构成了一个抑郁症女孩儿的梦境世界，而这个梦境世界却与女孩的内心世界基本毫无关联，唯一的枢纽只是一本连环画，这就导致这片子最大的噱头到头来就是一绝美的PPT企划。转回女主的病症，我不理解前两幕营造出一个令人生厌的形象到底是想要做什么，展现所谓平常人眼中抑郁症患者的形象吗（如果是这样那你也太自大了吧）？到头来真正快乐的人只会觉得无病呻吟，真正抑郁的人食之无味，感动的只会是假抑郁的国漫崛起者。还有男老板的形象，想要变成周星驰这么变是肯定不行的。最后揭示真相的时候，台词跟情节确实做到了严丝合缝，每一处都在好好对应，可是如果想要靠这个行活儿拿到高口碑还是算了，靠喊出来的大道理就只能是大道理，没半点儿子共情。
陕西,宫崎骏看了直摇头，不过他老人家从上美影衰落开始就对中国动画很失望，咱就是说没策划好大可不必拍，还浪费七年时间，七年干点啥不好呢
浙江,给可爱水獭。
甘肃,"小女孩找妈妈，结果找了个叔叔，然后终于开心了的故事？？
想表达微笑抑郁症，但这…能不能把故事好好做扎实，白瞎了这么好的画面。
"
山西,什么叫差距？请看一下 头脑特工队
江西,真的好后悔浪费一晚上去看这个。。。说好的后面三十分钟会很精彩结果除了恐惧的鸡皮疙瘩本没有get到电影想要表达的所谓的感动内核，感觉全是炫技和自我高潮、剧情也没讲清楚，人设前后矛盾，搞笑的部分更是没有，反正整个电影院全是此起彼伏的哈欠声，无语！
陕西,这剧就是为了折磨我
河南,初一满座，人太多排队迟到了十分钟… 现场不少小孩，结果小孩子没看懂，一群大人（包括我）看哭了！前面一小时有点无聊，后面有非常戳泪点的地方。色彩绚丽，画面饱和度过高，中间南河戏份太多，夸张十足，但挖掘并不深入（也许和动画的形式有关）。小女孩戏份较少，让最后剧情的转折略显突兀。也许因为小女孩是漫画中没有的，是电影改编加的？心理+奇幻的创意很好，题材新颖，小动物非常萌，难得的女主角冒险故事，立意也很治愈。编剧需要加强，几处煽情来得突然，打歌打的猝不及防。是一个风格独特，很有想法的实验之作，预计会褒贬不一。作为贺岁档，该片实在不是一部阖家欢乐的爆米花电影，观众需要有些耐性看到最后才能明白主创想表达的是什么，从美术看，堆叠的太多，看着杂、累。
福建,这部电影我看到了:重男轻女、单亲家庭、抑郁症……说出来大家可能不信，我其实做过和电影相同框架的梦，所以当女主在饭店的时候我就已经猜到结局了。这让我有一种自己的故事被放到电影院的感觉。这电影挺好，不仅仅有充满中国元素的水墨元素，还告诉所有父母:最好的教育是陪伴！
上海,《千寻》的带入感，遇到中式美学动画色彩，给予的视觉呈现不同的震撼。撕破第四面墙，告别幻想穿过长夜迈入现实，南河与参宿相逢的意义是在于彼此照亮，是为了互相成就的彼此认同。现实与幻想总是对比强烈，看这部片子有很多额外的感触，现实中就是这样，有许多平凡人生活的意义。
江苏,不知道是不是为了过审而删减了什么，中间的剧情有点跳跃和薄弱，但是人家底好啊…我真哭得稀里哗啦😢画面没得说，美得让我起鸡皮疙瘩…只能说，都去看…
内蒙古,低开高走但是仍然一星，强行煽情，狗屁不通，毫无逻辑，剧情老套，疑似抄袭
甘肃,看到一半想要愤然离席 不会讲故事可以不要讲 特效做的再好也没b用
北京,情人节在电影院痛痛快快哭了一场。
广西,今年第一场电影，新年的第一份感动。画面无敌，绚丽的色彩，极具空间感的构图。很高兴导演没随波逐流，跟随大家挖掘传统神话，而是把视线放在现实关怀的现代命题上。给动漫故事的版本竖立一个新方向，把国漫又推向了一个新的高度。如果购票一定要看IMAX版。
新疆,以梦魇或梦呓的角度看实在过于清晰了，感性体验和情绪当然是不存在的，但它吊诡或者不讲理的地方恰好就在这里：小景别和浅焦的混乱大半段是要剥落的、被舍弃的（故而难言「汇入」、难言拧成了一股情绪），却也因此让我难以去单独指摘这样一种经过了利用的桥段。当然，以统合的角度去看，整部片还是难言及格，只觉得是更像给人看的片罢。
广东,事实是，参宿就算死了，也没人为她难过
北京,这电影让我很纠结。画面和特效是极好的，非常适合去影院看巨幕。但剧情，个人觉得很尬。没啥气口，基本从头炫到尾；碎动作和分泌物多到让我心烦；从那鱼顾客说“六天七晚”时就能知道这故事的底，太明显了，所以没当初看少年Pie结尾时那种惊喜感。 最尬的是后边抒情那里，我主观上喜欢更细腻、实际、可以让我自己感受的表达，而不是打破所有幻想，试图用空泛虚伪的马后炮口号打动观众。首先我去看电影是为了看故事，不是为了看科教片听说教。其次这电影它没有消解痛苦，女主最后还是要面对残酷现实，还为此死了个人，痛苦翻倍。这才是真晦气。不如凤凰传奇版海底有力量。
上海,说它不好的人，大概是不屑于将千与千寻少年派盗梦空间抓来一锅乱炖的四不像，但参宿最后冲破濒死之境的那一组镜头，却是田晓鹏对处于困境之中平凡之人也能幻身成为英雄的理想。从《瀑布》到《深海》，触碰抑郁的题材总离不开水，这一带来隔离与分别的意象也正是生命之源。
广东,穆赫兰道上的千寻，主题也够深刻有力，只是中段太多粘液和呕吐物充斥银幕，观感略有不适。
江苏,"假如你不喜欢《深海》（它确实不适合春节档的气氛）或者看不懂，没关系，那只是说明你和它没有缘分，不必去打差评。但是请不要说“啊，画面好美技术好棒，可是我不喜欢这个故事/剧情不行”，因为这超现实极致绚烂诡美的画面，恰恰是为了它的故事服务的。正因为主角是参宿这样一个孤独而忧郁的小女孩，正因为她和陌生人南河的相遇，才让深海大饭店这段奇异冒险如此奇丽诡谲。《深海》作为动画电影，真正做到了是世界的但也是中国的。
"
北京,“要了大命。我开始内心毫无波澜，直到最后3分钟莫名超级大崩溃！哭到昏厥……”
浙江,他真的我哭死一秒塞一分钟的量生怕我看清像这个像那个 原创了一坨镭射大便！本片最大贡献深海恐惧症会多一个义项
江苏,永远年轻，永远给国产动画花钱，大过年上赶着被审美霸凌。剧本差人也丑，别扯什么画面惊艳了，再惊艳放几个五官乱飞的面条四肢的小丑人也是丑。看完朋友说我以为那个男的是小丑鱼，我想是吧，毕竟嘴巴那么大☺️
上海,煽情部分又差点被煽吐了
广东,完全超越期待。。。完败过去十年看的全部迪斯尼。。。就不是一个维度的。。。最后三分之一简直。。。不剧透，推荐。
江苏,别以为结尾一个小反转就升华主题了，所有人物，要么极度扁平，要么过犹不及，一秒能做十个动作100个表情，就像我想喝碗白粥结果逼我吃完一桌满汉全席一样，太“满”了让人觉得很油腻，剧情也是很常见的反转，重组家庭、抑郁症、姐弟…内核无趣，表现形式油腻，真无语了。哦，还有一个，男主丑的像个脑瘫智障想让人一脚踹死，嘴巴大的仿佛裂口女，丑到极致了我艹妈的，动漫都要向下兼容是吧，丑男去死
江苏,五彩斑斓的“梦境”，让我反复打盹三次。人物剧情的单薄，只剩下画面的炫技。人生需要钝感力。当你抑郁的时候，看完这个真的能好吗？还是更丧了？！
内蒙古,太痛苦了！太痛苦了！抑郁症守恒定律，主角被治愈好了，我看完抑郁了，全片只知道堆砌华丽硅藻的特效看得人生理上想吐。
北京,"作为一个重度动画业余爱好者，和一个强烈心怀国漫崛起愿望的人，这是这几年我给中国动画电影打的第一个五星，也是这几年我觉得中国难得的动画电影六边形战士…近几年中国动画技术是大家肉眼可见的走向牛逼，但是依然“苦剧情弱久矣”，不过世界动画电影基本上都困在剧情篱藩里…但是深海，真的把故事做的很完整，把深陷抑郁的意境与自我意识抗争的情感体验做到极致，剧情与情感链接十分充分

另外让我极度喜爱的，是粒子水墨效果的视效成功，作为一个骨灰级热爱水墨画风的人，我一直都私心希望中国动画电影不要一味追求国际接轨而丢掉原有文化精华，感谢田晓鹏导演做出来的这美轮美奂的画面，让我热泪盈眶仿佛看到了中国上一代动画人的灵魂与求索，有幸参加映后导演互动，希望以小小的五星作为支持，不敢讲激励，但衷心期待田晓鹏导演继续这样走下去"
江西,尴尬的春节档。奇幻叠加自我感动，真心不好看。不及同题材的千与千寻、寻梦环游记
美国,剧情稀碎呀，画面像春运火车上的编织口袋，人物嘛，讲抑郁症，根本没有向内的表达，反而每个点都在加深其刻板印象。痛苦不等同于软弱和妥协。影视作品里很多南河这样的角色，古典叙事里的拯救者。可是，为什么不是女性呢？对我来说，生命中予以慰藉和光亮的只会是也只能是女性。
山东,宝可梦3D龙事件知道吧？首先说这片子这样用颜色满屏粒子特效丁达尔，就像一个刚拿到新玩具的小屁孩全都堆出来放在一起，幼稚；其次所有的画面人物情节设定都应该是服务于内核的，也就是我们说的讲故事；最后，感不感动自己心里没逼数吗
安徽,"真正意义上的好作品。
在我心里可以打到8.5。
导演抓住了我们曾经受过的那些伤，按住了我们想离开这个世界的冲动，献给每一个走过长夜的自己。"
广东,不适合儿童也不太适合大人，你要说是给抑郁症孩子拍的吧，会不会反而加重病情？
上海,有多难看呢？昨天看过的朋友预警后，我毫无期待的去看，但还是没忍住在看完后和徐老师骂了半小时。我真的不敢相信这竟然是大圣归来导演的作品…7年…退步的让我瞠目结舌…我到现在都记得那时候我们在彩蛋里看到不到5秒深海的预告后有多期待，等了几乎快两年。上的就是这个东西？？？这些年我们也算是看了不少烂动画，哪怕当年那个开摩托车的哪吒都比这部好得多。我真的很不理解中国动画为什么会走到这步，明明我小时候它们是会说故事的，徐克的小倩不香么？再绚丽的美术和特效都无法掩盖故事内核的空泛，什么时候才可以不喊口号？为什么一个因为父母离异的小姑娘，她的抑郁症需要靠一个陌生人牺牲生命来治愈？父母不用做任何事，抑郁症不用就医，只要随便死个陌生人就可以。看似关注重男轻女青少年心理健康，但为什么女性依然要靠陌生男人来拯救？
广东,如果生活里没有欢乐，我们就要做自己的小丑–少女参宿的奇幻漂流。苹果壁纸的配色美学确实惊艳，大过年的看这花花绿绿的也喜庆，画面绚烂，剧情稀烂–太多《千与千寻》的影子了，太多慢镜头炫技的画面了，太多莫名其妙的感情转折了。看南河说话的表情和肢体语言，我怀疑是把大圣的模型脱毛了直接拿过来用。别再吹自己的cg特效有多少个粒子了，不如统计一下剧本改了多少稿吧！
河南,画面挺好看奈何剧情太拉垮，如果不是结尾交代了一下，中间根本看不出来讲的是什么，还有人设的问题，不够立体，小女孩从头到尾哼哼唧唧，真让人着急，没有爆发力。最喜欢南河这个人设，原画动作设计的不错，就是有些地方的节奏太快，还有一点是小人物的塑造没顾上，从头到尾只是背景墙，本来感觉海獭挺可爱的，但是除了在旁边卖萌就啥也没了……可以看出场景投了很多钱和精力的，但剧情的说教太多，看到中间都有点困了，感觉中国动画的发展至少还得再需要20年😐
安徽,前面晃到眼花，后面哭到眼瞎
江西,影片快结束时，我听到后排一段这样的对话：“怎么了宝贝”“妈妈，我有鼻涕”。
湖南,服了。。情节怎么这么烂，真的白瞎了画面，后期刻意煽情，尬到人脚趾扣地。看睡着了，电影院又冷，火气好大
湖南,最后的最后，还是在梦里，南河对参宿说，“这不是你的错”。然后梦醒了，谁又会来告诉我们，这不是我的错。
湖北,在流媒体上看完了后1/3，感觉有救到前面。加一颗星。两个少年派漂了一个千与千寻的流——主线大概就是这样的。我们的动画技术已经这么好了呢，什么都可以做到，但是有些不节制，特别是在大银幕上，很晃眼睛。
广东,形式大于内容
北京,做了那场去深海之眼的戏 首先我真的不明白 好好的“梦魇”为啥最后要被改成“丧气鬼” “海精灵” 弄得调动画的口型都做完了 一遍遍重改重渲 最后很多镜头口型都对不上。。其次 叙事上的缺点是非常明显的 角色的悬浮 动机的不足等等 但说实话 我非常能理解 一个长期压抑的导演终于有了权威 要开耍的那个状态 三维宫崎骏 三维水彩 这种让人听了直摇头的美学诉求 参宿的原型小演员在设计启动前几乎实拍表演完了整个剧本。。哪个动画电影项目敢有这样奢侈的要求？这种宠爱是会给长期困于短缺的人 以错觉的 我的五星是希望中国动画圈 能真的越过这种缺爱的成长阴影 让有作者性的导演不要再沉浸在自怜自艾之中 不要为了证明自己正确 一将功成万骨枯 把项目往慢性自杀的路上带 没有作者性的导演 也不要为了证明自己懂事 而一味屈从
河北,为了炫技而炫技的电影。情节和剧本糟糕。各种煽情不知所谓。
河南,中间四十分钟的剧情太混乱了，只能说故事讲完了而已。三分两分给特效，低分可能怪我共情能力太差？
北京,正月初二上午去的，我和孩子包场了，幸好一开始就很厚道地买了两张票。画面很美，甚至华美过头了，以至于有些晃眼。虽然是完全不同的故事，但人物关系依稀能看出悟空和唐僧的关系，尤其是南河这个角色过分卡通化了，缺少了很多维度。故事毋庸置疑是好故事，最后的底催人泪下，只是前面铺垫太少，对参宿的塑造也太单薄，让后面的转折略显生硬。是一部诚意之作，值回票价，可惜用力的地方有点本末倒置，画面特技渲染过头，人物和故事相比之下明显逊色得多。
河北,从来没对中国动画电影这么失望过！
广东,"昨天我想说，格局低了。今天我想说，太烦故弄玄虚搞什么隐藏情节了，你这个情节都没表述清楚，就想搞隐藏情节？既要、又要、还要，是自恋的终极幻想，这会把人逼死的（轻则抑郁）。如果改成，丧气鬼最后缠住了小女孩，然后，发现，其实没什么… 不然都能想象，家长会吓看过电影的孩子:再哭，小心电影里的丧气鬼来抓你"
天津,不是我的菜。以下全主观：1- 色彩很棒但杂，画面制作用心了但不符合美学审美。2- 叙事都不知道该说啥了，说意识流那叫抬举，故事本身太简单偏偏又用超大超空的表达方式螺旋转着弯的架起来。3- 人物建模是真看不顺眼，包含那些海洋生物。4- 就个动漫咋冒出来那么多饭圈一样的粉，弹幕优越感十足的夸还容不得一点不好和质疑，严重影响观感。
江西,【B—】乖巧懂事是装出来的，笑容也可以是假的，孤僻的底色染上深海的印记，大海中的一叶扁舟也会有人呼唤你的归来，视觉冲击对部分人来说是污染的，运动场面的执行糟糕到无法有清晰的时刻，前四十分钟的高密度信息量一团直塞，关键行为的逻辑动机不明，但当最后揭密时刻到来的时候，那些粗糙的、笨拙的、差强人意的高速场面汇聚同一个情感落点，什么都可以是假的，差劲的，但是真诚是真的，对创作者来说最为宝贵的品质，我觉得田晓鹏可以是一个“狡猾”的导演，但他同时也是一位温柔的导演。
湖南,非常喜欢。制作水准上应该是国产动画电影的巅峰之作了！
山东,垃圾。。。上次我看大圣归来就睡了一个小时，要不是同学聚会才不来看这垃圾，想模仿千与千寻和哈尔的移动城堡的心思好明显，哪怕你模仿的好呢。。一坨垃圾，一个小时一个完整人物没立起来故事一塌糊涂
湖南,把我人哭麻了。真好啊，中国有自己的《千与千寻》了～
上海,不值… 不值票价…以及为小丑不值…看得想跑路，画面真的是精神污染，好多地方真的很恶心🤢 与无名并列本人2023最难看电影，导演先学会讲故事再来炫技吧
北京,少女参宿的奇幻漂流。除了尘光粒子这样叫人拍手称快的工业进步之外，也不再看到什么原创性的尝试。也可以说，在壮美且短暂的视觉奇观挤压之下，任何元素都是俗套的。
四川,傲慢和偏见拉满，用3年筹备特效，用3天写剧本，气得我写了个影评来吐槽马德。我哭只为了那个带感且抒情的音乐，刻意渲染的气氛，和狗屁剧情没狗屁关系，很久看一部电影这么愤怒。你讲的是抑郁症？你讲的是你心里那刻板且偏见的抑郁症，靠。
广东,不是每个孤独的孩子都会在绝望的时候遇见自己的南河，但我仍然期望他们都能穿过幽深的黑暗遇见属于自己的光…ps：加一星给我那不值钱的眼泪吧
河南,国产动画像走进了另一个极端，每一帧都好看，组合起来却乱七八糟，让人看得头昏脑胀。
江苏,妈的，浪费时间
四川,疗愈，要勇敢，片场各种CP抱着哭
浙江,南河，那是小丑的妆容，也是大圣的脸谱
北京,剧本是春节档里最差的一个，完全不讲故事全靠视效撑起全片。
北京,一套完整的3D美学，最喜欢的是出片头的部分，没有任何剧情的画面直接让我热泪盈眶。剧情没有那么不堪，挺有想法的母亲形象（。最后等着看看美术和分镜的名字，结果边上两个女孩看我这么笃定等在那儿以为有彩蛋，对不起啦宝贝们，staff表就是我要的彩蛋呐！
浙江,绚丽的色彩由粒子水墨呈现美到失语 最后20分钟眼泪没有停过 但是抑郁症不是牺牲另一条命就能被治愈 最本质的问题没有被解决
江苏,我不知道审查对这片子造成的伤害有多大，但现在端出来的实在是个残次品，叙事太成问题了，前一个小时如坐针毡。后面那一截跟奇巧计程车一个模子里出来的，但我不知道能不能管它叫叙诡。
江苏,还是那句话，在画面技术上已经不输给别人了，但是还是需要好好打磨一下剧情。
江苏,"忙完终于有空看了深海，过年第一部电影🎬。深海之下还有深海恐惧之内还有恐惧。丧了吧唧会吸引丧气鬼。人生就是一场冒险，有无数惊喜等待着你，可不要错过了。正想吐槽它结构有些散了。然后就被拉入狂哭不止四十分钟。这是一部写给抑郁症患者的电影，作为一个单亲家庭长大的孩子，我不想说原生家庭有罪论，我不再提父母皆祸害，我只知道我会竭尽全力不让自己成为祸害。像《深海》《心灵捕手》告诉大家的一样“那不是你的错”。我会努力有一天站在那里，不需要任何人，成为自己的英雄，直面恐惧本身。
共勉23年4.4重刷，依然哭的死去活来，这次不同的是，哭着哭着就笑了，可能是我又长大了一些"
湖北,感觉国产动画技术不断在精进，讲故事的能力还是不行。
辽宁,前半段感叹于色彩的绚丽，后来才明白原来是女孩的想象，一切就豁然开朗，可能只有童话和梦中才会有如此的色彩斑斓。
天津,一星给3d特效，海面飞鸟都不错。故事没有逻辑没内容，人物没前后关系。 最后十分钟开始解释都是啥。要是停在心跳停止也行。最后还是he？人物没有小脑走路跟喝多了一样。而且为什么人都画的那么丑？？大年初一看了垃圾浪费时间！！！
内蒙古,打低分的你们对得起南河吗😭😭😭😭😭😭😭😭
辽宁,好看啊！真的好看！不知道为啥那么多人为了黑而黑……无语了
陕西,后劲有点大……真是一个五彩斑斓而又沉重的梦幻。
重庆,"四星，其中一星是鼓励国产动画跨出舒适区，它叙事是有些问题的，这是一部情绪叙事的电影，所以不是强叙事的故事，如果带着一种要看强逻辑的线性叙事去看会觉得依托答辩。这电影可能会亏本，相信多沉淀一些年，可能口碑还会再涨一点，这种两极分化恰恰正面了目前整体社会的健康，应该感谢那些健康家庭美满暂时get不到的人，因为社会的和谐基调也要靠这些人，同时也要感谢那些“丧的人，因为他们的存在才能怜悯共情弱者。
  月有阴晴圆缺，人有悲欢离合，这电影在某天一个不太愉快的状态下翻看时，或许曾经有些get不到的人又会品出新的东西。"
上海,不知道被迫修改前的故事是怎样的，但至少目前的故事甚至连抛出来的主要矛盾都没有解决。父亲对待孩子抑郁症的方式是拒绝承认，告诉你长大就好了；经历了一切后，女主角学到的“道理”仍然是“要发自内心的笑”。在无法突破中式亲子关系框架的大前提下，这种“成长”根本算不上成长，所以片尾通过绘画作品表现出来的和解就让人很摸不着头脑。或者说，我们中国人的爱不过就是“要么我愧疚”“要么你愧疚”？
福建,Really？加一星给用力过猛的视觉，剧本真的一塌糊涂，如坐针毡不夸张，怎么能有一个剧本没有一个地方是对的。
陕西,"关爱抑郁症孩子 一个绚烂的梦 一个悲剧动画
视觉特效顶级 电影主题感人
人生要乐观前行 "
北京,记住了一些非常绚烂迷幻的画面。然后，虽然但是，南河的脸设计得也太过于不堪入目了些……
上海,出了影院朋友就开骂了。我个人的体验是，打了五个哈欠，睡了半小时，醒了又打了三个哈欠。我作为半个外行能听到的是非常工整的配乐，应该是西方音乐教育体系下训练出来的，几乎没有民乐元素；我作为完全外行看到的是非常绚丽、well-balanced的配色构图。我相信这应该是个非常不错的班底花了心血做出的片子，可是这是个没有说好的并不引人入胜的故事，而电影最终还是要落到说好一个故事上的。女孩的恐惧没有找到好的出发点、着力点，让人难以跟着她入戏、难以与她共情，混乱的成长推到莫名其妙的高潮，以及奇迹般的救回一命与家庭和解然后呢？退一万步说，就爱穿显眼的红色卫衣一点这种疑似表现型人格，和我所认识的完全不愿意暴露内心想法强颜欢笑的抑郁症真是有很大差别，结尾小女孩的鸡汤，每一句都是那么无用而堆砌，让人不禁想问她得的是抑郁症吗？
广西,"千与千寻+周星驰式电影人设+少年派的奇幻漂流，故事在最后翻转和揭示是牵强附会，过程极度的绚烂换取极度的空洞的杂糅。
主段落画面纯炫技的眼花缭乱，内核是落水者和见义勇为者的救赎与被救赎之旅，剧情片面与人物的单薄撑不起那么大的野心，反而显得臃肿。内心的重要一道坎可以改变自我，重要的是死亡本身对参宿所产生的化学反应，是一个升华的彩点，但没有延展。
缺少剧本的创意，有太多其他作品的影子，配音问题很大，特别是南河。不加节制的炫技是可怕的，七彩斑斓画风很像夜店的霓虹灯，逐帧堆砌趋于廉价和俗气。音乐铺的太满，结尾的过度煽情陈腔滥调。
优点是国内优秀成熟的3D技术，开头的海底世界非常夺目。体现原生家庭对个人心理成长的影响力，普遍家长对孩子抑郁症的不接受现实的逃避心理。重组家庭的矛盾和痛点。
"
黑龙江,演了一场梦、梦里五颜六色。希望你的每一次笑都是真心的。
法国,看了42分钟，弃了。动画特效不错，剧情太渣了。
浙江,有点意思，但个人想要表达的东西太多了。而且不是很认同真实的结局，会觉得好没意义这样子做
上海,能看出导演想做国版《千与千寻》的决心，但是强行尬笑和强行尬哭的剧情设置就很无聊，女孩的配音也有气无力的，听的难受。当然，该夸得夸，画风真的美，3星吧，希望国漫能够在剧情上多打磨打磨，不要浪费这么强得技术班底。
马来西亚,哦原来南河最后挂了啊……dbq依然是没有剧情主线支线故事，配角甚至除了咋呼造型夸张之外完全不能让我记得，不清不楚搞到后面一股脑把梗倒出来，有反转有恍然但不多，前面一个小时半多在烧显卡吗？一直在吹的画面和崛起依然像国王的新衣，从大圣开始吹，到哪吒到雄狮到深海……没有叙事没有叙事没有叙事，别吹立意隐晦深度了x100。抑郁吐槽的点喷的都很在理，主创是看多了营销号情感文章吗？为了突出戏剧性，我建议你不要用中年男子，很油腻很爹味很自我感动，不厚道一点但是效果好一点，用男大学生。留守儿童考上高考状元，大一新生年前回家义无反顾挽救抑郁少女，天妒英才少年亡，少女战胜抑郁重获新生，心理咨询门诊以后建议给病友放一段深海。能不能把钱花在买好点的剧本上?这故事像高中生写的高分作文。
湖南,想哭就哭，想笑就笑，你不用再为别人而活着。
北京,辣鸡
广东,画面很美，但是前半场满脑子想的只有“为什么她可以自由潜水！”“这是千与千寻吗？”直到最后终于呼应到开头的“原生家庭之殇”，一部拍给父母们的动画电影，以及那些仍然不愿正视心理卫生的人们
湖北,画面很美～
江苏,故事也许乏善可陈，但作为一个曾经的业内人，粒子水墨动画的技术属实惊艳！！希望能用这个技术做出更多出色的作品。
江苏,画面精美，情节混乱。
福建,高估我自己了，边看网课边两倍速刷电影，最后半小时还是看哭了。电影视效音效都不错的，就是剧情差劲了些，感觉不是在讲故事，而是在把一个人的情绪可视化地抒发出来，观众如果找不到共鸣的话，会很容易觉得这部片子无聊，我也是快结尾才看进去，剧情部分真的很需要加强。
北京,希望你的每一次笑都是真心的。
北京,明明自己也吃了很多苦，却见不得别人吃苦😭
上海,不错的童话，画面很好看，但既然要在开头以一种客观的视角突出家人对主人公的（严重）忽视，在结局就很难圆回来（出一次事故并有幸被救，就能解决父母对她的忽视问题和自己的抑郁症吗。。？）可能我过于悲观，但我是不相信的
英国,唉？
上海,不如预期
福建,不如把天空之城和千与千寻再看一遍
北京,剧情太拉了。感觉电影一致想弄好看的镜头画面。剧情空洞到不行
黑龙江,剧情emm，表演浮夸，美术不错
北京,画面真的绝美，叙事上还是有些遗憾。
北京,剧本其实确实有点平常但是很戳人，但说实在的，就冲这个美术就必须四星以上没开玩笑
浙江,边看边哭😭，不过后面感觉平淡一点，整体还是蛮喜欢的，画面是真好看
浙江,画面五彩斑斓，人物表情灵活，肢体夸张，一个充满戏剧化的绚烂的梦。/“我说这是谁呀，这么不高兴？”“给你变个魔术吧！”/哭的稀里哗啦，呜呜，我感激于他人善意的援手，也期望拥有自救的勇气。
重庆,讲真，一直看到结尾，最让我意外的，是开头那只小动物坐着火箭，本来以为会高速发射，结果火箭只是摇摇车的那个广告……
广东,不太喜欢。不否认色彩和画面是很好的，但剧情实在是让我看不下去，就像一场梦，用碎片构成
天津,过分追求画面质感和颜色了，在电影故事上的把握不够。
广东,前面一个多小时看的一脸懵，不懂要叙述什么，只觉得画面很美，但是然后呢？小孩子真烦人，一直招来丧气鬼……直到最后几十分钟，才明白原来这一切经历都是假的，参秀因为抑郁跳海被南河救了，那些经历是他们在海上漂泊的时候，南河为了逗参秀一直讲的故事，是一场梦，可是最后啊，南河死了…不过幸好参秀好像已经走出来了…嗯，“我知道 有的时候 这个世界看上去是灰色的，不像梦里那么五彩斑斓，可是，就算是这样也一定有一些光亮在等着你，哪怕 只是些很小的瞬间，也值得你努力活下去”，希望你今后每一次笑都是真心的！！
浙江,就成心恶心人呗，无处不在的痰盂，唐氏儿童，眉眼乱飞的表演，还有最受不了的，一如既往一惊一乍的台词和浮夸的配音。唯一能看看的也就是那点美术设计了，不过那些漫天飞的大鼻涕确定不是某种变态审美，或者险恶用心？
湖北,画面太绚烂多彩了，浓墨重彩，剧情一般
广东,无厘头，倒叙的感觉很糟糕。
北京,"预告片起鸡皮疙瘩了，希望别拉胯

2023.5.7确实没拉，挺好的"
上海,"每个人都会经历或长或短的暗夜吧？夜再长，也会有光亮起来的时候。有个人能牵引着自己走到那一刻，真的很好。
愿每一个笑容背后都是笑本身😊"
江苏,后面哭死
上海,听上去好像童漠男最近咋了歌一遍遍听电影看完也是看不明白得再来遍
河南,真的很不错，最后一段，我哭的不行，没人爱的宝宝要自己爱自己呀！南河真是嘴硬心软！太感动了！肖战推荐的电影真不错？画面也好看！太美了
湖北,故事真的写的稀烂，即使是动画人物表演也是浮夸且幼稚。
山东,很值得一看，内容很好
北京,太棒了 画面故事都很到位 左右催泪的部分也很到位 女孩越说对不起越让人难受 挺好 把故事对准抑郁症的孩子 画面真的绝了 太好了
福建,就像一个，很长很长的梦
河南,前半段看的迷迷糊糊的，后面才觉原来如此啊，前面有很多处伏笔。但是还是看的好难受，坚持不住前面的就不想看了。
重庆,"一切如梦如幻
又真实"
四川,没有在电影院看，但上线后马上在电视上看了，本来是慕名而来，初看感觉制作水平的确不错，视觉效果很好，但很遗憾并没有看完，因为对其剧情的内容和人推进，又的确没有提起兴趣来，所以在电视机前，很难像在电影院里面坚持到最后，所以就本片而言，视觉可以给四星五星，但剧情只能给二星三星，综合下来给三星吧。
四川,好美。以及，美好的童话和美好的结局。
湖北,不好评价
湖北,不好看，只有特效，故事好无聊
上海,前30min有点看不懂，差点弃了……到参宿给深海大饭店打工的部分有点被氛围感染到，画面很美，音乐很美，结尾的剧情也很感人。
重庆,我真没想到我儿子会那么喜欢，本来我没有看懂，我儿子解释后，再看一遍以后我好心疼啊，原来忧郁症的人心里是这个样子的，好痛苦啊，希望他们都能健康快乐。
上海,特效很好看  剧情无力吐槽
云南,还不错，很好哭，但是有点零碎
四川,"超级感人，动画效果非常好，关爱自闭症儿童，强烈推荐，可以自己的孩子一起观看，教育意义很大

"
,"这是一部关于自我救赎的动画电影。参宿和南河的相遇是参宿想像和梦里发生的事，但现实中，小丑南河确实是救了她，牺牲了性命。
为什么电影里没有让南河活下来呢？活下来不是更完美吗？但现实就是这样，很残酷，在深海里，人类的力量不足一提。
作为孩子，妈妈好像真的是自己的全部。小时候的我也是，但是我妈妈去世得早，所以我自己比别人更坚韧。现在成为妈妈了，我也成为了他们的全部了。总是对自己说，要让他们健康快乐地成长，要让自己健健康康的，孩子没了妈妈真的是超级可怜的。
电影的最后给了参宿一个最好的结局，并不是她妈妈来找她了，而是她接纳了她身边的人，包括她爸爸继母弟弟同学，最后还有一个跟她一起开心大笑的男孩。"
广东,"很精彩啊，颜色，场景，意向都很好。很精彩。哭是肯定要哭的。能感受到导演和编剧想要传递的想法就很好。"
浙江,画面还行，结尾有点感人，其他很一般
广东,故事叙述比较浅比较平淡…画面很美
北京,请珍惜生命，不要牵连无辜
江西,画面很美，颜色太艳了，电视上看还是可以接受的，故事讲的稀烂
四川,梦幻的深海世界，是一场极度奢华、瑰丽无比的心灵之旅，视效和画面张力绝对的“超新星”级别，完全不输好莱坞！
福建,希望每个孩子都能被善待
广东,看了二十分钟看不下去了，剧情不知所云，人物怪异异常
湖南,后劲很足。
江苏,to be honest我有被冒犯到，结局给出的算什么solution啊？
山东,画面很好看，但是剧情不太喜欢，人设我也不喜欢
重庆,跟铃芽之旅你俩造个奔子
北京,"水墨粒子技术革新带来的画面是精致华丽的，但少了直击人心的力量，只能说我和这个故事没有缘分。不过看完后挺想要《深海大饭店》的绘本。
又是一款entp救赎infp的故事。"
云南,画面很美 剧情真是依托答辩
陕西,立意很好，特效不错，可是所有最重要的东西，故事，没有讲好。
陕西,个人觉得想表达的内容还可以，但是故事节奏设计的不太行，虽然说是用凌乱的叙述暗示是梦境，但是故事太碎了有点影响观看
江西,画面很美，截图了好多张。到后面才看懂，原来一切都是梦，看影评才看懂，原来南河是真实存在的…有泪点但不多，算是深海版小蝌蚪找妈妈？
北京,确实不如两个人一起走了，讲个相互救赎的故事。上哪来这么一个陌生人巴巴地单向付出？
上海,好听的小白船
山西,童话在人心。
安徽,处处是宫老头的影子，叫做《参宿与南河的移动大饭店》也不是很合适，中间差了大概10个波妞。
上海,画面是做到极致了，这点有一说一，但是制作方真的缺一个好的架构师啊。故事的起承转合，从一开始想要把小女孩赶出阴曹地府，到后来又要把她留在船上，缺少一个很强的动因；人物的设置，加入海象人代表她的父亲和后妈，那前面塑造出来他们的令人讨厌的形象，又和幻想世界里有亲和力的形象不符，好吧你说这是小女孩希冀的应然，但应然和实然混在一起多少让观众有点懵逼。好吧你又说这是濒死体验或者梦境，什么不合逻辑的都是合理的，那么为啥今敏的梦境大游行虽然怪诞却又让人觉得有内在逻辑。我大概明白制作方为了呈现那些不舍得剪去的精美画面，牺牲了叙事节奏，使得很多情节都成了废笔，比如人物每说一句话都要换两三个动作，整个船内世界的大场面也不需要每个东西都在动，所有的枝枝杈杈都不被修剪，导致观众难免会失焦。另外，找几个好点的配音吧。
河南,七分吧
浙江,粒子水墨果然名不虚传，确实绚丽华美！
广东,坚持，一定要坚持，可以打败丧气鬼，可以看见天空不仅仅是灰色，也可以是五彩斑斓！！！
安徽,希望我的每一次笑容都是真心的
广东,深海和天空都为蓝色，有光才会五颜六色～
安徽,克苏鲁外形的海精灵
湖北,想哭
陕西,用1080k的画质看，用杜比音效感受（电脑好像不行），真的是场视觉盛宴。有人说没有逻辑，我看到后面也明白了，可能是参宿的一场梦，可能是作为抑郁症患者自己的世界，无所谓逻辑。参宿生活在典中典的家庭氛围里，一有事情就会先觉得是自己做的不对，内向的女孩看着很普通，可她一点都不普通，普通人遇到海难就是海难，参宿却构造出来了深海大饭店，网上也说，南河作为老板，鱼是衣食父母，这样掉进深海的南河就不会被鱼吃掉了。还有她这个剧情逻辑真的好像我之前看的喜剧大赛有关海盗的那个故事。总之稀里哗啦，为南河难过。
上海,儿童有余，成人不足，片子给谁拍的没想好，索性动画效果不错，姑且六分以资鼓励
福建,这部做的真的很赞！看完心里久久不能平静，感觉真的有被小女孩的情绪感染到，特效做的也很好，我们国产动画电影会越来越好的
四川,不错
江苏,前面日常情节写得很尴尬，食之无味，美工踩着编剧上班。后面的创意力挽狂澜
吉林,妈妈走了，她觉得是因为自己不够好。或许是这样内归因的方式，才让她陷入抑郁的。电影给出的疗愈方法是，让这个世界上唯一爱过她的男人，为了救她，牺牲掉。然而她是会带着爱，还是愧疚感，继续生活下去呢？这很难说。
浙江,前面有些无聊，但是后面半个小时很好看
湖南,美术方面人才太多了，缺少好编剧。
广东,画面很美，国产动画前途无量。
比利时,最后反转挺好的。南河😭
江苏,蛮治愈的一部动漫作品！
浙江,真就照搬生死停留是吧，抄的还挺仔细。但是一坨答辩！答辩就是答辩，五颜六色还是依托答辩！扯什么抑郁症，恶心死了，喜欢这片子的人注定审美低级，观影量极低，简称，根本没吃过好的。
广东,这才真的配得上一句国漫崛起。好美的梦啊！
浙江,花了几天时间看完了。画面很好看，音乐很好听，剧情一般。
山东,好看
上海,"辛苦技术人员了。
补完就庆幸当时忍住了没往影院里冲。曾经以为国动不行是因为穷，每次都愿意为这份情怀贡献自己的力量，但是看完这部深刻意识到，它有钱了依旧是不行，毕竟好故事不是靠钱砸出来的。请导演们先认真对待故事本身吧"
四川,冗杂的镜头动作画面特效，配上一个人偶般毫无个性的主角，扭曲无逻辑的故事，我抑郁症然后一个小丑为了我死了我就开心快乐过新生活了？唯一能说的画面又像是疯狂叠滤镜加入大量绚烂色彩使人审美疲劳，找不到主次，整场浑浑噩噩拍了坨艳丽的大便。
青海,剧本毁所有。。。就这种结局，女孩儿大概率更抑郁才对而不是走出抑郁了，就是一个正常人，在这种事后都可能变抑郁了才对。。。
广东,挺失望的，立意很好，但故事苍白无力，托不住，特效也用过了，会有视觉疲劳。
河南,如鲠在喉
上海,赛博垃圾
浙江,画面好看，剧情稀烂，被朋友拉来的，他看了十几遍，厉害👍🏻
重庆,色彩斑斓的童话
青海,画面很美，小歌子不停的哇哦哇哦哇哦，可爱死我了
上海,节奏偏慢，我还是喜欢皮克斯的动画风格
湖南,看之前听说是关于抑郁症的，画风虽然是明丽的，但是后面确实是有点抑郁的感觉。
中国香港,如果每一个yyz的（暂时性）康复都需要牺牲一个乐观有趣的灵魂的话，那么照我国这yyz比例，乐观人怕是死不够。。。给小孩看吧，话题又太沉重也没笑点，给大人看吧台词又挺幼，水墨画面和最后的漫画加一星，但照这基调就算再绚丽也完全笑不起来。剧情看到开头就能猜到结尾，真不如俩人一起噶了
浙江,所有的一切在那一刻才明白，眼泪止不住的流
四川,7分吧 比大鱼海棠还是好看很多吧
贵州,我很喜欢
安徽,于2.7观看，好难看！画面的确精美绝伦，可惜剧情以及整个电影就是一大失败！混乱的剪辑手法让观众甚至在“丧气鬼”第一次出现并且入侵船体的那一幕高潮中，完全不明白具体发生了什么事情，一整部影片放映完对“深海大饭店”的整体还是一无所知。整个故事都让人看得一脸懵逼，1/5
广东,视觉疲劳。
浙江,"前半段以为是奇幻冒险，后半段才知道是生死时速
在明知晦气，丧气鬼，海精灵，魔法的隐喻下，还是被导演的叙事和表达手法弄哭成了狗，故事结束才发现还有好多没发现的暗示和伏笔，皆是刀……
希望不论是想看震撼画面的观众，还是想看成熟严谨故事的影评人，都能对待这部电影多一些宽容，毕竟不是人人都有抑郁症，毕竟不是人人都有拯救自己的南河，毕竟嚎啕大哭的人总该是被哪一点戳到了心窝里了吧……虽然不是你，但有可能是我……也希望所有像我，像参宿的人从此都能找回真心的笑。"
山东,对不起，我觉得结局应该更“残忍”一点，对不起。
广东,"听过一首歌叫《再见南河》很好听
电影剧情一般。"
浙江,深思，感触很深
辽宁,三星半吧 哪里都好的动画 画面色彩 动物也够可爱 这个剧情点 晦气丧气能get到 但是我雀食共情能力差了 只有南河最后在海里说坚持那段触动了下 
北京,丧了吧唧的动画片儿穿插着可爱墩墩，光顾炫技不看剧情了吗？剧情太拖沓…总之，在动画界真烂，弱用真人拍，更烂！
马来西亚,南河形象好像脱口秀演员童漠男 连声音都好像
江苏,。很喜欢短评的一句话：一坨五颜六色的屎
江苏,全程吵眼睛
浙江,1.画面好满 眼睛好累 2.杀我别用南河刀
广东,最后哭的不能自己！非常走心的一部电影
上海,色彩很美，动画还是很流畅的，情节还是有很多硬伤，动画片剧本深入浅出是真的很难写啊
江苏,特效惊艳。只是剧情有些沉重
山东,原来一切只是一场梦，可救你的那个小丑他是真的。一直对女儿毫不问津的妈妈突然就关心起她了，连她生日都不记得、不舍得付心理咨询费的亲爸和后妈突然就对她关怀备至了？结尾的团圆毫无必要。中间一个多小时的剧情都挺迷的，是我知道这是幻想，但这幻想可看性太低，学学今敏吧！色彩绚丽，特效好看，但先用心把剧情做做好吧。
江苏,2.18看
北京,开头就不喜欢，看到深海大饭店眼前一亮，以为是千与千寻那种呢。实在是高估了错付了。根本连故事两个字都不会写，还是早点儿洗洗睡吧。
湖南,这年头，电影都看不懂了，整个下来不知道电影的主题是什么
河北,画面很美
重庆,前半段一头雾水，主打展示了一场美术的视觉盛宴～后半部分瞬间各种细节闪回呼应起前半段情节，一身鸡皮疙瘩，难过十分…
广东,好牛逼的片子。在深海大饭店的那一段真的像我的梦境一样，乱七八糟的，所有人都不像是在走路，一蹦三尺高，一个画面迅速到另一个画面
新疆,有的时候 这个世界看上去是灰色的 不像梦里 那么五彩斑斓 可是就算是这样 也一定有一些亮光在等着你 哪怕 只是些很小的瞬间 也值得你努力活下去
四川,抑郁症和深海窒息应该很贴切，要融为一体，给生活换一种希望，才有了这个故事吧。
辽宁,很美
江苏,这是一部属于世界的作品，不必理睬自家的吵闹，它终究光彩！
上海,画风看到了宫崎骏结合梵高。表层故事是一次颠簸导致的小型海难。里层故事是一艘海上饭店伺候食客中讨生活。穿插小女孩与小丑大叔满是谎言的羁绊，人物塑造不丰满，非抑郁症患者很难产生共情。
甘肃,国产动漫的崛起，看的太感人了，非常喜欢这部动漫
北京,★★☆ 再次证明第一次的成功只是蹭到了国产二次元大top罢了。
广东,儿童恐怖片
湖北,"引人深思的动画电影
没看懂，每次要转场了，不好过渡就黑幕。"
江西,南河有点像蓝色妖姬😏
广东,同样是找妈妈，同样是动画，我觉得法国的《海洋之歌》则给出了另一个更好的故事版本。深海画面美术真的到顶了，无奈故事剧情跟不上，像宫崎骏的动画片，我们是先欣赏故事情节，然后深入挖掘画面的唯美之处，而不是反过来，本末倒置。
北京,比较惊艳的一部国产动漫，画面美轮美奂，已经可以跟日本不相上下了吧。故事到后半段才逐渐看出来全貌，一切都是小女孩的梦境，但是梦境来源于残酷的现实……
河南,"希望你今后的每一次笑都是真心的
也不要否定自己"
重庆,故事比较单薄，好在画面特别美，色彩很丰富，如果故事质量再跟上就好了
安徽,这部电影真的需要沉下心来慢慢感受，我们好多人都在用一生在治愈不幸的童年，有些时候我们自己拉自己一把。
河北,因为动漫人物形象不喜欢一直没有看，只感觉很色彩很绚烂让人眼晕，今天看感觉梦境好像少年派。感动于参宿和陌生人在海上相依为命建立的情感，濒死时候有一个互相鼓励彼甚至为自己而牺牲的人，一直被忽略的人才感觉到被爱，生命才有了重量。参宿为了抓住南河的手奋力冲破那个布，脸部被挤压、皮肤被划伤，让我很恐惧那块布，感觉它和红色鬼一样都把抑郁时那种被裹挟窒息、无力感展现得很贴切。没有抓住南河的手，这时心跳检测仪传来急促的滴滴声，就可以结束了。参宿死掉的话会更好吧，这样就和南河互相守护了啊，怎么可能在病床上想着南河、小丑男的牺牲而病危，又幻想着他对自己的鼓励突然就活过来了，抑郁症也治好了呢？那可是一条好人的命！抑郁患者无法承受之重吧。。。反正是消费抑郁症不如直接消费到死好了。海底世界很魔幻很好看，喜欢。
广东,前面100分钟都看不懂，后面突然爆哭，参宿好让人心疼，一个人受尽那么多委屈
浙江,看了大半段了一直没懂讲的是一个什么样的故事，很后半段了才发现是一个悲伤的故事
辽宁,开始有点混乱没咋看明白，看到后来被深深地感动，南河不羁的外表下一颗善良强韧的心让人泪目，所以参宿终于摆脱了泥潭阳光快乐的生活
福建,"前半海洋版千与千寻
后半兄妹版泰坦尼克
前部分画面色调用的很大胆，说是深海不如说是下水道。吃饭的时候看的有点恶心。
总体画风惊艳，特别是结尾的定格动画"
内蒙古,结局是为了过审吗？两个人一起嘎才是真正的解脱，参宿怎么可能会因为南河的牺牲而得到救赎，抑郁症的光从来都不是来自于外界。
山东,画面值五颗星了，虽然前三十分钟看的有点迷糊，后面逐渐清晰还是把故事圆回来了。有点感动但不到泪目的程度，画面真的很棒，色彩绝了！
福建,坚持看到了最后的翻转，才决定给出五星，很好看，前面梦境的部分过于长了
四川,好看好泪
北京,太晃眼了
河北,从画面制作到叙事 国产动画可以有的实力 南河作为陌生人的温暖和背后没有挖出的故事，掉泪了
北京,故事薄弱 但画面真的好漂亮
江苏,确实不是大众向电影
上海,这故事讲得一言难尽 二星给特效
四川,一分给画面，一分给海獭
河北,看不进去，原谅我，把奈宝都看睡着了 我真应该去打帮战
河南,题材不错，画面很美
黑龙江,场景真的是很震撼，后面的特效做的特别好。但是我打个四星，因为这是一个挺抑郁的素材，抑郁的人看了更抑郁，不抑郁的人可能有点代入不进去，但是总体来说挺好看的👀
上海,贺岁档，补标。
江苏,"好奇花了七年的电影，做的怎么样。
画面瑰丽，做的很用心。故事讲的一般。"
江苏,题材不错，但剧情感觉有点问题。
天津,有一次家里来了个阿姨，谈话聊天中忽然因为我的一句话板起脸，教育我说父母把你养大，应该懂事听话，尊重父母，这是她一个人的想法，应该也是大多数人的想法，在父母和子女的关系中，父母永远是对的，做出来的事讲不出道理就是为了你好，所谓好孩子要听话，有时像是一道枷锁，锁住了孩子的思想，让他们把所有的事情都怪罪于自己，却又找不出错在哪里，父母是伟大的，但是伟大也会犯错，这种不审视自身的傲慢应该被重视起来，电影讲刺激，讲场面，讲唯美，讲动人，这部电影让我看到了父母与子女关系中的现实问题，这种问题不是少数，不是个例，理应被社会中有力量的声音提及，这部电影做到了，单凭这一点，它在我眼中就已经是一部非常优秀的电影
河南,画面确实美，色彩使用非常冲击眼球
河北,光画面就值3星，但光靠画面支撑不起一部电影，并且画面看多了就审美疲劳了。剧情方面刚看的时候觉得很多地方都是抄袭的，看完之后发现还是加入了很多自己东西的，与其说是抄袭不如说是模仿和融合。如果剧情能再好好打磨打磨，把时长浓缩到三四十分钟，绝对是一个满分的作品，肯定不输爱死机单集的水平。可惜还是院线长电影更赚钱
江苏,美术组可以把编剧的轮起来锤
澳大利亚,幻象不是理由，做梦也得讲些逻辑
江苏,家庭的温暖对于有些人来说真的可望而不可求，失去妈妈的小孩脆弱敏感，有时又必须坚强！开头，小女孩在新的重组家庭里显得那么格格不入，有爸爸，又仿佛没有爸爸，真的令人伤感！
广西,有时候，这个世界看上去是灰色的，不想梦里，那么五彩斑斓。
江西,和班上学生一起看的。感觉和爱乐之城一样，看到最后才感觉到这个电影的伟大之处。把一个救人英勇牺牲的故事讲得如此充满色彩，不错了。多笑笑，逃离晦气。
福建,好吧看到男主的建模就知道不用往下看了
重庆,是那种无法共情也好哭的电影
辽宁,用画面来撑，感受大于内容，主题的创建浮于表面，实在遗憾。前半段过度扣押信息耗散兴趣，台词缺乏节奏感，对话技巧不够，如果能再打磨一下呢。
广东,生活里的参宿要好好的，自己救赎自己
上海,三星半全画面，故事太单薄了
广东,是好电影，但这个抑郁症的主题放春节档确实不太合适。前面大半段的梦境，初看确实还是有些不好懂。
广西,"因为知道是抑郁题材，所以我觉得前面的内容一开始就看得懂。剧情相当简单，我觉得这片主要表达的是情绪（抑郁的人的视角，情绪反应）不是内容。反正我一个不算抑郁症的抑郁人士很能共情（赤裸裸的表现出我的抑郁，轻度）。最后的结尾就当是制作团队的美好愿景吧。
之前看预告不知道题材时，看到那么绚丽的色彩以为是个开心的，看了才知道越绚丽越抑郁。
我觉得这剧不值得推荐。因为抑郁的人看了会很抑郁。不抑郁的人看了可能就觉得莫名其妙看不懂（比如我朋友）浪费时间。"
北京,因为两极分化的评论一直没看。幸好，还是看了，没有错过一部好电影。喜欢
贵州,前面看起来是有些无聊，但是看到后面越来越上头这是真的，每一个人都需要被关爱。
北京,"线上上映之后立马在b站看了，但是看了一半没有看明白在讲什么，感觉好遗憾
然后感觉美术 不是很喜欢"
北京,陆续看了春节档这几部，满江红还是正经讲了个故事的，其他的，都太文艺了！
辽宁,对“可回收小垃圾”的敬重😊
贵州,适合家长去看，多关爱陪伴孩子
江西,跳着看完，故事内核还是想描述再生家庭对原生小孩的伤害，看来看去就是一部色彩丰富的寂静岭味儿
河北,视觉盛宴
湖北,千与千寻加少年派的奇幻漂流，关于自我救赎的故事，可惜不如前者那般奇幻浪漫，缓缓到来。希望每一次笑都是真心的。
四川,感觉看到了双方都努力奔赴和救赎的美好
广东,中间设定一度觉得没讲清楚，不过我看到后面某种角度上也可以理解了
江苏,还可以的
山东,哭死我了
湖北,有些画面是美的
辽宁,有点一言难尽……南河的死真的让人意难平……凭什么啊
湖南,画面是美的，就是剧情有点不太好
