上海,原来在你们的世界里才过了4个月
上海,《灌篮高手》里让我印象最深的两句话，一句是安西教练说的“现在放弃的话，比赛就提前结束了”，一句是井上雄彦在画完《十日后》说的“人生本来就有很多事是徒劳无功的”，这两句话陪我走过了很多年，一句在迷茫时用来加油打气，一句在失败的时候安慰自己。 30年过去了，故事里的少年仍是少年，而我已经成为了他们眼里的欧巴桑。Time waits for no one...
日本,2022年，在神奈川的电影院看灌篮高手。看电影途中流的眼泪大概有一半是，“啊，我终于走到了这里”，的感觉。
北京,我们宫城真有男德，他视角下的彩子：美爆了；他视角中的晴子：土肥圆
日本,最后十几秒，电影院全场寂静无声，没有音乐，没有台词，只有画面快速闪回，直到最后一个球落网，两位大冤家史无前例击掌，音乐响起……电影的魅力就在于此。
天津,十几岁模糊的脸 九十年代的夏风 什么也不会带走
中国澳门,好！想！大！声！说！爱！你！！！
广东,全国大赛从高三等到三高
日本,人在神奈川，影厅几乎满座，今年少说看了几十部院线电影了，这一部是体验最好的。我不知道为什么湘北vs山王这样一场知道结局的比赛能展现的这么好，宫城完完全全的主角，整个片子的节奏感，脚本，人物运动的张力，音乐都是顶级的。画风完全还原了井上后期的写实感。宫城良田和哥哥的剧情，和三井的恩怨，樱木最后绝杀之后和流川枫的击掌，包括“我最光辉的时刻，就是现在”的名场面，眼睛的水龙头就没拧上过。但是前后左右全在擦眼泪擤鼻涕，我也放开了。最高！
北京,井上一直都想要的就是这种风格的动画吧。动作真实流畅，很多镜头仿佛比赛录像一样。但是和漫画比起来表现力差了很多。紧张感和冲击力都变弱了。可能这就是漫画和 3d动画的次元壁。不管怎么样，最开始就是从动画接触这个作品。能再看到这些人动起来，真是太好了。
日本,不是“剧场版”，而是“电影”！
江西,我最光辉的时刻，就是现在了！
四川,流川枫，全片唯一一个拥有下睫毛的男人。
云南,山王战，以宫城为主线交代身世背景，很凄惨。3转2真的特别别扭，虽然给了比赛大全景，说是参考真人打球，但反而不如漫画分格的动作流畅。也没有了以前的BGM，流川枫戏份很少，最后出现在美国的居然是宫城和泽北，其他和漫画差别不大。即便这样，还是感动得泪流满面啊😭。
日本,前后排的中年男人跟我一起爆哭！这是最好的湘北呀！
陕西,"看到开篇流畅的画面，我都想好给10分了，但是真的剪的太碎了。
我很喜欢宫城良田，我也不反感说良田做主角，看之前甚至很看好良田的视角，因为良田确实是队里最像普通人的，而且没有太多说过良田的背景。但是，故事开始之后，真的不行，良田的这个故事，要么一笔带过，要么需要更多的笔墨，现在不咸不淡，很不舒服，而且这样的穿插，导致比赛很不流畅，我更多的共情是来自比赛的，每当我就要情感上来，热泪盈眶的时候，回忆来了，我情绪也断了。
而且，以樱木为主角，所以才会有结尾时的热泪盈眶，现在换了主角，就，，，，情感真的上不来。
单把良田的背景故事拿出来，或者单把和山王的最后一战拿出来，都是很精彩流畅的故事，但是把它们组合在一起，就不那么可以了。
"
上海,人是活几个瞬间的
日本,在影院里泪水完全止不住
广东,虽然已经是好多年前的事情了，但还是被一点点带出了回忆，好一阵感动。尤其开场那个OP，从草图到漫画到动画，就是一点点成真的感觉，太帅了！其实各方面各角色基本都照顾到了，有热血，有感动，也有很搞笑的地方。而且，能看出井上雄彦相比当初也更成长，想得事情也更多了。最终，这不光是找回忆，这是灌篮高手电影版！
重庆,哈哈哈，什么破彩蛋🤣
江苏,没有樱木的表白，没有经典的主题曲，没有电车的十字路口，没有任何动画原片的闪回。这片子要拍到你热泪盈眶真的太容易了，我能想到的100种煽情方式，导演一个也没有用。他要你记住的是他的电影，不是你的情怀。仅凭这一点，就足够肃然起敬。原来青春落幕时，也可以不煽情。
广东,井上雄彦真的要感谢情怀粉，整这种高燃比赛穿插苦情回忆的手法。。我真的不理解，看得人不上不下的，回忆方面的话煽情吧又没煽到心底里，还不如主要煽情刻苦训练方面，次要煽情家庭惨剧。比赛是真的贼精彩！有一些进球的表现力比名场面击掌要好一百倍，还有就是把流川枫要去美国的戏份改成宫城去美国，井上你真的不觉得离谱吗？165日本选手去美国打职业赛？？
日本,这部叫宫城良田的灌篮高手也不足为过吧，我的青春无悔！
重庆,看个枪版都把老子看哭了！3D转2D的画风真香！动作太流畅了！这就是井上心中SD最完美的呈现吧！！！
河北,秒杀新海诚是毫无压力
日本,坐标东京。感觉自己青春完整了。把一排男人女人哭成泪人。全场鼓掌谢幕。热血又感动。太棒了，没有之一。但是还是要吐槽几个点1.宫城一家戏份实在太多。2.流川枫和樱木变成了跑堂，戏份被宫城一家抢光。3.晴子画丑了不是一点点！
湖北,"我是来看热血番的，
不是来看宫城良田的
家庭创伤自我疗愈录。"
北京,最爱的宫城主线的SD，我居然看不到[泪]原计划国内同步上映，我可以在今天给中学时喜欢的男生（那时身边认识的人只有我们两个喜欢宫城）发条短信，因为我在30岁清空所有好友时把你也一起删除出了我后半段人生，这个再联系的机会也没有了，我[悲伤] 
日本,我的印象可能还停留在动画片那个很热血很搞笑的风格，但电影版偏写实风，没有太多的心理描写和情绪渲染，比赛中途又插入了太多的回忆片段，好不容易积累的情绪一次次被回忆打散，看完感觉怅然若失。
江苏,这画风也太塑料磨皮了，把井上雄彦厉害的排线全都省了，糙汉子体育生秒变美肤小鲜肉，球员就像业余时间都在做医美一样，难怪宫崎骏要坚持手绘风，还有，晴子的原画是伊藤润二吗
四川,宫城良田的身高，真的可以去美国打球么？！
广西,"看完了，DNA一点没动甚至一直在玩手机。
画风太烂了赤木晴子怎么会画的比赤木刚宪还丑啊救命！
节奏也好烂！前几天别人说宫城是主角我还不信！觉得可能是危言耸听，看完了确实无语，人还是得听劝🥹（谁在乎宫城的过去啊！你在乎你自己去看别来杠我）"
贵州,我觉得电影不是满分电影，但是除了5星我开不出其他的分数。
北京,"
电影删掉了几个关键画面，比如樱木倒下晴子从观众台下来樱木回答她四个月前的提问，你喜欢篮球吗，我是真的喜欢。
流川对泽北那一句“我要去美国，现在就去”也删掉了，当然因为流川成为配角他的铁三角啦啦队るかわ三人组也理所当然的没有了。
樱木对战小河田下蹲那个成长的名场面也不见了。
最最遗憾的是流川枫的王牌配音绿川光也不配了（他都客串了黑子的篮球的对家主力）。
我其实一直很喜欢良田，他和赤木是最典型的我热爱我付出我胜出，不是流川这种离家近的王牌，不是三井这种我想打篮球的MVP，更不是樱木这种四个月就能在最精彩的战场可以贡献Buzzer Beater的天才，就是最接近我们的普通人，越紧张越要绷住，越要无懈可击，好勇敢呐。
成年人的快乐很少，但是谁会拒绝SD呢。"
北京,仿佛一觉醒来，男朋友还是17岁，你还来得及告诉他，最珍贵的不是天才，是单纯
广西,井上雄彦好厉害啊，二十年过去了，他一点儿也不讨好我们，依然用了他自己的创作节奏
吉林,光看这大电影你会感觉良田并不是井上的亲儿子，而是他亲生父亲。井上啊，你是欠了宫城的，漫画中的湘北五虎属他的戏份最弱，个人故事线最不完整，但你也没欠这么多啊。况且给亲爹新补的故事线也太鸡肋了，太狗血了。激烈的比赛正在进行，不时强行植入一段宫城往事也太扫兴了，太拖节奏了。
北京,支持井上按照TV风格和漫画剧情再加上老BGM重拍一遍的打1
江苏,"一部超一流的热血动漫里插进了一部《丧兄少年如何与家庭和解》的伦理文艺片，每次球场戏把你激情燃烧起来的时候就会来段冗长且不知所云的文艺戏，让你降降温。
所有新剧情都是糟粕，所有的精彩都是原著。还不如老老实实把漫画影像化，b站up主做得都比井上雄彦好。
只能感慨，当年的井上有多才华横溢，现在就有多江郎才尽。"
山东,出木暮视角才对 献给所有努力的人
日本,泪流满面。
中国香港,说看到泪流满面的你们有事吗…
浙江,原来在你们的世界里才过去四个月
北京,不可能为了情怀就闭眼打五星，真的很烂！！！谁家正经电影会在半小时的比赛里插入一个半小时的宫城良田青春疼痛回忆呀？？一到比赛关键时刻就回忆，节奏烂得仿佛在看国产偶像剧，后面变本加厉随便一个慢镜头就又陷入回忆……尼玛退票！！
云南,为什么要在比赛的时候穿插回忆啊啊啊啊啊！就和尿不尽一样！尿一半憋住了，尿一半憋住了！早晚给老子搞肾虚了！
浙江,这个时代不可能再有的明亮。
上海,这两天生活反复告诉我，逝去的就随他而去，试图紧抓不放重燃热情的结果，大抵就是满心失望，甚至想骂娘。。。
北京,明知道知道结局还是会为夺回的一个球脱口而出“Yes”，会在比赛的最后一分钟里和主角们一起心跳加速，不用依靠回忆杀也是很精彩的青春运动片了！（但回忆杀能加一星）
北京,emmm，我觉得不好看。我对原著漫画太熟了，熟悉到每个动作每个台词早就刻进脑子里，所以看到比赛节奏被撕裂，尤其是“神奈川第一守卫”前的撕裂式回忆，很失望，真的很失望（我个人也不太喜欢家人去世才让角色得到成长的桥段）但别人问我，我依旧是推荐的，首先它画风极好，基本上满足我对全国大赛的所有想象，然后我巨喜欢宫城的后续情节，我一直觉得如果湘北有一个人要去NBA，必须得是心智成熟的六边形战士宫城良田。电影还有一个加分项，如果你懂篮球，这部电影里的篮球彩蛋绝对带来额外的乐趣。但确实不适合我这种既不看篮球又对比赛节奏要求极高的人。我带着31本书的记忆去看的，只想看湘北在全国大赛里全员从能力到精神状态上的蜕变，不想在比赛高潮处共情过去的伤痛。以上。
江苏,我真的不在意宫城良田，这比带资进组。 一到回忆就想换台。
河北,好好的叙事打山王的故事就很好，加了一堆没有共鸣的剧情真的很难入戏。
北京,看完电影才发现编导就是漫画原作者井上雄彦，难怪如此高品质。动画保留了漫画的笔触，以新视角代入成长故事 ，湘北五虎全员上场，让新老观众都能宾至如归。球赛场面出奇地惊人，彻底抛弃了很多体育电影都爱用的赛场解说，完全通过最直观的动作和打法，让人身临其境，感受力量、碰撞、呼吸和汗渍，尤其最后一分钟的无声段落静得不可思议。整个观影过程，都能让我感受到它用心设计过的分镜，画面流动如行云流水般自由。
湖南,这种燃中带堵的剪辑形式到底谁发明的 
日本,好多地方都省略掉了。如海南和鱼柱等等。新声优比想象中的好。。除了安西教练。最后一分钟绝了。
云南,突然意识到，为什么全片女性角色只有彩子漂亮——因为这是宫城良田视角，他疯狂迷恋彩子，全世界只有彩子最好看。
河南,那段无声的片段是最好看的
山东,全国大赛，最好的湘北，我果然还是更爱三井。井上雄彦作为原画分镜很好，但作为监督动画节奏把控得一般，漫画才是山一样的存在，不过，那又怎样呢，不妨碍我在影院热泪盈眶，这就是热血青春。p.s.不愧是宫城良田视角，彩子比晴子画得漂亮多了
湖南,一个球一份来自宫城的回忆要闹哪样？明明异常精彩的一场比赛愣是被这无聊的回忆切割成齑粉，我是过来看比赛的真不是来看宫城宗太的，请好好钓鱼，不要影响我看比赛可好？整个上半场居然一笔就带过了，我小三的镜头呢，得分王不比宗太香？所以这电影的第一男主真是宗太？下半场河田美纪男怎么突然就登场了，好歹给点交代啊，明明宗太都给了那么多铺垫，美纪男就这么不配？然后，鱼住呢？鱼住不出来赤木是怎么悟的？良田回忆宗太还能让赤木顿悟呢？再然后，仙道口中的“北泽”呢？这名场面都不放出来，仙道都不如宗太了？还有，樱木的“我是真的喜欢篮球呢”？天才樱木都只能给宗太当配角了？所以，宫城宗太你到底是谁？有这功夫真不如连播两场比赛，打丰玉不比看宗太打少儿篮球香？真挺失望的，除了配乐我找不到亮点，给三星的唯一理由只剩情怀。
江苏,宫城的剧情不熟悉 一场球夹着宫城的回忆 本来燃情的回忆剧情 搞得很丧 失去亲人  说实话 我的灌篮高手 有樱木有流川枫 有三井 有赤木有木慕 就是没宫城 真的一般 动漫的主题曲也没出现 
日本,除了赤木晴子画残了，没有缺点
日本,确实有非常非常多的遗憾，比如我多么想在电影院里听到《君が好きだと叫びたい》但是一直等到彩蛋出完也没有出现。初恋情人流川枫的戏份也少的要命！但什么让我还是在一分钟的静默里飙泪了？是青春啊！是青春啊！
中国香港,片子本身不用说了，就是拍五个人打麻将我也会认真看并且看到号啕大哭的……配乐一上来就是为我们中老年量身打造的金属😭比原版曲子更燃😭谢谢井上雄彦的坚守，篮球的魅力，体育的魅力，吉他摇滚的魅力，一切团队活动的魅力！哲学层面的常看常新！
浙江,这游戏画质，和没内涵的流水账式剧情。何德何能对得起这期待。一句话，山王战本不该以电影表达，这载体太小，容不下，漫画里8成的戏份没表达，但聊胜于无，毕竟山王战61话的漫画，按2-3话转1集的动画转化率，也得有20-30集，区区一部电影，看个鲜，闻个味，精髓一点没
辽宁,“樱木同学为这个球队带来的是抢篮板能力和毅力，宫城同学是速度和触觉，三井同学虽然曾经走错了路，但仍拥有智慧和宝贵的武器，流川同学有的是爆炸力和争胜的斗志，还有一直由赤木同学和木暮同学撑着的根基，把这些加起来的话，那便是湘北了。”——安西教练
北京,燃炸了！没想到如此有创造力，以一场球赛为主线，不断穿插往事回忆，滋生出饱满且丰富的情感成为主线比赛的燃料，不断把情绪推向高潮。很开心听到熟悉的声音，依然爆笑且可爱的笑料，节奏完美，绝佳的视听和调度（分镜）技巧，原作粉一本满足。坐等二刷。
广东,拍得大气又老练，56岁的井上雄彦当然不满足于单纯复制一个他20多岁创作的故事，情节相同，内核却不同，他真的爱每一个角色，走进了他们内心没有触及之处，赋予了其更多的淬炼和成熟。宫城的故事讲述的十分内敛，是井上这些年创作风格和内心状态的映照。而比赛部分又将井上曾经认为不可能动画化的漫画分镜，极尽酣畅地呈现了出来。最后半分钟全场寂静、空气凝滞、汗珠飞逝的效果真像儿时的热血记忆被上帝染上颜色投射到大银幕上一样。即便你不喜欢这样的穿插，但动静结合的张力以及节奏的把控上相信没人能比井上自己做的更好。喜欢这部电影，它不是简单的怀旧和煽情，就像片名《第一次灌篮》一样，它是一部新电影，能感受到井上雄彦像创造艺术品一样认真对待了它，这场球赛也是每个角色的成人礼，少年终将和过往和解别过，走出痛苦的阴影，勇往直前！
北京,本人没情怀 不是那个年代的人🙏🏻客观审视这个电影何德何能豆瓣9分哇！尴尬的插叙，稀碎的节奏，想展现高级留白的感觉不过没搞好🤫一会儿安静一会儿热血怪怪的。我还以为 宗太会对良田的技术作用有啥特别的展现呢 结果并没有。。每个人都要浅显的搞点回忆 咱就说三井寿揍良田那个桥段有什么特别的必要吗 包括很多桥段都是 删掉一点影响没有 总之 很一般
四川,阉割的上半场与三井寿，没有鱼柱对赤木的提点，没有仙道对流川的铺垫，更没有樱木对晴子终场前的表白——“我喜欢打篮球”。大小河田、深津、泽北、松本等人物也没有铺垫，如同白纸，却非要拧巴地插进宫城与family的故事…为了烘托宫城的主角地位，最后竟然强行安排宫城去美国打篮球？或许电影就本身的表现力来说，无法与漫画相提并论，但是这样的全国大赛并不是我的、作为一个原著漫画党、满意的结局。
日本,宫城主线，冲绳潮男控卫粉看得很嗨。不过感觉这片可以出五个版本（甚至再加山王视角），应该都能卖座
广东,那个泛着晶光的道切口在哪呢？明明老式电视不断提醒世界依然是90年代，但直接传承City Pop风景的海天一色似乎成了遥远的梦。灰暗的湘南天空让现实无情填进来。漫画中，湘北那张没被刊载到杂志的合照直接将少年们从“现在”中抽离，原本必将成为历史的“现在”也成了过去中鲜为人知的一瞬奇迹，相比之下，姗姗来迟的电影也必将拯救那些被埋没的历史。因此，拒绝回望的回忆只是向前推进着，默默切断通往过去的退路，把少年们逼入绝路的不是仅此一次的青春，而是叠合了比赛时间、行进的回忆时间，他们必须向前延伸到“现在”，然后“现在”还会继续延伸。不知是巧合还是某种共性，想起同样在90年代中感伤的庵野秀明，在新世纪20年代也选择了拒绝伤感的姿态，无疑，这是仅属于井上雄彦的《新·SLAM DUNK》。
浙江,频繁的插入回忆片段会打断比赛紧张刺激的节奏感。在以樱木为主角的漫画原著的基础上，电影版采用改为以宫城为主角，与原先的情节产生了强烈的割裂感，虽然宫城的形象是更加丰满了。但是其余四人的人物塑造都遭到了一定程度上的削弱。
日本,首映日的第二场，青春永不完结！
广东,打10分需要理由吗？当素描画开始画出场人物那一刻，我已经哭了。
四川,抢到篮板，可以减少对手得2分，我们又有一次进攻机会可以得两分，这样一下子就得了四分
北京,《灌篮高手》中国首映礼，第一次体验4000人体育场内集体观影（怀旧），不得不感慨氛围感真的拉满，集体鼓掌、集体尖叫、集体大笑、集体沉默（感动），比赛最后高潮部分井上处理得太好了，很久没有看电影到热泪盈眶，无时无刻不在感慨“这TM就是我们的青春啊”，感谢井上大神圆梦！以及我永远爱樱木！！ps：樱木和流川枫击掌那一下，笑到流泪！！
山东,灌篮高手从来不是只有樱木花道和流川枫。
北京,"为了SD重新下载了猫眼，发现上一次走进电影院是2016年。17年买房，18年孩子出生，成为房奴娃奴至今。很高兴银幕上那些熟悉的面孔依然年轻，今夜我还是那个热泪盈眶的少年。谢谢款待！"
北京,亢奋、激情、疯狂的电影！无敌是寂寞的，寂寞也无人能敌。类型动力足够强劲，对声音开关的掌控出神入化，视角的分散与聚拢、定格与加速镜头的剪辑组合更与鼓点形成合奏。选取宫城作为主线，热血仅是表象，在时间的狂流中，过往生命的珍贵片段渐次浮现，哀思、牵挂、不屈、自省，赛场上的呐喊因此变得格外真挚。高潮段落绝了，看过的人都懂😭
北京,擦去粉丝滤镜，仅从电影本身看待这部片，也是极其出色！剧情的丰富度、视听的节奏感，湘北五虎的情感、动作细节的呈现，配乐的酣畅淋漓，以及导演井上雄彦关于人生的内核表达，每个点都让人热血沸腾。首映礼现场，每到银幕上精彩的时刻，就会出现排山倒海的欢呼声。我们之所以爱《灌篮高手》，就是因为年少时心底总会有一股为梦想冲动的劲。对友情、亲情的动人塑造，更是赛场之外的催泪弹。
北京,★★★★★★★★★★ REAL CINEMA！分镜帅到爆，对于视听的调动是顶级的，电影以宫城为主视角，但每个人都或多或少地完成了自己的人物弧光。即便都没有完完整整地追完过SD系列，但还是哭掉了半包纸巾。不知道是在哭湘北五虎打赢了比赛，还是在哭一些已经回不去了的事情。明明是一些臭屁又中二的话，但却每一句都能被精准打动到，太奇怪了。真的真的很好看，不拿十个亿真的很难收场！
上海,中年人们还是会因为樱木花道而一次次爆发出憨笑声，这些瞬间仿佛与二十多年前坐在电视机前天真无邪无忧无虑的自己相遇了。
上海,剧里人都做了医美了吗？！
上海,提前看到了《灌篮高手》，情景是一群中年人聚在一起为童年的梦热泪盈眶。出了电影院的门，他们又要迈入各自的房贷车贷、工作和生活里。但在这两个小时里，我们回到那年暑假。
日本,故事线负分比赛120分，所以为什么不拍个40分钟纯比赛？？（建议立法禁止漫画家本人拍电影，同理禁止脚本家本人拍电影，禁止用一首歌拍电影or剧）最后震惊的部分反而在于“井上老师毕竟还是真的懂篮球www”但流川粉显然会发疯……（但也没啥必要对不对，毕竟我们阿仙粉啥也没说=v=
北京,优秀的漫画家真不一定是好的导演，连观众们想看什么都搞不清楚，井上凭什么执拗于自己的理想世界？若没有情怀，这部电影不可能有如此的轰动效应，作者是真的不知道吗？就凭这割裂的节奏、稀碎的情节，让人想燃都燃不起来，还何谈“超越原作”。只可惜观众的情怀越来越廉价，又或是三四十岁的中年人被社会摧残得太容易妥协了吧。
广东,“我们回不去了”
日本,第二部在日本看的电影 全程生肉啃完 大家都在讨论最后结尾静寂的几分钟和樱木流川枫击掌时的感动 但最让我触动的竟然是开篇一个一个人物被一笔笔画出来 行走起来 组成一个队伍向你走来时的画面 再次向作者老师和创作者们致敬 让这些刻在我们童年里的热血少年们挺住了时间的流逝再次活在了大荧幕上 谢谢这个冬天 谢谢湘北高校 谢谢不放弃的这队篮球少年❤️
上海,"作为樱木花道死忠粉，我特意穿着他的T恤去看了点映，也看到很多人穿着湘北的球衣，现场甚至还有安西教练和彩子的coser，要的就是这该死的仪式感呀！

其实自从科比去世后，我就几乎没再完整看过一场篮球赛，这次《灌篮高手》的上映也是第一次让我有机会体验在IMAX大银幕前体验球赛的机会。

必须说真的一本满足！井上雄彦虽然和樱木花道一样都是所谓的“门外汉”，但是不得不说确实天赋异禀，这部作品即便抛开情怀不谈，也是一部非常优秀的电影。而且通过宫城良田来串起整部电影的故事线的设计也非常不错，一方面补足TV版人物背景的缺失，另外一方面宫城作为控球后卫，本身也是串起赛场进攻的关键球员。

结尾也很棒，当看到樱木花道和流川枫的名场面时，真的不自觉的热泪盈眶，好喜欢这种感觉，这就是篮球的意义，这就是电影的意义。"
上海,宫城成为电影的主线，我还是蛮惊讶的。因为几乎无人不知流川枫和樱木，但宫城并不是那么有名，因为之前他的确是主角的绿叶。可能年少时大家都以为自己是流川枫和樱木，但到了一定年纪才发现宫城真的很好很好。
中国香港,想给三星半，其实这场比赛非常精彩，静音的那几个情节我甚至感觉自己心脏已经停止跳动了，但最大遗憾之处就是宫城良田的背景故事太多，太散。我不喜欢这种叙事结构，总是会把刚营造起来的情绪破坏掉。据说这是井上雄彦期待的展现方式，不过不太合我的胃口。
安徽,确实是情怀电影，技法上问题很多，节奏慢，回忆太多，比赛去了很多细节和情感，但真的真的对这电影没什么要求了，就算拍他们5个打麻将我都无脑给10分。
北京,"对灌篮高手大电影及其导演的性格十分满意，这就对了。
不光“青春就是有遗憾的”，中年都得有遗憾，你想看啥，嘿，就不给你拍，就拍导演想拍的。
中年人不光生活不能左右，电影都不能左右，主题曲都不让你听～
连女主在宫城视角下，都没有彩子美丽，这就对了"
日本,主角变成了宫城良田。。。就很干扰节奏了。每次要兴奋起来的时候就会插一段毫不相关的感情戏，实在是和想象中的不一样。而且漫画本来的主角就是樱木花道，伴随的几个分镜（樱木和流川枫的击掌）可能对我们这代人来说太经典了，所以没有放在重点去描写就稍微有点落差。
河北,电影结束后，还看到一家三口cosplay：妈妈穿着赤木晴子的校服裙、爸爸穿樱木花道10号球服、小朋友穿的是队长赤木刚宪的4号球衣，一家三口在电影海报前合影留念，超有爱！
陕西,很克制的情怀电影。我们都知道全国赛发生了什么，但还是会在比分到78的时候紧张到无法呼吸、还是会在樱木选择自己的光荣在此刻的时候大哭、会在赤木明白自己想要的究竟是什么的时候感动、会在最后樱木和流川枫击掌时有种终于的感觉。而从良田的视角出发真的很妙，因为这是我们最容易共情的眼睛。湘北5人组的故事也许结束了，但灌篮高手里面的人活在我们的童年我们的回忆里，以至于任何时候想到都可以得到那么一丝的温暖。
浙江,对不起，当年那个被SD激励着彻夜画画的自己，这么多年过去了，却没有活成你想要的样子。
广东,看到一位创作者在可以守成的时候全部选择了创新，在可以卖情怀的地方全都选择了不卖，真受鼓舞啊。宫城的故事确实没有那么容易打动人，但不那么重要吧。酷、潇洒、写意。
陕西,人确实就是活那么几个瞬间的。
广西,并不是割韭菜，依旧具备“精气神”，同时拥有最顶级的画面掌控力。对爱惜自己笔下人物的创作者永远持有最崇高的敬意。这样的画伯风华了，也快绝代了。
浙江,比赛部分真的很燃！突然跳转回忆有点出戏😢流川枫下睫毛比台词还多原来是真的😢
河北,电影结束后，还看到一家三口cosplay：妈妈穿着赤木晴子的校服裙、爸爸穿樱木花道10号球服、小朋友穿的是队长赤木刚宪的4号球衣，一家三口在电影海报前合影留念，超有爱！
北京,优秀的漫画家真不一定是好的导演，连观众们想看什么都搞不清楚，井上凭什么执拗于自己的理想世界？若没有情怀，这部电影不可能有如此的轰动效应，作者是真的不知道吗？就凭这割裂的节奏、稀碎的情节，让人想燃都燃不起来，还何谈“超越原作”。只可惜观众的情怀越来越廉价，又或是三四十岁的中年人被社会摧残得太容易妥协了吧。
陕西,很克制的情怀电影。我们都知道全国赛发生了什么，但还是会在比分到78的时候紧张到无法呼吸、还是会在樱木选择自己的光荣在此刻的时候大哭、会在赤木明白自己想要的究竟是什么的时候感动、会在最后樱木和流川枫击掌时有种终于的感觉。而从良田的视角出发真的很妙，因为这是我们最容易共情的眼睛。湘北5人组的故事也许结束了，但灌篮高手里面的人活在我们的童年我们的回忆里，以至于任何时候想到都可以得到那么一丝的温暖。
浙江,对不起，当年那个被SD激励着彻夜画画的自己，这么多年过去了，却没有活成你想要的样子。
广东,看到一位创作者在可以守成的时候全部选择了创新，在可以卖情怀的地方全都选择了不卖，真受鼓舞啊。宫城的故事确实没有那么容易打动人，但不那么重要吧。酷、潇洒、写意。
陕西,人确实就是活那么几个瞬间的。
广东,“我们回不去了”
广西,并不是割韭菜，依旧具备“精气神”，同时拥有最顶级的画面掌控力。对爱惜自己笔下人物的创作者永远持有最崇高的敬意。这样的画伯风华了，也快绝代了。
北京,《灌篮高手》无论漫画、TV还是电影，都体现了类型片最灵魂的元素，也就是节奏和人物。就和篮球场上宫城良田控球后卫的角色一样，井上雄彦也是最一等的节奏控制大师。要兼顾一代老粉丝和新观众，以TV版中相对着墨有限的宫城视角切入、讲述和剪辑这部时代之作，是平衡的智慧，也是青春的补完。
广东,今天是我的生日，买了零点场庆祝生日，最后的一分钟，我捂着嘴哭的停不下来，我记得山王每一个球员的名字，记得那一场比赛每一个球，无论我多少岁，他们都永远是高中少年，时光停留在神奈川的夏天，谢谢你们。
上海,首先完全理解有人不喜欢的原因，但也正是这个原因让本作值得五星。一开始也在怀疑从宫城良田的视角能否讲好两个小时的故事，但无疑井上用稳健的叙事佐以非凡的音画剪辑做到了。真的很喜欢这个画风，湘北最后一球的剪辑和配乐都是运动电影的极致，某种角度上是只有动画电影才能做到的效果。而且很好的和TV版区分开来，让这部电影版不是简单的卖情怀而是成为《灌篮高手》这个IP下不可或缺的一部分。还是得说一句，配乐和剪辑太牛了，漫画的精髓完全体现出来了。最后，再见了，所有的运动男孩。
广东,宫城的回忆和山王比赛交错展开，大电影主角是宫城。BTW在电影院里看到一位观众秃了顶，开场前还听到一家三口对话，妈妈对孩子说：中间位置留给爸爸坐，这是你爸爸的青春不是你的青春。 （我内心：哈哈哈哈哈哈哈哈）0424二刷，终于看到在樱木回忆里出现的半秒仙道！
北京,不用讲任何情怀，这也是了不起的作品。没有那些动画版的回忆杀，井上完成了自己向自己的致敬。像穿越回了青春期，像穿越回了去年冬天，提醒人们还有人在注视着灵魂里的热血。
中国香港,想给三星半，其实这场比赛非常精彩，静音的那几个情节我甚至感觉自己心脏已经停止跳动了，但最大遗憾之处就是宫城良田的背景故事太多，太散。我不喜欢这种叙事结构，总是会把刚营造起来的情绪破坏掉。据说这是井上雄彦期待的展现方式，不过不太合我的胃口。
日本,神一般的剧场版！！！完全被预告片骗了，看之前有多失望看完就有多感动
江苏,画面、叙事、声优、配乐，不是他做不到维持原状，而是不想做。漫画的戛然而止，是他无比坚定地告诉我们，青春到此结束。而这一次，却是在对所有已经不再青春的成年人说：你们要继续往前走。
云南,完美的创作！在强烈的电影意识之下，最大程度的将动画所能带来的表现力发挥到了极致。对于运动场景细节的刻画过分精彩了，把故事主线放在一个最为普通人气最低的控球后卫身上，但又完美的给每个角色高光时刻又致以最真挚的致敬和告别。其实每段回忆插入的时间真的恰当好处，具备着成熟电影所具备的舒适节奏感，用回忆串联起了比赛和每位球员，在将比赛推进高潮的时候也完成了情感和人物上的升华。最为精彩的是，最后的高潮戏份，以篮球世界最为基础的投篮方式绝杀对手，夺冠后的庆祝又随笔带过，把一切情绪的爆发点放在人物情感的和解上，这完完全全是一种大道至简的神圣境界，井上雄彦与灌篮高手在绝杀球出手的那一刻起已被刻进时代和艺术的殿堂！
河南,"心血来潮，给几个班的00后说《SD》剧场版要上了呦，不同于先前一部动画的热火朝天，换来的却是几片冷寂……只有第一排一个男孩说：老师我肯定去看，小时候我爸带我看过，也就十几遍，太牛X了。
只一问，他爸爸78年的。心里默叨：谢谢这位爸爸。站在讲台上独自思忖：
SD对于我们这一代到底意味着什么？
是那个梦一般的篮球之路？是疯魔般的两万球？是那个不知者无畏的天才？
是戴着耳机在镰仓的堤坝上边骑车边睡觉的全国高中第一？
是那个浪子回头，一句“教练，我想打篮球”的青春共鸣，迷茫和重生？
是大洋彼岸当时那个内线之神年代的致敬？是那几首音乐就能原力觉醒的世界尽头？是明知结局，却依然等待的告白和告别？
还有很多，只言片语，浅尝辄止。
但非常荣幸，我们经历过那个黄金岁月。
感谢井上雄彦。
青春本就不完美。"
上海,"不是贩卖情怀，而是成全情怀。
用一场比赛贯穿全片，散装叙事，穿插一段段事件塑造人物性格，自然连贯。兄弟的羁绊，成长的湮郁，亲情的救赎，皆深刻且细致。赛场上巧妙的分镜与流畅的调度，从剧情到人物再到比赛呈现，完全是最好的那一类运动电影。
《灌篮高手》不是我的青春，但看着那些而今韶光已远的面孔泪洒影院，我却依然颇为动容。
人生就是这样，懵懵懂懂地前行，不知道从哪天起，青春就这样陡然消失了。或许青春年少，人们都想成为流川枫或樱木花道，但当你回过神来的时候，生活已不再允许你做年少轻狂的梦。
为学业，为工作，为生活，人们已很少有时间缅怀青春。但在这一部电影，两个小时里，我们可以暂时放下一切，重新感受当初的那份热爱与热忱，恍惚间，仿佛重又回到了那段再也回不去的岁月。我想这或许便是影像艺术无可比拟的魅力。"
安徽,井上雄彦没有放入TV版的画面、音乐，甚至剧情也只有樱木初识晴子与篮球的闪回，他恨不得把“不想讨好老粉”几个字拍在观众脸上，但仍旧能吸引剧院里的观众随着剧情低泣、兴奋、低呼、无言的紧张（至少我看的这场是如此），在导演这一项，这份答卷相当完美。最后四分进球，急速转场角度切换，无背景声，却是最精彩的片段，值得再加一星。
上海,最后几秒的表现力超越了漫画与动画的边界！！！
广东,看到脱水，从开场铅笔画五人出场开始就泪了，到樱木受伤躺地上时直接哭到衣服都湿了。看的上午九点场，但人很多，一半以上人都带着孩子来看，球赛下半场几乎每次湘北进球影院内都有欢呼。三渲二在体育运动上的表现令人震惊。井上没有贩卖情怀，非常扎实地展现了一场精彩的篮球赛。而且他爱自己的角色，把五人组里剧情最少的宫城良田的故事补完。这是一部比以往所有人想象的还要完美还要升华的全国大赛篇。
北京,年轻人看这样的作品，真有可能从此改变人生的
北京,坐在电影院，整个观影过程是完全丧失理智的状态，氛围太好了，张力太足了，全场自发鼓掌两三次。它有缺点，也有些遗憾没补足，但对等待了二十年的东西宽容点难道不是人之常情吗？小学三年级某个下午看掉最后一集，以为无疾而终，电影结局告诉我们，另一个维度里他们的人生还在继续，并且依然精彩。过了二十年，这个IP还在鼓舞我，这就已经值得满分。
浙江,已经不想和没看过灌篮高手的人说话了
江苏,稀碎的剧情，每次都被宫城的回忆打断节奏，毫无章法。晴子居然0戏份，只给了几个镜头。实在是搞不懂为啥用宫城串剧情？莫名其妙。。。要不是在电影院，根本坐不了2小时。动画片里各种搞笑的q版等等效果全无，稀烂
四川,还不如用tv版给我剪辑成精华版放一遍！连歌都没的！流川枫更是无比的少！没意思！
上海,下半场开场两分钟简直就和上海江苏假球案打的一摸一样
浙江,2分给情怀，剧情0分，整片节奏稀碎，人物造型诡异，动画效果生硬。。还有一帮人吹捧。。我真的GET不到，作为多年期待结局的樱木粉丝。。无法接受主角变化的篮球飞人
黑龙江,对SD几近没有情怀可言的我只是单纯地被井上做导演的能力所折服，单场景内的张力与表现力和整体分叙的节奏证明了为什么在曾经那个JUMP诸神狂舞的年代里，他仍是最翘楚的几位之一。
江苏,很好看！但要熬过前四十分钟才会觉得好看，宫城对他哥大吼的时候我就知道要糟，于是真的糟了以后我脑子里只冒一句“早已料到”……樱木特别特别可爱，又傻乎乎又有小机灵，打不倒的红毛小狗，后脑勺看起来毛茸茸的好好摸，整部电影的好看度都是靠樱木拯救！泽北太帅咯，不仅帅，还会因为懊恼后悔而跪地流泪，嘿嘿嘿，嘿嘿嘿～比赛节奏把握得特别好，虽然很多回忆片段但毕竟漫画和动画就这样，完全能适应，总之就是好看！看完不亏！！！
山东,"不是剧场版，井上比想象中还要懂电影，说按漫画逐帧拍的观众还是往后稍稍吧。
为什么选宫城当主角，因为他在电影中的成长跨度根本不是少年漫的形状，上有老下有小的家庭结构，延续一代人的理想夙愿，还要当天才队友们的主心骨，这其实是一个中年职场男人的如履薄冰，只有宫城能承载井上对作品的全新理解。
为什么要三渲二，都是为了契合现代运动题材的节奏，电影时长近似一场篮球赛，手绘很难做到这么流畅，当然也是为了最后一分钟的无声反高潮，中年人的生活没有那么波澜壮阔。
宫城贯穿全片的运球、过人也被无比细碎地勾勒出来，他的职责所在是把球运到前场，然后任由四个队友表演。安西的排兵布阵则是把后场全部交给宫城，那里是他的舞台，其实电影就讲的就是平凡人生独自起舞，已经足够了。"
北京,当年上学的时候看漫画，全国大赛那一段就看哭了。如今成为了中年社畜，再看全国大赛这场戏，还是热泪盈眶，只不过哭点确实跟当年不同了。宫城这部分的文戏加得好不好，我觉得见仁见智，但对我而言确实深有触动。生活里有太多困难挡在面前，退让避过当然也是一种生存下去的策略，但如果有得选，谁不希望自己也能正面突破呢？北大体育馆的氛围燃爆。全场一起为湘北队契而不舍的坚持而欢呼呐喊，真的仿佛身临其境般成为了现场比赛里的一名观众，是一次与众不同、记忆终身的观影体验。
广东,樱木花道心理真的太健康了啊~！！
福建,比赛的最后八秒，你甚至能听到整个影院都在屏住呼吸。
四川,比赛一开场就被运镜震撼了～那种冲击感立刻就爷青回，bgm一起全场燃爆！从宫城的角度切入是没有想到的，其实觉得挺好，失落低迷，振作成长，这是给二十年后的我们看的电影，不仅仅只有热血和篮球，更多了生活的酸甜苦辣与责任。画风上看很多截图还觉得难接受，毕竟剧场版手绘风太深入人心了，但其实电影版还是挺还原井上的画风的。（流川还是那个帅出另一种画风的男人！这部宫城超帅！）最后想说一下，灌篮高手在我的人生中意为着什么。音乐启蒙是灌篮高手ost，运动启蒙是篮球，最关键的是漫画上的启蒙，就是灌篮高手让小时的我大声说出我想画漫画！虽然兜兜转转多年，我才终于走上这条路，但现在的我时常会因为走上了梦想中的路而快乐满足，要继续加油画出自己想画的漫画，要不断探索学习，我还有一辈子可以画漫画～“不到最后一刻绝不放弃！”
浙江,大概就像想喝的事冰镇可口可乐，拿到手的却是在太阳底下暴晒过的非常可乐，都有糖浆的味儿，但就是不是这个味儿。有生之年可能看到这部电影，本应该跪在地上磕头谢恩才是，但是，人到中年，压力无力麻木已经疲惫不堪了，其实就想看个没脑子的樱木为大主角的从头燃到尾主题曲分毫不差的爽片，看这部片子，实在是有点太累。
北京,现在感觉一群疯子在这发疯，张嘴闭嘴满分，你不评满分，就是不尊重他的青春，不尊重井上雄彦，问题灌篮高手难道不是我的青春吗？只是他的青春？井上漫画画的很好，但他不是拍动画片的，今天，井上仍然是漫画家，他不是电影导演，所以这电影拍的就很业余啊。这也不能批评吗？这些人逻辑好奇怪，而且戾气很大，感觉根本就是一群小屁孩，而不是什么40岁上下真的去怀念那段时光的80后，反而像是一群去起哄狂欢，去哗众取宠去的小流氓
江苏,"、
毁俺青春。
还俺回忆。
退钱！！
本来入场时候都快哭出来 结果全程爆粗口 早先已经被画风劝退 最低期待哪怕有首熟悉的旋律也行 五首中任一首都管。
然后比赛打到兴奋处直接转场塞回忆 还居然是宫城 当然俺不是针对他 漫画里的亮点他不多吗 不配上炕么。
不说了 去看动漫.."
北京,井上真是太会做减法了  毫不卖情怀 但是燃点拉满 影视化改编的恰到好处 最后半小时的镜头和视效音效完全超出预期   唯一可惜的是从头到尾 包括片尾曲  都不给任何tv原声  真是太任性了
上海,被tv版完爆的东西。尽管做好了预期仍然被无休止的回忆给恶心到了，真正的高潮不过几分钟。
福建,在比赛的末尾，湘北全队都得到了救赎，其实回头再看，从樱木选择去篮球队开始，到此时的他们站在全国大赛的决赛场上。才过去短短数个月的时间，可对我们而言却已是20多年，时间让我们老去，同时也在喜欢的角色身上雕刻出了最完美的弧度。还有什么比用一副势必衰朽的肉体，去对抗永恒流逝的时间更热血的事呢？借用罗曼·罗兰的一句名言：世界上只有一种英雄主义。那便是在认清热血终将被现实冲淡之后，依然拥抱那纯粹的，炽热的，发自人性深处的温度。
北京,太燃了！井上雄彦 证明了，没有什么反转，仅靠人物和moment，也可以缔造一部好电影
北京,文戏要睡过去，武戏燃飞起，kiss kiss
上海,请改名为《怀念宫城他哥》，谢谢。
北京,我以为我不记得了，原来我都记得！他们每个人的名字、身高发型优势弱点爱谁恨谁是怎么加入湘北队又是怎么把一分钟打好几集的…记忆洪水淹过来，我迎上前去，窒息其中并全程姨母笑。那年哪个同学像宫城（矮），哪个像赤木，哪个比流川还骄傲，哪个也比不上三井，以及完全无人能及的傻x（非贬义）樱木，那年五点钟起床去学校学打篮球、在去画室前徘徊在文化宫的三人球赛场默默观战、腕子上总戴着个紫色护腕出门，我差点忘了，原来这些青春琐事灵感竟来自灌篮高手。真好啊，有所回应的青春，不曾放弃的比赛，撕掉自暴自弃的信，换成“谢谢你”。
北京,看完电影骑车10公里回家，很能说明对我的影响了。井上老贼还我的眼泪！一边哭一边想要是某老师还在，他可能也能补上他童年缺失的这一块？也可能他还是get不到二次元的好吧。
山东,恶心死了，把湘北塑造成当今的小鲜肉娘炮化，真有你的，井上
北京,这既不是TV版的续集，也不是一个完整独立的灌篮高手电影。这只是一部想要但无法抛开IP的新潮之作，以及漫画中最后一场比赛的大银幕版。
浙江,井上诚意之作，如果只是为了圈钱的话，完全可以一刀不改直接抄漫画，但是井上大幅度的补足了宫城的人设背景，看的很感动。音乐也很喜欢，love rocket密集的鼓点就好像紧密的打篮球一样，一下子就紧张起来了
河北,被日本IP的评论恶心到了，听不懂日语居然也能暴哭，哭你妹呢？
上海,凡是打过篮球或者关注这部电影本身，而不是过度陷入自我陶醉情怀当中的人，就会明白井上自己的作品水平比TV版高出不知道多少。用心设计的视听语言和调度分镜，行云流水般的篮球场面，放弃了传统体育电影擅用的解说视角，完全用最直观的动作和打法，让人感受身体碰撞的力量、呼吸和汗水。尤其是决胜时段的无声，让一直以来断断续续加入插叙和回忆的段落作为铺垫，直到最后心脏跳动的秒针声音像潮水般汹涌而来。和宫城一样，这是每个人的人生，虽然我们的青春早已一去不复返，虽然你仍旧会有热血的时刻，但那和青春没有什么关系，你就会在某一天对有些事情和感情变得陌生，而在此之前你什么都不会知道。
中国香港,沒想到死氣沈沈的中年婦女還是會被中二熱血勵志青春打動。差點為了這個被感動的我自己而感動到落淚⋯⋯⋯
日本,收回之前给スズメ的评分。这才是我今年最喜欢的电影之一。沉默胜过嘶吼，淋漓尽致不如留白，是水洼中的落叶，海边退潮的波浪，是倒影，是眼神，是得胜，也是学会失败
北京,看完零点首映之后，连夜又把原著漫画里这场比赛的内容翻了一遍，对比之下，可以负责任地说，影片为了突出宫城良田，其实是明显弱化了其他所有角色的，甚至是明显弱化了比赛的紧张刺激程度。
浙江,宫城回忆线不知道为什么有种新海诚《秒五》时期的味道，喜欢这种细腻寡言的内心戏。不过个人对于回忆插入的时机还是不太满意，本来就是打比赛，关键时刻来一段回忆有点泄气，不过好歹最后的效果还是不错的。特别是以静制动的绝杀时刻效果很好，把剧透的观众嘴都堵住了。
天津,和二十年前的青春打了个照面，不知不觉就红了眼。
福建,很难不嗑到流花
北京,"这部作品是经典漫画最完美的融合展现形式，影片在尾声高潮处直接采用定格漫画风格，选择音效长时间静默，将效果达到顶峰！

此次影片以一场与山王的比赛为主线，穿插起了以宫城良田这位湘北高中的控球后卫的生活往事，故事主线来自 1998 年以宫城良田为主角的番外漫画《耳环》，更多的描绘他曾经与哥哥的故事以及面对家庭与学校生活的往事。每一个比赛关键点，会迁出一段往事，随着往事的消逝，他们每一位角色都在成长，一步步完成这场惊天大逆转！

对于老粉丝来说每一帧都是燃爆点，对于没有接触过《灌篮高手》的观众，这部作品足以让你入坑。井上雄彦为了兼顾粉丝与路人，将影片中的一些前备条件摘除，足以让这部影片以独立作品的身份出现！"
北京,北大首映礼二刷，观影体验非常好，超大的定制CINITY巨幕，全场观众各种鼓掌尖叫喊加油，已经分不清戏里戏外，像真的看了一场扣人心弦的篮球比赛，可纳入个人有史以来最棒的观影体验之一。此次电影版以湘北大战山王比赛为主线，讲述了宫城良田的个人成长史，也侧面展现了点每个队友甚至对手的不为人知的内心世界，进一步丰富了这群有血有肉的人物。角色性格鲜明、动作写实流畅、团队配合热血这些优点TV版也有，就不赘述了，反正我作为一个不太懂篮球的女生也看得非常爽，二刷完依然意犹未尽的感觉。片尾曲不是最熟悉的那两首，但也很燃很好听！这样的电影是线下集体观影在当下仍然很有必要的佐证。
甘肃,春风若有怜花意，可否许我再少年
北京,燃啊燃啊，疲惫的成年人满头大汗赶到北大体育馆，心想跟去看比赛似的，结果真是看比赛了！电影拍的就是一场盛大的篮球赛，比赛与回忆交织，分镜和调度真正做到了好的动画要拍真人电影无法表现的东西，很多主观镜头和贴身细节，是真人电影和赛事转播机位捕捉不到的画面。他们每进一次球全场挥舞着应援棒高呼，每说一句俏皮话全场齐声欢笑，到赛点全场屏气凝神了三分钟，也就那会才听清周围人在说什么，“投中了吗”“啊！有了有了”！一场电影看完全场欢呼了100次吧！我的青春里没有这个漫画，也被这些场面燃到了，多么深刻的身临其境哇！感叹体育馆好大啊可以开演唱会，然后放完真的连线了日本乐队！开了演唱会！心中最佳首映礼没有之一，体育片就该在体育馆放！人还是需要燃一燃，需要看热血运动适时吸吸阳气，这氛围谁体验谁知道，整个精气神归位！
四川,以宫城视角有什么不好？控球后卫就是球队大脑，以前讲得太少，这次补足他的戏份，真好！动作捕捉太精美了，真是看得人心潮澎湃！不满对每个人的深度美颜，大猩猩都眉清目秀了。。。三井寿变得奶呼呼(≧ω≦)/
日本,我们良田出息了！！！
北京,多年之后再来看才意识到，《灌篮高手》的少年群像和剧作是如此优秀，尤其是电影版从那场从未动画呈现的、结尾绝杀只有一句台词的神之分镜的全国大赛切入，其实是命中了整个动画的主题——这些少年的青春里，篮球就是意义。良田的双色护腕、流川枫从单打到学会传球、樱木花道从灌篮到学会投篮、泽北那个让人落泪的神庙祈求，都指向了一点：这是属于少年的成长和遗憾美学。他们必须要学会一些自己所没有的东西，即便这过程必须要抛弃些什么、割舍些什么、痛苦着什么。这大概是只有当我们不再少年时，才能读懂的热血之外的况味吧。
上海,背可以坏，吵架不能输给狐狸
广东,井上雄彦献给灌篮迷最后一封情书，甚至可以说是献给篮球迷的情书，《灌篮高手》确实是有史以来最写实的一部篮球题材作品，甚至比CBA写实，大多数最基础不过的技术动作——运球、投篮、传球、抢断、灌篮、盖帽，就连稍微复杂点的拉杆上篮、望左传右、穿裆过人只是出现寥寥几次，战术还是最土的全场盯防，现在最流行的挡拆掩护或者挡拆换防1on1全都没有，最真实最还原90年代篮球实况或许也是井上雄彦的初衷吧。抛开技战术的问题，《灌篮高手》关于成长路上男子汉的故事，以正篇最没存在感的宫城良田视角作为切入点，接连带出与哥哥的羁绊，与三井的恩怨，动静结合，通过球场上复杂多变的运动过程与人物的往事慢慢勾勒出宫城良田复杂的心境，以点破面的形式以小见大，加上樱木和流川枫相互衬托下，本片就是最完美的体育动画电影，哪怕节奏有些拖沓。
北京,"樱木和流川枫的那一个世纪击掌，竟然让我等了30年！那一刻，全影厅的人一同欢呼，我却依然能清晰地听到自己的心跳，但眼前的画面却早已模糊。
谢谢《灌篮高手》又把那5个热血少年带了回来，唤醒了那个时候最珍贵的一段记忆，短暂地忘却已经苍老的心事。
最让我难以忘却的依旧是樱木花道，他曾经是我最喜欢的角色，如今再看到他，竟多了一丝对弟弟的宠溺。
我永远不会忘记他咧着嘴张狂地大笑着，贯穿始终的那句——“我是天才！”"
日本,故事是好故事，比赛是好比赛，但结合到一起必然是小于二的效果，除了回忆和比赛穿插的节奏问题以外，一句话概括就是，故事的主角和比赛的主角不是一个人，湘北这边看似轮番发挥，实则全部是以樱木为核心发散出来的，就连流川的传球能奏效根本上也是因为大河田必须盯防樱木，赤木获得大量单吃小河田的机会的结果，而宫城作为故事主角在攻防两端都堪称累赘，不仅如此，故事还侵蚀了大量名场面的戏份，包括但不限于单吃小河田，非常喜欢，救世主，晴子最后的流泪，如果做成一个篇幅更长的剧集效果绝对会好很多……
北京,不是动画animation，是动起来的漫画moving manga，井上雄彦厉害。
上海,没看零点场，赶个早场把片儿看了。青春年少真的好，有热血激情和那种蓬勃生机和朝气，还有那不服输的少年劲儿，也算是给青春划上一个完美的句号……以宫城良田的成长作为故事主线，并没有什么不好，毕竟动画剧集里其他几位成员的故事线已经交代的很清楚了。总之，作为一部粉丝情怀向的电影，诚意还是很足的。
山东,“我最光荣的时刻就是现在！”
河北,作为一个从小到大没看过一集《灌篮高手》TV动画和漫画的纯路人，更多是被这部电影熟练的漫画技法深深震撼。人物场景3D感与2D感处理衔接如行云流水，即便是一滴慢慢流淌下脸颊的小小汗珠，都蝴蝶效应般地感人至深。球赛结尾无疑是意料之中，但那短短的一分钟内一闪而过的脸，热血沸腾的脸，目光如炬的脸，紧张错乱的脸，爱意的脸，疼痛的脸，呼吸着张弛着又骤然收敛的脸，即将拍打的手，马上要抱紧的人，都安静了，都消逝了，也都亘古常青了。我并未流泪，但却对那种所谓少年感和青春摆出了我对长者的那般敬重。以前我对于这类乍一看又在打情怀牌的片子有点不屑，但这部电影让我在“从情怀上难以共情”这个处境第一次表示无比遗憾。遗憾我的年少不曾是湘北高中的一员，不曾有那叠31卷的漫画，也不曾有那样炙热渴望某种东西的夏天。
山东,木暮彻底背景板了，代表普通人的那部分，也被分走了
山东,急死个人的宫城良田传。华丽流畅的比赛画面被这个乏善可陈的自我救赎老套故事给切割得支离破碎。能在大银幕看到【打败三王】【我叫三井寿】【猴子狐狸世纪击掌】自是异常感动；还见到拿着【流川命】【炎之男】应援小旗的粉丝，难免会心一笑，毕竟这是一代人共同的美好回忆。
北京,NBA转播的叙事结构，好好的比赛被无用的信息频繁插入。
江苏,其实井上很温柔地把片子拍成了纯造梦。我始终觉得山王战最动人的不是赢，而是知道未来再也赢不了了。但影版主动地弱化了这一点。
四川,「井上雄彦采访中没有说谎」可能是此时此刻最公允的评价，但要解释这句话就有些困难了。成功的少年JUMP系作者很多，但能够在这漫长的连载中抵挡住精神损耗与名利诱惑，不断发掘自我可能性并最终将其升华为结晶的，放眼望去也不过寥寥数人——我们此刻谈论的这个人，以及他笔下的山王湘北一战正是其中之一。对于这样的作品，我们所能够给予的最大尊重其实就是痛痛快快地承认：伟大作品的改编必然导致劣化。所以，井上雄彦成为导演是必然，鱼住削萝卜被舍弃也是必然，让作者本人承受此剃骨削肉之罪都是必然。一场比赛，以及一点点关于宫城良田的私心，两小时电影不能承受更多了。
吉林,对老粉来说还是挺失望的，漫画里很多剧情都没有体现，还花了大部分的篇幅讲了些有的没的。体验感极差根本热血不起来，一场比赛总是在情绪刚要上来的时候突然插进来良田的？新剧情。影片整体节奏感太差了太垃圾了，老粉没必要去影院看，等资源吧。
日本,纯度100%的《灌篮高手》，对于动画以及原作的完美补完，光是帅到炸裂的全员登场opening就值回票价。非传统2d动画比想象中要好看很多，剧情紧凑但似乎还是要有背景知识才能完满地体会到许多的燃点和泪点。看出了之后画《REAL》和主办Slam Dunk奖学金对本作的影响，所以本片既是井上老师作为电影导演的惊艳首作，也仿佛是其篮球观的集大成。
河南,"没有直到世界尽头 没有好想大声说爱你
没有鱼柱 没有仙道彰
没有“非常喜欢，这一次绝不说谎”
但他依旧是最灌篮高手的灌篮高手。
视角从樱木花道转向宫城良田也代表了井上雄彦或者说我们的成长
小时候我们自信天真，认为自己就是那个天才
可到现在才发现，也许我们就是168的宫城良田，只能靠自己不断的努力，才能脱颖而出。"
湖南,槽点一：宫城良田主线不够燃，槽点二：BGM没有满足期待。槽点三：没有Q版人物不够符合期待。
广东,再次不小心买到国语配音电影票的我（loser）只记得这句：请再给我一些必备的（失败）经验。
湖北,又臭又长 非要为个情怀打高分吗？
广东,分镜实在太漫画了，运动镜头极为流畅漂亮。有关宫城的回忆杀并不会觉得打乱观看比赛的节奏，因为回忆承载的哀思、不甘、自省，与他在赛场的心境是相辅相成的。从三井体力耗尽之际投出三分我就开始绷不住泪了，决胜之际，那激烈无声的十几秒钟只能听见自己的擂鼓一样的心跳声在鸦默雀静的影院里不停地怦怦跳，直到电影结束cast表全部放映完毕还没有平复下来……感谢井上雄彦让这个故事出现在我的青春里。
浙江,"井上亲自监督的灌篮高手就是跟TV不一样，沉重写实，这才是井上漫画所传递出来的凌厉感吧。以一个人物（宫城）为核心来讲诉故事这点非常妙，情感的代入让时间线的演变合理化，更能让我们置身其中。影片节奏在回忆与比赛的交叉剪辑中张弛有度，别具力量感，这种时间线的前后呼应真的很难不让人热血沸腾。青春就是为了什么去放手一搏，成功也好，失败也罢，我们在其中得到成长才是最重要的。没输过的泽北在败给湘北五虎之后何尝不是收获了许多呢？
这次剧场版的刻画意义就在于：我们明知道之后湘北会被淘汰，但这一场拼尽了全力的战斗，就是青春记忆里最动人的闪光。就像樱木说的，我最光荣的时刻是现在！趁年轻，去热爱，去闪光吧！"
河北,这是梦幻般的青春回忆录，是内心深处光明与黑暗的战争，是湘北五虎直面自我的历练。对手不是挡在身前的山王工高，而是伴随着沉重的呼吸声，如海浪般凶猛的回忆与过往，当你回首往事，亲眼目睹梦想破碎的一刻，你又做了什么选择？赤木的动摇，三井的迷惘，樱木的鲁莽，宫城的胆怯，流川枫的桀骜，当所有人的弱点一同暴露在球场上，放弃似乎成了唯一的选择。但篮球从来就不是一个人的战争，队友坚定的目光投向你，那颗球如同定格一般飞向你，所有的迷惘、胆怯、懦弱都被一种力量击败了，那种力量叫做：捕捉瞬间光辉的勇气与决心。人们之所以会被几个漫画人物感动到痛哭流涕，是因为我们都期待着一次竭尽全力的燃烧。结尾五虎将抱在一起，宫城良田望着大荧幕外的我，像是在说：我的梦实现了，你的呢？我的心高傲的回应着：少得意了，人生的比赛还没完呢！
浙江,这片儿就属于它连放120分钟《直到世界尽头》配动画剪辑我也会去看，而且热泪盈眶。主线就是对山王，过程和结果其实大家都知道，但记忆中的画面在屏幕上动起来，仿佛失联的老友穿越时空归来。这部电影从策划开始就不是以儿童而是以中年人作为目标观众的，因此只能宫城作主角——除了背景故事已经被挖掘过的三井，就只有宫城还有继续成长的可能，与观众产生共鸣。无法想像樱木或流川变成成年人，他们永远都是不服输的中二少年。最后一分钟，从一滴汗到高速运动，最后两宿敌击掌，就是他们的最巅峰。
辽宁,一去不回的时光为何如此耀眼
上海,@BFC 本想当一部独立电影去品鉴，但看完觉得但凡读过原著、青春被那抹湘北红沾染过的观众都无法跳开对原著的了解和期待去看这部电影。而原著也应是任何灌篮高手作品的出发点。在这个基础上这部电影无疑是失败的。理解作者想要突破自我、增添一个普通人的视角，但为何不单独做一个番外、而偏偏放置在所有人期待了几十年的故事最高潮？摈弃了那么多生动出彩又切实站得住脚的角色刻画、大家统统靠边站去讲一个全新又俗套的家庭和解的故事，未免太买椟还珠了些。青春充满遗憾无妨，电影本身也很遗憾就有些意难平了
四川,很讨厌这种每个人来个短暂心魔，逐一要克服，你一阵他一阵，好好来场技战术比赛不行吗？
江苏,暴起青筋的小臂带上了他的护腕，从此生日的名牌不用分成两块。错过的海难令我重生，四天的比赛让我长高。相信妈妈一定讨厌篮球，却不知球赛才是另一种招魂。现在放弃的话，比赛就提前结束了。这场上有人后背撕裂，有人心魔障目，有人流光汗水，也有人背上另一人的荣耀，将灌篮视为某种弥补遗憾的宗教。
浙江,一开始很不适应，这高度磨皮的画风，和时不时宫城的回忆杀。但是到比赛最后一分钟的时候，真的浑身汗毛竖起，泪流满面，两位幼稚鬼世纪鼓掌，那一刻我看到了20年前的我，房间贴满流川枫和樱木的我。
上海,我们都老了 可他们永远17岁
上海,视角非常棒，以宫城良田为主角，他是最接近于普通人的人物。视听上充分展示了动画的美、电影的美。决胜球的分镜，搭配无声的处理，帅爆了（上一次有这种体验还是EVA）！最能体现体育精神的一处细节在樱木花道，他坚持带伤上场，对曾经打过全国比赛的教练说：“我最光荣的时刻，就是现在了！”体育的魅力在于把握任何一次机会迎难而上、拼尽所有，这事关输赢，又无关输赢。
北京,改名为《灌篮高手之宫城传》就好了。
四川,【5】怎么可以好看成这样？在重拾情怀和纯粹创作间尽力地掌控平衡，却又并非是完全顺畅的情绪走向，反而在纵横的身姿与作画线条间凿刻出内心的振幅，作为控球后卫的宫城良田即可以是井上雄彦本人，如果将本片比拟为一场球赛，这些回忆便是作为电影的运球过程，越过半场、冲入禁区，直至完成五位成员各自的超越，才是真正攻势的开始，随着越来越激放的作画线条飞扬，进入最终的屏息时刻，纯粹的动画语言的魅力完全彰显。然后投入致胜进球，也宣告着本片创作策略上的成功。
北京,井上雄彦牛逼在，他没有贩卖情怀，虽然每个人都知道，大家想在最后听到君が好きだと叫びたい乐声响起，但还是把作画、音乐甚至故事主角推翻重做，完完全全拍出了自己想象中灌篮的样子。
四川,当宫城良田因为摩托车事故险些失去生命时，你会想到REAL里许多相似的情节，果然让井上雄彦拍摄这部剧场版的动力不仅仅是所谓的“情怀”，宫城良田成为了《灌篮高手》中最复杂深刻的角色，井上雄彦在多年里陪伴着一个天天耕地劈柴的寂寞剑客后重回青春主题，他要依靠宫城良田去诠释一个人在面对命运打击和他者的冷漠时如何依靠热情找到自由，恍惚间宫城良田和不公平的命运和解似乎就是武藏放弃一切回归自我的翻版，当你学会为自己的尊严而活时你也终将真正拥有这个世界，海是广阔的但也是禁锢的，关键在如何选择，面对夹击背对还是勇敢运球突破呢？同样，传球还是单打？坚持还是放弃？也是流川和樱木的选择题，井上雄彦的“热血”是以失败为结束的，也许在他看来失败才是我们人生中最值得铭记的东西吧，成功是喜悦，但失败却是不可或缺也难以避免的难题
河南,没有《直到世界尽头》和《好想大声说我爱你》，少了这份声音记忆让人很难说这部电影很完美，年纪大了，越来越能理解为什么灌篮画不下去了。因为湘北胜山王，这是一种灵光一闪式的奇迹，这奇迹不是生活的主旋律，而是我们永藏心底的那一抹欢喜与快意。
广西,#电影院#其实《棒球英豪》才是我的青春，虽然在中国大陆是SD比TOUCH爆火数倍。最喜欢水户洋平，可惜电影版把他画得很吃藕。拍成宫城回忆录挺让人失望的，过多的回忆画面穿插在紧张激烈的比赛里过分抢戏又突兀而且宫城一家的伤痕往事实在没意思看得昏昏欲睡。还好和山王的比赛刻画得相当热血沸腾，但是删去了“真的喜欢，这次绝不说谎”等名场面实在不应该。OST也不如TV版的好听
江苏,谁还不是粉丝了？粉丝就不能打差评？还“你比井上更懂灌篮高手”看了这种话术就想吐。
广东,井上用一部电影告诉我们：不要再执着青春了，运动男孩，向前冲吧。
北京,理智说让我打三星，我说不，我要打五星。。
美国,天啊！快来吧电影版 每次听到主题曲 我就觉得—-麻了！
湖北,深津：许愿还没王八灵，佛祖真的不太行。🐶🐶🐶
广东,感觉到此时才把灌篮高手读完了。最后一分钟比赛真是神级分镜神级配乐。2023.5.1二刷，灯光熄灭，屏幕亮起，真好，可以再做两小时关于青春的梦，看一群永远少年的少年。感谢它没有任何卖情怀的举措，因此对我而言不是怀旧，而是童年和青春时光的延续。这一次更全面地理解了整部电影。电影补完了漫画中湘北五人里唯一没有扎实人物背景故事的宫城的故事，从哥哥的“我来做队长你来做副队长”但不久却死于海难，到在比赛现场担任指挥大脑角色以及现任赤木队长的示意由他来喊口号喻示队长的传承，人物成长形成一个完美的闭环。樱木再次上场前替补队员集体集气，然后上场后随着追分与场上队员陆续击掌，知道绝杀的流花击掌，老实说我直到这部电影才真正领会到流花击掌的意义，是“友情、努力、胜利”最完美的诠释。
北京,世界名画樱木和流川的击掌声终于响起，电影院里大家不禁鼓起掌来。
浙江,一颗星送给青春！你可以是宫城视角的山王战，但你怎么可以是宫城传里的山王战呢？
北京,最后两个球真炸裂享受，完全还原漫画最后时那种浪客行一样的味道。然后整个片子对我这样本来就很喜欢宫城的也是很享受，小宫城不就运动版折木奉太郎吗，可爱捏
北京,当年每场比赛里看着拖沓无比的闪回，如今看只觉得刚刚好，我等观众也终于活到了回忆大于憧憬的年纪
浙江,每个人都要轮流在大赛现场traumatize一遍吗。还是三井寿最动人，“除了三分，我一无所有”。
陕西,加上原版配乐就好了
北京,对sd没有特别深的感情，但没想到自己从开头线稿就开始哭，断断续续哭到结束。每个部分都完美，没有一丝讨厌的tv版的影子，没有卖情怀，用宫城良田普通人的视角，而不是樱木这种可谓极其不普通的毫无犹豫的超人类型。这是井上漫画的气质，它一直不是蠢头蠢脑的热血青春，它仍在认真地和自己和自己的青春对话。果然只有作者最懂自己的作品，谢谢井上。
北京,巨好看巨好看巨好看巨好看不看错亿系列这就去补TV版，每一个人都巨美丽（三井寿是虚弱帅哥被我捡到了！！！）每一段配乐都恰到好处每一声击球都震颤人心，大银幕的魅力正在于此吧（ps 流川枫每次开嗓如五十岁老叔配上那张阴暗帅比脸我真的会谢
辽宁,把这部剪成两个电影我也许一个会打五星一个打四星，但来看IMAX大荧幕的话并不是想看宫城的番外。竟然连樱木对晴子说“喜欢，非常喜欢，这次绝没说谎”的名场面都删了，这电影差这一分钟吗
江苏,宫城部分很无聊，节奏不是很好，9.2高了想看的情怀党请降低心理预期，这是朋友看完跟我说的，看完后他很郁闷，我没啥情怀看完觉得一般般，有点老套，不够热血，回忆的也太多了。对这个IP死忠到无论啥样的可以无脑冲。
山东,散场看到旁边的左手娃右手老婆的大叔把衣服一脱露出十号球衣的那个瞬间，突然对岁月这个东西有了新的理解。
日本,井上雄彦是真的懂篮球！他也真的懂怎么给大家一个青春的结局。对天发誓，没有戴情怀的滤镜，这部电影就是牛逼！是艺术品！词穷了！热血与眼泪齐飞，汗水共球场赤色！
江苏,最后二十秒的镜头处理太棒了。就算知道结局也会心跳加速！
福建,多少年了，25年有了吧，我从一个活泼可爱的人类小女孩等成了一个邪神，从人人都安安静静盯着大银幕的过去等到了全场半数以上人在摄屏打电话的现在，25年，才终于等来了这场比赛。世界越来越差劲，只有你们和泉水姐姐停留在了最好的时光里。挺好的，至少我们中有人在向着光明的未来前进。你们只管往前走，别回头看我。
北京,作为一个喜欢樱木花道和流川枫的80后，表示很不满意！
上海,爷青回！以宫城的视角补完了“凡人篮球手”的前史，也串联起其他主角，最终在大银幕上终于打完了湘北VS山王的比赛。篮球动作的画面比预期流畅，比赛还是燃的，没有刻意煽情，挺好。要是能加上《十日后》的剧情就好了。PS：宫城妈妈怎么看怎么像长发三井是怎么回事儿？😂😂😂
上海,人近中年缅怀青春的绝佳作品，最后一个进球的分镜完美复刻了漫画原版，大银幕无声画面的设计更加充满压迫感与冲击力，樱木和流川的世纪击掌看得人热泪盈眶。距离第一次接触灌篮高手已经过去二十五年，能等到这部电影弥补当年没看到全国大赛动画化的遗憾，再好不过了。
北京,回忆部分拍的是真不好，且宫城良田这个角色，真的很难表达出个性。有趣的是，画风会按照叙事氛围的需要，进行细微的变化。
北京,全网所有的差评加一起，就是我的评论。
广东,不想对记忆中的美好口吐恶言。这3星里有1星半是情怀分。
湖北,我的三井啊！从来没让我失望过
江西,这节奏就算没有时光滤镜也是打十个的水平，分镜水平真的得看漫画家，那个谁都知道的绝杀球依然让所有人倒吸一口气等待，最吸引我的细节是宫城回忆完后没有肉麻得让他马上断球，恰巧断球的是精疲力竭的三井，然后宫城再跟上，他太懂克制了。
上海,3.8星。作者既然坚持自我，就别怪观众反手无情。1.本片剧情节奏和定位让我想起TV版“臭名昭著”的那集《木暮的执着》，一场紧张激烈的生死赛被多次闪回打断，死活不让人爽。做成宫城传可以接受，哥哥对宫城的意义可以理解，但妈妈妹妹那些和主线又有几毛钱关系？关系大到去抢湘北四虎的戏？2.流川樱木国语配音感染力超强，一开口就全场大笑，不愧是原版台配，女性角色配音负分，内地配音员音色太“国产青春片”。3.漫画粉就算再鄙视动画粉不懂原著不懂作者顺带鄙视路人观众的情怀，也不得不承认，电影最高光时刻就是大家想看的樱木“最光荣时刻”发言以及樱木流川世纪击掌。4.画风不丑，只是想不到属于一部热血运动番，有些画面你说是新海诚宫崎骏我都信。5.我心中完美sd大电影：2d画面+台配原版阵容+随便两首动画版原声+一点Q版+文戏再砍50%。
四川,作者跨行做导演果然还是有一些叙述技巧的问题存在。但是最后45秒的比赛镜头30年之内不可能有作品超越。情怀加一分，满分！
北京,别以为他是动画片，就小看了他的成片标准和导演功力。坦白说，除了情怀之外，影片从拍摄手法到剪辑技巧，甚至到结尾高潮的处理，真的是甩很多国产电影好几条街。在我们还为一些什么新人导演称赞，觉得他学会了什么电影语言，配乐技巧的时候，真的需要好好看一看，世界都在发生什么。这个片子的节奏非常的巧妙，不是一味的音乐加哭哭哭。也不是，一直比赛吼吼吼，热血燃到中二。而真的是像一个过山车一样，有张有弛，有高有低起起伏伏用，一场比赛几乎把整体的群像全都交代清楚了。这个太难得了。这个高级技巧最大的结果就是，影片都播放完了，我们全场没有一个人离场，享受着片尾曲那种巨大释放的感觉。哇，这个观感真的是太好了，我后排一个小姑娘一直在跟她的男朋友说，太激动了，我都被感动哭了。这个片子真的有太多需要学习和借鉴的地方。五星推荐。
,"青春啊，当年以为处处遗憾。湘北没有制霸全国，流川没有去美国，樱木没有追到晴子……但是这一刻，良太击败山王的梦想实现了，大家继续着真实的生活，有憾无悔，青春仿佛又圆满了😭"
湖北,手绘片头就开始泪流满面，这不是the first SLAM DUNK，这是the real SLAM DUNK！梦想成真，此生无憾！真的就把漫画的感觉搬到大银幕了！书里的人物第一次真正的活了起来，只有作者本人才能制造这种感觉！甩TV版一万条街！我的情怀永远是漫画！感谢井上雄彦！我永远的神！
湖北,#1200。比赛的最后24秒，整个电影院从无声转到心脏的跳动声，我的脑海里开始浮现了那个练习两万次投篮的身影，那个自信满满势要称霸全国的身影，那个浪子回头的身影，那个冷酷傲娇的身影，那个给母亲写信的身影，等等。也许是因为背负太多，幸运女神让他们越过这一关；也许是因为知道结局，屏幕外的我眼眶开始湿润。无论如何，我人生的某个段落就此划上了句号。天赋，纯粹，热爱，让这一切就留在江之岛的电车外，留在神奈川的海滩边，留在那个回不去的夏天。//2023.04.29国语版二刷。
北京,好燃啊！好燃啊！好燃啊！像是看了一场极其精彩的球赛，充满了细节和人物前史的那种～
江苏,这是一部合格优秀的篮球电影，请不要用情怀去看待它
北京,比想象中好很多，不是记忆里面的《灌篮高手》TV版动画，而是现实主义风格的励志电影，观影的过程中甚至偶尔想起Creed系列，总的来说是完成度很高的剧场版动画，也可以看出井上雄彦的创作本意其实比TV版的呈现要来得高级。燃不是目的，而是从“我为什么打篮球”讲到“我为什么要赢”，从个人讲到整个球队，把个人成长的起伏和一场比赛的跌宕搭在一起，摇滚配乐很提气，却又很注重捕捉那些静谧的时刻，比赛场面的呈现极具呼吸感，虽然画风不是很喜欢，但是效果也算炫酷。所谓的“宫城传”的形式虽然很多人吐槽，但我觉得反而让剧场版有了灵魂，如果只是展现一场比赛而已，那该多无聊呀，其实现在比赛的部分对我来说也是有点多了。
北京,千万不要看....我一个灌篮死忠....太失望了，典型的日式，压制激情、丧、死气沉沉、装，连一首经典歌曲都没有，整个电影一点高潮都没有，编辑水平还没我强，这是我影评说的最多的一个电影，因为我爱，所以太失望了😞
广东,无情怀观影，小时候听到民工漫就捏着鼻子跑走，但却在应援特典场里被身后声嘶力竭的“SAKURAKI”、“SHOHOKU”感染（令人惊讶的是，可能是因为官方通告或是电影气氛，粉丝们完全不会因为应援而违反观影礼仪）。算是确实喜欢明快的节奏营造出来的成长故事，但想了想，还是为这三渲二打五星吧。井上雄彦初担导演，就能用职业素养和创作者对自己作品的爱，将“不被看好”的“技术”、会被人质疑“利用情怀”的“冷饭”，直接拉到了一个不仅仅属于“粉丝向”或是“男性向”作品的高度。就感觉这样作者性的电影，亦或是这种人定义工具的行为艺术，是真的能令人期待三渲二或是AI的未来。非常浪漫，也非常喜欢。4.5归5。
辽宁,满分，是继承也是补全，瑕不掩瑜，全书最长的一场比赛，别说2小时，就是10小时也有的是素材可以拍，减去了很多对话和笑点，就是为了让比赛比赛化，流畅度拉满，动画里要定格5-10秒的经典镜头，井上敢一秒带过直接切下个画面，太有魄力了，但是坏处就是对路人不太友好，因为很多精彩镜头都没有回放，看nba都是有回放的，但是同样，像我这种看过漫画很多遍，对每个镜头都烂熟于心的粉丝，简直不要太爽了，各种经典一气呵成，唯二瑕疵就是声优都是怎么选的，樱木和流川枫的声优选的太差了吧，出戏，另外宫城最后去美国这段也有点太突兀了，其他都完美，尤其人物的造型，完美还原了漫画的英朗一面，而不是动画的略微幼化，英气十足，总之是很棒的作品了，值得再看一次
北京,真好，让我再次确定了所谓好看的电影不过就是这样而已，痛痛快快地让人看完，给予人最本真的快乐，至于现在那帮导演自信满满的对观众的计算和文青们爱的要死的技法，在这样的电影面前，全都去他妈的吧。
上海,这就是日本电影，它永远能在乖张暴戾的表象氛围下蕴含着一层细腻而柔软的淡淡忧伤，又能从怅然与失落中陡然迸发出一股强劲鲜活的生命能量，好久没有在影院中有如此热烈的观影体验了。
日本,非常大胆的画风，临场感十足的音效，以及吵闹的摇滚乐都和篮球这个题材的适配性达到了极致。井上老师真的是跨行业拍电影的一股清流，真的懂篮球，也完全了解漫画，动画和电影各自的魅力。没有把自己的艺术理念强加给观众，而是充分尊重了艺术的本来样貌。
江苏,爷青回系列，圆梦剧场！宫城良田主视角，并在球赛进行中继续沿用老套路——插播主角们的回忆杀（主要是宫城和三井，且难得地安排了山王球员的回忆），加上樱木×流川CP互动场景、樱木揉捏安西下巴等经典画面，不能要求更多了吧！！！（PS：零点场的福利还是很可以的，帆布包、海报、应援旗……连给小孩的篮球体验听课卡都有）
福建,宫城的安达充过往意思不大，三井名场面改完味道变淡，增加泽北的戏份也很奇怪，最开始错以为要只拍摄一部关于不断减少的时间和不断增加的比分的电影，还微微期待，是我想多了，并且宫城的视角和表现众多人物的客观仍有冲突，不如用控球后卫球场指挥官的身份把各个角色串联起来，不过比起tv版僵硬无比的动作，如今这个也足够令人感动了，最后几球的拍摄并不比漫画纯净加速线的冲击逊色。
上海,LuOne 6厅。井上雄彦选择了更成人、也更凡人向的文戏，丧失-替代带着后311的时代情绪，重新进入不良-热血的人物弧光，包括泽北线“经验”的视角，这也带来与球场节奏的脱节，无论是对原著党的情节残缺（“这次是真的喜欢”），还是宫城主POV下其他人的弧光不足，甚至现在看觉得球场细节太夸张了，实战哪有这么多机械降盖帽（不过挡拆出三分很写实）。但坐在影院里，身边鼓掌和屏摄齐飞，如此难得的观影体验又让影片的得失不那么重要，毕竟，作为全书高潮，比赛已经融入了最真实的竞技体育魅力，或不如说史诗性：披着失败面目的死亡，让少年从中淬炼生命的意义，我的荣耀就是现在了，分明是古希腊的回声，而我们在一遍遍观看中，激荡已成过去时、却被故事凝结的成长潜能。
上海,四刷，两场杜比，一场iMax，一场激光，后悔没去应援场。对于SD的情感，可以写好长好长，提笔却如湘北山王的最后十秒，无声胜过一切。每刷总能发现新细节，比如：海南、爱和、大荣、鱼柱、3/4张脸的仙道、木暮的私服、手抖的宫城......从五位声优特别节目就知道，电影不是情怀作品，无论是配音技巧还是表现形式，井上刻意回避动画略夸张的方式，他希望呈现近似真实的篮球实况。对于宫城视角写比赛并不意外，毕竟早期有《耳环》这样的短篇。没有熟悉的BGM和CV，反倒看出这不是一部讨好粉丝的作品。就个人观感，前作中没有过多描绘宫城家事，就一部电影的时间，很难做到迅速共情。电影的叙事手法和感情描写更类似他另外一部篮球漫REAL，画风和后期漫画一致，我现在巴不得井上把每场比赛都拍成电影，后期画风看着可太过瘾了。
上海,一粒沙中见世界，一场比赛见众生，很少有动画作品能做到这一步。这几年期待的都看到了。时间的积淀、技术的革新，井上多年思考和自我磨砺，才有了如今如此厚实鲜活的生机。只想着怀念青春就太浪费了，这是向着未来迈出的第一步，也是过去无数步后的又一步。珍惜有生之年能在中国电影院看到这部的时光吧。因为并没有太多机会能够看到井上已经走到哪里了
北京,"两人在荧幕前的这下击掌，我等了二十年，终于等到了！
——致青春"
北京,非常不喜欢。这么重要的电影，用宫城良田做绝对主角，全程渲染宫城的凄凉身世，流川枫和三井寿乃至其他人的戏份都少得可怜，节奏稀碎，一度看不下去。而且，听不到哪怕是一句熟悉的战歌。剧情有点燃，但我并不感动。不是青春回来了，而是青春终于结束了。看完电影后，要靠中年男人的庇护所金鼎轩来抚慰我。
北京,"20多年了，终于等来这场比赛。感动和热血之余，电影版提供了熟悉又新奇的体验。

井上自己导演，是最贴合作者心中的比赛风格，跟老版动画完全不同。即时比赛时间、3D赛场氛围，第三人称平视视角，动作捕捉打球动态，效果追求拟真+沉浸，让熟悉的高光瞬间，有了不一样的感受，尤其对漫画最后一分钟的“静谧+速度”场面进行了技术再现，炸裂！

宫城良田是主线，因为他塑造空间相对更大，也带出了全新的剧情——家庭故事、性格叛逆的起因、与三井的前史恩怨等。

而赛场上宫城作为突击队长“审度全场”的角度+内心活动，好比“作者评论音轨”。

没有沿用动画版的音乐，但新主题歌也相当燃！国配是两岸混编——樱木和流川的声音就是大家熟悉的于正昇和官志宏。"
上海,与原作重叠的只有比赛本身，整体上完全是另一个故事，也只有原作者当导演时才能如此干脆。有一些理所当然的缺陷，尤其是文戏，相对饱满的只是个体。
日本,节奏控制的好差啊，画风也不喜欢。只能说为情怀买单了。
福建,"谢谢 衷心的
幸福过 今天也是  （全场我一个人拼命鼓掌 又哭又笑 谢谢你们 青春得到了回应）"
四川,一个人去电影院，结果成了电影院只有我一人。 剧情，篮球战术，bgm，音效，节奏。感觉全部不在线。 我喜欢的不是漫画是tv版动画。不过这个导演，确实拍电影还差点火候。 中间一段全静音我怀疑影院音响坏了。 怎么说呢。 部分人为了情怀买单，我觉得这东西不能叫电影。
北京,天空视角下看宫城良田的那一幕，泪目…………你哥哥看到你做到了🥹
山东,带女儿去看的，我感动得一塌糊涂，仿佛圆了一个长久来的梦，女儿却只津津乐道“那个红头发的戳大猩猩的屁股哈哈哈哈”。
北京,真的是一个等了二十多年的完结篇。还是那种熟悉的剧作模式，用宫城的回忆串起这场迟来的全国大赛。太多的回忆涌上心头，尤其是想起了曾经那么真情实感地喜欢动画里的人物。北大这场首映留下了很独特的观影体验，整个体育馆的人把一部动画当作一场赛事来看，鼓掌欢呼不绝于耳，好绝！
上海,干，我以为井上雄彦现在是个水墨画家了妹想到他还具备如此专业的动画镜头意识，电影山王战修正了tv为集数而一个球水一集的遗憾，全是干货，其余时长用于言之有物的角色刻画（感觉宫城作叙事主角就是让没有看过前面几十集的新观众也能当成一部单发电影来看），张弛有度。新的音乐很摇滚，作画品控也不错，再现原作精确人体赏心悦目，遗憾是cg上色吧假如是当年电影级别的赛璐璐作画该多美..
上海,摸摸自己的心，究竟是爱自己还是爱灌篮高手？几十年来，“灌篮高手”和井上雄彦一直在成长，每一次都在和喜爱他们的人报以真心地平等交流，而我们别只活在只有自己感动的青春执念里了。
北京,青春有张不老的脸
上海,全无废话的那种剧场版，大概只有这样的作者才能拥有这般克制力。已经记不清漫画和电视动画的风格，但肯定不是这么写实的吧，这里真是拍出了拳击片式的全视角篮球场面，高潮处的漫画分屏加黑白处理都能进入年度镜头阵列
辽宁,最后一分钟领先五分进攻不压时间居然五秒打完一次进攻还被人下快攻我要是山王球迷我在球馆外扯横幅大喊教练我来当我来当……
日本,我几乎已经不记得动画版的剧情但是这部完全唤醒了所有的记忆。画风完全不同了配乐存在感也压得很低，重点输出全都在剧情的的氛围渲染。坐隔壁的大哥在最后半小时哭的泣不成声。另外，真心希望不要看枪版，这么好的片肯定会引进的。
四川,我们的青春早已消逝，而他们永远活在青春年华。
重庆,太他妈牛逼了，我希望能把我脑子清空再来一遍。用在打球过程中无甚特点的宫城作为视点人物，把所有的角色都拉到了同一水平（篮球是一项团体运动）。并同时运用宫城他最为沉重的打球理由来给整部电影的的意义做基底（拼搏的意义），至此，最后三十秒的静音与三渲二/漫画线稿的运动将所有的一切拉至顶峰：我最辉煌的时刻，就是现在。
江苏,原来这就是你们小时候看的动画！蛮好看的耶！开始的文戏确实太多了，我和旁边的女生都在打哈欠。但进入节奏后好好看哦，本人一直日语乱叫（简单词汇）！就是这个画风，主角团看着都是2.5D，其他人2D，观众席有一秒居然是《乒乓》画风（？？？），好乱。不过没事，还是很好看。爽到！
菲律宾,看完爱上泽北荣治了，然后嗑起了不太对劲的CP，想起了小学中午放学要赶回家看动画片的日子，看完了铁定迟到还碰到了同学，互相问你是不是也回家看灌篮高手了？
广东,最后一段的静音堪比全职猎人的九页连黑。谢谢谢谢谢谢。
浙江,井上雄彦兑现了承诺，不枉我们等了二十六年，哭，都给老子哭！
江西,五星推荐。电影给泽北荣治补充了不少信息，他在庙里起愿、他失败后在球员通道坐地痛哭、他去了美国后的成长……在《灌篮》电影和动漫之中，有对手，但没有“反派”。泽北、仙道、牧甚至包括河田、鱼柱，他们都不是湘北队员，但不妨碍观众喜欢他们。井上对所有人物做到了一视同仁，所有人物，无不光明。《灌篮》是一个战胜软弱、战胜放弃、战胜自己的故事，这是它动人之处。
河南,五人组的线稿开场直接泪目呜呜🥹流川枫的下眼睫毛实在过于醒目无法不注意到🤔果然我最爱的还是那个红毛天才（笨蛋）幸好泽北的愿望实现了（喂
湖南,"我的学生时代，特别喜欢看灌篮高手。每天放学后，穿着10号球衣，和哥几个一起打篮球。还有自称大猩猩和三井的。这次提前看了电影《灌篮高手》，真的很好看！超越了动画，更是一部经典电影作品。为了仪式感，我染了红发，穿了10号T，脚踩AJ1。

本片从他和哥哥的羁绊入手，让大家知道宫城热爱篮球是有原因的，引起共鸣，燃就一个字。湘北vs山王的比赛很精彩，优秀的电影特效对于比赛的流畅度很有帮助，沉浸感强到想哭！"
河南,不是篮球迷，不是原著漫画粉，跟我的青春也没关系，纯为了井上雄彦买票入场，但是，很好看，很热血！
广东,《灌篮高手》完结的这些年来，曾见过不少假想，比如高中毕业走向社会的湘北球员们，或许也成为了寻常的中年人，只有看到还在打球的少年，才会想起久远的荣耀时刻。而这一次的电影版，或许给了我们一个新的方向：在灌篮的世界里，他们依旧年轻，永远年轻。
北京,技术无懈可击，三渲二范本吧可以说，运动场面分镜yyds。回忆杀部分弱了点，没有煽到，但磕到了～😂 没有歌还是有点残念啊
广西,很多人受不了的画风恰恰是创新的关键，复制粘贴所谓的情怀没意思，不如来次大胆的新旧碰撞，事实证明井上雄彦做到了，真的擦出了耀眼的火花！
上海,好好看！在电影院里鼓掌！！！比赛最后一分钟看得我无法呼吸（声音处理的很好，比起好莱坞大片有种疯狂克制但还是忍不住的燃，令人想跟赤木刚宪一起怒吼！（每次镜头转到流川枫，都瞬间变高P浓妆版本，可见下睫毛对精致度之重要性！
北京,2.5 / 被僵硬的结构和刻画人物（不管是背景还是当下心理）的渴求箍在地上，动弹不得。
上海,坐立难安只有三个字：想上场
广东,最后比赛的节奏与情感力度的控制太厉害了
上海,情怀可以值一张电影票，但是冲绳的回忆不值得。我喜欢流川枫，就是因为他对篮球的热爱很纯粹，不煽情不贩卖故事；虽然樱木有点二，无厘头，但单纯热血。这才是我心目中的湘北。
上海,《灌篮高手》略失望，高潮部分剪辑完全被Winning Time最后一集吊打。宫城主视点回忆叙事单拎出来看不错，有几个镜头甚至有点雷乃的风范，但和比赛剪在一起破坏了整体的节奏。
河北,明明看过漫画也知道结局，可是还是会跟着电影情节一起激动、欢呼、紧张。电影版还是会赚走我那么多的眼泪/漫画和动画里其实宫城的戏份不算很多，也可以说是湘北五虎里面戏份最少，人气也是比较低的，所以这次以宫城的视角去看我觉得也不错
江苏,"最初的梦想，最后的夏天。热泪盈“框”！无论你是否钟情于篮球这项运动⋯⋯球场有界，热血的魅力无界。
❶未沿用《好想大声说爱你》以及《直到世界尽头》——
（但凡看完TV版，就该知道，在当年播出时片头/尾曲后来就不只一次更换）正因如此，凸显的是情感的丰沛，无需情怀的烘托助力。取而代之的是真香的“Love Rockets”和“第零感”。
❷宫城良田“主视角”——
全方位呈现紧张刺激的比赛之余，闪回宫城良田的往事，弥补了TV版对其背景故事着墨不多，我认为电影是个好契机。同时使得本片张弛有度。
"
江苏,井上雄彦是个真真的艺术家 
中国台湾,試片中配版｜感性滿分理性4.5，相隔26年此系列迎來首部劇場版，除了直接挑戰3D動畫製作，井上雄彥更直接跨界執導，首部執導處女作，便以童年情懷殺揭開序幕。對山王戰完全帶著一張白紙入場，結果看的熱淚盈眶、淚流不止，首刷便看中配版，畫面、角色互動回憶殺，但熟悉的中配聲音再次繚繞於耳，童年的回憶才正式凱旋歸來，最後20秒的無聲靜默倒數，完全可以載入動畫史上的高光時刻，這段無聲時刻彷彿可以聽到自己的呼吸聲、心跳聲，完全將屏氣凝神目睹歷史性的瞬間發揮到淋漓盡致。劇場版全程以宮城視角出發，回憶線縱然有些拖沓塞太滿，但是井上雄彥僅此一次的任性，搭配急起直追的山王戰，2小時所帶來的熱血與感動徹底讓童年回魂。感謝井上雄彥，最後的高燃時刻仍舊留給了櫻木與流川楓，青春不虛此行，童年回憶隨著兩人的擊掌正式圓滿落幕。
广东,二刷国配版，A—升A+，对现在的井上雄彦来说，这一部的灌篮高手剧场版就是与以前的他作分割的最好示例，标题里的the first意为最初，想要以当下的心境重回画少年漫时的激情和触动，但现在的他对于故事主角结局的处理也有了新的方向。而以宫城为第一视角意味着更好展开故事的切入角度，事实上也只有他能够完成与其他人的回忆重合，而回忆与比赛的交织也成为绝妙的互补，每一段的回忆涌入都在与比赛现状形成呼应，回忆中的人被过去束缚之时，比赛场上的人也陷入了困境，而当宫城一家真正放下伤痛的时候，回忆与比赛形成了汇合，汇聚在宫城的突破中，达到了故事的高潮点。没有一刻的回忆是没有价值的。
北京,没有期待中好。观感不太流畅，情绪总是被宫城的回忆打断，而他个人的回忆无法撑起所有角色，以至最后的击掌显得很单薄，全靠老粉们自己反刍情节，还有坐我后面的几个老姐妹吱哇尖叫来营造气氛。
江苏,樱木花道，我的英雄。
北京,无粉丝滤镜！本以为隔了十几年什么都忘差不多了，结果电影开始，BGM一响，一切都回来了！太燃了，赛场最后一分钟绝了，看得热泪盈眶！不管你是几零后，是否小时候看过，你都会反复爱上灌篮高手这部电影！
北京,看出了真人比赛的感觉，前半场在内心焦急地呐喊：流川枫你在干什么？？？樱木去抢篮板啊！！！最后一球的速度线太戳心了！！！还要再看亿遍！！！
北京,比分第一次被反超时，电影院前排一位大哥突然情绪饱满了。“咋不激动欢呼呢，喊呐！”
北京,非常精彩的一部动画电影！无与伦比的分镜！然后，我是三井粉，谁再说不想看宫城的故事我们一对一（挑衅）
日本,哭得连你妈都不认识你了
广东,再没有人抱着你一起跳舞。 
山东,"球场上的比赛真爽快，算是运动类型动画的天花板。宫城的成长经历很赞。
但是两者结合起来就有点别扭，毕竟最后的高光都是樱木和流川的：）"
河北,晴子变丑了 彩子变美了 漫画版主角是樱木 电影版主角是宫城 情人眼里出西施
上海,即便是我这种对原作没有情怀的人，也不得不感叹画风呈现和叙述手法非常聪明讨巧。（但这差不多是我最近五年遇到过素质最低的同场观众，经历过最差的观影体验）
上海,为什么可以这么经典，无论是人设，音乐，节奏，剧情，全都找不到一丝丝瑕疵。谢谢青春，谢谢热血番。
湖北,想当年我们为樱木花道和流川枫在操场上吵了多少场架。这两个人史无前例的击掌，像是你跟回光返照的青春终于握手言和。影院里鸦雀无声，偶尔传来一两声没崩住的中年饮泣——出走的青春突然返场，平直的心电图奇迹般地蹦了一下。
北京,"众所周知，灌篮高手漫画最令人拍案叫绝的就是第275话，除了樱木的一句“左手只是支撑”，没有任何对白，井上完全利用分镜，创造节奏，让读者自己去感受。没想到！这次全国大赛的电影，居然再次玩了这一招，相信在电影院的所有灌篮高手漫画迷都经历了一种和井上的心有灵犀，超感动！

不仅如此，井上的大胆（或者说不在乎？）还体现在，比如把主角设为宫城良田，比如多次在比赛高潮时插入闪回。电影中很多段落都是完全没有配乐的，有的只是球击打地面的声音和寥寥几句对白，更不需要什么金曲放送，就像樱木最后的庶民投篮，天才做自己那般的自信。我在心里呐喊，井上不愧是你！"
福建,没有听到直到世界尽头，还是有点小遗憾。
江苏,14年排球小将tv版已经证明2d可以支撑起运动类作品，三渲二从亚人一直走到今年的枪神新版也越来越成熟，但要达到丝毫不拖泥带水的效果且能经得起影院级的无限放大，那就必须三渲二。当铅笔素描画出湘北五人时，相信所有观众都进入了沉浸式观影。和犬王一样，唯一拉垮的是2023年的摇滚乐，土得掉渣，这么利落的画面必须tri repetae时期的autechre出马。现在问题来了：是不是要以三井的视角再来一个湘阳剧场版？以樱木和流川的视角再来一个海南剧场版？
上海,没有人应该是配角。每个人都是人生的主角！
河北,没话讲的好看，更何况井上雄彦就能不搞那么多情怀，就实打实靠内容说话，屌屌的棒棒的，更喜欢了。樱木花道赛高！
上海,"全场看下来，基本算是习惯了三渲二的画风，还有除了樱木和流川以外的国配。如果宫城良田的回忆再少点，球场的描绘能再多点就好了。鱼柱、仙道剧情被舍弃真的好可惜。还有希望经典的bgm可以回归啦。当然，早在初中的我已从《SD》中学会了，没有遗憾的青春是不存在的。是时候向我的青春说再见啦！（2023.4.20,@SFC,with JJ、YYC）"
北京,用良田做主角，就相当于复联2让鹰眼立了一整圈flag最后毫发无伤，不是不行，但是叙事高光仍然在英雄樱木身上，良田变成了某种层面的叙述者而不是主角，这是一种作者意识（新视角）和作者潜意识（旧视角）的拉扯，结果就是很难作为一部电影去评价，兴奋点像叙事一样零碎，粉丝嗨完，故事也没有留下什么新东西。你试图用碎片去建立主角形象，主角形象就必将随着海风被吹散。当然反主流也是一种勇气，我可能只是厌倦了过时的家庭创伤。
北京,6分，从我的角度来看，对于宫城良田为主角有略微不适应，在动画里他的人设有一部分逗比性质以及乐天派，现在整个基本换了个人，然后对于没看过漫画和前作的人来讲，把某些别人的功劳也按在了良田头上，然后整个画面风格不是特别成熟，跟现在剧场版主流不是一个风格。说话看不到嘴动，当然在最后一分钟，终于回归到大家熟悉的感觉，在节奏切换上也有问题，同样的配乐用太多次，就像我的bgm里永远赢不了我一样，重复的音乐有点烦了，整体五分吧，最后一分钟+1，看完电影的感觉就是，我应该去收一套灌篮高手漫画了，还是最初的感动最好，对了现在这个剧情其实可以出2的，看看后续吧。
上海,本片贡献了一个电影院的奇观：比赛最后时刻，音响几分钟寂静无声，现场却如菜市场般人声鼎沸，然而，每个人都如此满足。漫画与电影两个媒介语言此刻相互致敬。
吉林,小时候不知道原因不喜欢《灌篮高手》，对篮球也是实在没啥看的看看季后赛，一年也看不了几场。但这就是最最最顶级的运动电影。本来看剧照以为效果非常僵硬廉价，没想到技术上观感远超想象，不论是运动的力量感还是表情的微妙变化都能胜任。运动本身完全体现了篮球的魅力，每球必争，球员之间的对位，明星球员的交替得分；讲故事方面，众多角色的人物弧光多而不乱，合理而完整。井上更是挑战最高难度，然后满分完成，把一个队伍里最不起眼的球员淋漓尽致的表达，包括体育上的和故事上的。然后问一句《浪客行》下一卷啥时候出？
北京,动画技巧丰富得令人发指，关键镜头的特写停顿毫无保留地贯彻了井上雄彦的作画技法，即使张力舒缓的动画部分也过渡省略得极为漂亮，真是叹为观止。镜头调度完全是在教迪士尼做人，音乐则秉承了岛国摇滚一贯的高水准。在这部动画电影中我察觉到了来自周边行业的全面持久长期的支撑：动画番剧的稳定质量，格斗游戏的动作节奏，甚至不可言说游戏的汗液材质。很久没有体会到炫技与游刃有余的之间的区别了，大师的呼吸永远明亮沉稳、谦逊得体。
北京,说句实话，除了原作的比赛剧情和情怀加持，这作品的实际质量根本没有9.2分这么高，作画音乐叙事节奏根本就是二流水平，7.5分差不多，现在真是期望有多大，失望就有多大。
山东,"之前最担心的3d动画的水土不服没有那么严重，被短镜头剪辑和构图遮掩过去了，只在中远景出现了一些明显的违和感。
但没想到最大的问题是拧巴，无时无刻不在体现。
想从良田角度来讲，但是良田的前史在电影前段他完成弧光的时候就完成使命，后面再出现都比较割裂；同时这样做也是在有意的跟tv版做切割，甚至删掉了鱼住也是为此，但是完全切割的话这个剧场版就不成立了，新观众谁能看的懂？真作为独立电影的话，湘北五人组的前史都应该介绍个透才行，目前剧场版成立，还是建立在老读者的基础上的，这是最大的拧巴。
整个片子体现的是井上在身为作者的表达和观众期待的落差、和想做大师却只能当巨匠的自我定位不清这俩问题上的拧巴。
反正，不管怎么说吧，总之，感谢井上把我们的青春补完吧。"
福建,"完美的。
会有很多人不喜欢，但依然是完美的。
从《灌篮高手》到《Real》，从《浪客行》到《最后的画展》，最后走到这次的电影，井上雄彦一直在做的事情，就是《Real》里面那句台词：不要输给这个世界的常识。"
新疆,等了27年的决赛，等过了青葱岁月，终于等到湘北马上制霸全国！开头黑白漫画草图配合带感的音乐就超燃的，青春回忆接踵而至，然后你会看到经典的大猩猩灌篮、笨狐狸和自称天才的红毛蠢小子拌嘴，还有我最喜欢的三井投必中的三分球、宫城运筹帷幄的控球带节奏，大电影以宫城的回忆穿插讲述，一场比赛让湘北五人组更加坚定信心和找到自我，老爹对樱木说：“现在放弃的话，比赛就提前结束了”，人生又何尝不是如此，年少青春更要不服输，勇往直前拼尽全力去战斗！然后你会感激曾经内个努力的自己，因为你最光辉的时刻，就是现在了！
上海,不需要字幕组辛苦翻译的电影，听到主题曲就会泪目，即使没看我也会打五星…井上雄彦啊，你这部大电影让我等了20多年了，等得我都觉得无望了…喜欢上篮球是从灌篮高手开始的，然后才开始看NBA，才逐渐热爱这项运动，感谢你让我圆梦了…等政策松动了，我会立刻动身去霓虹逛逛，去镰仓高校前站圣地巡礼~趁我还能热泪盈眶的时候…一定去…湘北！制霸全国！！
北京,此前从未了解过灌篮高手，今天在邱德拔哭成狗。虽然完全可以预料到最后的结局，但每一点细节的推进都燃爆了，最后一段完全是惊讶、感动、担心和放心的交织和切换中度过，心跳在长达一分钟的无声画面达到满速。算是一个不想让他那么快放完的电影吧。
四川,节奏感太棒了，真的有看一整场精彩篮球赛的感觉。虽然明知是happy ending，还是紧张得屏住呼吸，好几处进球几乎忍不住起立鼓掌。当国内青春片用滥了那首经典主题曲，《灌篮高手》剧场版却展示了一种更高级别的致敬——没有使用任何经典台词、镜头和配乐来调动情绪，只是专注于描绘一场比赛。不消费情怀，却处处都是情怀的影子。诚意太足了，对观众和二十多年前的原作都充满了尊敬。
吉林,「我们曾无数次的梦见过湘北VS山王工业的全国大赛，然而井上为我们创造的现实却与梦境远不相同！」没有赤木晴子，没有湘北高中篮球馆，没有神奈川县的蓝天海岸、火车闸口；没有樱木与流川枫的争风吃醋插科打诨，没有仙道阿神阿牧鱼住的场边分析，当然更没有了当初我们的满脸稚气。以宫城为视角也好，以樱木为主线也罢，如果井上严格按照30年前的画风、节奏、配乐、架构和叙事拍六集的全国大赛组成剧场版，即便没头没尾，即便像《木暮的执着》般一球数集，我也会给予无限高分；而这种私改了原作画风，并为照顾90后、00后的口味而重新编写了故事的「与时俱进」，我一个80后表示不接受。这根本就不是《灌篮高手》，至少不是那个陪伴了我们一整个少年时代，原汁原味的《灌篮高手》。（四星给所有我为《灌篮高手》流过的泪水，仅此而已）
北京,新bgm特别燃 不让银魂。宫城线的“原创剧情”虽然老套但也够细腻。而且是万众期盼数十年的全国大赛高光比赛！但好像还是没有看漫画的时候那么燃那么隽永。果然nostalgia不适合奔现？……也许应该用一些超出漫画分镜的、真正电影的手段。非常期待汤老能来导……而且应该说终归还是一个“剧场版”，主要服务于有先修的观众。最后，日本神仙真灵，不要瞎说话……emm
四川,1好看的电影，情节和节奏都好，剪辑棒。建议《变形金刚》这类电影学学怎么处理武戏和文戏。2每个人都可以出一部电影！流川枫戏好少啊，樱木成了最佳男配。叫流川枫笨狐狸笑死我了。3工作日看了个包场，唉院线好惨。
上海,和动漫版一样，十分真诚，以脚踏实地还原一个比赛为基础，无论从剧情 完整度 节奏 画面来看，都是优秀的剧场版示范。中间穿插的漫画线稿镜头，被惊喜到，是非常高级的情怀策略。（没有放那几首主题曲，作者，你超有种的👏（认真在夸
北京,湘北VS山王，每一次重溫漫畫時本就都會看哭，而當看電影時，幾乎從開始就是噙著淚的，隨著比賽的進程哭得越來越兇。井上雄彥親自操刀，將故事講得非常電影化，無論是比賽節奏，還是新加的宮城成長線，都讓情感不斷飆升、熱血不斷沸騰，並且沒有拋棄動畫形式的特殊性，最後一球的處理讓人不自覺屏住呼吸。即便我依然不喜歡3渲2，即便我依然覺得3渲2還是電影的短板，電影還是帶給了我最大的滿足，畢竟如果要達到我心中的那個標准，製作成本和週期都得爆炸。
江苏,角色動機單純，競技載體結合兄弟情江湖氣，灌籃高手的受眾群體年齡差可能是30之間，不分男女老少。籃球這項運動的普及度在中國算很高很高了，很多人的籃球啟蒙不是NBA而是灌籃高手，這不是一般的情懷，評分將毫無參考價值。井上雄彥的原畫集現在還在我家，小時候還模仿過他的筆觸，放棄賽璐璐放棄24帧手繪，選擇3轉2的井上雄彥像個大傻逼。
西藏,井上雄彦曾经说，挑战的每一个瞬间，才是真正的舞台。人们鼓起勇气向前踏出的那一瞬间，就是一块瑰宝。今后，将永远在心底深处发光发亮。——至少在这部电影里，井上你是真的做到了，有好好的把这句话传达给每一个观众。
日本,晴子加起来只有1分钟的戏，我很满意
湖北,72/100 人物还是不够痛苦，配不上满是回忆的心理症候。视角仅是用来补充的蓄能，群戏的核心能量还是分镜。让商业电影的观众与片中场馆的观众激动地站到一起。
广东,用宫城的视角来回忆叙述故事，没啥问题，流畅还感人。一首旧音乐都没用，导演不想过多沉湎过去，当然经典台词还是在的，大赛最后几分钟好几种画面风格切换，很棒。观影中间不少人都鼓掌了😄
上海,比赛看得热泪盈眶，最后流川和樱木击掌的时候，也是我带动大家鼓掌的。但作为电影来说节奏还挺碎的。甚至有种动画ppt感，sorry。
浙江,"为什么要把回忆和比赛穿插交替，一会热血，一会抒情，两条线都没表达好！
只是给部分人补完漫画结局罢了。
"
广西,身后的姐妹哭了一整部电影，本来我还有点矜持的，到发展成前后左右都在哭时，我也就放开了……加笔部分：小人物确实会比天才更动人，井上雄彦你真的好细腻好懂怎么写人物情感。可能会有一部分人觉得宫城良田毁了他们的全国大赛，我的评价是山猪吃不来细糠。虽然确实后期的闪回太频繁有割裂感，但是绝对比你干看几十分钟篮球赛来的精彩有价值，而且母亲角色处理得挺好也算弥补了。总的来说，这是一部即使被剧透无数次、对细节处了解地滚瓜烂熟，都能为之振奋激动的作品，什么都不懂也可以。
陕西,“因为我是门外汉”“称霸全国”“现在我的眼里只有篮筐”“你只有这点本事吗”“谢谢你，让我继续打篮球”
浙江,井上雄彦用两个小时的构建了一个极其无聊的全国大赛，二十多年过去了，他还是没学会怎么打篮球，也没学会怎么去回忆，更没学会怎么去写一个流畅的剧本。他用实际证明了你的青春就是一个狗屁。
江苏,完全摘掉情怀滤镜来看也绝对是五星。视听语言的运用相当到位，真的做出了“电影感”。别的不说，仅在使用景深的意识上，动画作品里他也算第一档的。叙事上这个在一场比赛中间穿插闪回的结构谈不上新颖（毕竟印象里光是TV版都用了很多次），但胜在完成度高，块面感非常鲜明，每个人的主题（比如宫城的“勇气”，三井的“初心”，流川的“团队”）都凝练地表达到位了。说这部是宫城传的人要么是没看要么是没长脑子，“线索人物”的概念建议回中学恶补一下阅读理解。话说回来用控球后卫这个在篮球比赛中组织全队攻防的角色的回忆串联起各位队友的创意真的巧妙，如果不了解篮球请试想用哈维和伊涅斯塔的视角拍西班牙足球队的夺冠纪录片。观影过程中第一次含着眼泪笑的时候就知道味儿对了，即使换了制作换了时空，这还是我小时候看的那个灌篮高手。
北京,小时候因故没看几集所以不算粉丝，甚至迟到了十几分钟，导致看着那PS3级别的三渲二画面适应了半天；但是适应之后还是觉得运动番就得这么来，并且渐渐体会到了闪回之流畅，在一本道的比赛中竟然也完成了群像的描绘。是部准路人也能看得挺开心的剧场版
吉林,都不能算是强行煽情了，是强行凑时间。每个人的回忆跟燃点根本靠不上，经典主题曲也没重现连情怀都没贩卖成功
北京,"近乎1:1地还原了一整场球赛，但穿插的人物回忆让节奏动静相间，不至于让鸡血打得太满。导演能在前史缺失、毫无介绍，故事甚至无法独立成篇的情况下，单纯依赖类型片场面就把情绪调动到这样，已经很了不起了。
3渲2初看别扭，但最后发现它的“实体感”确实利大于弊，除了真实流畅的动作，其对身体接触（回忆部分）、肌肉碰撞（比赛部分）的还原都是常规2D动画难以比拟的。"
北京,几千人共燃的北大邱德拔体育馆，突破Cintiy顶配银幕共筑出一场无与伦比的盛大赛场，突破了篮球，可能也已突破了电影；2023年4月15日的这场放映，足以在电影史上留名。作为TV版遗憾的弥补，影片本身细致刻画了万众期待的山王之战，用“小人物”宫城作为焦点切入的闪回讲述方式，对于动画类型而言也颇为少见，成长的沉静与赛场的高燃，彼此间节奏疏落有秩，任何一位灵魂人物的粉丝也都能找到属于记忆的感动。
北京,“打起精神来，优势是需要靠我们自己去争取的。” 4.15北大首映，值得记入史册的观影体验
北京,宫城的回忆和山王的比赛两部分对比堪称龟兔赛跑，赛场上前一秒屏息凝的神，后一秒就会被突然乱入的闪回给泄掉，而除了严重干扰全片节奏之外，原创的前史剧情对于宫城性格的补足也是扁平甚至苍白的，对比赛进程的影响则更类似一种喧宾夺主，所以相比于画风从2D到3D的明升实降，可能这种剧作上从中二到现实的转变才是井上雄彦真正的妥协，还是那句话，人老了自然会变得感性世故，但有些东西就算到了世界尽头也一定要中二
上海,哎 酣畅淋漓 就 真的是太好了 无须多言 十星也不算夸张 原作下场就是最大的福音 3D转2D 突出临场感 文戏回忆和武戏比赛两种制式完美融 更还原动画的本真 一帧一帧 镜头转场是配得上成年人的观看水准  以宫城良太为中心串起了五人组的描写 下半场被分为N段交叉recall 人有心魔必无法前进青春在失败和胜利中成长（btw这乱炖西皮我是嗑得饱饱的）同时解决了我多年来对宫城唯爱大女人的困惑🤣 唯一美中不足的是更换CV阵流川枫真的还得光光来啊 taru的冲绳方言监修小小惊艳到🥰（感叹下别人家的高中社团生活这么多年还是羡慕 所以职业领域也是源源不断的良性输入 对比之下 高下立判哈哈）【N刷对彩蛋的理解：在别人口中简简单单的一张照片 其实宫城一家走到这一步花了9年 没有1v1 我的对手是我自己啊】
海南,我怀念的是曾经的激动和热血，是我那平平无奇的青春岁月中少有的光
陕西,良田在山洞里那块回忆都没有加bgm，井上简直是反煽情战士
广东,小时候看动画片不多，常被太太笑我“没有童年”。所以，我对这部影片谈不上情怀，纯粹当体育电影来看的。双线叙事、赛场节奏，都掌控上佳。而“静音”那段，可以成为影史经典了吧。
上海,我怎么能预料到 冲绳竟也可以Manchester by the sea
天津,从情怀与创新之间凿开了一条顺畅的通路，极具韵律与节奏的分镜设计，完美发挥了动画技术的优势，笔尖触碰的是激情澎湃的角色灵魂，画笔勾勒的是从过往直指未来的沉淀与激荡，在失声的时刻，所有的情绪都被点燃，所有的记忆都被拾回，然后放下。
江苏,十多年前浪客行开始连载时，我发现井上雄彦才代表着当代日本文学的天花板与极限，如今更加确信。就像音乐也可以得诺贝尔文学奖，载体只是表象。
上海,一边自嘲着简直是中年人的狂欢，一边激动的像小女孩一样手舞足蹈，青春啊
日本,没有人比原作者更懂自己的作品，从头飙泪到最后，井上大神永远是运动漫画神龛上最大的那个神
日本,可能是因为喜欢艾佛森一直偏爱宫城所以这反正是井上给我最好的交待了 燃点泪点并发年度最佳！！！
日本,支线的内容太细碎了，对刻画人物也起不了太大作用，还频频打断主线。笑点都是樱木提供的，这个男人真的单纯的太可爱了。
广东,类型片之美
中国香港,好感动😭😭😭话说三井为啥画的这么好嫁
福建,最后一球惊腾的线条与分镜梦回《乒乓》。但篮球，不是一对一的运动。作为一个始终欣羨也始终没有（试图）融入过任何一种集体的壁上观者，团体运动体现的共感、龃龉、以及最深刻的个人主义，总让我生出对这个世界的无垠的祝福。
山东,"回忆真的好多余，不如叫《生一个太少，万一夭折就很惨，所以生俩不错，当然生仨更好》；比赛画面很游戏风，不如叫《这就是2k游戏宣传片加配音》；bgm没版权，音乐不够回忆来凑，不如叫《没有音乐你玩个屁情怀》；最恶心的是人物选宫城良田当主角，你不如让眼镜兄来当更像致敬平凡人的青春赞歌来得实在。
我提议井上雄彦必须给我们80后一个交待，那最后搞个破彩蛋到底想说啥，宫城和泽北在美丽过打比赛又是什么鬼？所以剩下那四个人的粉丝是不是得罪过你？把那四个当工具人一样用呗？必须解释清楚！！！！"
上海,走出影院的时候和朋友说，你知道吗，我忘了自己16岁的样子都不会忘记自己16岁在地铁上捧着灌篮高手最终章看到忘记时间和空间凭感觉摸回家的那个下午。眼前和耳边剩下的只有球场的倒计时，足以在沙地凝聚成一个小水塘的汗水，瞬息间决定成王败寇的赛板。16岁的我看到流川枫为了目标想要去美国所以也暗自下决心自己也可以为了理想去美国。一年后，我去了美国，却并不快乐。时常想起安西教练说得再慢一点，再多尝试一点。这之后人生中但凡有迷茫的时刻我就会去网上看井上雄彦作画。剧场版里的大家很快乐，17岁的他们很快乐，屏幕外的我很快乐，进球的声音是我们的心跳，我们迄今为止都是为了心跳活着。
广东,当赢下山王的宫城穿过海滩上所有的人，无人知道这个身高仅有168的小个子，是如何在自己的战场上，完成了一场不可能的胜利。在最后沉默的一分钟里忍住的眼泪，却在这样的平静里流了出来。运动真正的魅力，正是在这样无数于无声处，完成了自我的超越，而无人知晓。作为一个创作者，能把一个被咀嚼了二十年的故事，说出新的维度，井上啊，是个太会说故事的人了。
湖北,情怀还是有的但是瑜不掩瑕，并不是完全为宫城编的故事而是往原作比赛上加了一个宫城视角使得前半段观影体验有割裂感。好处是作者电影，自己背锅，没有其他主创受到伤害（一种JK罗琳行为）。
湖南,《灌篮高手》应该在全球范围列入义务教育，告诉大家，每个人都可以生出制霸某个领域的野心和热血
浙江,作为一个宫城粉和动画黑，我表示真的满足了，可能是因为口碑不好期望低。诚然画风太2K，制作也不够精细，但是没有地平线上的篮球场，没有奇怪的透视，没有根本不真实的篮球比赛动作走位，日式咋瓦鲁多对话出现得极度克制，这TM才是这部漫画动画化了以后该有的样子！其实看前我有点希望是黑篮动画（注意是动画）的画风，动作真实（不是说技能真实）又有冲击力，但是看完剧场版我觉得，动作还是现在的好，黑篮的动作终究太顺了，打个比方，SD剧场版是真实的高手打架，黑篮就是成龙电影，SD动画就是解放前怪力乱神的武打片。对于表现SD漫画来说，应该还是真实的打架更好，尤其是到了井上后期炉火纯青的山王战。
广东,本片在经历台湾上映小红书上一片盗摄，内地也各种盗摄直播还能有如此强劲的票房可见90后小时候的IP真的太强劲了。热血的故事即使讲一千遍还是有扣人心弦的力量，最后几秒一边想着开挂了一边还是屏住呼吸 ps.宫城他妈有几个画面会让我有没剪头发的三井的错觉
辽宁,"怎么说呢，你刚要爽起来，马上来一段宫城良田的回忆杀，关键是这原创的剧情也很行货，看完内心毫无波澜，同样是兄弟情，被邻家女孩（棒球英豪）秒杀，然后再回到打山王的赛场，刚要爽死了，又回忆杀一盆冷水，周而复始直到结尾。

而结尾泽北去到美国，遇到了一个当场在全国高中联赛打败他们的对手~宫城良田，我都快笑出声来了……"
北京,一直舍不得看，有种“近乡情怯”的感觉。终归还是看完了呀。作为电影有很多瑕疵，但是这些人物里面始终有我们的青春。
北京,剧本结构并不复杂，篮球赛穿插宫城良田的成长，母子之间的感情是比较复杂的，而且从画风上，宫城的外貌气质在母亲的同框里有一个迈向成熟的变化，包括宫城回到自己的老家，高于墙的头，这是动画的优势，把比对做得更具体。这场比赛制作得很好，许多地方是真人影片很难达到的效果，整场比赛的铺排展现得清晰和准确，从精神到细节都会让人热爱运动本身，更为优秀的是对于群像的塑造也在这个结构中错落有致的安排了，这里不得不提到樱木花道这个人物的塑造， 我们常说“交流”是塑造角色的重要工具，但樱木的交流大部分听到的是心里的回应，从而写出了他的精彩对白，这是寻常剧本中少见的。比赛最后一分钟，因为动画的性质我们是看得见人脸，的，眼神画得很好，一场戏里，眼神是最好打节奏的表演，这是个最佳示范的启示，总之这是一个展现了纯熟技艺的动画
北京,它的剧作就没立起来，视角混乱，结构乏善可陈，悬念制造失败，回忆线插叙过密，部分地方视与听存在错位。另外，在真实比赛里，结果能够成为一个悬念，在本片里，结果在开篇就已经注定了，所以我对本片的高潮戏也有一种矛盾的观感，它有必要，又很没必要。
江苏,没想到主线是宫城良田
日本,刷新对动漫剧场版认知！作为完美错过SD动漫热潮的一代，仅凭对基本剧情和角色设定的认知一样在杜比声剧场看得心潮澎湃。井上老师没有一丝靠卖情怀挤眼泪来赚快钱的想法，而是踏踏实实写了一部有独立内涵的剧情电影，并用全面的才华出色拿捏了漫画与动画、粉丝向与大众向、视觉表现和戏剧叙事等多重平衡。
福建,还好电影版做了大刀阔斧的改编，真的按照一部电影的完整性去讲一场球和五虎的故事，看来是不准备拍续集了。本来担心自己老了受不了这些中二气太重的日本动画，总是靠精神力的爆发就逆转了技战术的客观差距。但好像这并不是一部热血的电影，之所以要拍山王之战，并不在于取得多大的胜利，湘北也在后来的比赛中惨败而归，而是每个主要角色都完成了各自的成长，给自己了一个交代。这大概也是井上雄彦要拍这部电影和选宫城作为主角的原因吧。
安徽,酣畅淋漓！我没看过原作都能感受到饱满到溢出的激情。对角色性格的刻画犹如开头在白纸上用铅笔勾勒出硬朗的轮廓，从无到有描摹人物魅力和弧光，以及他们是如何构成了这支坚定的队伍。声画匹配剪辑和分镜干脆、流畅，动静相称，共同构成一场场接连不断的高潮。配乐爆发再沉寂，最后的“屏息时刻”已然将作画表现力最大化展现。赛场的激情澎湃和回忆的结合提高了叙事效率，简单、高效，只是衔接方面稍有生硬和直白。看的国语版，明显可以听出配乐团队是下了功夫的，并非敷衍了事。流川枫的嗓音也太性感了吧，他的睫毛也好长！
吉林,如果最后一球进球之后接上直到世界尽头 对我来说将是绝杀😭
上海,每个人都有心魔，每个人都需要治愈，aren&#39;t we all lah。工整而又情绪充沛。宫城视角挺好的 - 要是樱木视角免不了落入俗套（不是Swoosh就是All star - Nike硬广吧哈哈哈（宫城不像黄宗泽呀！！你们在说什么！（小时候看的我真的不记得了，今天以前我还以为宫城是别的队的
北京,他妈的谁会不喜欢打篮球的男生！！
北京,看到他们五个人一笔一画一个一个出现在你面前。何况还有比赛与故事。叙事和闪回恰当。电影继续做下去，快来个三井吧。
广东,不逃避，输得起，就可以一直在路上
浙江,我们都三十几了，中年发福工作家庭忙得不可开交，好像拥有了一切却仍然开心不起来，走进电影院却看到银幕上的他们还是17岁，仿佛时间从未流逝过，永远那么精力充沛，永远充满希望，好像拥有着整个世界。
日本,"《SLAMDUNK：下届队长宫城良太传》首映撒花。
每一帧唤醒的都是一个小屁孩跑到书摊买漫画书的记忆。明明一点也不感人，却看哭了是为什么呢。

宫城去美国打球啦！
岁月如歌，我们都成长为了各自生活中的captain。
谢谢井上雄彦老师。"
江西,整体很燃，回忆篇幅插入过多，转场很不自然。很喜欢开篇用线稿来让角色入场，赛点那段的表现手法也很喜欢。在影院看了场湘北对山王的精彩比赛。最后静音那段，此时无声胜有声，话说，这段是不是让我们现场观众欢呼的。彩蛋被工作人员无情的说了一句，就一张图片🫠
上海,边笑边哭
山东,画风不一样了，不是那个灌篮高手了
上海,三渲二做的极好，画风还原程度高于绝大部分采用类似技术的动漫，主角视角从热血和超现实的樱木转移到更类似作者本人/普通日本人的宫城，大概也是一个和青春告别/与现实和解的过程。
湖南,我知道这部电影有很多瑕疵，但对我来说，这部电影能够上院线就值得一切了。
四川,跟小可爱看的第一部，不是漫画迷，没有情怀分，但从电影来说一般吧，角色和故事代入感不够强，没想到是一场比赛从头打到尾，插入的片段太多，导致整个剧情零散，而且把赛场上的紧张和燃点全都没烘托出来
中国香港,讲真，超级期待，但挺失望的。比赛的部分很好看，但刚看进去，就被强行打断，不是不可以插述人物故事，但宫城家庭叙事部分实在是充满了成年人的情绪和压力。这是中二热血高校的故事啊，为什么要展现这么多宫城家庭变故的部分呢？虽然理解想处理如何面对成长跟变故以及责任，但对于樱木，流川枫和三井，这些不同性格的问题少年如何凑到赤木一队的，这才是粉丝最关注的。而且，这个年龄就是要拽啊，就是要荷尔蒙满满啊，就是要谁也不服啊，团队内部这些人的个性都足够做冲突了，为什么还要额外搞外部家庭冲突？篇幅还这么大。宫城家庭部分的戏太拖节奏，而且整体情绪太压抑了，很减分。
日本,个人观感：如果出于“想让漫画里的人动起来”，那也没啥必要一段段加入宫城的回忆杀。如果想好好讲故事，人物的行为or心理的转变一笔带过就显得非常突兀（流川）。这么说吧，最后的绝杀球，无声的慢镜头，球一点一点一点一点落网，我甚至感受到了一种清晰的，荒谬——看过漫画的都知道球会进，真有没看过漫画的，按主角光环大概也觉得会进，不知道有主角光环又没看过漫画的，没准还在状况外…（p.s.:宫城和三井这条线kdlkdl
安徽,湘北VS山王，阔别已久的全国大赛篇。三渲二使动作更加流畅自然，配音更换但不觉违和感。宫城追寻哥哥的身影，站在最后的赛场。气势汹汹的大猩猩灌篮，华丽精准的三分球，不愿服输的冷酷较量，缓和气氛的二次运球。放弃的话，比赛就结束了。最光辉的时刻，就是现在。此起彼伏的喝彩，高燃激昂的配乐，仿佛全身的血液都在沸腾。心脏的跳动声，急促的呼吸声，电光火石间闪过的凌厉身影，全场注视着那道弧线。沉寂，倒数，然后是击掌，欢呼。哪管缺点，不留遗憾。谢幕之战为这段热烈蓬勃的青春画上完美的句号。赛场上的他们依然年轻，梦想的彼岸在世界尽头。
上海,从叙事到剪辑，以及分镜运用来说，井上绝对是按照电影的质感来制作的，二渲三也是对篮球比赛动作真实还原，但是也少了漫画分镜带来的情感冲击，可以说有舍有得，相比之下原TV版里人物动作很容易崩快，影响观感。剧情编排方面，其实樱木，三井，赤木的人物弧光在TV版中很完整，所以电影把良田的人物背景补充完整了。至于流川枫，不需要，因为他是球痴，真的很简单，够帅，够强，以及最后一传足以诠释。青春不是结束了，而是升华了。
广东,零点场最大声的本人🙋太好看了吧！开头手绘出场别太酷😭！！！都给我去看！！！（零点场的重点就是观影气氛啊！手掌拍疼了）
北京,本中年男人看完后回想起和大哥哥们打球的童年时光，如今我们都变得肥头大耳，除了蝇营狗苟的生活，不会再为任何事情奔波。
河北,纯情怀。我记得小学三年级的时候曾经问过当时六年级的所谓大哥哥，什么时候灌篮高手出全国大赛啊？我至今记得他当时斩钉截铁地回答，最多三年一定会出。三年……多少个三年过去了啊……
江苏,如果TV版是经典的5星，这版剧场版最多3星。BGM最拉，拖后腿。甚至难听。宫城穿插回忆太多，尤其还在比赛关键节点的高潮时期穿插回忆，甚是扫兴
北京,我觉得太好看了，比赛画面惊人流畅丝滑，分镜帅爆！宫城视角补全自己的同时也极好得串起了湘北众人，更用一场比赛为载体道出朴素的人生道理：不要放弃，跌倒之后才是突围的关键。我流泪满面，而身旁我的猛男偷偷拭泪。
美国,这才是“电影”好嘛！变相的剧作时间=观影时间，靠插叙丰富叙事度，高超的视听调度，妥妥年度动画最佳候选
天津,永远的青春
江苏,累到胳膊都抬不起来，分不清进攻还是防守，但是依旧能投球！被男神帅哭了……
甘肃,青春就该是躁动不安，青春就是留有遗憾，这次别说主角是宫城了，哪怕主角换成角田我TM也得说一句真香，井上和宫城的人生经历中有着诸多的相似之处，为什么说井上也是在圆自己一个梦呢，从20多岁到50多岁，他已经不在是表达樱木的超人秀了，也是一种沉淀；至于说3渲2的拍摄手法，片中有着那么多高速镜头，如果你用2D拍，呵呵~至少敢于尝试这种新的体系
上海,午夜的电影院很燃，但抛开情怀，电影本身有硬伤。第一，宫城的回忆太多且对剧情的推波助澜作用有限，有时甚至打乱了比赛节奏，减少了紧张感。第二，对其他人的心理状态交代得太少，导致他们一开始的紧张和后来的转变都显得很突兀。第三，画面细节不走心，人物动作经常不自然。第四，BGM不如动画热血和好听。
陕西,如果没有101集打底，就麻麻吧。以前就注意到灌篮很少提及主角家人，仅有樱木父亲病重和鱼柱接手家庭饭馆，隐藏了阶级背景，专注于篮球本身——想想马尔福老爸给史莱特林队赞助飞天扫把。以宫城丧父丧兄老派日式悲情为起点，下手。想多看看樱木的狂妄和傻缺啊。以宫城为视角的回忆里，彩子居然没有位置！真的没有比赤木的小魔鬼更好的表现手法了吗？开头童年宫城摔倒配上海浪声不错，但结尾反超的那球非常仓促，倒计时的强调不够，毫无音效并不高明。樱木的天才之处不光是过人的体能优势，还有他心无旁骛的纯粹，他在篮球这件事上毫无恐惧和怀疑，他是问题少年是因为他根本不觉得自己有问题。宫城的小个子引来负面的评价也被视为霸凌的对象，他和三井都是以问题保护自己，大概是我们普通人的视角？
北京,刚要燃就转台给我看妈妈的丧脸，想法挺好，下次别弄了
山东,没有想到我这辈子第一次体会到看粉丝电影的感觉是看SD。作为稀有的宫城良田粉丝，看这电影的感觉相信没人能懂，总之，控卫最帅！虽然全篇我最感动的地方，依然是花道。一直忍着眼泪等到他说出那句“而我就是现在了”时我终于忍不住爆哭了，这就是为什么整个SD樱木花道才是主角。
北京,报看，老粉不该有期望的，还不如一直等着还有个念想。宫城part太多了吧，而且bgm也不行，不燃昏昏欲睡👋三星已经非常仁慈了，一星给情怀，两星送给熬夜零点场的自己
广东,"纯动画党或许会嫌缺了原版声优和音乐
但漫画党一定会为神还原的山王战心醉神迷
3D转制2D效果比想象中好很多，更明快的节奏也更能吸引新一代观众
这就是迄今为止，最好的《灌篮高手》动画"
山东,体育电影的核心，或是酣畅淋漓的比赛实况，或是细腻热血的角色成长。前者没得说，从二维平面缓步走向三维世界的序幕展现了电影重构漫画的野心，在CG渲染的流畅动作和环境音效的临场氛围的加持下，第一次在《灌篮高手》中体会篮球的电光石火摧枯拉朽，比“一个投篮演一集”的TV动画不知道高到哪里去。后者有待商榷，理解井上雄彦对宫城良田的“补偿”心理，但是角色在赛场上的弱势定位和生活中母子的隐忍痛苦限制了成长线的完成度，更多时候是宫城良田的回忆“急停”打乱了比赛的节奏，只能靠“电影配角/比赛主角”的樱木花道给我哭了一包纸。总而言之，反主角反情怀反热血，一点也不想惯着老粉丝，也没伺候好新观众的的井上雄彦真的好任性啊。
上海,开场线稿一出来我就泪目了，后面又好几次🥹，终于在结尾😭😭。他们的团结和全力以赴让我敬佩感动，现在想想也许我的心性在儿时看动画片时已经被他们深深影响。
日本,我可以从很多个角度去苛责这部电影，剧本，人物塑造，3D渲染，原创剧情，等等等等非要深究，都可以做得更好，可是这就是灌篮高手啊，我在看它的全程几乎都有时不时地被老梗戳到或笑出声或为湘北助威而喊出声（似乎是第一部在日本看的会喊出声的电影），这部电影给我的似乎多到我不想去吹毛求疵，如果不是和3个朋友一起看我也肯定会落泪。井上老师你好棒，我希望还有下一次，哪怕没有电影本身的提高。
上海,山王这场球该怎么打，看得出是多方取舍的结果，如果还按照动画版那样打，肯定也会收获掌声，但我更喜欢现在去掉多余情绪段落，只打一场比赛的处理方式，山王强的更没道理，压迫感与流畅度都有，穿插的闪回用来弥补人物心理和推进情绪是保守但也最有效的方式。宫城做主角也是很合理的，组织后卫的身份与相对其他四人原著更少篇幅的描写，让他的创作空间与推动剧情节奏的意义并存。画风和音乐上的遗憾，看进去了也就能接受了，尤其是画风，其实更贴近井上原作的效果，湘北和山王打了一场迟到27年的好球，电影版做到这一步就足够了。遗憾当然也有，宫城的b故事原创惊喜度还是比较低，兄弟情和母子矛盾的渲染再怎么到位，这个类型化的故事还是太平了。我们这个时代，只有SD能让今天动辄搬出立场的人回想起当年的并肩，相比这些，她的缺点实在不值一提。
马来西亚,宫城被画到超级帅的啦！流川枫也算是跑龙套…我最爱的三井寿也算是得分王！🥰🥰🥰🥰配乐爽到炸天，不去戏院看对不起自己啊！明明知道结局怎么样，但还是很感动很热血，有没有？樱木花道超级可爱啊！！！很开心可以看到宫城之后的方向，像是你失去联络很多年的朋友突然告诉你他过得很好一样！真是很想念大家！
辽宁,两大怨种“世纪击掌”名场面，忍不住潸然泪下
福建,由于全国大赛已经看过几次漫画和粉丝制作的「动画」，对最后几个回合以及结局既熟悉又感动，所以等到如今再看剧场版的时候，似乎对结尾的高潮少了一丝激动，加上过多的穿插回忆，生硬地切断比赛的紧张情绪，以至于情感被大大削弱。分镜以及同样激动人心的配乐，是影片的加分项，加上情怀，真的很难让人给差评啊。
北京,看完才意识到之前都半死不活的我
日本,看得太激动了
江苏,奇怪了？这豆瓣9.1分？我看的是个假的吗？
上海,呜呜呜呜呜，等这场比赛我等了快20年啊，老泪纵横，还有本来以为三渲二看着很别扭，没想到真香乐，所有人好像都变得更帅了！！！！太激动了今天！！
上海,2023年第一部五星给予青春，热血，难以再有的某一种情绪。这种情绪是什么呢，是明明看过好几遍漫画知道结尾，还是在最后一球时候汗毛竖立。是因为井上的关系不反感那些煽情，反而在那阴郁的背景中灵魂某一瞬回到童年的自己的身上。是和井上一样随着年龄增长，知晓并承认自己某些方面就只能这样了，于是把视角从外放的天才放到相对平淡的宫城身上。总会有一种刺痛，随着成长也无法泯灭，学会努力，并且释然，才是真正的成长。感动，是奋斗过的感动，却也是成年后无奈了许多次后，在这两小时里可以短暂的当一下过去自己的感动
新加坡,对于漫画中最后湘北vs山王一战的复刻与扩展，满满是当年高中看漫画时的回忆与感动。尤其是那些经典镜头，像是樱木对着安西教练问：“你最光荣的时刻是什么时候？全国大赛吗？而我，就是现在呢！”还有进最后一球之后樱木和流川那一击掌，尤记得在漫画书里足足占了两页。流的泪不止是为宫城或湘北队，还有我那一去不复返的、高中某个阳光午后藏在教科书里看漫画的青春时光。
上海,2021-01-07想看，2023-04-16在大光明电影院参加B站超前观影礼。三渲二的画面效果非常自然流畅，现场观众也都是熟悉原作梗的同好，随着剧情不时响起掌声和笑声，观影体验很好。虽然宫城的剧情有些俗套，在比赛过程中不断插叙的做法也略微破坏了比赛的流畅性，但是能在大银幕上看到全国大赛，还有什么可说的呢？非常值得到电影院一看。 
四川,更喜欢电视剧版的灌篮，热血，紧张，看的振奋人心。可能期待值很高，还专门去香港看了这部剧场版，故事以宫成为主角，回忆太多，让整个片子节奏变得更煽情和缓慢，主基调和节奏让我不断出戏，不能因为是青春就加光环，可能说这话会被很多粉丝喷，但听从内心的声音，真实感受就是很失望…
上海,我今天白天搬砖一共只坐下来两次+大姨妈第一天整个腰都直不起来了像个赤佬一样走进电影院本来以为自己会睡着，结果看完热泪盈眶，怎么讲了宫城良田的故事，怎么灌篮高手会讲我的故事。
上海,宫城视角并不影响影片精彩度。有人吐槽主角是宫城良田，回忆段落都在刷手机，我只能说刷手机的人太浮躁了，沉淀下来看人物成长，救赎的耐心都没有。湘北每个人的心魔都破除了，像樱木，流川这样的人气角色自带光环，并没有失去光芒。我边上坐了个五六岁的小孩，他不知道规则，也不认识角色，但他知道要支持红队。当红队艰难进球，他都会鼓掌，这就是热血。
上海,写了乱七八糟好多东西想想还是都删掉了 两个多小时的“精神折磨”之后剩下的只有一些肾上激素的冲击痕迹//从人物塑造到比赛安排 井上总是能够把控好节奏 有些意料之外的是三十年后他对动作场面的理解对视觉和听觉两方面的理解 动画的特性被充分运用起来 外加稳健扎实的战术解释 将篮球和动画两者的有趣之处都淋漓尽致地展现 这或许就是怀有热爱的人才会做的事情//最后一球 无论是情绪还是作画和声效设计都太精彩了 好想拉片//其实我以前就超爱宫城的（小声//在穆老师没得空看电影之前 我们复刷了一遍TV动画和之前的剧场版 每个比赛段落的结束穆老师都会嚷嚷“教练我想打篮球” 情绪会传染 有自己热爱的事物确实是非常美好的事情
广东,IMAX，燃爆全场。梦回夏天，炎热，风扇，电视机，雪糕，沙示，打球声，三分波，以及，电波中溢出的，永不言弃。人生本来就有很多事情是徒劳无功的——但，对我们而言，总有那么一刻，是最高光的。关于，放下初心，来成就初心。
新加坡,虽然画风怪怪的声优怪怪的主题曲换了闪回太多影响节奏，但是赛场上还是那么燃😭😭世纪击掌好感动我又嗑到了（不是
广西,那么直接纯粹的感动，久违了！不是SD迷也慢慢找回「电光火石=宫城」的记忆，电影的长度对应一场比赛也正正好，庆幸井上审美好，那么多「剧场版」流窜市场，而这是实打实的 THE 电影！写实的画风更帅的大家，巨幕下流川枫的下睫毛！（）这么好看的片子各种折扣下来怎么只要19块钱呢还意外包场了... 没有屏摄困扰的同时也不够满足，应该在应援专场和大家一起欢呼！
山东,"- 你在干嘛呢？
- 在看灌篮高手。
- 看完了我们出去玩吧？
- 不，我还要把片尾曲听完。
- 走吧，我唱给你听。"
江苏,优秀的作品无论是什么时候拿出来都是闪闪发光，3D作画加持和分镜、包括对声音的控制节奏的拿捏，大手依旧是大手！！
北京,全影院几乎80%观众都在屏摄，进球了一起欢呼，插入回忆时七嘴八舌地聊天打电话，仿佛置身酒吧和大家一起看NBA，也是观影体验的一种了。
中国澳门,井上懂動畫，也懂電影。
北京,果然打高分的都是冲着情怀去的…😮‍💨…电影院里一帮脑满肠肥的中年油腻大叔一个个COS着漫画里的人物 也就知道就是拍成啥照样有人买单…再神的作品要是拿来圈钱那必毁…居然还有人说看他们打一局王者也值…那躺床上自己幻想不就行了…都不用花钱
陕西,人物变丑了，赤木晴子和水户洋平尤甚。宫城良田的回忆在比赛中穿插太多，影响观赛体验。若非樱木花道的主角光环，湘北是无法战胜山王工业的。但很遗憾电影并没有把山王工业的特色完全表现出来，“最强山王”值得更多着墨。
云南,始终觉得画风不对味
北京,不理解为啥这么高分。反正我要给个低分
北京,这戏份纯纯是，宫城良田&gt;他妈&gt;他哥&gt;三井寿&gt;其他人…而且经典主题曲一首没有…可太抠了
江苏,之前没看过灌篮高手，看下来就觉得日本动漫太牛了，画面太好看了，五个人不同性格在短短一场球赛里就表现出来了。总之就是问题少年逆袭记，战胜自己，战胜过去，也战胜了强大的对手。印象最深的是冲绳的美景，太美太美太美了！
湖北,这不是灌篮高手，这是挂羊头，卖狗肉的童话。故事胡编乱造，不死个哥哥就不配是日本漫画？全程感觉在看火影海贼王，细节各种不认真，球员们的鞋子都有无数的复制粘贴，对手山王就强行降智，既不知道山王的球员谁是谁，也不知道他们凭什么是最强。
江苏,"超出预期，篮球动作很专业，单看比赛内容来说，比动画好太多，但同时了删减了很多剧情细节和人物，导致情绪渲染上远远不及漫画来的深刻，尤其最后樱木和流川世纪击掌完全没那味。
但，我还是给5星，因为我等了他快20年，说真的，能动就行。"
辽宁,除了情怀一无是处
湖南,就能看到击掌，我就没办法客观打分
北京,所有静音的片段，都能听到自己的心怦怦跳动。
河南,湘北！湘北！ 湘北！湘北必胜！！！！！
上海,真是太燃太热血太激动人心了！是的，我就是那个路人观众，完全没有看过电视动画，更别说漫画了，但当然小时候也知道流川枫、樱木花道的大名，所以基本上只是知道《灌篮高手》是一个顶级漫画IP。看这部剧场版动画片时，完全惊呆了，无论是从分镜、画风、闪回、节奏各种方面，处理得实在太具有电影感了，包括球场比赛时放大的心跳声、呼吸声、时钟读秒的声音、还包括球场瞬间的静音时刻，全部都是一部仿佛真人电影的感觉，井上雄彦真是太懂电影了！此前我从未看到过电影感如此强烈的动画片过（包括所有宫崎骏作品，都是二次元感觉特别强烈的东西；好莱坞动画也是这样），这部动画片绝对是划时代之作！就连新的主题歌也特别燃，特别契合影片的氛围；真是太精彩的电影了，必须五星！！！
上海,阿宗三件事。
四川,比赛的部分不错，最后一两分钟的剪辑也很棒，但回忆的内容太多了，最关键很影响节奏。虽然宫城戏份最多，最发光的还是樱木。画风也有点丑，还是喜欢以前tv版的画风。(题外话：这应该是我看过的电影中同常30+男性观众最多的一部电影)
江苏,我只能说，我不理解井上雄彦
北京,"电影上映小半年后终于在电影院看到了影版灌篮高手。真的为樱木，流川，三井在场上那几分钟镜头感动。只要湘北vs山王的搬上银幕，只要世纪击掌搬上银幕，并且处理的很好，绝对5星送上！"
四川,比赛很燃，回忆太多跳来跳去有点打断情绪。樱木真·调动气氛小能手，三井好帅！安西教练的脸如此Q弹，樱流整体戏份也太少了。cv好像也都换了。
四川,"小的时候，除了上课，就是打篮球，当时因为个子太矮遭到了嘲笑，就开始疯狂练习，后面成为班级主力，现在33岁了，我依然觉得，这是我人生中最自豪的一件事情。
高中是文科班，班上只有4个人会打篮球，我们带着1个踢足球的，在公认全组最菜的情况下，连胜两场，甚至在第二场战胜了拥有两名校队的强敌，但第三场是在第二场结束后立马开打，我腿抽筋了，最后五犯下场，吞下一场惨败。最后一场，天降大雨，我们完全发挥不出能跑善冲的特点，最后铩羽而归。由于小分劣势，我们惨遭淘汰，这大概也是我人生目前为止觉得最大的遗憾，以至于现在都还会梦回当年，梦里没有下雨，我和队友好好打完了最后一场比赛。
也许，这就是青春吧。毕竟，湘北最后也没拿到全国冠军，樱木在这场比赛之后因为背伤也报销了。就像井上雄彦所说，有遗憾的青春才是完美的。"
中国香港,哭成狗，我永远爱三井
广东,选宫城做串联想法还是很好的，从控卫到二年级的身份，都是串联湘北五虎的最佳选择。比赛过程也被重新精简了，去除了很多铺垫，节奏从开场哨响起就被带起节奏来。全程声音处理都非常棒，ED很好听。从读秒清零到二人击掌，声音留白的教科书范例。
浙江,"居然能看到灌篮高手全国大赛动漫化，实在是有生之年。
从刚开始铅笔画湘北和山王出场，便已经不知不觉热泪盈眶，总有种“终于等到你”的期盼和唏嘘。再到后来宫城、小三和猩猩纷纷走出心魔，樱木救球摔伤，樱木和流川世纪击掌……已是泪流满面。
这部电影有100种方法可以煽情，但井上雄彦没有贩卖情怀，仅凭这一点就足够肃然起敬。顺滑流畅的动作，恰到好处的音乐，别出心裁的分镜，仿佛我真真切切地在看一场篮球赛，太漂亮了！
观影体验很赞，但美中不足的是，每每湘北进一球，我都心跳加速，脱口而出yes。最后十几秒无声片段，全场寂静，湘北赢了比赛后我都想鼓掌欢呼。但影院无人与我共情。
在灌篮高手这部作品面前，我感觉我说再多的话都显苍白，我的拙句浅词无法配得上这部优秀的作品。井上雄彦，谢谢你创作出这么优秀的漫画。"
福建,.5 很好看
日本,好看的！！一定要看imax！！
日本,童年回忆，作者监督下的脚本所以很好的结合了比赛和日常，值得去电影院一刷
日本,有生之年在大荧幕上看到湘北vs山王，无憾了。樱木流川part流泪了。
北京,首先：灌篮高手漫画YYDS，其次：有了原著珠玉在前电影搞成这个样子是可以去切腹谢罪的程度
北京,影片很有诚意，并没有消费情怀。画风的确略别扭，因为线条过于清秀，感觉球员都趋向花美男了。没有想到的是，最爱的宫城是主角！！！以及，他原来是冲绳人！所有的前传都好感动。虽然确实在观影中想到了初中放学时骑车回家看一集电视里20分钟动画的矜贵。但影院里的泪流满面并不为青春，是湘北真得太好了 T_T 另，虽然热门金曲不在，但新的摇滚乐也挺好听的！！！
新疆,不如不拍
广东,三星半。原著粉表示没有满足期待，完全没有达到全国大赛漫画版的高度（不是少年情怀，也是30来岁才看到），漫画版里绝境求生的精神真的看到半夜浑身沸腾加颤抖、泪流满面、感觉不枉此生……电影版全程贯穿的某队员回忆喧宾夺主了，而且对其他人物的刻画完全不够，最后环节没有做到所有人共同点燃全场，而成了樱木的悲情独角。其实线稿画面刚出来就开始哽咽了，没想到那里就是情感最高阈值了……人物形象粗糙了些（阴影过重？）配乐更是远不如动画版。
湖南,"没有情怀，只认识俩主角，节奏稀烂，打的是篮球，讲的是人生。不懂为什么零点场排的是国语，最燃的地方，还是日语插曲和最后十秒的无声慢镜头。三维化的主角们和动作都还可以，但是赤木晴子怎么设计的那么丑，刘海跟没洗一样……#看见很多没头发的大哥都来看了零点，能不能有大陆通识教育，告诉人类看电影不要屏摄，不要说话……"
广东,我小時候只看家裡能收到的公共電視台，也沒有途徑接觸到漫畫這一類課外書，而似乎鮮少有大陸的電視台播放過《灌籃高手》的電視版，因而此次是首度接觸這個IP，沒有任何情懷的加持。劇場版的製作思路非常明確，即擢升主角五人中受關注度相對低的宮城良田為電影版主人公，在為其補充人物前傳的同時，帶上其他幾個人物的經典設定和情節。在形式上則是在原作最終章最重要的單場球賽的“現場直播”中，借助閃回穿插各人故事，以一部電影的角度說，本片的觀感較之今年觀《柯南》和《鈴芽之旅》都要更加完整和有說服力。各人成長歷程所形塑的性格和行為動機也可以說都基本成立，每名少年在球場上拼搏的動力來源，皆為成長過程中的痛苦經歷。澤北榮治到寺廟祈求神明給予一些打球的啟示，而神明所最先給予的同樣是“失敗”這一痛楚的經驗。230421於郴州萬達生源。
上海,我想井上雄彦想说，大家该长大了。从失去中成长，从团队精神中成长，从失败后成长。这个更硬朗版本的《灌篮高手》才是他的态度。
浙江,最后几十秒钟，背景音乐放直到世界尽头就好了
日本,没有预想中的好看，宫城家的回忆很无聊又多，歌曲也没以前的热血好听
上海,从自己高考到儿子高考。。二次元人拼成这样，分明在耳边喊“不努力不行啊”，好焦虑
山东,够热血！电影本身的质量并没有出众，但它所承载的东西远远超过影片本身。对于角色没有做太多介绍和回忆，全靠粉丝们的记忆。三井胳膊都抬不起来投进的三分，两个冤家的世纪击掌，樱木拼死的救球…总有一幕让你热泪盈眶。那眼泪是有关青春记忆的暴击，更是沉睡热血的觉醒。
上海,情怀有5分，但我只能给三分
浙江,"篮球的部分特别好看，无论是慢镜头、特写还是每个踩着点掷地有声的跳动，都是精彩的。
电影是经典的“最后一分钟营救”，你知道结局如何，但还是会被最后30秒无声的悸动牵动着。
然而影片选择三分打球，五分回忆的插叙模式，还是很容易让观众感觉泄了气，宫城的回忆还是太多了。我对这些角色没有感情，但明显感觉到了樱木花道的部分会更好看些。我觉得灌篮高手好就好在那些孩子们对篮球的爱都很纯粹，可以不顾一切无惧阻碍，所以影片其实还是再简单些，宫城的家庭线没有太多的加分。
作为路人来说，观感尚可。可以理解打高分的朋友对这部影片的钟爱，我始终觉得学生时期的体育比赛比任何专业赛事都好看，热爱好过技巧的比赛。电影中的人物都很可爱，喜欢灌篮高手的人也很可爱。"
广西,为什么是从宫城良田小时候讲起？我的樱木咧？我的流川枫咧？画风也不一样好吧，肯定不是原作者作品，高仿吧……有种挂羊头卖狗肉的感觉。我被骗了！愤怒😡
天津,我的打算是来看热血青春的终章，但导演硬塞了一个三流成长故事。看到平均9.2有些吃惊，不过只要不是恶意评价，打多少分都可以吧。
浙江,IMAX影院观看 就像给宫城配了一个和也 在比赛里穿插着赤木、三井和宫城的故事 虽然会对比赛节奏有影响 虽然没有了那些漫画式的搞笑 虽然实际只画了下半场比赛 虽然没有了鱼柱用萝卜点醒赤木的名场面 虽然第一主角是宫城 但基本保留了那些精彩的瞬间 樱木的誓言 三井的倔强 流川的高傲 赤木的醒悟 宫城的视角 唯一一次击掌 最后几秒的寂静 可惜在于没用经典主题曲 结尾让人不甚满意 最后成了一个宫城的故事 其他还是满足了一代人的遗憾的 出于情怀给五星
江苏,人生本来就有很多事情是徒劳无功的，有一天，曾经的失败会成为我们宝贵的财富。电影折射出的，是井上雄彦对于篮球以及对笔下每一个角色的尊重，整部SlamDunk就是体育精神的缩影。
浙江,"3.5
比赛最后20秒的分镜确实帅爆，包括对意料之中结局的悬念营造依旧让人紧绷，但是还是对篮球提不起兴趣，看队员各不相同的鞋也是一种乐趣
看完只想多训练。。"
北京,@北大首映 还有什么比在体育馆看它更合适的地方呢！
上海,最后20秒的处理太震撼了，全程音乐炸裂，常常无意识地屏住呼吸。
上海,"情怀四星，电影一星
这是唯一一部，在观影中我上线吐槽的电影，而且还吐槽了两次。
且不提画风、配乐和氛围。新加的剧情毫无意义，不但把连贯的比赛拆的支离破碎，还因此省略了不少情节，赤木的自我突破，流川的诡异一笑，樱木为什么会站在那里……
看还是得看，情怀嘛，不过别有高于动画或漫画的期待就是。"
江苏,对三渲二+转描的不爽从OP开始就消失了，听着The Birthday看着纯素线稿湘北全员出场简直燃爆！最后一球就值得五星！别无所求！湘北最高！！！
河北,我良田终于当了次主角。第一场比赛，也是最后一场。重现的是三井和翔阳比赛里的体力透支，宫城无论受了多重的伤也要把三井一个人打死的天台。从樱木受伤开始我止不住泪目，是流川和樱木最后的互传，还是那个改变赛场的炸弹人物，是队长最后的心愿。感谢作者，太棒了。
中国香港,先说结论，我认为这是自电影诞生以来最好看的篮球电影，20年的期待在今天终于有了着落，看完后很久都像丢了魂一样，无论是视听还是情绪都得到了极大的满足，去影院之前，我故意把漫画又看了一遍，就是为了看井上老师如何处理这些人尽皆知的桥段，怎么再次拨动这尘封20年心弦，但他确实做到了，故事线和比赛线的交织，新声优的真实感和新音乐的震撼都恰到好处，确实该换。正如他想表达的，这是又一次的创作，又一次突破自我的迈进，希望所有人都可以去IMAX观看，至少需要一个好的音响条件，无论在将来的任何一刻，与这样的作品相遇都是幸事。感谢🏀感谢井上雄彦。
浙江,真的不好看，太水了。1分是为了看过的动漫……
上海,没有一个回忆是浪费，所有的细节铺垫都在回忆里面交代，宫城在比赛里的失误到挣扎，到状态重回比赛正轨（包括最后一分钟的喊话，赤木也是让给了宫城，这一刻起，湘北新队长就此诞生），跟回忆部分的成长轨迹也是呼应的，并不是乱来！特别提醒，观影期间别刷手机！别刷手机！别刷手机！不要觉得回忆部分不重要就去刷手机，否则回忆和比赛之间衔接的部分，那种剧情的割裂感是无处不在的。p.s. 普通2d版，幕布色调偏黄偏暗，这也就能解释为什么很多盗摄出来的内容都是糊嗒嗒的，画面动或不动，完全是两个概念的东西。有条件的推荐冲一下imax国语配音版，色彩饱和度会好不少，配音也是情怀拉满。
上海,这不像是拍给漫画粉丝看的电影。
福建,二刷间隔最短电影，吹爆！预告片期待降到最低，然而三渲二和赛场出乎意料匹配，白描写实和速度冲撞极端逼真。小宫主视角巧妙而充满情感。小宫一直笔墨较少，但他理当是掌控全局看到其他每个人的人，也是承上启下即将率领球队的人，更是八年来阴影笼罩想成为宗太替代他在母亲心中位置的人。虽然前边回忆略糙，但赛前赛后两场令人惊喜，甚至在某种意义上和铃芽共振，人要如何面对失去呢。用一场球串起各人成长极具电影感，没有解说，对白降到最少，每一句都会心微笑（或大笑）。后几本漫画反复看过，每一个球都如此熟悉，分镜完美还原，二十多年美梦成真，不是炒冷饭卖情怀，是一支队伍的传承与信任，是运动纯粹的激情与自由，是克服痛苦向前一步。画风选曲整体基调，井上充分显示与tv决裂，这是真正的the first SD，最后一分钟屏息，哭惨了
中国香港,肯定燃，技术也挺好，人物塑造写得无可挑剔，但我没想到井上雄彦亲自来导，怎么给我的感觉和小时候看TV版的核心套路差不多啊🥲，还是回合制篮球+进得比电视广告还勤的闪回…把一正常比赛弄得支离破碎（瞬移什么的这都不叫事），镜头肯定是比tv版好看，但我撑到三井刷三分那已经完全呵欠连天了…枉费我花钱看imax…也许这对tv粉是情怀加分项，但作为tv黑这就是减分项…尤其井上不说也讨厌tv版吗？果然青春期无法打动我的东西过二十几年还是无法打动我………但如果按照比赛最后30秒和结尾山9那段的水准用新角色新故事做个第二部，我还是会入场支持
北京,挺好，再现了漫画的美学和节奏，可惜三渲二物理机械感爆表，体现主观性的夸张变形基本没有，视听反而接近真人表演，并没有什么动画感，尤其是3A游戏和双城之战美学为代表的今天，以及如果是古早B&#39;z操刀音乐就更好了，现版本实在是过于理性克制，跟制作方式和表演观念一样，少年感不足，或许是刻意为之吧，一场盛大追忆中天平向活久见的吾辈倾斜
上海,虽然加了一段漫画没有的背景剧情，但比赛的节奏掌握得很好，结尾5秒没有任何配音和背景音乐直到两人的世纪拍手，仿佛这一刻世界才开始有声音
中国香港,以宫城良田视角切入，甚至稍许加入了泽北荣治的故事线，的确会给人“新生命”感，也可以平衡山王大战本身紧凑的节奏。但对于我们这代人来说，可以不需要这些，因为触动心弦的，依然是宫城的传球、流川的过人、三井的三分、樱木和篮板和赤木的盖帽。让人看了感动流涕的，依然是漫画里看了几十遍的，两人最后击掌的名场面。
北京,电影无声的那几分钟跟漫画最后的无对白部分一样，在我心里可以封神了！初中、高中、大学，SD陪伴了我整个青春，有幸在这焦头烂额的中年可以再次与那群永远青春热血的篮球少年重逢，再次被感动、被激励，一往无前，有什么好怕的呢
湖北,没有情怀，抱着纯看电影的心态去的，真的难看死了，回忆不停穿插，剧情支离破碎，而且很无聊
广东,对不了解背景的人来说也很友好，我只看了一些背景介绍就来看片毫无压力，而且里面也会有一些关键点的提醒。所以不带粉丝滤镜可能观感更好，根本不在意宫城良田回忆杀的占比过多，反而我觉得这是塑造一个人物必备的呐，很多粉丝反而因为这个一直喷。而且，比赛加回忆是正常填充时长和故事的必要手段。 3转2效果也比预想的好，最后结尾处和回忆比赛的衔接处理的都挺好，细节上可以看到完美主义的影子。对比二十年前，少了点热血多了点深刻，可以看到创作者心态的转变。
河南,冲着9.1的评分满怀期待而去，结果失望而归，原谅我没有get到笑点，也没有get到泪点，除了最后半小时有点燃，整体感觉看了个寂寞。
江苏,最爱的宫城主线的SD，我居然看不到[泪]原计划国内同步上映，我可以在今天给中学时喜欢的男生（那时身边认识的人只有我们两个喜欢宫城）发条短信，因为我在30岁... 展开
广东,"情怀满分！想起小时候每天傍晚本港台6点都有SD陪伴我的晚饭时光🚲🚲🚲🏀🏀🏀
#电影版没有我的仙道"
江苏,五星全部献给井上雄彦，也许这不是最好的呈现方式，但却在新的内容里串联了许许多多的回忆点而让整个观感即有漫画的回忆杀也有下一任队长的心路历程。闪回也许在诉求为一气呵成的粉丝面前是减分项。但在我看来却把整个比赛切成了若干情节拐点，顺便把早已熟悉的角色形象尽可能丰满起来，甚至泽北荣治的眼泪都在完整一场挫折教育：即独狼与团队的一念之间，全片的雄性气质在体育竞技类型中甚至好于不少真人体育电影。这是井上对自己不喜欢的tv版给出的最佳回复，作为电影7分+，作为动画8分+，你当然可以挑出不少缺点，请问你在一边骂骂咧咧不咋样的时候举起过多少次手机拍了多少照片小视频？大部分人口high的情怀，价又几何？
四川,希望拍八百集
重庆,希望你有一天也可以遇到篮球之于三井寿的人或事，从而平静且自洽。真心的，永远祝福你。
广东,离大谱！这特么拍的啥玩意儿？
广东,哪怕是像我这种漫画或者动画一点都没有看过的人，同样能在本片感受到比赛过程那种酣畅淋漓的魅力。可能这就是为什么这个IP能如此经典咏流传的原因。因为这本身就不是一场普通的球赛，抛弃了传统体育片的解说视角，比赛的节奏有了保证，同时大量利用近景抑或第一人称视角，闪回的插入，时间转换，自然到处处扣人心弦，这是能让人感受到那种比赛中凝聚的湘北所有球员的决心和斗志，每个人都是有血有肉的，也许曾经还犯过错误，打过也闹过，小插曲不断，但是最终却站到了这样高的赛场上，相互打法的配合却是十分的默契，这就是一种决心带来的结果，其中更多的插入闪回宫城良田的背景，也使得这场比赛多了一丝兄弟情间的信念影响。这条线的插入属于是和比赛中的负责位置达成一种呼应了，简直为精妙的一笔，情感上的无比真挚，让这场比赛更多了一丝青春色彩。
上海,我的青春！復活了！！！！！！！！！！！！！
安徽,漫画里三井的坚持 流川开始打配合 山王的能力都没很好表现出来 赛场上新加的原创比如赤木倒地那段也尬尬的 陆配不伦不类 口齿都不清 节奏是最大的问题 宫城良田的回忆杀完全可以精简一些 台词略咯噔  想塞的内容太多 找不到什么主次 燃不起来 配上bgm也差口气
辽宁,"原来在你们世界里才过了几个月，而我们却是整个青春，25年！你曾熟悉的音乐、剧情、场景无一闪回，即便如此也让你感到热血沸腾，足以带出你青春的所有回忆，果然还得是井上雄彦，有感动，有热血，有搞笑，你想要的作者都给了你，最后樱木和流川的世界合掌，真绝！青春，无憾！湘北，必胜！

“樱木同学为这个球队带来的是抢篮板能力和毅力，宫城同学是速度和触觉，三井同学虽然曾经走错了路，但仍拥有智慧和宝贵的武器，流川同学有的是爆炸力和争胜的斗志，还有一直由赤木同学和木暮同学撑着的根基，把这些加起来的话，那便是湘北了。”
——安西教练"
陕西,老故事新风格，顶级制作，不炒情怀，井上雄彦的视角全放在比赛上了，虽然漫画里的大部分比赛时间以外的细节都没了，比如鱼助削萝卜、仙道指点流川、腾真打喷嚏、阿牧新田现场解说、英木擦边表白等等，但比赛时间内的情节足够精彩，还加了良田的背景，老粉可能有些失望，但没看过原剧的新观众应该容易理解，而且真实球场上哪有那么多戏，球员心理在比赛中已经足够演绎，你来我往的比赛才是运动蕃的主打。新配乐是电子金属，没用以前的，但也足够热血和契合剧情。片里宫城其实已经在当队长了，比赛大部分时间赤木因为被压制心态失常，基本都是宫城在撑气势。
四川,"球球了，我是去看很燃的比赛的，不是去看回忆录的。。。
倒不是讨厌运动番穿插回忆，但是你起码得和剧情连贯吧？而且三分之二都在回忆，真的绝，讲一个宫城不够，还得加上赤木和三井，拖尼玛时长呢？？
想刻画普通人视角拜托去学学隔壁小排球乌野打稻荷崎那场人家怎么刻画田中的。。。。
讲不好故事也拍不好比赛，一塌糊涂，失望透顶，卖情怀，恰烂钱，bgm也换了。。。"
中国香港,这么多年了，还这么燃！这么热血！这么令人肾上腺素飙升！
河北,真的止不住眼泪啊
北京,看完后除了热血还有种说不出的滋味，回味良久才发现，是对每天被闹钟叫醒时都为又要面对现实而苦恼、每天午饭后就开始想躺平、每天到了晚上就疯狂补充多巴胺、每天过了0点才尽全力拖延抗拒一天的结束的自己感到羞愧
上海,电影看了，总体有点过誉了。虽然主打的是情怀，但总感觉差点什么，现在仔细想想有这么几点：第一，电影直接上来就是决赛，没有铺垫，过于直接，缺乏情绪上的积累。第二，双线叙事会让比赛的紧张感下降，往往快到某个点了，结果开始回忆了。第三，这种画风过于真实，使得漫画的那种夸张，搞笑的风格没有凸显出来。第四，也是最关键的一点：动画版的主题曲没有出来，我一直都在等，直到字幕结束……其实，还有一点，就是人物没有好好挖掘，除了宫城良田，包括对手也可以好好挖掘。当然我也理解，毕竟时间有限。算了，四星差不多了
天津,我觉得名字应该改成《灌篮高手之宫城良田个人回忆录》
江苏,"没有原著的一点精气神
体育片拍成了文艺片"
广西,电影开场，五人依次从铅笔线稿然后一笔笔被画到动起来，简直太感动了！还有最后的流花击掌！能看到这个剧场版是我的福气！流川枫太帅气了，真不愧是我一直喜欢的
陕西,节奏稀巴烂，剧情淡如水，情怀当屁放。
黑龙江,以番外《耳环》里的小岛切入，用宫城的记忆呈现山王之战；野球场篮板上的球印和锈渍这种细节很到位，赛场里的热血名画面也一一呈现，现在看来还是热泪盈眶，两个小时带我重温青春、梦想、友谊、热血；感谢
江西,震撼，前所未有的震撼，当宫城从泽北的包夹中人球分过，BGM瞬间响起，湘北的绝地反击就此开启！
天津,非粉丝，没有任何期待，结果也看得感动又伤感。永远中二，永远热泪盈眶。
江苏,散渲二带来的真实感，低饱和的色调，篮球拍在地板上的咚咚咚，比赛中抛球传切的流畅度/位置感，这一切将TV版曾经的不完美画上了完美的句号。
日本,俺に必要な経験をください！
日本,人生第一部无字幕在日本看的日本电影。
安徽,"【B+】
1.对画风的些许不适应很快被惊人的流畅折服，整场比赛的空间调度可以竞争年度之最，充分利用动画优势构建了无与伦比的空间感和暴力的冲劲，真实而热情的实时竞赛，刁钻而疯狂变动的摄像机位；音效剪辑堪称完美，蛰伏在画面之外的器乐组配合着运动场景进行节奏变化，用标志性的音效连接踏步和拍击；“最后一分钟”的又一完美实行案例，时间轴线被肆意揉捏，无声与强剧情冲突形成的音画对立
2.分割式的倒叙和闪回还是太多了，尽管从情节设置情绪蓄积完满且不断递进，但比赛本身的节奏还是受到了影响；主要角色在本次比赛中各自达成了心灵的回归，但很可惜并没有被猜想之内的发展打动
3.这当然是电影"
四川,宫城主角的后果是樱流这对在全国赛成长最大的被极度边缘化，而回忆线实际上也和漫画剧情融合得不好。井上也许想在补齐人物背景的同时照顾老漫迷们的感受，结果却造成了一股混乱的商业化味道。一般冲情怀我会多打一星，但这次只能恰好相反了。
上海,太作者电影了，能感觉到作者自己是最有情怀那个，所以有过长的留白，戏份和弧光全放在宫城上，有过分沉重的故事，又有过份的细腻隐忍和东方式不表达。所以前面体验很沉重，节奏又很慢，我不喜欢。还是要避免自我沉溺。
北京,老了很久还是很感动。
江苏,喂，老头子。你最光荣的时刻是何时？是代表国家队的时候吗？而我呢....只有现在
上海,加1分给情怀。大概有40%是宫城的童年家庭创伤疗愈。拍成宫城传不是不可以，但家庭回忆杀有些太太太多了。教练，我想看打篮球。
湖南,井上雄彦好厉害，这份分手的决心着实漂亮。感谢自己来看imax，路人也能很好享受，充分展示人物与故事魅力的作品，真好看呀！！！最后半小时我在观众席。对我来说唯一的问题是3D建模画风（所以开头的原画动画最最最好看）但实在是“瑕不掩瑜。竞技体育的魅力，热血的传承，人与人之间的相惜与信任，刻画表现得真好呀。童年没看SD的我精准预测樱木的高光台词，谁不会喜欢他呢！用本能在燃烧生命能量的人。好喜欢良田呀！！！！！！要二刷。
上海,理性4星，感性5星…我以为已经把情怀忘得差不多了，没想到看着看着又有一些记忆涌现。曾经班里有个同学因为体型和赤木刚宪有点相似，绰号也变成了大猩猩，他名字里还有一个xin（…）我因为看灌篮高手而买了一个篮球，20多年过去了篮球还在我沙发底下…
北京,我从2014年看完漫画就一直期待的全国大赛和流川对泽北😭SD永远是热血运动漫南波万！卢卡瓦每个镜头都帅到我想尖叫 IMAX大约有呈现一些他的美貌但我还是觉得漫画版流川才是最神的 花流的世纪击掌和咪酱的三分球也看得热血沸腾 唯一的遗憾是删了流川和仙道大赛前的one on one
北京,完美
北京,三刷才真正静下心看良田部分的故事，这次观影就完全融入，篮球拯救了少年，少年为青春拼尽全力，所有光荣在那个夏天绽放，这就是SLAM DUNK。没有遗憾了。
北京,被三井寿一计三分击穿泪腺，然后持续爆哭五分钟，即使过了二十年还是会被这种热血中二打动，人类有一部分情感是永远不会长大的。（可能再过二十年还是会觉得三井寿巨帅吧！！！）
湖南,我这么喜欢宫城都觉得拍成宫城外传实在有点诈骗，然而无数次打断观影情绪的闪回都没有晴子被重新捏脸荒谬🙄
上海,感觉画质也是主打怀旧风，人物形象更生动了。 
辽宁,语言可以退后了
江苏,"当我已经有了宫城传，妈妈再爱我一次，流川枫的出场还没有宫城妈多，一到热血地方就转回忆以后。
反而看的还可以，只要降低所有期待，也还好我年少时没有特别爱此部。
比赛的画面节奏给100分，非常棒，同场观众甚至忍不住给精彩的进球大大鼓掌。
回忆的部分，只能说人到中年确实会有点想法。金庸要把自己作品改出第3版，你不认同，你算老几。
虽然回忆部分无聊，构建的普通宫城也很无聊，为了构建平凡的人生，砍掉了我想看的“教练我想打篮球”，“（樱木的）非常喜欢（晴子）”，“没有用上的杂志大合照”，加上了“不科学的安西教练晨跑”情节后。
嗯，就这样吧，我算老几。
25年前，没有特别喜欢的角色。25年后，还是热血笨蛋带感啊。
前排有三个妹子分别穿了樱木流川三井的T恤，开场时没反应过来，散场时拍不清&amp;糊了，小小伤心。"
印度尼西亚,童年没有灌篮高手，却第一次看就被折服。
上海,他们很强，让人害怕，但我们也不弱。原先看作品的时候，喜欢樱木花道的搞笑，喜欢流川的酷，喜欢三井寿的三分球，喜欢仙道彰和藤真健司的颜。不太关注宫城良田，觉得他就是个打酱油的。可是，宫城作为普通人，他也终于走到了这里啊......
上海,一本满足。十星
北京,看完了，非常差！是《灌篮高手》但跟小时候看的《灌篮高手》似乎又没有一丁点儿关系。全员就像把“成长”二字写在脸上生怕别人看不出来。除了篮球场以外的部分都是找的外包团队糊弄着画的吧。最后的彩蛋是个啥啊。没有任何“回忆杀”的部分，爷的青春也没回来。
上海,以宫城良田为视角不坏亦不佳，整条线不够有力量，不如以流川枫为视角讲这一场比赛，可以拉高整个故事的上线。电影告别青春的感觉太强烈了，会去二刷。另外灌篮高手虽然很棒，但其实有一个弱点限制了故事往更丰富的层面走，就是主教练的塑造不够好，安西更像一个心理医生而非战术大师，这就导致故事的理性层面，如何排兵布阵，如何丰富战术考量，如何开发出先发和替补的更多可能性受到了限制。假如井上雄彦可以塑造一个深谙战术之道的助理教练（类似陵南的主教练田冈茂一）来打辅助，是完全可以拓展出新的戏剧空间的。
北京,燃爆了，好想再年轻一次。
上海,我本来有很多想说的，比如りょうちんこ怎么不翻译，但现在只想感谢！谢谢樱木花道这么多年的陪伴！
浙江,你以为这是在给一部动漫电影打分嘛？不是的，年轻人，这是在给我们这些老帮菜，汹涌倒流的记忆之河打分，这是在给纷至沓来的青春碎片打分，这是在给已经知道了遗憾是日常的我们自己打分。所以，必须任性的把分打满，因为，没有再一次了。
广东,观感复杂，最后扶正宫城实在是无法理解。
北京,小时候看：教练，我要打篮球！现在看：好多帅哥，好多肌霸，好多老公，好多姿势、汗水和喘息。从作为承载了几代人青春回忆的落幕曲来说，保持了中二感和搞笑风，角色也都没有ooc，樱木的高光令人震撼，几乎是全场尖叫，氛围之热烈堪比妇联4首映，总体比隔壁小学生体面太多了。我老公流川枫还是那么帅，帅的我想屏摄（不是）。
广东,"呼吸与热血随着节奏燃烧，像看了一次现场球赛
果然只有流川能制住樱木
宫城和三井过去有这样的故事
流川的下眼睫毛绝对是画家的偏爱了"
广东,一切都如此恰到好处，作画、音乐、镜头、剪辑、节奏，所有关于视听的思考都在嗡一声的奏响中变得一片空白，只听见砰砰砰，心脏把血泵到四肢，全身都在舒展开来的声音。银幕内赛场的鼓劲、呼喊，银幕外观众的喧嚷、掌声，在这一刻牵动着过往和梦想缠绕成细弦，于两个重叠的场地间迅速地颤动、共鸣。太碎了，太糙了，太冗长了，时钟正在倒数，这这那那都顾不上了，有什么正在站起，有什么就要满溢而出，它们会在这个当下沸腾，在这个瞬间汹涌，如同火山爆发轰地一声让不必要的声响都泯灭，然后郑重向全世界宣告：球场即舞台，舞台即存在，而存在不是其他，就是生命！
广东,“我最辉煌的时刻，就是现在了！”
北京,我哭爆哭爆哭爆！我的童年我的青春啊！我那相信未来无限可能的青春啊！我对夏天最炽热的回忆啊！我对信念最开始的理解和建立啊！我真的超爱！我从电影开始五分钟后整个人眩晕着倒带回了青春期，忘记了当下生活的一切污糟，又回到了轻快的十几岁的人格，我好幸福啊！我好留恋啊！我不想电影结束！我呜呜呜呜🥹呜呜呜呜呜呜😢再也不会有任何一部电影可以给我这样的体验了！井上雄彦，我求求你了，再来一部吧🥺
广东,结尾的漫画梦回真是井上雄彦出品啊。
北京,就各方面满分。我也觉得宫城的部分有点长，但是后来想了想，刚好是这一段串起来的群像以及背景故事才让我想起来20多年前的这群人其实不是天降正义，是使唤不动队友的大猩猩和眼镜，普通的宫城，入学才有的流川枫，被薅过来的门外汉和退出以后又来打架才归队的小混混。现实和艺术作品早已经不缺投胎胜利组，但我的中年和青春都是普通人。
四川,现在就放弃的话，人生就提前结束了。
中国台湾,和毛毛從台中回來，看完電影去買刮刮樂，我們都沒有中獎
江苏,画风和制作都很棒，但宫城的原创剧情在观众的巨大期待面前确实有些太弱了，生死兄弟情啊什么的，别忘了井上老师，我们这代人，可是同时在追《棒球英豪》啊，至少也让妹妹喊一句“良塔，带我去全国大赛”啊！但是谁能说，这不是一场精彩绝伦的比赛呢。
湖北,没有遗憾了
广东,井上温柔了很多，无论是故事里的少年们还是看故事的我好像都更成熟了。相比tv版3d渲2d的全新画风看的很喜欢，篮球比赛也更刺激，在电影院看简直身临比赛现场。年少时候也曾有个篮球梦，这时隔二十多年的电影票今天算是补上了。 
北京,最后樱木投篮得分，一瞬间被拉回秘密特训的夏天，两万次的投篮，爆哭。
湖南,是请不起原来的声优吗？是原来的主题曲用不起了吗？有点遗憾
河南,还是有被戳中，还是那场激动人心的全国大赛。但是跟漫画比起来真的差了好多…
北京,也不知道自己哭个什么劲，“我的心愿早就实现了吧”
河南,一开始的剧情引入让我以为良田是主要人物，后面又加了其他人物的回忆和心理活动我才反应过来原来是要拍群像，那如此的话良田的戏份是不是多了些？
广东,做好了来被回忆杀的准备，但记忆中的曲目却一首都没有响起，我想，制作团队大概还是有点骨气的。开场的宫城良田回忆段落，人物绘制的不好，眼神，动作都没赶上当年的TV版，以至于我担心后面赛场上的动作镜头会不会垮掉。好在，似乎赛场段落是另一个团队制作？突然水准又回来了，最后一个球的快切镜头和无声的屏息感，是超越了TV版的亮点。最后想说，如今已步入中年的我们，回想起那热血与中二的日子，还是会觉得好可爱啊。
广东,本来没啥期待，以为是之前剧版漫画的浓缩，故事重新讲一遍。然而并没有。主要讲了宫城良田的人生，家庭，死去的哥哥，自己的位置，寻找自己。突然感到导演/作者大概也是五六十岁了吧，心境阅历和二十多年前到底也是不一样的。最后看到宫城良田去了美国，更好的未来，更广阔的天地。突然回想起二十年前，初中毕业的暑假。一遍一遍播放dvd的自己。嗨，别害怕。
四川,我已经老去了，看到湘北还在对战三王，一下把电影屏幕外的我变回那个TV闪屏前的孩童，时间感果然比井上雄彦又瘦又硬的线条还锋利，含着热泪看完，在比赛最后几秒，所有人屏息着看完（明明是知道结局的）。没有了小时候神奈川的碧海蓝天，有的是宫城良田内心的乌云密布，穿过时间隧道，才发现童年的热血已经快要凉透，所以要感谢这个时代的slam dunk movie，在这个鼓吹「天赋第一，努力无用」的成人时代，唤醒了我——眼前的高山还在那里，依然要记得去攀登啊。（感慨自己看的special场，最后的TV版回忆杀，大家一起合唱《直到世界尽头》，很好的solo般的观影体验。）
上海,三刷完还是应该给满分！💯电影麦格芬109-110期节目！
湖北,时隔26年后面对一个众人皆知的结局，《灌篮高手》电影版仍旧燃情热血。而更出人意料的是井上雄彦在这部电影里所做的，不仅仅是在为当年的动画剧集画上一个全国大赛的句号，即便抛开那属于一代人的情怀，今天的《灌篮高手》它本身就是一部再创经典的体育电影。
广东,"看完，跟预想一样的平静。有可能是我提前看了剧透，心里早已做好了构想和准备。也有可能，是一种理解。

想起以前井上雄彦的一个采访，灌高是他 20 几岁的作品，当时他能呈现的就是 20 多岁的世界，所以，热血青春执着都有了，但少了许多对其他生活实感的设计与思考。

同样，这样的一部电影版，也是这个岁数的井上雄彦的选择，他没有煽情，没有卖情怀，他甚至把现在看来依旧牛逼的设定和情节都省去，和过往切割，多了对情感对家人对社会更多的描写，有点满有点挤，但这是他执拗的地方，是对自己和被灌高影响的粉丝的尊重。

我是喜欢这部电影的，但这种喜欢，是包含着释然和理解，也因此，没有流泪也没有激动，而是带着笑离座。"
四川,我看评价两极分化实在太严重了，作为一个死忠粉，冲进去首场看了以后，我觉得主要分给的低的有几个原因：湘北个人粉，如果只是喜欢其中某个人，一定会觉得这个片毁经典，毁童年，分不清主角配角，但是如果当成一场比赛，一个队伍就会觉得，是讲的突破自己的故事，是井上最爱的成长向；动漫、漫画的死忠粉，为的就是单纯看全国大赛的爽度，看湘北击溃山王，那么美纪男、河田、甚至哭包泽北都没有刻画，就很气，但是还是那句话，可能过了热血少年后，除了篮球，除了比赛，这部电影更想表达“现在放弃的话，就等于比赛提前结束了”
北京,简直太牛逼了！完全的疯狂与亢奋，像是真的看了场精彩球赛，上一次如此全场呐喊欢呼的氛围甚至还要追溯到复联4首映。节奏和声音设计极佳，把俗套的“最后一分钟营救”以完全无声的方式处理效果真的太好了。主线视角绕开高人气主角转向缺少前史的配角既降低了门槛又丰富了整套人物建构，作为完全没看过原作番剧甚至反感此类直男气息爆棚的运动类型题材的新人也完全抵挡不住这样的真情和热血澎湃。
上海,思考了一会儿这个叙事形式，我觉得可以称为“番剧原教旨主义”。闪回（姑且这么说，实际上根本不算闪回）用来切分关键球和情绪节点的做法，实际上就是番剧每一集的切分
重庆,等待了很久终于看了大电影，是有些失望的，单从电影的角度只能给6到7分，井上用一个俗套的少年成长的故事穿插进刺激的球赛里，使上半场变得非常割裂，观众刚进入球赛的氛围，又被带到宫城的童年回忆里，叙事极不连贯。开篇就是球赛开始，不交代为什么打这场比赛，也不交代对手个人背景，这显然是为灌篮老观众准备的电影， 想看湘北五虎，却成为宫城良田的个人自传。抛弃线性叙事是一个错误，尤其针对这种热血战斗番。后半场停止碎片回忆后叙事连贯了很多，bgm响起来热血爆棚，流川和泽北的互动激萌。ps更喜欢tv版纤细白皙凌厉的流川，电影版黑了、壮了，也帅，但没有漂亮小狐狸的气质了。
河南,"抛却情怀，这依然是一部优秀的体育动画片，采用双线叙事一边是宫城良田的成长故事和湘北队全国大赛对战山王工业的比赛。可灌篮高手是我们这些中年人心中共同的青春记忆，走进影厅在大荧幕上听到那些老朋友说出曾经让我泪流不止的句子，直到最后一秒都不要放弃希望，一旦放弃比赛就结束了。
不管别人说什么，最好的灌篮高手大电影，就是现在了！一起开心的欢笑和哭泣吧。"
广东,最后鸦雀无声看的人热血沸腾。有遥远的小时候在老式电视机上，点播台等着别人点播的记忆。因为要人点播才能看，所以一直是看的断断续续的，总想着如果我有钱一定要连着点播。居然已经过去这么久了。
上海,4-5 0112 IS IMAX 误入粉丝专场，整个IS仿佛追星现场，人挤人，含男量过高… 当然也有被燃到，默默流了一些个泪 / 依稀记得散场时拾起久违的“在影院里沉浸式感受迥然人生”的恍惚感。
上海,太好看了！
广东,一開賽就哭了。文戲確實不夠絲滑，淡出淡入節奏可以更好，人物感情很真摯，補完了很多新細節。籃球戲無敵，作者積累這麼多年的功力都噴發在張弛有度的超爽比賽節奏上，籃球比賽沒人能拍得比他好。新主題曲跟全片融合度極高。動作調度的絲滑x卡頓節奏很適宜，不能說頂尖，但在業內平均水平以上。當年的二次元老公現在還是老公，三井壽世界第一帥（也更喜歡宮城了w）
北京,Breathtaking.
北京,"36岁，像三井寿一样，「被进球的声音唤醒」，谢谢灌篮高手。
老公说，最后那个球，他们都跑掉色（shai）儿啦"
陕西,不到最后一秒都不敢喘息…😭
山东,三井怎么那么帅呢🤔
上海,补码一下。29年之后，我们终于挺进全国大赛！宫城视角不出彩也不犯错，但这是以删除目暮视角为代价，各有优劣；替补席的缺位让故事更加聚焦，最后的无声时刻也更加震撼
上海,"脑子里面闪出的最精妙的比喻是番外篇。

故事结束，意犹未尽，跪求作者大大多产点粮。于是时隔二十年。又有了这部番外篇。

偌大的影院坐的全是三十来岁的中年男女。大家在脸球得分的时候会心一笑，然而更多的时间恐怕是盯着屏幕沉浸在回忆里。"
北京,多年没有看零点首映场了，4.20零点的两个小时，大半夜满座的电影院里，数次响起的掌声、最后一球前集体的倒吸冷气，到最后一个片尾字幕结束也没有人离开的IMAX厅，都是关于青春的故事。电影的结局没有遗憾，但青春有，那些埋藏心底的遗憾，让人在热血的画面结束后泪流满面。
四川, 选择了一个存在感并不强的人物拓展前史并与比赛交叉推进，试图另辟蹊径，事实上后者在情节上并非原创，宫城良田在其中本身就不占据绝对的主导地位（众人弧光呈依次起落），因此双线之间的互促就显得非常薄弱生硬（在我看来主线的母题是信任）。虽然年龄增长未必会对对抗性很强的竞技题材产生排斥，但大概已经不是这种一整场比赛每一个比分都拍出来的热血动漫的受众了。
中国香港,內心的小宇宙啊☄️
上海,1.我喜欢最后十几秒没有声音只有几位主角快速翻页的动画镜头推演到漫画定格，不管多久看他们比赛还是会充满热血，给失恋后的我加了一波能量。2.“现在放弃的话，比赛就提前结束了。”“樱木同学为这个球队带来的是抢篮板能力和毅力，宫城同学是速度和触觉，三井同学虽然曾经走错了路，但仍拥有智慧和宝贵的武器，流川同学有的是爆炸力和争胜的斗志，还有一直由赤木同学和木暮同学撑着的根基，把这些加起来的话，那便是湘北了。”“在情绪低落的时候，给自己找点事做。”3.其实看到很多因为情怀而感慨的评论和朋友，觉得真好，有感情的人真好。4.人们都爱看逆袭的故事，拼搏把不可能变成可能是每个人的理想吧。
浙江,电影节奏把握太好了
上海,虽然剧情一般 但是宫城的故事让我在电影院爆哭！！！ 致每一个有缺陷的却还是长大了的我们
广东,20230117 @ Broadway Cinematheque｜路人，凑时间看的，毫无期待，观感还行
云南,严格来说，我只是《SLAM DUNK》漫画的粉丝，不过还是感谢电影给我补完漫画里缺失的一部分的世界。
重庆,久违的差点看哭的电影，也许“青春”和“热血”这类字眼永远不会消褪，什么危机的中年，不过借口选择放弃的妥协。人生啊，都延迟退休了，何不尽力让青春的热血再绵延
上海,不看的话会遗憾，看了可能更遗憾。最后一球那么草率么，木暮的执着都可以分两集渲染情绪。
上海,井上雄彦，太棒了！！！
广东,电影院里能看到的最高水准的动画电影，只描述一场全国大赛，中间穿插闪回。导演对节奏控制松弛有度，兼顾动感与人物的背景故事。影片围绕宫城展开而不是樱木和流川枫，但对非粉丝友好度高。至于篮球场面，配上劲爆鼓点实在是帅爆了，连足球迷都看入迷的水平！🙏最后几幕让全场都屏住呼吸！（终于又让我抽中免费电影票了..🙀
上海,本宫城良田粉丝一本满足呜呜呜😭最感动的那段是赤木刚宪最后对其他四个队友说，虽然平时和你们关系并不好，但还是，谢谢你们。啊队友和战友的感觉可真好。
日本,进入池袋电影院满席并被年龄层吓一跳，左边坐了位60岁以上的老太太。樱木受伤后右手边的樱花妹哭得快断气了。3d转2d，脸变了，又好像没变。声优全变了，熟悉角色花了不少时间。原作者亲自当导演，像在看真实的比赛一样，人物没有作画变形，衣服褶皱会有重力变化。特别喜欢配乐，击球音效极佳。最后10秒，整个电影院紧张得不敢呼吸。我的青春变了，又好像没变，还是在那里。少了2d作画的张力是这片最大的遗憾。
北京,好久不见我的青春，老伙计们这些年经历了什么，再见面怎么都像打了水光针？没有人会吐槽最后一秒绝杀是俗气的，因为胜利必须是属于湘北的，这是跨越27年的承诺，矮强惨宫城是帅的，但是我们樱木是天才欸
中国台湾,"由於井上雄彥不滿意TV版的製作。所以全國大賽篇一直沒有動畫化。直到26年後的今天，由井上親自操刀，終於看到最經典的湘北VS山王搬上大銀幕! 完全是童年回憶的圓滿(合掌)看到三井快不行了還拼命投三分的樣子真是老淚縱橫呀...
電影分為兩條主線穿插，分別是宮城過去的事與山王戰。原本比較擔心的是類2D渲染的3D製作，但實際看了覺得適應良好。比賽拍的十分精采，主要著重於下半場，漫畫山王戰最終絕讚的&#34;無聲時刻&#34;亦完美重現! 

宮城佔最大篇幅，並在比賽選擇宮城視角，可能會讓有些朋友比較在意...其實可以理解啦，但畢竟終於看到山王戰了呀，就放寬心吧..."
北京,非常快乐，读漫画里的各种快乐都没落下包括大傻子樱木，只是晴子有点遗憾
北京,很喜欢比赛的几个处理，比如从对手的缝隙间看到说“传给我”的队友的镜头、专注于比赛时全场的加油声变成暗淡的背景音、最后几秒突然加快的节奏等，充满临场感，身临其境的紧张氛围，我的手一会握拳一会祈祷都不知道怎么放（。我很喜欢穿插回忆的风格，这种看似没头没尾突然出现的感觉，可以让人自己去联想为什么要在比赛的【此刻】加入这样的回忆，更耐人回味。情结肯定是有，但也真的很好看啊
江苏,本来就情怀愿意给个三星以上，但是宫城最后出现在美国，我就知道这电影不是拍给我们看的了
陕西,从十四岁看到二十四岁 永远的圆满
中国香港,終於圓夢了
浙江,好想大声说爱你！！！
广东,青春时，从小学到高中已经感觉是漫长的经历；而这等待全国大赛的27年，怎么一眨眼就过去了。
广东,有人的青春结束了
北京,精彩极了～
山东,气氛渲染的太好了，我曾一度屏住呼吸！
上海,没什么好说的，超预期的好看，作为灌篮高手的粉丝又是看过无数次“山王战”动漫本的粉丝，这是最完美的电影也是最完美的谢幕，再见了，运动男孩！
山东,漫画都忘了98年世界杯前看完的 好看但有点赶，井上监督要是只想做这一部就没大毛病，跟漫画互补
辽宁,流川枫屁股好翘ϵ( &#39;Θ&#39; )϶
北京,运动番 真好看
上海,像是被拉到了一段回忆里，回忆里旁观着它们的青春。
安徽,就算是情怀也值得！！！
山东,看完像被走两步就要做个空气投篮的国男附体，教练，我想学篮球！
上海,作为完全不了解灌篮高手的人的观后感:这跟我在家看篮球比赛有啥区别，在家看还有解说给我介绍下场上都有谁，各自有什么特点
山东,流川最后一球后的寂静无声简直神来之笔！！！
浙江,四分给影院氛围
北京,有没有情怀，这都是一部振奋人心的运动电影。
云南,怀个旧，故事是新的，节奏好，画面好看。又想打球了，又想学日语了。
湖北,这么好看的电影我不允许低于9分！看的时候要是电影院里每人我肯定站起来尖叫，太燃了！尤其是开头和最后片尾曲穿插在剧中的时候。
北京,"好燃啊啊啊啊 看的宫城应援场
一场比赛穿插了大家的回忆和成长
也没有特别明显的主角光环，看得很舒服，甚至对手队伍的泽北也有很好刻画
（没看过原著，所以感觉这部电影并不是特别完整，而且有点点散，最后画面是宫城良田和泽北在美国赛场相遇，有点意犹未尽）"
上海,不打十分合理嗎，我永遠會為運動番爆哭（三井老公你還是那麼帥
广东,略微有点不连贯，但是好看
四川,顶级剧场版
北京,本篇里湘北五虎中宫城的笔墨相对少，电影里以他为主线串起其他几个人我觉得可以，比赛里穿插回忆确实有点影响节奏，新歌意外的好听。
北京,太好看太好哭！！全国大赛为什么让我等这么多年啊！！！！！
山东,名字改成灌篮高手宫城番外篇更合适……就觉得三井就是最帅的！！！哈哈 不接收反驳 番外篇也别偏心 要不五个人挨个拍个吧 走个系列
浙江,湘北牛逼！山王工业牛逼！
湖北,"唉，看电影碰到的最不好的一次体验。
是我粗心了，没留神买了国语版的，然后电影院坐了一排的小学生，一直在大声密谋。
我上辈子一定是坏事做尽，这辈子看电影碰到小学生。
电影好好看，我好可怜。"
上海,这电影对非漫画党很不友好。。。尤其是以前的画风和电影不一样，刚开始完全是脸盲和不知道发生了什么的情况，非常难代入。但最后比分反超那块还是很可以的，几个静音的地方拍摄手法特别好，尤其是樱木背摔伤了还在坚持。（题外话，看完电影的时候拿水准备喝，结果包在旁边凳子要掉下去，一扶直接把水喷在旁边小朋友和妈妈身上，太尴尬了，小朋友本来就被电影吓到，现在更是哇的哭出来，今日有点缺德了）
湖北,虽然知道结果肯定是胜利，但还是看得我紧张激动，热血沸腾，是回不去的青春啊😭
湖北,可能我已经死很久了，进场就看睡着40分钟，看完没有任何波澜，而且从骨子里觉得篮球很不优雅，浑身臭汗很油还到处蹭￣へ￣
福建,好看
浙江,比赛和回忆穿插的节奏看得我只想快进
辽宁,足球迷看足球都讨厌裁判打断比赛。
黑龙江,童年回忆虽然不是童年的画风但是回忆无价
北京,怎么说呢。有的人生来就是主角
北京,各种人物介绍穿插在一场球赛中，精彩的叙事
江苏,5岁的我觉得樱木是250，30岁的我好爱他
辽宁,最安静的时刻才是高潮。
浙江,流川枫帅死了
上海,"


羡慕你们青春里有sd，能有这么盛大的一出复活仪式。湘北，流川枫，樱木花道。这些名字只是我记忆里影影绰绰模糊不清的碎片，终于在影院里有了实感。这么多年过去，有那么多的运动番，那么多不好惹且天赋异禀的一年级，可靠的前辈，破釜沉舟的决胜球。运动番本来不就都这样。无数纸片人嘶吼过无数遍“目标是全国大赛/甲子园/世界第一”，一年又一年，一部又一部，我一度以为我的心跳不会再为这样的词句加速了。只是清脆的击掌声在寂静中炸响，满世界都为你们镀金，然后把过去的岁月砸在所有人面前：欢迎来到我们的时代。"
湖北,感人，片尾曲好听，已经是我感受不到的青春热血了
湖北,巨好看、巨好看
浙江,好看！虽然没有看过漫画，也不知道原来的剧情，但还是不影响观看体验，好喜欢樱木中二的性格哈哈，不过他摔得也是真的好痛🥲听说原著的主角是樱木，电影把主角换成了良田，感觉也是一个不错的视角改变，流川枫！是真的好看，好看死了！总之就是很燃哈哈，BGM也很不错哈哈。
浙江,看完tv以后立马买了电影票，正好遇到了应援场。虽然场里小朋友居多，还误买成了国语版。但是随着剧情的一步步推进，到决战山王，电影静音的那刻，整个场也安静了下来。所有人都投入到这场比赛去了，是樱木再次摔倒时大家担心的声音，是泽北那球投出后后排小女孩的“不要进”，也是樱木两万球的决胜球随着bgm一起响起的叫好声。虽然在去看之前我就已经预想到会哭，但还是比预想的严重一点。离开影院后我想，还是那句，虽然有些迟，但还好遇见了。
福建,结尾让人紧张
黑龙江,"嗯。。感觉莫名其妙嗑到了流川枫和樱木花道。。。
主要的问题是我对篮球和原著一无所知（）而且看的时候前面的男生全程一直说话好吵好烦人，还好被旁边的女生吼了）"
江苏,看电视长大的不太习惯这个风格，然后因为不爱宫城所以看他看的有点烦。给情怀一点加分吧
北京,勝
上海,"观感还不错。一起看电影的人在吐槽怎么都是回忆，但是没办法，漫画里没动画化的就是那么点内容。
虽然不是电影第一主角，但是樱木的光芒还是没法掩盖。最后宫城去了美国，震惊得我去搜了下美国职业篮球赛有没有这个身高的后卫。"
河南,永远记得小时候我和弟弟一起挤在电视机前看灌篮高手的情形，第一次见到樱木花道这样的主角新奇不已。热血的运动番能打动所有的人，不论年纪，感觉到心脏随着篮球砸在地板的声音在怦怦的跳动，会随着每一次进球手舞足蹈，会为反败为胜热泪盈眶，好久不见啊，灌篮高手。
陕西,童年呀！
安徽,还是很燃的，回到了四年级那个暑假看灌篮的日子
上海,★★★★★ 接受不了三渲二但还是热泪盈眶 重刷TV版的时候更爱咪酱 这次看电影版依旧咪酱😭🤤
北京,青春圆满了！
重庆,看哭了...虽然小时候只看过tv版，但是姐姐书架上的整套漫画书确实我学生时代最羡慕的事情之一。我以为我已经忘了所有的剧情，但是世纪击掌的瞬间，回忆一下重开了牢笼，变成泪水扑涌出来
上海,现实中一场NBA篮球比赛差不多是150分钟，比电影还要长一点。最近季后赛看太猛，篮球浓度过高，加上这场自带插叙的电影，今天已经看了五个小时篮球了。希望能像电影里的板凳队员一样，攒攒我手上的投篮运给勇士，跨过湖人西决见！（至于电影，我无法想到更好的方式去表达篮球了，井上真的知道比赛的势，樱木的倒地救球就像今天詹姆斯的飞跃观众席盖帽，一切都在说，我想赢！）
山东,青春就要永不言败！
北京,不是我的青春，因为篮球补了票，看完发现可以补番了
北京,上映两周了，今天赶上了宫城应援场还是爆满。比赛段落是粉丝圆梦，闪回部分是井上圆梦。宫城的回忆真没什么好看的，为了讲兄弟情牺牲了打山王的这么多战术博弈篇幅必须扣分，从头到尾被打爆很难当好主视角。三井每进一个三分我眼眶就湿一次，浪费了最好的年华，靠努力回到赛场，靠意志换来锁血挂，永远为空白期还债，永远的MVP。
上海,卖个情怀吧
四川,就算沒看過也讓我心潮澎湃
广西,小时候对题材和画风不感兴趣，久闻大名但从没看过TV版，没有童年滤镜不抱期待的情况下，一刷后实在太惊喜隔天就二刷了，看了两遍的想法还是太有趣了还想再看一次。剧情、叙事节奏、赛事呈现、配乐都无可挑剔地好，充分利用短暂的时间塑造了人物群像，即便没有任何原作基础也能理解各人的特色个性，挑毛病的话特写时人物面部表情僵硬不够自然，画面灰调重。杰作。
四川,属于一位艺术家的坚持与浪漫
天津,燃死我啦呜呜呜呜
上海,没看过灌篮高手但还是被音乐画面叙事完全吸引
上海,看完四分，情怀一分。虽然我认为这部电影抛开情怀看的话会更喜欢吧？就是这个剧情节奏真有点调理不好orz以及私心不太喜欢卢卡哇的声优呜呜。
北京,【Cc. 2023.05.07】
上海,"很少看动画片，还是阳气那么足的动画片，算是初中的回忆了，只是可能没有其他人那么热爱。
-
以前最爱的是木暮和老爹，哈哈，是不是很奇葩。
-
电影照例很热血，最后冤家死对头的一秒合作一秒翻脸还是勾起了回忆，整部剧充满力量，各个角色性格鲜明生动，时不时地有个笑点就是大家都爱看的理由吧。
-
蛮好看的吖～"
上海,看的是粉丝应援场，气氛还可以。如果用樱木的视角拍，哪怕没那么多悲剧过往，也会更喜欢吧
北京,一场电影看一场比赛！！小时候没看过动画也不影响电影的好看！！照样和他们一起屏住呼吸一起燃！！！看完电影出来 初夏的夕阳又给北京笼罩上了金黄色！年轻真好！！
北京,被樱木哭死了😭
贵州,为某种信念画上句号，身处无法安静的思考和热血拼搏的34及以后。
北京,"一场比赛被回忆切割得太碎了，竞技体育刺激的就是连续的肾上腺素冲击

另外，有点子喜欢山王的9号哈哈哈哈哈"
上海,一场精彩的比赛，灌篮高手果然能让人爱上篮球
福建,再多给流川枫点戏份能怎么你了呢
北京,不知道说点什么好。题外话吧，观影的人真的不要说话，好讨厌。
浙江,很朴实诚恳的伟大
上海,一些ageless的东西让人感动，但很难具体说是啥，可能是流花兄弟情（
广东,半生苦难犹如过眼，体味过那一次次绝望的痛苦，造就永不放弃的心态，从前如此，现在如此，将来纵使徒劳无功，但精彩过！！！
上海,虽然有很多不怎么好的评论 但我觉得电影还是看得我热血沸腾啊 小时候喜欢流川枫 现在年纪大了反而不喜欢他了 
广东,千山未及此山高 强中再无强中手
山东,童年补票，拍的是真不错。一开始以为又是打球精神治疗，没想到后面那么牛逼。你说它俗吧它是挺俗的，但这就是灌篮高手的魅力。一个年轻，快乐，拼搏的赤诚之心。
上海,好燃好中二！真的很久没有这么青春热血的感觉了！高潮落泪
江苏,7.0分，四舍五入下
浙江,湘北高中！
江苏,虽然意外看了国语版有点小遗憾，但是无论感情戏还是比赛的打戏都很绝！所以只要不放弃，比赛就不会结束啊！
四川,将就 卖情怀
上海,整体四星，情怀+1星，歌好听，三井老公帅得牛眼泪！tvt
湖南,我永远为热血漫屈服
上海,无情怀，画笔不错
广东,关乎青春与梦想，何时何地都想再看一遍。
广东,对山王这场，其实宫城良田没啥高光时刻，主要还是樱木跟流川，所以比赛途中穿插宫城的回忆感觉很尴尬，比赛的时候很燃，一到回忆就无聊。
重庆,和童年的动漫版的质感很不同
四川,看睡着了，记到一个人宫本良田
安徽,三井那么帅又有实力，性格又好，为什么他在学校没有流川枫的人气？如果我是这学校的，我一定是三井和樱木花道的应援团一员。
上海,卡密
北京,流川枫…！！
北京,不如动画片 晴子丑死了
四川,热泪盈眶和热泪盈眶。十五岁偷看漫画时旁边的人和三十岁漫画更新时旁边的人是同一个，这比湘北赢了比赛还要帅！😘
北京,永远为我二次元唯一男神流川枫打call！！
山东,特意挑国语场看，结果严重影响观感，还好没字幕是优点，为了听清楚动画片里小人儿说啥，满屋的熊孩子都不说话了，因祸得福。
安徽,没想到啊 井上雄彦你骗我眼泪？
湖南,好看！！！
湖北,"虽然关于良田的的故事写的实在是无聊，整个坐在电影院罚坐的程度…（节奏剧情都太慢）
但是，但是，比赛太精彩了呜呜呜
永远牛逼的湘北！！！！"
北京,最后一攻一防的还原，是唯有井上雄彦本人才能完成的神来之笔。
陕西,好看啊，被竞技体育的热血燃到感动到，我果然还是喜欢热血笨蛋啊。想看看tv版了！
上海,20 年了，全国大赛，终于开始了啊。
浙江,虽然没有我预想的和动画一样又搞笑又热血的剧情，没有经典音乐的响起，3D转2D开始认真煽情的井上雄彦似乎都不是我所认识的那个了，但每一句“湘北加油”的呐喊，樱木和流川枫第一次也是最后一次的击掌，秘密武器总算派上用场绝杀山王…总让人热血沸腾，回到那炽烈的17岁中去
上海,公司篮球赛前👶陪我看，特别应景，比赛好运🍀
山东,Bgm一放 我和我打篮球的姐妹都燃得嗷嗷叫
上海,虽然知道结果但还是会激动！这是我热血的青春吖！
北京,1、电影本身三星，情怀再加一星。2、配乐虽然没用动画版的主题曲，但意外很搭很燃。3、宫城的回忆有时将比赛的节奏打断了。他母亲的行为很迷，因为失去大儿子就忽视小儿子？4、最后一球的静音好评。
上海,怎么说呢，是井上老师想给我看的，不是我想看的，这就是传说中的不向资本低头吧哈哈，不过Q版真的不值得给镜头吗😭
上海,是谁在电影院暴风哭泣，青春的遗憾被补全了一片
广东,现在放弃的话，比赛就提前结束了
山东,"画风习惯了觉得还挺帅的
现场氛围感很炸裂，就像是看了一场现场版篮球赛
花流梦幻联动kswl
宫城突破那一块配上bgm原地起飞
爷的青春！回来了！"
江苏,虽然没有主题曲，但仍然拍出了灌篮高手的精髓，最爱的热血动漫，回忆要是能少点就更好了，4.5星
北京,宫城不愧是我从童年就选定的最喜欢。但是樱木真的赚了我的泪
北京,很平淡
天津,感觉这种题材不适合电影版，还是TV版节奏更紧凑，更扣人心弦
江苏,情怀满满，最后这彩蛋什么鬼。
辽宁,陪儿子和爱人去看的。对于我来说还行吧！比赛的场景画的很好。
四川,那时候超级喜欢，自己都不落下
内蒙古,童年回忆，我的樱木花道
广东,喜欢宫城和三井😭😭😭
上海,太燃了！我哭😭
上海,挺好看的
北京,重温儿时的记忆，天才樱木花道必胜，看到花道受伤心太痛了。
浙江,人就是在人生的不同阶段爱上流川，讲流川那段的时候我看的眼睛都不眨！
湖南,还是会流泪啊
上海,"看的国语，没头脑和不高兴原装配音
三渲二在大荧幕上的表现还是不错的
宫城的戏确实没惊喜，原著主角毕竟不是他"
浙江,太喜欢热血笨蛋了
北京,老套但好看
内蒙古,热血啊
重庆,真想绑架井上雄彦，让他每三年都做一个大电影
北京,不愧是我们的青春年少～～～湘北！
江西,所有人都好帅
贵州,路人看完真的很舒服，节奏掌握得很好，只是画风一开始不太喜欢
上海,青春啊是只要经历过、投入过，就很热血了。因为有无限的未来在前方，所以这一刻的挥汗如雨注定肆意飞扬。
河南,一个关于「找自己」的故事。成长路上的冲突，不计后果的热血，回忆的蒙太奇，最后旧作的闪回，都在展现它不仅仅是前传或续集，而是一个完整而精彩的故事。
上海,一开始还对3d有拒绝的我真是狗眼不识珍珠！活真真看了场青春的球赛！樱木万岁！湘比万岁！3d视角下流川已经不是最帅的那个了，全场我给痛哭流涕的泽北一个自信板寸帅哥好评。
上海,在我的青春里他没有那么重的位置。我们那一代人的篮球热除了他还有后来的王治郅姚明易建联，小孩子喜欢上篮球，体质的增强你要说没有这些刺激是不客观的。中二病+问题少年+霸凌，明明白白就是涉世不深的少年心中的现实跟理想叠加，无非热血二字不过非常立体非常具象。小学5点放学回家看本地有线台轮播的童年不美好却是无忧无虑，那时候时间多慢啊，还有无穷无尽的体力，不着急长大却认为长大后能拥有整个世界。
上海,好看的！！！
北京,哇会有人爱不上樱木花道吗
广西,童年的美好热血回忆，这就是青春吧
重庆,还成 回想着青春岁月的激情澎湃，篮球场的守望，挺有意思，那些懵懂的日子 哈哈哈哈
北京,队友全程旁边默默流泪
江西,"能不能把女性角色画好看一点

分镜应该画得很累吧
有部分流畅得球像是吸在手上
有部分小细节还是不太完美/喜欢
但是是很强的创作
得再看一遍

挺好笑的
屏摄的和中途玩手机的都是这几个"
广东,8.5吧，整体叙事挺不错的，就是感觉哥哥死得有点牵强
浙江,10分给情怀，虽然没有想象中的剧情与感动，但他至少再次搬上大荧幕了
河南,一个和青春并不相关的句点
湖南,回忆多，五星给童年
河北,算是把宫城的线补充完整了（整个故事早就已经滚瓜烂熟，家里的漫画早已不知翻过多少遍，看过次数最多 没有之一）
江苏,最好的青春
上海,"上次看灌篮高手还是初高中的时候电视台的点播，一直点播最后一集。只有流川枫和女孩子有明显的下睫毛，哈哈哈哈
山王的选手很帅啊！"
北京,陪家属看看 为哽咽打分
北京,碰到心怦怦跳着的时候，我就会假装若无其事
广东,作为自始自终的漫画原著党，这是第一次看动画，画风上可以说尽可能地还原漫画，但细节和紧张程度真的很难和漫画相比，但无论如何都是青春之歌啊
北京,爷的青春就在此刻结束了吗？
北京,被一群10后包围着看完的
北京,特别怀念原来的主题曲！整体感觉有点碎？
江西,他喜欢
江苏,拍的什么玩意儿，没有“灌篮高手”四个字，连2分都拿不到
上海,热血笨蛋 太燃了😭
安徽,很燃
广东,西八3渲2（x
广东,青春的意义在于永不言败，我最光荣的时刻，就是现在了
上海,人生的主题是遗憾 但可以让过程变得精彩和惊心动魄 努力过就没遗憾。
上海,终于等来了 圆了全国赛的梦想 
江西,果然还是喜欢看比赛！回忆部分切太碎了
陕西,为了灌篮高手多打一⭐ 这是我期待十几年的全国大赛吗？是特么是宫城传吧🤢🤢🤢🤢
山东,井上雄彦老师！！！太牛了！！！！！😭妈妈真好🥺（姐姐请我看的嘿嘿
广东,……..大怨种
湖北,9分，一个人假期后包场看的，验证了一点，灌篮高手的tv动画相比漫画来说确实一般，尤其是作为经典的台配版，有些对话和配音很奇怪，放在这次电影的国配版来说，就是最后樱木站台上发言那段，有点尬尬的。其余的缺憾，放在宫城作为主角的电影里，不是啥问题。
湖南,"首先必须要说，纯竞技的运动动漫实在燃爆了！太热血了！

其次，一米八肌肉帅哥果然最养眼，这是我看过后唯一喜欢的三渲二

再次，大篇幅讲了宫城良田的故事却并没有掩盖其他人的光辉，樱木流川三井赤木还有敌方四号都非常出色。对手也强大才有战胜的价值。

然后，配音圈团建吗，全是熟人，却丝毫听不出痕迹，不愧是最出色的配音演员。

之后，音乐无论是在插入还是静音的地方都非常神奇且完美，美术也跟得上节奏，所以观众也能跟上，我们就是在场旁观的观众。

不得不提的一点是，我所在的影院上座率很高，而且观众在静音的地方会不自觉屏住呼吸，会在燃的地方不自主的出声欢呼，氛围尤其之好。

最后，我其实没有看过原作番，却丝滑到没有任何观影门槛，我吹爆！"
四川,他们打进全国大赛了，你看到了吗？
浙江,宫城良田！粉头狂喜！
浙江,满分给自己回不去的青春
浙江,动画技术有进步
上海,篮球比赛部分很热血，场外每个球员的个人困扰也交待得不错，但宫城的经历真是disproportionately的多，节奏被拖慢和反复打断
广东,梦回青春的热血感吖～
四川,而我呢，就是现在了！
北京,谁的青春没有“全国大赛见”！！！
四川,宫城良田也可以是主角。
四川,宫城最后过人bgm响起的那一刻 直接爆炸
北京,没看过动漫认人稍微有点费劲但是卧槽好看！最后几秒的恍惚感拍得真好
福建,感觉好像是为了完成任务一样去看的，不过小朋友很喜欢
广东,流川枫真的有种不顾别人死活的帅5555！樱木花道真是个可爱的笨蛋肌肉男啊hhhh 热血紧张刺激的篮球大战围绕着良田的经历展开 梦想青春拼搏 逆袭了好感动 有一瞬间希望自己也是男生然后在篮球战场咔咔投篮传球 好热血啊啊啊
四川,这是作者想要的青春。不是影迷的，不过算是圆梦咯
四川,人是活几个瞬间的
北京,好🔥
陕西,再续童年的美好回忆
北京,流川枫毒唯很不满意，导演是故意丑化吧（笑），深津帅死了
上海,人物形象、运动场景都十分逼真，几乎还原了一场篮球比赛。人物的成长历程，更不必说，非常真实。
广东,写宫城没问题，问题是不应该硬是揉进打山王里，说白了井上知道打山王这电影票房才ok，但偏偏又要任性的写宫城，只能说对于渴望了这么多年全国大赛的死忠粉来说，看到这样子的打山王，太…不爽了，字面意思的不爽，就是不畅快，不够燃，太可惜了
山东,只有运球，才是小个子的生存之道！
湖北,如果能继续往后画就好了
北京,流川怎么更帅了，我的CP真是YYDS
北京,青春啊，青春！
云南,諦めない！
