,我打2星不是因为我觉得矫情，而是因为我觉得导演和编剧没有做好基本的功课。他们甚至没有好好思考男主女主到底是怎样的性格？以及我高度怀疑他们是否有人物小传？从头到尾都是精心虚假的堆砌，很想问问编剧是因为突然想到分手那一幕，然后潦草的写出了一整个故事吗？太潦草了。
北京,“虽然最后我们分手了，但是我心里，有过一个和他结婚的未来。”
,觉得这像个“你喜欢旅游啊” “我也喜欢旅游”的升级版而已…… 所以实在品不出他们需要恋爱的原因，而且电影里这种对得上爱好的共鸣也实在不觉得就可以是所谓Soulmate，没有任何心动的感觉。可能真的和坂元裕二八字不合。这电影唯一觉得心脏跳动的还是小田切让哈哈哈哈…… 
,我一开始还真以为是两个豆瓣er谈恋爱，结果这男的！莫名其妙就变成了社会人，使我大惊失色。世界上又不是只有你一个人要上班！呸呸。我只能说，假文艺逼害人。呸呸呸。彩蛋多，加一星。
,"能让本爱情片过敏体质的人短暂脱敏的只有坂元了吧。坂元流的台词太厉害了，他最厉害的地方反而不是在写爱情，而是写那种日常生活中不被发现的微小的情感细节。
全剧各方面一直保持着一种此消彼长的微妙平衡。比如最后一场分手戏就写得太刻意，360度绕轴式拍法也很怪，可是两位主演的表演很闪光。
PS：场刊的设计和内容都很棒，值得入手！
"
,坂元裕二为什么要偷看我的生活！
,看似是与以往爱情片相类似的套路，前半段青春热恋与后半段残酷现实的对比，但整个过程都要来得舒服得多，尤其是将这套恋爱片写法套在两个灵魂如此契合的角色身上，似乎更值得观众玩味。以及坂元裕二依然贡献了不少金句台词，结尾很不错，相比一些影片硬要用前任的一场婚礼来达致双方的“大彻大悟”，与“曾经的自己”相遇并仍然选择放手的设置显然更能让角色（和观众）释然。
,"虽然结尾音乐很欢快，好像大家也过的很好，但我好难过。
感情是怎么消失的？感情没有消失，感情只是被其他东西盖住了。只不过这些东西太重，重到抬起它们，也没有力气再继续这段感情了。"
,“人生若只如初见”，没有如果。
,“拿起砖我就无法拥抱你，放下砖我就无法保护你。”害，一声叹息。对二人相似点的描写太做作了，投契也止于报菜名和这过分刻意的设置——但你不知道相似之人的相异更迷人吗？所以还是有些单薄，再次露出了坂元的技穷。恋爱部分令人心动，主要是演员太好看了。俺也亲历过这种不同步的发生，这真不是三言两语可以带过的；很多人说结尾不现实，但对我来说也没有很不现实。
,又名，文艺青年变社畜后的真实生活。
,"太，伤，了。所以说两个人，能相遇相爱相伴是概率多么低的一件事啊，不管是情投意合志趣相投，还是相敬如宾相濡以沫，都很难，不管是热烈还是舒服，都很难。
爱情的真相，到底是什么呢？"
,两个人的书影音只是追潮流罢了，并没有养成自己真正的taste，也不能充作个人身份的一部分，所以爱情开始的基础是“暂时的共同兴趣”，而兴趣的热情是很容易转移和退却的。爱情枯萎的宿命，都始于缺乏沟通的技术和意愿。
,和百分百合拍的人说再见、豆友恋爱却败给了现实生活、书影音的爱好扛不住柴米油盐的麻烦和世俗生活的习惯、文艺青年社会化全过程
,补标at中庚5厅。从男性视角看，相当具体地展现了从文青学生到社畜成年人的过程，类似从读小说期刊到翻成功学的桥段，但也把叙事龟缩在报菜名式的语境渲染中，两人爱的是某种理想的、接近于特权的生活，而资本主义机器以“更好生活”的允诺来吸收他们时，这种学生气的泡泡就破了，投缘的光环去掉后，就是惯性，这不只在爱情，在友情中也常见，就像大多数老同学都会在观念上分道扬镳，以至于同学群要么撕裂，要么只能扯淡。从女性视角看，日本，真的就是父权制+资本主义。。。放在院线中可算好看，男主短发后好像大鹏。
,细节写得很好的。苏打真是太棒了
,菅田将暉和有村架纯的演技都好好噢。不谈恋爱的我都有点被打动了。感觉像看了一出柔和的《猜火车》，菅田不再爱好的文艺，其实是“选择工作、选择保险、选择健康饮料、选择大电视”，但是有村只想继续“选择不选择生活”。有些人的关系是X，邂逅相遇，同行一段时间后就会分开各走各的；有些人的关系是O，不管怎么样都会再次相遇相恋。我希望你的恋爱是O型——不断地重新爱上对方，一起快乐地生活下去吧。
,我真的好喜欢这个结局。好喜欢好喜欢。
,“罗曼蒂克消亡史”。（重看补标）苏打别看《牯岭街》了，看看杨德昌的《青梅竹马》吧！片里经典台词送给他：“结婚不是万灵药，只是短暂的希望，让你以为一切可以重新开始的一种幻觉”……看完最大感触依然是刚毕业进社会的学生→社畜身份/心态转换期真的很难熬。
河北,总是在还爱着的时候开始担心如果将来有一天不爱了该怎么办，怎么可能承受的住分手的痛苦，但是慢慢地发现，原来不爱的时候，离开并不会痛苦
,这片应该叫和文艺豆友同居是一种什么样的体验。恋爱在社会浴缸中死去。那个花应该就是Daisy? 感觉谷歌地图赞助了。文艺青年不应该去公司上班，上班使人暴躁
,工作这个该死的东西摧毁了男性残存的浪漫主义。
北京,技法上还是太电视剧了，虽然能看出来坂元裕二想用耳机左右声道来展现男女主在感情上最终的不同步，但技法上就是两个人的内心独白一人来一遍，太无趣太乏味了。男主角从一个文艺男青年成为打工社畜，转变得过于想当然，细节严重不足，丝毫看不到坂元裕二一贯的那种细腻，怀疑是坂元裕二确实没打过工当过社畜，所以对这部分只能靠访问和想象了，但恰恰是这部分的缺乏细节，让我难以共情整个故事。最后，我本身其实是不太相信这类爱情神话的，我总觉得把对爱情的想象拔太高，会增加人的情感焦虑，其实没必要。但也能理解坂元，一个对生活观察如此细微的人，肯定是极度热爱生活的人，这样的人往往也更相信爱情的神话。
,文青式的爱情要被么生活打败，要么对理想幻灭，灵魂上的伴侣只可能发生在想象中传奇中。大多数恋爱一般只拍前半段，大多数家庭伦理片一般只拍后半段，这两者的割裂构成了大多数人对于爱情的想象。其实，爱情只是某个共享的时刻，无所谓长短，记忆会定格，此刻便永恒。
,"2022.02.25  谢谢，在电影院哭得很享受。果然重复就是最高级的艺术，饭馆、地铁、红灯，再次出现却物是人非，不禁让人感慨时间流逝之快。社会异化人类程度之深也值得被关注。
2021.12.25  爱情是会过期的，迟早会面临死亡，如何挺过这宿命般的结局，是每对情侣必须携手挺过的难关。经常会想人迟早要步入社会，不可能一辈子在爱情方面维持现状，爱情对自身的成长与事业究竟有什么帮助。但就是因为爱情的存在，因为相信爱情的力量，才能懂得活在这个世界上真正的意义。心里住着一个人，是非常幸福的事情。人会成长，世界观也会变，可能未来会逐渐忘记曾经的自己喜欢读什么书，喜欢看什么样的电影，喜欢什么样的人，可即使爱情只是昙花一现，眨眼间就会消失不见，我也相信荒谬。海市蜃楼般的恋爱，总比没有的好。"
,此刻我无比需要滨口龙介。是生活打败了你还是你自己打败了自己？看过希望的另一面也没有给出希望。跟随摄影机依然无法悉知爱的全貌，只有双方各自的自言自语，那里的情感没有相通，想不起一个共有的时刻，找不到曾经相爱的证据。于是你爱的并不是那个“契合”的人，而是想象中的另一个自己。那个3小时21分钟的煤气炉纪录片哪里可以看到哇，一定比霍比特人好看！
,电影讲述一对情侣的一段刻骨铭心但无可挽回，只能坦然告别的五年感情生活。没有泛滥的狗血和俗套的生离死别，只有那些被时间和现实冲淡在琐碎生活中、深深埋藏在内心里的甜蜜和对爱好的热情。那种每一点都契合的灵魂伴侣关系令人向往。再次来到最初相约的快餐店，记忆涌上心头，却只能流着泪怀念曾经的美好。这一段看到泪目。押井守、今村夏子、《牯岭街》、《塞尔达》、《新哥斯拉》、《怪奇物语》……编剧太懂了，每一个当代文青关注喜爱的影音书游等元素提及得恰到好处，直中要害而不显得做作或掉书袋。鲜花即使终会凋谢，盛放之时依然灿烂。
,当书签的电影票，跟你翻版的书架，自助信号灯下的吻，慢慢都会变成停在卓拉领地的塞尔达和看不进去的漫画。《花束般的恋爱》太典型了，因为太清楚我们相爱的模样了，所以不能骗自己继续做一对平凡的夫妇，时隔六年能留下第二个奇迹也挺不错。
,7分吧，豆瓣文艺青年特供片。看前半段觉得是非常做作和俗套的纯爱故事，到后半段才发现是讲小众文艺青年被迫社畜化的辛酸，格局稍微打开了一点，但结尾男主角灌输的那套腐朽东亚恩爱观令我不适。天真的文艺青年总是误把臭味相投当成两情相悦，可是如果没有性的吸引，有再多相同的小众兴趣爱好也不过是做知己或者兄妹，关爱情什么屁事。我倒是看上他俩在多摩川边上租的那套房子了。【JSZ万达】20220305
河南,因书影音的局部吻合而喜欢也不过是自身的自恋在对方身上的投射，与爱情无关。终究也不是同一类人，只是误以为是同一类人。没有付出、体谅、关爱、温暖，那些微小的兴趣爱好真是太贫乏了。
,开头有多甜，中间就有多苦，结尾就有多酸涩～人不是因为喜欢相同的东西才喜欢上彼此的，而是因为注定就会喜欢上对方的两个人，会通过各自喜爱之物发现彼此而已～本片另一个重要启示在于结婚率的降低，很大程度源于女性自主意识的觉醒，比起结婚，她们现在更想要的是幸福。
,前半部分完全是坂元特色的时代误植了。到底是谁毁了文艺青年的爱情，还是说爱情本就是文艺消费品所编织的幻梦...
,"真正美好的热恋记忆，是我们翻唱对方最喜欢的歌曲，是我们录下对方卡拉OK时的囧态，没有晚风的河边小道能让心跳加速，没有变色的信号灯能让时间静止，哪怕生活似一团乱麻般缠绕的耳机线，也可以毫无顾忌地持续同频共振。
开始，并不是结束的开始；结束，也只是开始的结束。"
,尽管中段还是有点套路，还是给五星吧，为前一个小时几乎每个设计都击中我心，以及没那么落俗套又感动满满的结尾。依然是金句频传+共情感爆棚的坂元裕二，不新鲜的一个主题竟能写得这么好看，他真是太会写有点奇怪的人，和一段感情中的那些小心思了。
,所有恋爱很久但没有走进婚姻的人都会有一样的过程，像这样的过程。
甘肃,"如果女生告诉男生花的名字, 男生这辈子一旦看到那种花, 就会想起那个女生……"
,感觉是十年前豆瓣恋爱小组认识的两个人，后来男的工作太忙，不上豆瓣了。
,有花束但没什么激情。
,1，值得那些只会拿绝症和死亡来妄图打动人的编剧学习。2，恋爱和生活是两回事——again 说无数次了。3，想起了好几个小组贴和广播，大意是想起一年or两年前每天写文描述爱得热火朝天的，再去看，99%的已经分了。
,开头还以为又是个坂元式的段子集合片，但卖相太好了就凑合接着看吧，看到后来连段子也懒得编了，人物完全悬浮，时不时给你来句“做个普通人好难啊”之类的台词让观众自行代入，情节全是不走心的翻篇儿，没劲～
,并没有特别触动到= =毕竟我好像也有在豆瓣经历过发现有人在评论里说话特别不中听，过去拉黑发现阿哟，相同爱好几乎过百。对于轻小说也好，动漫也好，音乐也好游戏也好的喜欢，感觉就是吃饭唱歌一样的现代娱乐，并不是什么三观，支撑不了年轻人从学生到自力更生的转型期。但是最后的结局还是慢美好的，拉开一段距离以后，也许又能更真实的了解安全距离和彼此体谅。
,于我爱好是一个很弱的联结，排在外貌人品性格生活习惯之后，文艺类爱好甚至排在运动类爱好之后，因为电影看到最后一定会分岔，但踢足球不会。两人商量决定分手后，一下子情绪乐观起来，话也多了，放松坦诚了，一起打游戏看书了，气氛也快乐了……所以恋爱到底是为了什么呢？
,大多数男性是这样的，但凡有着一些责任心，都会从怀揣梦想的文艺青年变成为了生活不得不屈服于现实的忙碌上班族。而大多数女性也是那样的，希望爱情永远存在于两人之间，很多年以后都一样，如果没有爱情，也不想步入婚姻。而经历了社会的各种毒打和洗礼后，我们终将认识到，快乐其实一直都是自己给的，包括那些极致的感动和浪漫。
,有一些共同的喜欢 那不叫爱情 只能说是爱好
,"像是日本版《爱乐之城》？

开头非常惊艳，台词也写得好，但后面有些台词有点莫名其妙，逻辑不是很通或者是牵强（比如女主出场自我介绍那一段就非常无厘头）；对于两人相似度的刻画要么就是有些过于刻意要么就是量子纠缠（同框对称拍摄会更好一些），因为这个世界上几乎不存在一模一样的人...

虽然讲的是文青之恋但我觉得有点伪文青，因为大多数时候只是报菜名式地列作家名字，只说“我喜欢谁谁谁”而并没有展开来讲，显得非常空洞，看的过程中我并没有产生男女主都很有内涵的感觉，而且两人的对话一些完全把观众隔绝在外。类似题材相同结局的《爱乐之城》做得好多了，至少爵士乐是贯穿始终的。

BTW押井守真是梦幻联动，很多台词看出来编剧真是个老二次元了～"
,【18/HKIFF45】ありがちな恋愛、一般來說看了也沒什麼用，但這一部麥和絹ありがちな恋愛，看看又何妨。兩個人的相遇的確浪漫，比起他們意氣相投的對話，我更愛他們的pair look。作為一個還沒放棄希望來任由社會無情榨取的人，覺得麥那些無意間說出口的話的確是有點「沒有心」，因為自己的夢想被剝削就說服絹甘願步他的後塵。雖然開始是結束的開始，但結束也是結束的結束或者說新的開始，花期會再來。聽到「クロノスタシス」的時候連我都有點激動了。在文化中心看到了蘇打氏的河田大貴臉我也算是有點開心的。配角陣容也像花束一樣很驚喜，細田佳央太x清原果耶我太可以了！
,与志趣相投的人投身爱河。共同的喜好，共同的话题，让青春的情愫加速破壳。文艺青年热爱文艺，向往爱情。一起看艺术电影，谈论心喜的作家，甚至还有相同的审美。像新鲜的花朵被人采摘捆成花束，花束娇艳，被放进生活这个水瓶中，日复一日，鲜花终究还是要枯萎凋零。理想与现实总有出入，这个话题早已屡见不鲜。可看着生活对人们的改变如此之巨却仍不免伤感。也渐渐明白为何人们会以“归来仍是少年”作期许。化用刺猬乐队《火车驶向云外，梦安魂于九霄》里的一句歌词，当初的热情终将消散，但永远有人正怀揣着尚出世的热情。
,本人悟出的道理：上班为资本卖命千万不能太真情实感，无论如何也一定要抽出时间看漫画看电影打游戏啊！
,没想到我的2021年最佳电影居然是一部日本片，虽然有些难以置信，但为了不让这个结果有变数，接下来四天我就不看其他电影了，因为我真的很喜欢这部电影。反套路的爱情片，没有樱花树下的美丽邂逅，只有因为买厕纸错过末班地铁的女主和忘记充值地铁卡的糊涂蛋男主，他们在居酒屋彻夜倾谈，发现彼此有无数的相同爱好、相见恨晚，我不知道有什么比100%合拍的人恋爱更甜蜜的事，可我知道没有什么比文艺青年在经历社会的毒打以后 放弃画笔拿起成功学的书更悲哀的事。电影名字叫做《花束般的恋爱》，他和她的恋爱花期 只有5年，最后，他们去了当时表白的餐厅分手，一对学生情侣坐在他们当年的座位畅谈文学、电影和相投的喜好，仿佛看见当年的自己。因为记得相爱时的模样，所以才无法忍受现在的难堪。就像失散多年后重逢的曼桢和世钧，再也回不去了。
,年轻很美啊！连看个储油罐都是浪漫的。但还是坚持所爱吧，别被狗屁领导pua后拿起什么《人生的胜算》这类狗屁书！
,男女猪大学毕业就能在首都租住两居江景房，房间里堆满喜欢的书影音游，还一来就有猫，这哪是社畜，这是遨游天堂的豆瓣大富翁好么！（被真·生活捶打的文青嘤嘤嘤）后半段感觉像是为分手而分手，他们这点生活小柴米小油盐在社会主义文青眼里根本不够看吧…文艺爱好本就不是人参全部，搞钱更快乐啊！（作为与豆友结婚的我不禁反思五秒：我为何没有给自己制造前男友？）
,眼见他俩好上了，眼见他俩分手了；眼见他俩志趣相投，眼见他俩同床异梦；眼见他俩无话不说，眼见他俩无话可说；眼见他俩穿着情侣鞋，眼见他俩的鞋不再同款；眼见他俩成为令别人羡慕的恋人，眼见别的恋人成为他们羡慕的对象····唉，有情人不能成眷属总是令人悲伤的！
,剧本有种更偏向电视剧而不象电影的感觉……但真的很戳心窝，前半部看得我想谈恋爱，后半部分则如同看着他们重复我曾经经历过的事情……花束总有花期，这一点上，港译还真是到位。另记，因为疫情，拖到今天才去影院看大屏幕，发现更多细节成了新乐趣：）
,开始也是因为共同讨论了一个不太出名的演员，四年之后知道了他喜欢那个演员是因为胸大🙃
,恋爱过的人都能在里面找到自己的影子吧。故事虽然俗套，看到最后还是忍不住流了一些眼泪，写评论的此刻眼眶依然湿润。爱情的开始是因为你我是活在同一个频率的人，爱情的结束是因为我再也无法融入你的生活。从“我的人生目标，就是和你维持现状”到“相比一个人的寂寞，两个人的寂寞更难忍受”，生活中有多少刺，扎破我们的各种念头，嘭嘭嘭，一地碎片。 如同李先生歌词里唱的，爱到最后我们都无路可去，似是而非或是世事可畏，有情有义又是有米无炊。但别怕美好的一切消失，咱们先来让它存在。
,“我人生的目标，就是和你维持现状。”这也是我曾经的想法。
,草，我太难受了，本片引起了本社畜极大的不适....现实中我们都倾向于成为女主，但最终很难不成为男主....淦他娘的资本主义😢
,共感在哪？太多流于机巧的镜像对称段落，这般生发于无菌试验场、容不下半点革命张力的恋情，剥开糖衣后注定只剩追忆潸然。如今的半圆写都会青年物语真比不上隔壁金子茂树，完全靠老本在硬撑，以往剧集中慢火烹调的生活细节和时代氛围，在影片高密度的内心os环绕下，俱都退化为只有布景功能的摆设。另外没搞懂这对怎么就从齁甜浪漫到了非分手不可的地步，不是说给的理由不够充分，而是这种命题式的写作太省事了，结局一眼望到头，画外音全靠各位痴男怨女自行脑补素材，遑论抛出真正深刻而有启发性的见解。
,从自恋到失恋
,把大多数人的恋爱全周期完整的还原了出来，探讨“没有感觉，还要不要一起生活下去”这个几乎每一对恋人都会面临的问题。好在细致，克制。但弊端也有，为了制造“天生一对”而设计的一个又一个穿着和喜好的巧合，在“四年之痒”后，又刻意让小麦变的死板生硬，不近人情。结局前，两人餐厅分手，又碰到跟他们当年几乎完全一样的，初入爱河傻气懵懂的小情侣，这才情感彻底爆发，这一切都稍显编排，自然没那么动人了。
,开始总是分分钟都妙不可言。
,文艺的人都是感情丰沛的人，而感情丰沛的人注定永远孤独。
,人真的好容易被这种虚幻的“默契感”吸引啊，看似很了解彼此，但是连最直白的性格也不愿意显露出来，恋爱中做到坦诚似乎挺难的。完全不是被生活打倒哦，只是被自己打倒了，最爱的只是你自己，可却没想过承认，和谐的两性关系需要沟通啊...需要真诚的沟通啊....不过最爱自己的人啊，从没想过直视自己，又怎么能指望他向对方吐露的是真实的他呢。
,所以我从一开始就选择以朋友的身份爱你
,庆幸自己还是会被这种故事感动
,"8.0+

起初我在想评论爱情像是股票，有的高开低走，有的低开高走，有的低走停牌，有的高开重组，模式重多，再强的高手也会翻车。

然后听到了“克洛诺斯塔西斯”，“你知道‘停表错觉’吗？就是当你看向时钟的那一刹那，刚好和生日是同一数字”就知道中了，原来世界上不是只有我一个人经常看到自己的生日。

就像千万次的擦肩而过，等来了一个回眸，可能他只是在看别的风景，但这样的误会也很美。如果有一个契合到心动的人，哪怕结尾无疾而终，能够遇见，也是此生无憾。

今天是2021年7月22日，晴。这是今天看的第四部8.0+/10的电影。好怕下一部会毁了今天的奇迹，但还是决定再看一部。"
,甚至还没开始写谁做饭，谁做卫生，谁给猫铲屎。。。
,恋爱结婚并不是要找一个和自己一样的人，而是能和你互补的人。
,电影的前半段好青春好甜蜜，后面的故事告诉我们一个道理，如果放弃梦想屈从于现实，或许也就同时放弃了热爱，蜕变成了俗人，就不可爱了，在别人眼中就发生变化了，随之而来吸引力就下降了。所以太现实了适合做朋友，不适合做情侣，环境持续会变，共同点也就会变，不同点一直存在，所以互补更重要，太相同了，分手很难受的。
,苏打进步惊人，真的太会哭了，而让叔也精准地演出了世故的爹味帅哥。影片在让叔的分量把握上是令人满意的，给多了就偏离中心了。但终究还是个剧集SP的体量而不是部大荧幕电影。论述某一世代的情感和精神状态，塞满了灵光一现的台词，但坂元裕二终究只是能被营销号截图的金句生产机本身，处在掉书袋的危险边缘的文本停留于表面上的年代元素罗列让他无法成为伍迪艾伦，而东一榔头西一棒槌的台词内容之虚浮又让他离侯麦差了十万八千里。他眼里的许多个状态都可以简化成碎片式的一个个瞬间，拼凑好了就是《最完美的离婚》，拼凑得不那么像回事就是本作了。但我实在是不懂，因为有共通点而在一起倒是能理解，但选择分开的理由未免太潦草，我无法被说服。毕竟影片极力烘托二位是遗世独立的霓虹文青，那早该懂得寂寞的本质了吧，不然天天那些书读哪去了…
,不如有声小说吧，这样可以减少很多尴尬的表演
湖北,人类是真的孤独，只是做过和自己相同的傻事，就认为爱他。
,这么好的爱情都要分手，他们到底对人生和爱情有着什么不切实际的幻想....
,谢谢你坂元！请多写一点！
重庆,"    菅田将晖很特别。和张国荣感觉很像。什么个性的角色都能演绎得自然，有着慵懒的松弛感和略带俏皮的少年气，光是看着他就能感受到他的魅力。
    电影很不错，日常，可以安安静静观影。感受到他们有多契合多甜蜜，到后面感情变淡开始分手就有多伤。有点难过。
     爱情是一个很难说清楚的事。两个人如此默契，有说不完的话。可是也会走到没有话可说的地步。
    感情是真的，遗憾是真的，不爱了也是真的。没有谁有错，只是几年之后的我们步调不再一致罢了。
    找个人结婚生子共度余生，没有爱情也能成为和和睦睦的一家人。但这些事和其他随便一个人都行，可你不行。你是我曾那么爱的人，所以我接受不了和你继续在一起，却没有爱了。
   “过普通的生活好难”。我们那么努力想创造更好的物质条件，可心却越来越远。"
,中间的部分挺有意思，无论一男一女就算文化消费习惯多么相似，放在一个房间同居也是要不做爱要不吵架要不各过各的，这部电影关注的也不只是什么矫情的“爱情保质期”，是父权和消费社会的意识形态并存放大了两性间命运的分歧，工作与娱乐、成熟与幼稚、责任与自由等对立项刺穿了文化产业的幻觉。作为文化消费者的共鸣就像影片的开头和结尾那样空有一种きれい感，穿着搭调的时髦衣服去约会只是消费社会的泡沫。
,坂元裕二写过一个剧叫《最完美的离婚》，现在终于完成了“最完美的恋爱”，完美就完美在绢和麦有最完美的分手。
,25岁看完大概会觉得很唏嘘很遗憾，35岁看完内心毫无波澜，嗯，人类真的要是没有爱情就好了。
北京,爱情大多起始于两个人的相似，终止于看到越来越多彼此的不同，即便是天造地设的灵魂伴侣，也无法在柴米油盐的现实生活面前笑着全身而退。当两性责任的差异折合成了情感的失衡，当忙碌的工作成了为对方牺牲的代价，我选择现实养家糊口，你为什么却可以投奔理想？周而复始的生活消磨着彼此的分享欲，生存的压力分裂着曾如胶似漆的伴侣，只可惜看似洒脱的分手同最初梦幻般合拍一样空中楼阁，非黑即白与消极颓废的预设下五年的情感甚至不值得双方坐下来好好沟通，显然坂元裕二旨在将个体悲剧归咎于冷漠高速的公司文化与社会进程，却忽视了爱情本就存在花期，每一对情侣都会从激情过渡向麻木，真正的爱往往并非诞生于最初的电光火石，却恰恰萌生自日常磨合中那些被刻画成“情感变质”的妥协与沟通。
,我觉得他俩随时都好客气，更适合当一辈子soulmate的那种，特别是分手后还能住三个月，还能聊出轨的时候
,以爱情为外壳，展现了日本这几年时代的变迁，就业的残酷，以及大学的恋人如何过渡到进入职场。这部片男女主早期爱好是如此相似，就像是童话故事中的男女主一样。可是随着时间的流逝，激情退去，两个人的毛病也展现给对方，互相也会变的不耐烦。有了工作之后，生活的重心发生了改变。最后的结局竟然没有在摩天轮上说分手，而是回到餐厅。最后碰见了那对儿小情侣有点过于虚幻。最后依然同居好好搬家，没有大悲大吵大闹，我很喜欢这段情节的布置。最后的久别重逢没有互相打扰，含蓄内敛。看完这部电影我怕了，我怕我会随着时间而改变，也怕未来的我是我自己不喜欢的样子。这部片的真实，大于里面的爱情。
,确实是当下年轻群体们的恋爱状态，如花束般短暂。但是这部片为什么这么高分，我个人感觉非常寡淡。
,"整个片子都非常的stereotype,男主自从和女友分手后，就有兴致在家看电影吃冰淇淋了"
,坂元裕二您继续勤奋耕耘吧，太喜欢这种碎碎念、热爱并沉浸于生活细节中的编剧了。日本要是有豆瓣，他肯定是重度依赖者，每天从豆友的广播中，不知窥探到多少温情的生活。
,他们相恋更像恰好喜欢了那个孤僻又渴望被理解的自己… 志趣相投真的不是爱情合适的样子
,文艺-小资-社畜特供片。已经被奉为大神的坂元裕二，这次奉献的剧本不过是二元对立+填充新鲜细节的产物，说僵化套路刻板并不为过。但针对特定观众群，这种剧作模式+选对演员已经足够让人买单。2.5
,整体观感要弱于同卡司的《短剧开始》，后半部分过于啰嗦跟自说自话了，尤其是畅饮店分手的戏，又是日剧那套无限傻闪回。只能说，坂元裕二，考利斯马基你算是白看了。
,两个人的寂寞比一个人的寂寞更难受。
,有没有共同的兴趣爱好不是能，或者不能走到一起的原因。一个人可以读完整个图书馆的书仍然冷血，或者闻遍天下的花朵的依然狡诈。爱情是剥离掉这些表象之后的化学关系，即你关心什么，并愿付出何等的牺牲。
,明白了！最大的收获是记住了之后去明大前的bar蹲押井守！
,与其说是爱情的消逝，不如说是理想主义和文艺青年的幻灭吧。在现实社会，还想保持学生气是难的，是需要付出代价的。如果没有足够的“资本”（指代很多东西，不一定是钱），往往会很快就会妥协、沦陷、变本加厉。
,其实很重要的一点是：建立在消费主义上的审美是没办法和日常生活的物质性相抗衡的。人从恋爱进入婚姻的阶跃，必须是依靠现实生活而存在的。很庆幸的是我很早就理解到了这一点，没有把“文艺”作为沟通的标准，也一直坚持自己对于书影音的个人喜好，标准和追求永远是面向自己的，就算是最亲密的人也不能如此要求。虽然剧情一般，但是配色和细节处理，包括一些前后对照的镜头语言都做的很好，就还行。
,或许太过相似会更让人畏惧表现出任何异质 所以在“承认默契”的默契被打破之后 他们会坦陈很多“其实”——其实他们的默契从没有想象中那般坚实 又或者 其实一种更坚实的默契也不必是一段关系的起点——归咎于琐屑的生活终究是一种推卸 我在想 在关系无可挽回的变质中 或许任何人的转变都不是必要的——人不是在时间中流转 而是在时间中展开 高潮段落如此令人心碎或许也并不是出于“他们本可以..” 而是年轻的“他们终究会..”
,当初不敢告诉你小雏菊的名字，因为女生告诉男生花的名字，以后每次看到都会想起那个女生。如今大概庆幸当初没有说，实在无需有更多的事物沾上你我的回忆。
, 这就是为豆瓣而拍的电影吧。两个人的相遇像极了豆友见面，谈论着电影，书籍和音乐，说着旁人听不懂的异次元的话，穿着相同的帆布鞋。后来，租了河畔有阳台的房间，再后来，又养了绿植养了猫。这不就是俩人一猫的瓣狗生活么？电影名完美应和了爱情的开始与落幕，花束般的恋爱，有盛放时的绚烂，有凋落时的不舍。两个几乎兴趣爱好生活习惯完全一致的人，也不一定会白头到老。这是一部在豆瓣一定会打高分的电影，因为这就是我们正在经历或经历过的事。
,和《短剧开始了》简直可以当作平行世界看，因为演员重合的有点多？这种平和的分手比炽烈恋爱难多了……
,"▫️他们已经足够幸运，在刚刚好的时间，刚刚好遇到过彼此。
▫️所以年轻的时候就要抓紧时间谈恋爱啊！恋爱和过日子，不管在什么时代都是两码事，在生活的重量落在身上之前，赶紧享受无忧无虑只要喜欢彼此就是一切的灵魂共鸣，成为社会人以后，就回不去了。
▫️30岁之后，最触动我的都不是两人感情的裂痕，而是个人在社会中缓慢的消解。曾经热爱的东西会逐渐无法过脑，为生存奔波之后疲惫的只能用无聊的游戏来填充喘息的片刻。年轻的时候无法想象的一切，逐渐变比呼吸还自然，陈词滥调的油腻成功学渗透进毛孔，等你意识过来的时候，看着年轻人没有疲倦的笑容、小心翼翼伸向彼此细腻的触角，会觉得自己已经老了。
▫️再及，开头结尾的叙事结构，非常巧妙。本来以为是故事的开始，没料到已经是结局之后的尾声，冲击更大"
黑龙江,"作为院线约会配片可以打五星，当电影看要打三星。这么一部电影两小时真的太长了，前边恋爱和日本青年日常生活的部分还蛮好看，虽说巧合过多略微假地出戏。后边从世另我到巨大差异的部分就像是在讨论性别议题，前边不合理的一致都像是在控制变量。景观化的爱情和极为扁平和粗暴的转变与冲突，似乎所有的理想、趣味、努力都会随着“工作/步入社会”而烟消云散，转而走向极端的平庸与异化。我这几年的亲身经历让我相信理想和现实总是可以平衡地很好的，千万不要被软弱者和失败者的忠告蒙骗。
真正的理想主义者应该为后边轻易的妥协而感到愤怒，反而很多丧失意志的人，可能会从中找到些安慰，因为里面美好的是已经一去不复回的理想、天真和爱情。这种无法挽回的遗憾感契合了很多人的心境，让现实的平庸变得理所当然。"
,彼时的他们其实也不是特别“迷恋文艺”吧，对作品的热爱更体现在说不清的感受上，体现在人们如何重新观察天空、发觉光的变化、如何看待一片叶子在风中飘......很重要的是：人们如何看待时间。当男女主最后重新回到那个餐厅，而这次坐在了观众的席位，看到关于时间流逝的“电影”，而泪流满面冲出theatre，这时他们也许才真的在迷影了：一家常去的餐厅关门了，一本熟悉的刊物停刊了，一段热烈的旅程结束了，观众、听众、读者好像才开始真正读懂那些事物的意义，而最重要的并不是记得名字、准时赴约，或是持有什么&#39;been there done that&#39;的证据。/最后和前任打招呼那场戏堪称恶俗
,110&#39;左右 我俩不约而同的泪奔 -- ni 看到曾经最美好的 ni们 了吗? 四星半 :)。。
,百分百合拍的人还是做朋友才能长久哇！随着年龄的增长，我们总会有分歧，情侣难长久，朋友倒是可以。
,爱情消失的过程。
北京,心疼两人，有时候想想这个畸形的社会明明对男人更加残忍吧，以上进努力责任为借口，把你裹挟到变形，失去自我，还不可以倾诉发泄，否则就是懦弱。这个五星真是没有水分，感谢22.11.05的这个夜晚让我这个孤家寡人和这部作品相遇。
,花朵凋落的时候，先是从边缘开始残破、变色，然后慢慢地直抵花芯，被空气、水分、阳光慢慢蚕食。盛开的时候越美，枯萎的过程就越不堪。无论曾是什么颜色的花朵，最后都会蜷缩成一道黑色的斑，花与花有着相同的终点，就像随处可见的恋爱一样。当然，还有一种让花朵永存的方法，是在它尚未枯萎时，便摘下来、风干、做成干花，虽然香味全无，但胜在大致的情形还在，并得以更久的延续，就像随处可见的婚姻一样。曾经沧海难为水，如果不肯降低标准的话，便只能游弋于对沧海的幻梦之中。人总有妥协的一天，但面对一些曾深爱的人与事时，哪怕错过，哪怕失去，都不能去妥协，因为有些人，珍惜到不能将就。
,在无数个发光的瞬间，我们原以为自己是生吞活剥了和平年代盛行的的理想主义与浪漫主义，而对更为发达、更为复杂、更为练达的资本主义逻辑唱反调的一代人。然而，我们现在所置身的世界已经成了由更为发达的资本主义逻辑所统领的世界。说一千道一万，从自由的象牙塔到996的妥协，其实我们已经在不知不觉之中被这一世界连头带尾吞了进去，而当初那些彻头彻尾的空想主义者、执迷不怕的嘲讽派、不谙世事的傻瓜们最后又到哪里去了呢？
,我看完无言以对，这基本上就是我的上一段感情了。难道说爱情真的只能在学生时代发生吗？文青必定要遭到社会的毒打吗？哎，想你，我们经历了那么多，也是因为共同的兴趣爱好在一起，我还记得是通过《霍乱时期的爱情》跟你告白，读《晚期资本主义的文化逻辑》跟你汇报我的读书成果，你是我在那时唯一遇到的能交流的人。之后又去了很多的城市，哎。。。。学生时期的爱情是多么美好呀
,谁人不知爱是幻象？文青的报菜名、对暗号、小鹿乱撞并不可耻。恋爱本就起源于任意一次未落在时序中的幻视。但这种深植于庸人心中的被量化的、外在的温柔及其法则杀死了多少无力生活的恋人？连那可贵的烂漫都显得刻意，只有颓丧是这里的真实，到此却已转入安吾的命题了。
,"文艺青年我不懂╯▂╰
前半部分诸多刻意的巧合，似乎是要营造“灵魂伴侣”的感觉，相当生硬。只是报菜名式地罗列共同感兴趣的书籍音乐展览，但看不到这些东西内化为他们人格的部分。一路都是amazing，但就是不甜。
后面的平淡琐碎就更难以忍受。男主先分手后求婚的操作简直令人生气，之后缅怀过往的眼泪也就显得软弱不帅气。
另外苏打的颜我一直get不到，是会秒选让叔的程度吧🤣"
,婚姻故事前传，也是放在全球各地都成立的人类命运共同体吧。啰嗦却很细腻，就是过于把工作和情感关系的处境极端化了些。
,被电视剧编剧设计的人生，对亲密关系一个向度的理解，你很难找到私人的共鸣，而被浅薄的说教了。普通到只适合刚入职场且想寻找亲密关系的人看。
,前半段看得好开心又有点想哭，遇到和自己爱好想法都一样的人是什么心情呢？虽然也并不觉得非要这样才能在一起，不过想想，我已经独自看了很多超级喜欢的书和电影好多年了。
,"豆瓣文青的爱情凋亡录
世另我的双向奔赴终究也没干过柴米油盐，好在凋落的花束没有被盲目地埋进婚姻的坟墓里，也许“合拍”的两人真的不一定“合适”吧。"
,两个豆瓣好友的恋爱故事 // “成为普通人真的好难”
,把主题归为“败给柴米油盐”还挺不负责任的233 共同喜欢的书、电影、漫画，说到底只是对话的前定和谐，“世界上另一个我”这种判断，下太早啦！恰恰是在既非大人也非孩童的时期里，恰恰是在面临巨大无形之物，恰恰是被车轮碾过之时，看清楚“我他妈到底是谁”的修行才刚刚开始呀w
,在我看来，女主并没有多爱男主，只是沉浸在自己的理想世界里，即使两人在一起四年了，也不理解男主的努力，虽然失去了很多甜言蜜语，但生活不就如此吗？长久爱情的前提就是要维持生活啊，醒醒吧文艺青年，热恋期终将会过去的，终将会回到现实的，真正的爱情也终将会落实到柴米油盐上的
,生动有趣，年轻时的心动真是千金不换，提着两兜卫生纸赶公交这般毫无魅力可言的形象，却成为甜蜜恋爱的开端。只可惜序章即高潮，百分百合拍的爱情抵不过社会的规训，女孩站在窗口向打扮成熟去面试的男孩挥手告别时，就已经预示了他们的故事正在驶上一条无法掉头的路。再也玩不进去塞尔达、读不下去今村夏子就是错吗？但是不成为社畜，又怎么维系那些小资的爱好？社会像一个大澡堂，有人迅速地融入其中，有的人就那么溺死了。
,分手那场戏的张力太可以了。岁月本来就是流逝的，然后身边的人也流逝了，曾经的自己也流逝了。那还有什么呢。4/100
,我的睡前爱情幻想小故事里比较经常出现的一种。当然也要是BE，这样的爱情就只能走到那里，想要再升华一步只有BE一种方式。
,恋爱好难。其实不用分开，一起找回最初恋爱的感觉便行，或分开一段时间做灵魂伴侣。日本人的电影还是过于刻意和乌托邦了，哪有100%合拍的两个人？爱情如一束花需保鲜，前半程是暖热的恋爱，后半程是冰冷的相处（冰火两重天刚好在半程时间转换）。被社畜文化摧残了生活志趣，两人相爱也形同陌路。这片的客串也太多了吧！小田切让、押井守都请来了，居然还有古川琴音妹妹！村花貌美如花，衣服上镜，但单调的演技不如其貌不扬的苏打，基本禁锢于瞪眼和微笑，虽把握到乖巧灵气，但诸多场景的情绪演绎不到位。吉他和钢琴主导的配乐灵动悦情，日记插画式设计的片尾可爱逗趣。场面调度较有讲究，色调、灯光一塌糊涂！本片适合被翻拍成美版。我也喜欢看天然气储罐，也会上Google Map找寻自己。其实我更想和也喜欢电影、音乐、足球的编剧谈恋爱哈哈哈！
,可能对“因兴趣产生的吸引”存有些许保留，但依然漫溢着文艺青年式的自我陶醉同时希冀它产生效果。遗憾基调的结局处理促成了真正叙述对象（一段关系）的完满，这种精巧的闭环和反情节的时光流叙述使每一分每一秒对于观众来说都是梦幻。只是其中导向关系出现裂隙的因素太不充分了（生活压力和工作强度改变了男主价值观），人物自身性格被忽视，变成了资本主义职场环境把理想青年异化成父权家庭意识爆棚的社畜的劝辞片，因而中间从人设到叙述立场一度都不再均衡对等，造成对剧作概念的破坏。好在人物状态全程都精准且连贯，理性之上的问题足以被时态遮蔽，浸入梦的旅程。
,坂元裕二太会写故事，《四重奏》已经见识过，这部电影又一次深深叹服。最喜欢的场景是女主淋湿头发，在男主家看他拍的油罐，很闷很闷，男主拿着吹风机给她吹头发。最后餐厅的分手，如果要成为爸爸妈妈，成为亲人，为什么要选择你呢，任何人都可以。正因为是你，才不能忍受故事这样的结尾啊。
,卧靠很久没看电影嚎啕大哭成这样了，要说也不是自我代入，只是非常心碎。最后分手用另一对年轻couple来call back的脚本有点刻意，但整体的vibe把握得非常好，村花也没有很注意扮相所以很真实。看的时候一直在想，啊我大概以后都谈不到这种“年轻的恋爱”了，怎么办，啊啊啊。总之就是接受所有的恋爱都必然会枯萎凋谢，但这种想法也让我越来越不想恋爱了。btw女票看这部特意发消息提醒我不要喝了酒泡澡hhh
,从校园到社会的恋爱，如此温柔又有始有终的，就是如此吧。最后谷歌地图留下的两个人的影像，那天是两个人第一次光顾家附近的老夫妻面包店，吃炒面面包。全世界和他们一起把这段感情记忆珍藏。
,这拍了个啥…给文艺青年版的《志明与春娇》…拍得还更差…总有人喜欢说电影不要用太多旁白，我一直觉得这话太绝对，但是又找不到好的例子…就这片，能出好几场戏😂😂😂😂过于精准的文字描述，抹杀了演员精彩表演所包含情感的复杂可能性。这剧本水准啊，比三个前夫也差太多，每场戏都跟白开水一样清澈见底，在豆瓣能拿到这分数属于目标群体对口吧
,就这
,以为自己已经到了坚硬的年纪，却在看完之后又软得一塌糊涂。为什么我们如此互相吸引，却又不能一起抵御消磨呢？大概爱情就是焰火做的吧。
,果然是二十岁才会有的爱情。本老姐姐已经祛魅了。同好很好，温柔很好，亲密很好……但已经清晰知道这距离我想要的太不足够了。或者说我已经知道想要的是不太一样的东西。（半圆抓紧扫码加入本群群聊，群里故事比你写的这些精彩！真的是！
,看这电影的起因是我不相信菅田将晖演了个正常人，看完后现阶段的我很感谢误打误撞看到这样一部电影！初次见面的十足惊喜与万分期待，进入社会后的渐行渐远与间距成长，最后是要么进一步就这样变成亲人过下去要么退一步你依旧是我的美好回忆…可是我还是不懂啊，如果和这样的人都没法走下去，还能怎么办呢？
,实话实说，男主第一个镜头丑到我了！！我当时心想，他怎么很像老家哪个亲戚的儿子啊！一旦忍过了开头，就没事了，女主真的很养眼，这个片子真实又残忍的展现了，哪怕恋爱时候你遇到的是世界上的另一个自己，社会和世界可能也会把其中一个折磨的不像自己。是任性地活着？还是选择妥协，活成乏味的大多数，这都是选择，没有对错，最扎心的是那个分手前的那个求婚的提问，我们就活成平凡夫妻的样子不行么？(⊙o⊙)哇，真的是对文艺青年最大的冲击，男主那一刻帅了很多！最后那个背对背的挥手，真的是泪目，曾经我们是最懂对方的那个精神伴侣，后来我们也是最看不懂对方的那个人，分手后退回了陌生人的位置，或许才又回到了那个自在的自己，最扎心的莫过于结尾，当你有了一个惊喜，却没人能在分享，只能抱紧小猫咪。恋爱的赏味期限结束了。
四川,这部电影，也许每一对情侣都能在里面找到自己的影子吧。爱情可能都像是这样，由志趣相投和怦然心动组成，有说不完的话，有对生活和爱好共同探索的浓烈兴趣，有那么多浪漫的瞬间。在他们表白，等红绿灯那里接吻那里。我想起了那晚他送我回家，到了楼下我说等你车到了我再上去，结果等了几十分钟都没来，凌晨2点多了他一直在想着怎样表白，早就悄悄取消了车。爱情或许真的讲求的是及时的沟通，相互的理解，带来的同频。他们俩，一个人有很强的责任心，一个人有不愿放弃理想的热忱，这不冲突的，都很好，只是错过了太多沟通的timing。后面分手那里，看到又一对学生坐在了那个位置，真的很难不泪目。默契是很难的，感情，还是需要经营。一个想分手，一个想结婚，其实都是想让这段感情做出改变，让我回到了18年一样，永远尊重自己当时的本心和决定。
,深夜从电影院出来，忍不住吸了吸鼻子。我的共鸣不在曾经多么美好、多么合拍，而是从校园步入社会时面对现实的无力，这种无力感揭开了爱情的滤镜，就这样吧。
,文艺青年和情侣的那点心思被拿捏得死死的。你说的都对，你做的很好，理智告诉自己双方都没有错，但彼此就是不能像从前那样互相认同——爱情过期了。
,曾经我以为兴趣爱好很重要，之后发现并不是。后来觉得三观很重要，结果发现也不全是。但确实兴趣爱好亦或三观的形成，都代表了你的想法、原生家庭和一路以来的人生选择等等。我现在觉得拥有同理心、互相包容、成长、能沟通、求同存异比较重要，但谁又知道我这个想法对不对呢。有没有人能告诉我，当人生走向了分岔口，互不理解，怎么说都不在一个频道的时候，除了分开还有什么办法吗。分开很痛苦再一起更痛苦，但就像电影里那样，舍不得那些美好的岁月，想起来也是会笑会哭。他也曾经在怎么说都说不到一块的时候说，“那结婚吧”，我满脑子的“怎么结？我们还有那么多问题”，而他仿佛结了婚问题就自动消失了似的。我不懂不懂不懂啊。坂元裕二，你是怎么窥探到大家的生活的。
,"真的是花束般的恋爱啊，太让人眷恋了…花束般的恋爱：盛极绚烂，至败方休。
一株植物如何孕育出花蕾，一朵花如何绽放盛极转衰。可能你并不关心，如何说的是花束般的恋爱呢？
电影《花束般的恋爱》由坂元裕二编剧、土井裕泰导演，这是二人合作日剧《四重奏》之后，首次合作大银幕。"
,看完脑海里响起的是gigi《荷花》里的那句“开心的追忆竟比一起真正相处更加着迷”。可能因为我从来不会喜欢和自己爱好过分类似的人，所以觉得相比爱情片，这部更像生活片——男主成为了社会希望他成为的那种人，而女主成为了自己。
,我们看一样的演出，读一样的作家，穿一样的鞋子，脱口而出同样的话，而随着自己能感受到的时间流逝，我们吃不一样的晚饭，逛不一样的货架，做不一样的工作，脱口而出不一样的话。我们不能试图拥有爱情，我们只能感受它。
,生活、爱情，不过如此。见证了彼此稚嫩 ，成长的过程，即便分手，不算是意难平，但心中永远有对方的位置。#私心4.5
,"理想主义与现实主义的决裂。总之，无论如何，我还是坚定地站理想主义！
前一个小时过分入戏，可能是80%豆瓣人的恋爱写照，有时候同好数量就能唤醒精神高潮。太多熟悉的场景，单单《肖申克的救赎》那段，就让我想起一个声称自己看了很多电影但说了半天最后只认得诺兰的男生……//2022.2.23 银幕二刷。「你为什么会出布」，「因为我是成年人」。停表错觉和刻意迎合大概都是恋爱前期通病吧。"
,"#花束般的恋爱🎬
成熟了的我们大概更适合一个人看这部电影
大家都在讨论里面的台词：“开始是结束的开始”“我的人生目标，就是和你维持现状”“据说一起吃过三顿饭还没表白的话就会沦为普通朋友”……
相比男主成为社畜后的改变和选择，工作后的自己更能理解，放在过去哟肯定会和大家一样被分分合合的爱情感染从而忽略工作后带给人的改变。话题只会引起争论，兴趣变成了下次再说，博物馆里的陈设不再吸引目光，图书馆变成很久都不会再去的地方……
这就是步入社会后被“压缩理想”的我们，很可悲是吗？可这就是赤裸裸的生活啊！
因为聊得来相遇，因为兴趣相投相爱，因为改变分开：“我们一路走来都很顺畅，可惜最后功亏一篑。”爱情，总会由热烈趋向平淡直至死亡！可是，我们还是忍不住想要去亲吻，去拥抱，去纠缠，体验幸福然后感受痛苦。"
,其实无论是前面热恋期讲两人的默契和甜蜜，还是后面的矛盾冲突，都有点极端了，让人无法相信，但写那么细腻的情感，内心的os，还是相当有一手，不回头地挥挥手，全景地图上的小小奇迹，还是被感动到了，一点点。
,只能说世界摧毁了文学吧，架纯妹子的阅读谱系真高级文青，普通文青够不来（5.24影院重温，人生啊，还是要按照自己喜好去过，死活才都不悔恨
,即便是当初百分之百合拍的两个人 在岁月 社会 工作 生活的冲击下 也很难像过去那样的同频 相似的人总是容易相爱 却不能完整的一起走完一生 这是我最遗憾的
,我以为两个人会因为同样不在乎疫情而在医院的病床上相遇，隔着呼吸机看到对方的开口笑。
,相似的人在一起久了，会把路越走越窄，你的人生啊它不长，要跟和自己不一样的人一起，让它更加丰满。（跟三井，藤真，流川都交往过，和仙道结婚，几十年后发现身边的人全是樱木/初心）
,恋爱的消亡方式，大概就像在烧那些记录美好回忆的照片，一开始一角烧起的一点火光，从我们相识的方式与话语开始燃烧，后来火越烧越大，波及到了在一起哭过笑过拥抱过爱过的日常，跳跃的焰火挑起了无尽的争吵，直到最后照片燃烧殆尽，怒火熄灭，生活就像平静的灰烬，我们再也无话可说。分手，离别，好像这一切都没有发生过。最后小麦看到谷歌街景里的两个人：原来我们那么真切的相爱过啊，只是这种喜悦，再也无法与你分享了。
,左右耳机分开听对不起混音师傅，共同错过的天竺鼠展是为此刻的遇见，三小时燃气罐大电影，社会人失去了阅读审美的精力，阿基·考里斯马基电影助人渐行渐远，两个人寂寞比一个人寂寞要更惨，分手与结婚一线之隔，全景地图奇迹两次降临于世……坂元裕二男女左右开弓的故事节奏还是那么有趣，无奈导演水平一般；愿天下有情人好聚好散
,拍得太像一个步步为营的做题家了！
,一不小心包场了，挺现实的，简直就是一部高甜恋爱分手指南，情侣之间这些基本做到了就可以顺利分手了，不分手也行，外面换个包装里面继续过老日子，只是包装袋上写了“结婚”两个大字。怎么着都行，看你自己。
,坂元裕二这个剧本可以直接投稿到话题 #我和豆友恋爱了#。如德波顿《爱情笔记》一般，将一段恋情的每一环细细拆解，那些心动与心淡的时刻都同样醒目。哪段爱情在开始时不是不断在对方身上投射自我，确认「命中注定」和「独一无二」，而在一次次的「降低标准」后，退无可退，形同陌路。大写加粗：真正入社会后想要甜美爱情真是难上加难！
,趁没人可以骂我赶紧拉低一下平均分
,最好的爱情是在同一频率下相似的情感流动和心智的成长，遇到合拍的另一个自己，却没能守住共同的时间，虽然但是，比起很多人，已经很幸福了，毕竟大多数人终其一生连第一步都没能迈出。相知易，相守难，只有时间才会给出答案。
,我觉得片方放2022.2.22上这部电影真的太合适了，一个有趣的二货如何变成无聊的二货，其实就是工作嘛。在性格、兴趣爱好上重合度如此之高的两人在很多时候我更愿意看做是一个人的两个平行宇宙，他们的爱情本身对我而言停留在甜，而前半段磕完糖之后电影变成了一个少年如何维持爱好与工作，理想与现实的故事：女主选择爱好，男主选择工作，但无论选择什么，他们最终都离开了象征梦想生活的屋子。最大的无力感来源于男主在电影院几欲睡着，加完班玩起了消消乐，你知道他以前是多么喜爱看电影，又是多么讨厌甚至唾弃奶头乐游戏，但在社会的重压之下，如同被摄魂怪亲吻了一般，他的热爱也无法抵抗坠入无趣的沼泽。
,零到七十亿分之一的概率，我遇到了和我一模一样的人，我们喝着咖啡谈论到错过最后一班列车，我们边等待着永远不会亮绿的信号灯边热吻，我们在纠缠不清的耳机线落在一旁的被窝里做爱……三天后，我按下了暂停键。
,电影描述了理想爱情发生、发展和消失的全过程，看完之后让人心有戚戚焉的同时也感到如释重负。人的情感通常会维持较长一段时间的稳定，但情绪却具有较大的情境性、激动性和暂时性，会随着环境的变化和需要的满足而减弱消失。男女主因偶然和合拍而相爱，爱情燃烧了近四年，最终两人在生活磋磨下渐行渐远，情绪的不断积累改变了曾经深刻稳定且炽热的情感。分手的那晚两人因一时的激动想以婚姻挽救枯萎的爱情，又败给曾经相爱的模样。最后那背向而行的挥手，对观众来说是“快点复合吧”，对两人来说则是陌生人间的再见。
,只差一步童话就能停笔，再合拍的脚步再重叠的影子都会异梦而神离。生活溺毙浪漫，爱情如同花束，绚烂盛极也有衰败节律，怒放的欲望和年轻的幻梦不能倚赖单纯愿望让青春花香无限停驻。于是蜕变出大人外壳的男孩先一步被社会钝刀打磨，想象风蚀，灵感退化后少年轮廓在人海中模糊难辨，为了维持现状逃入婚姻，为了拒绝改变委曲求全。女孩紧紧抓握童年残影，天真的执念绕过庸常煎熬却逐渐放弃抵抗滑入平凡涟漪。跟随主角重走细节与对话堆叠的密致时间针脚，两人构建屏蔽外物的小世界随着对称无间的旁白分裂而摇摇欲坠，被将就的陌路罩住的花朵加速朽烂。在一场又一场相聚与离别中走远，仿佛历经无数次生与死的庆典和葬礼，只有封存幻想的画里小人永远年轻，花期恒久。背道而驰的我们依旧默契到招手无需回头，卫星捕捉的神迹纳进记忆缝线，走向各自的路口。
,meh
,前段时间我想，假如我还有机会爱上一个人，那我要爱上一个热爱波拉尼奥的人，十年前我幻想自己会遇到一个聊昆德拉的人。但是我从来没有觉得自己会遇到并且爱上一个性转版的自己——那有什么意思呢？以及，不管这十年间我爱上的哪一个人，我都确信他不会在书店阅读成功学。文艺青年期待爱情是因为对生活失望，拥有爱情了愿意投身生活并非不可能，但底线总是在的。电影中的两位文青，他们读过的书看过的电影听过的音乐完全只是叠加在身上的标签而实际上对他们不产生丝毫的影响。“爱情的开始只是爱情结束的开始”，但这到底是如何发生的呢？让其中一个文艺青年变得不文艺就行了？我不明白这是对文青的无知还是对爱情的无知还是对生活的无知……
,想不到在这里都能听到吐槽《霍比特人》又臭又长。整体比我想象得要正面啊，起初知道大概剧情时还以为我看完后会很崩溃。Mugi社畜时的发言真的很伤人，很庆幸他最后没有完全变成东亚商业精英男。本情感荒漠就不说什么爱情感悟了，只想对自己说：不要理所当然屈服于精英成功学。小田切让好帅啊！
,村花。神同步。神治疗。
,不是最完美的分手，但仍然是坂元近年最佳发挥，也证明了他对都市青年生活的观察仍然头一份。这个故事能引起观众多少的怜悯与恐惧很重要，但我们从中什么也不会学到，因为能战胜生活的只有真正的天才，以及……港区五套房的富二代？
,我们的人生，爱情，际遇冲撞在一起，最后能冲撞到哪里谁也没有答案。或许接受爱情最终会退化成亲情，是人生接受自己的最重要一步。
,导演表达soulmate的方式就是文化消费内容相同吗，简直看哭鲍德里亚
,豆瓣网友型爱情 has passed me by ...
,"慕名而来，带着纸巾，结果完全无感甚至有点烦男主。大概就是讲俩人学生时期因为聊得来音乐电影文学，爱好啥的出奇一致在一起。
毕业后男主爸爸断了生活费，男主被迫工作，回家把不顺心发泄在俩人之间。家境女主好点就觉得工作不必那么拼。被社会一锤没空聊文艺了，男主还死活要结婚，最终女主坚持分手的故事。挺常见的。
再次说明电影文学聊得来很容易，三观不仅仅是这些浮于表面的小文艺，而是面对生活中柴米油盐各种琐碎的态度。这与从小长大的环境父母教育等关系更大。"
,如果是五年前看到，大概会哭到不行。但亲身经历了一段亲密关系之后，就知道所谓的soul mate虽然美好，但远没有那么重要。编剧把理想和生活的对立拉到两个极端，然后让两个人执拗的坚守着自己的世界，没有任何的沟通。最后摆明要赚观众眼泪的那场戏，本来还挺戳中的，但小麦一开口说我们结婚吧，整个就降了一档，再也没法打动我了。真正亲密关系中的沟通和交流不是这样的，你什么都没做，就像春去秋来不可改变一般，放弃了。那也没有什么可惜的了。押井守和野吹还挺戳人的，可惜不懂更多。有村架纯好看。有点想起summer500天那部了。
,太相似的人不能在一起，性格与习惯的相似可以是跨性别的，可精神共震的愉悦无法抹平男人与女人的性别意识的差异。太相似的人应该做朋友，不然会遗憾。
,早就过了这个年纪且早就知道这就是人生，看到短评里最好的总结：爱好不等于三观
,看的时候想说很多，看完觉得最重要的是，和前女友玩塞尔达的最后进度也是水之神兽瓦露塔……
,【B+】爱情片中的符号化、标签化当然是必要的，至少在本片里需要更加显而易见的情节标尺来区分生活状态。地点、动作、服饰，都需要前后对照来挖掘更多意义。当然也有不变而贯穿始终的设计——内心独白，从头到尾都是以近乎“绝对”的默契来进行剧作层面的对白，正是这种默契才让后期的疏离显得更加冰冷。还有手机的介入，告白时刻作为真情流露的渠道，只能通过电子窗口来扭曲各自的面孔，才有勇气进行现实层面的凝视（正如告白成功后的变焦）；而分手期间，社交讯息却能如此轻易打破微妙氛围，仿佛是另一种心照不宣的逃避。于是男主最终还是选择打破仅剩的「体面」，也正式沦为我所恐惧的形象映射（被生活吞噬后彻底遗忘“热情”的僵化样貌）。好在最后还是走向“俗套”：越轴、推镜、以及来自过去的热恋对照，让这份「体面」有了被修复的可能。
,没恋爱过，没代入感，这不能怪我只给三星🙃
,百分百合拍的恋人，世界上的另一个我。喜欢同样的书籍，喜欢同样的电影；用一样的书签，穿一样的鞋子；合拍到准备在同一天表白，也合拍到准备在同一天分手。开始也是结束的开始，相遇总是伴随着别离，终于变成了自己曾经最讨厌的人，也终于明白了结婚无法解决任何问题。感谢那辆末班车，感谢那个红绿灯，背对着互相挥别，就让彼此的爱情永远留在谷歌地图里面。日本电影总能把无比日常的情节细腻到尘埃里，最后电影结束时，我左右的情侣都走了，只剩我一个人留在座位上偷偷抹眼泪，我想如果某一天我也不再为了某部曾经撼动过自己的文艺片而动容了，或许就说明我也像男主那样彻底死了吧。P.S.特别多迷影元素，押井守、新海诚、《指环王》、《霍比特人》、《宝石之国》、《牯岭街少年杀人事件》、租住的房子外面有一条河特别像《夜以继日》。
,平平，毫无波澜，有些问题真的不是问题，伴随着青春期来，长大了也就自然而然的消失了。完美无痛的戳破了我曾经对于豆瓣友邻恋爱幻想的泡沫，谢谢。2个人谈了4年，还是只停留在兴趣相投，没有其他方面更深层次的交流和羁绊，不能也不愿承担生活的摩擦和活生生的生活，无能无力解决两个人的争吵和分歧，那只能分手喽。爱情就是一种生理本能，没啥了不起的，为啥非得跟年轻人疯狂鼓吹呢，后面的相处和情感才是最浪漫的，不是吗
,刻意却真实的故事。
,看着双方彼此眼里的光都慢慢消失不见，谈话牛头不对马嘴，连分享欲都没有了。两人份的孤独的确比一人份的孤独更加可怕
,日本的片子经常会抓到一些在真实世界里存在却过于平常以至于遗忘了的细节…包括男女生的思维差异。男生从有压力开始，感情的不愉快一直想分手，却因为最后一天的快乐便想用结婚来挽回，女生从鼓励理解到笑着隐忍，最后还是看透了两人回不去的步伐选择做那个先开口的恶人，放了手。从缘分邂逅到相识相知再到白头偕老，哪一步走错了，走快了，走慢了，就再也无法回到从前了…
,"4.5  《花束般（含苞待放、盛开、渐渐枯萎、在尚未腐烂时丢弃）的恋爱》，又名《豆瓣er定制爱情片》。男女主遇到万分之一概率、堪称天作之合的“世另我”，却还是选择分手：大多数爱情片给出的答案是“没物质的爱情就像一盘沙”，坂元裕二给出的答案则是慢慢内耗、温水煮青蛙般“降低标准”。就如《夜以继日》里的那句“河流很脏，但也很美”，爱是吊桥效应，是清醒过来的梦境，如幻影般难以抓住，也在欲望幻灭后得以留存——朝子跨过了这些阶段，所以她舍弃了麦；绢无法跨过去，所以她舍弃了麦。
坂元裕二将现实物与电影/音乐/游戏作为承载欲望与情感的记忆体，附住了那些片刻的感觉，又随着时间逐渐倾覆掉这一切。真是视角、话语、人物都绝赞的剧本，苏打和村花也演出了恋爱的实感，但...硬要量化的话，编剧演员90分、导演60分吧。"
,这就是爱情啊！这就是爱情的真相啊！这就是大多数人一生里总会经历过的某段爱情啊！！在这部作品里，一定会有某个对话、某个瞬间、某个片段突然击中你，让你突然难过了起来。
河北,喜欢这个影评，“要爱具体的人，不要爱抽象的人，要爱生活，而不是生活的意义。”文艺青年要不得，总是有点自诩清高的浪漫，生活还是要脚踏实地，爱好合拍不叫合拍，这样的人你光从豆瓣书影音评论里找都能找出几十万，三观相似、生活习惯脾气能相互包容的人才适合在一起。
,与自己合拍的异性，在爱情的路上只有相遇问题，没有追及问题，不光保持同样的步幅、速率和进度条，在同一时间相爱，也在同一时间失去对对方的依恋，最后还能和平解决猫的归属，这是什么神仙故事！我女儿三年级的数学题都比这个难好吗？
,看了黄油面包掉地上 我才发现这原来是个概率故事。和对方鞋子相同概率多大 和对方有同款书架概率多大 和对方有相差无几爱好的概率有多大 自己喜欢的人也喜欢自己 又有多大？后来啊被糟蹋了情趣全被挥霍尽了 想一起好好聊聊的概率剩多少？一起去买个炒面包的概率剩多少？能一起看个漫画舞台剧舞台剧剩多少？你还喜欢我我还喜欢你的概率 又剩多少？不知道他俩是被柴米油盐还是现实压垮了 我只知道我们努力活成自己喜欢的样子 永远不会错。 
,真的会有百分百契合的灵魂吗？真的很难得，事实上能70%已是足够幸运。男主说，我们像其他一样平凡的夫妻，哪怕没有之前的感觉了，还是可以一起过日子的。但就这样向生活低头吗？这不是想活成的样子
,悬浮在半空不能降落的感情。以为是爱其实只是合拍罢了，而这种肤浅的合拍是经不起任何考验的。所有的细节都像报菜名一样刻意堆砌，在豆瓣评分如此之高可能是因为这里有很多想要去寻找镜子的人。即使导演想表达这种不成熟的爱无法走到尽头这也是一种非常偷懒的方式。今年看过的电影最烂top1。
,叙事轻快又流畅，恋情甜美而现实，“我和豆友恋爱了”日本版！
,日本人和法国人都有能力把相遇、相识、相爱、分开拍得如此真实、简单、平淡、自然。我们不行。
,你以为自己遇到了独一无二的人，其实是消费主义筛选的样品，就像结局遇到的小情侣。他们适合当soulmate ，不适合当lifemate……
福建,怎么说，完全是我理想中的生活状态，看完反而给我的恋爱观打了一剂强心剂。这个时代能够遇上一个这么合适的人已经够幸运了，总不能再奢求什么地老天荒吧。
,即便如此 還是看哭了 如果沒分手今年就是第五年
上海,大学时期趣味相投的情侣，在工作后越来越无法感受对方的想法，走向分手。实话实话，不知道为什么能上top250
北京,"3.5/5 实在是，拼凑的汤水寡淡无味，到不了塞牙的程度。但无论是刻意堆砌男女文艺爱好巧合去硬凑成对还是许多不自然的拍摄手法，都让我无法沉浸。一些散漫的笑点和后面分手的场面设计让观众笑泪明显，于是加了0.5分。其实分手的戏在男主忍泪畅想未来婚姻生活而此时两人心已破碎时，是不错的，但是后面大篇幅拉长观众泪点去煽情，花里胡哨一堆整，最后落在女主泪流满面跑出去，男主泪流满面后面抱住她，简直是不忍直视；但是也不好说，因为旁边一个可爱的女孩子很动情地哭了，还有稀稀落落的男孩子哭声，可能在大部分观众看来这还是不错的。放在如今的电影市场里，能有这样让观众强烈共情的电影，还是很好的。
关于遇事不决结婚好了，又可以搬出杨德昌《青梅竹马》里的话，结婚不是万灵丹啊万灵丹。"
,为了印证两个人的镜像，用了太多独白，这般粗糙方式强拧一段粗糙的偶遇，制造大量粗糙的巧合，这比粗糙的一见钟情更粗糙
江苏,好矫情啊。以及，菅田将晖到底哪里帅了…
,世界上最稳定的关系是没有关系
,“最好有生一日都爱下去，但谁人能将恋爱当做终生兴趣。”——即便你爱上的是“自己”，也有哪一天，会被成为大人的“自己”所打败。随着成长污染，我们所理解的“美好”也不断升级，所追求的、所向往的也逐渐产生分歧，步调逐渐变得不一致。现实残酷，大概是因为，哪有那么多“维持现状”——哪怕是一张插画1000日元都维持不了。PS：2021年，电影票仍是热敏的。
,原来所有的豆瓣er都在想，这就是在拍我自己啊。
,爱情是勇敢者的游戏。小庄就先靠边了
,22岁的时候遇到你，我们不同的大学毕业到同一家公司上班，讲相似的方言，搭车去公司的偶遇，公司游船上惊讶的你也在这里，从不联系的你深夜短信给我的歌词，以及在公交车聊诗词不想结束，下车就近在站台旁的快餐厅坐下用餐巾纸写诗词。满眼闪着钻石星星的人。如果我们没有在一起过，会不会比现在好太多太多？至少你读过书还会和我分享，而我也可以把耳塞给你，即使在路上走着，也能聊音乐到忘记出行的目的。我们都长大了。也分手十年了。连自己都感受到自己老了。
,"所谓青春，所谓爱情，所谓奇迹，所谓人生。不过是某天的偶遇，特殊频率遇到了特殊频率。用繁冗的语句描述世界，却能有人读懂，是这样的奇妙契合。那些一口气吃掉两个饭团，那些在大马路上你唱上句我接下句，我们同时读过的书，错过的演出，喜欢的作家和导演，那些我们手拉手跑过的雨天，原本我们是想狠狠将它们全部刻在记忆里的。好喜欢他们的新家。我仿佛能闻到他们新家阳台上的风。但时间和生活总是狡猾。我们拼命想要过生活，可总是会被生存打乱阵脚。电影努力在告诉我们为什么相爱的人不能够在一起，虽然我都懂，可我还是想大声地问，为什么相爱的人不能够在一起。他们明明那么多次牵起了彼此的手。明明直到最后都还在对彼此笑着，在彼此拥抱。他们第一次相遇的时候，KTV放的歌是《キセキ》，如果生活真的能有キセキ的话就好了。"
,“我人生的终极目标，就是和你维持现状”，即便是趣味喜好如此同频的两个人，依旧无法维持，可见爱情这件事终究是有保质期的。“恋爱存活率”的博主去了另一个世界，Awesome乐队有了自己的舞台，新海诚突然成了第二个宫崎骏，而我们成了996的打工人，爱情也渐行渐远。坂元裕二的剧本总是堆满了无数令人触动的细节，仍旧记得女主在网吧度过一晚第二天清晨心里念叨2014世界杯巴西惨败德国的情景，仿佛经历了一样的心情。跟随着他们从相遇相识到相恋再到同居见家长分手，最后变成最熟悉的陌生人，突然感觉有些错愕，也许10年前我也经历过同样的场景和故事，两个小时重温一遍应该会很有感触，可我内心竟然毫无波澜，仿佛感情生活如同一张白纸，我究竟有没有爱过谁，在记忆里搜罗了一圈均是查无此人，哈哈哈哈，年轻时的海誓山盟终究敌不过
,学生时代的爱情“你够不够爱我”成为是否能在一起的首要检验标准。成年人的爱情“我想要的条件你是不是匹配”却成为了在一起的首要检验标准。大学生去看这个电影可能看不懂，但到我这个年纪看这部电影只会老泪纵横。
,零蛋！本来从阿里斯托芬的“寻找你的另一半”开始，结果就是与自己相似属己“自爱”的快速闭合导致必然的无爱，这片居然还能往回到鄂吕克锡马库的爱之技术，真是不知所谓，且辨别的方式也是极度浪漫主义化的，什么喜欢相同的音乐、书画、兴趣等等完全Match的玩意，甚至都给不出哪怕一些最粗浅的爱的目的，叙事上更是强化某种强迫“症”样的对称神话，怪不得这时代越来越无爱呢，本身大肆宣扬的到底是实现思考还是真空理论都没搞明白，结尾还挺疗愈的吼，你们活该没爱啊，艹。
,主流高级小清新，日常情绪处理不错，但还是太甜了，有些齁人，一直在想如果滨口龙介来拍这样的故事，会怎么拍。可以叫同居物语，Or输给现实生活的文青纯爱。推荐给那些即将结束同居，走向分手或走向婚姻殿堂的年轻人。苏打和村花这一对，从客厅一个打游戏一个做PPT，为互不打扰、互相牵就那里开始就心塞了。也许爱不是互相牵就、妥协，爱是在爱的前提下组一个默契型Team，并肩作战，一路升级打怪，直到筋疲力尽还能互相拍拍肩膀，痛饮一杯，相视而笑。
,首先，对于如此高密度的“相似”表示质疑，非常做作，更现实的情况倒是恶补一些作品、制造一些偶遇来接近对方；其次，用如此高密度的相似来说明双方非常合拍这毫无说服力，不太看得到因喜好一致而获得的价值认同；第三，就算是合拍吧认同吧因此就陷入爱情，我从情感和理智上都不能接受，原来文艺青年是这样谈恋爱的？跟像自己的人谈恋爱这多累多乏味啊；第四，两个人渐行渐远还要用爱好来呈现，杨德昌下映了考里斯玛基睡了漫画看不进去了之类的，简直乏力至极，工作和爱好，生活和浪漫，应不应该能不能够被对立至此，值得商榷；第五，电影大量靠旁白呈现二人心情，甚至推动情节发展，真是忍无可忍，2022年了又不是1992年；最后，工作社会责任都是幌子，他们的问题是缺乏沟通！沟通！沟通！是没有荷尔蒙作祟的“心有灵犀”之后如何更好的经营！
,两小时电影看完仿佛是又谈了一场长跑5年的恋爱，就连结束时“争夺”一起养了多年猫咪的归属权都是那么相像呀。是呀，这世上的花未必都能结果，但只要灿烂盛放过，也就不负韶华不负卿了吧。回到电影本身吧，苏打和村花眼里都是戏呀，片尾那一场剖白哭戏实在太有感染力了，我眼珠子的泪水跟着止不住的掉，真的太好哭了！
,Em...不是很喜欢这个故事，维持现状的感情的确很难，但按照我的解决方式和逻辑，两个人如果相爱的话，工作没有办法呀，得赚钱呀，只有赚了足够的钱我们才能继续我们的爱好呀，难道一起生活不是要靠经营的吗？不是很懂～
,年纪大了的好事，大概是看这种片子，看到开头就知道之后一定会分手。那如果已经知道要分手，其实好好拼死享受爱情的过程就好了，毕竟爱情也会死，只有青春会永生。
四川,大数据在现实中给你天降了一个书影音高度匹配的友邻，确实如同命运馈赠的虚浮的满开的花束一般，但也仅此而已了，亲密关系可不只是报菜名而已。另外，喜欢过文学和画画的人是不可能去读成功学的，这辈子都不可能去读的。
,即使有着99%的契合度，最后也不过是一地鸡毛，但是至少分开的时候，能笑着说再见，包括分手后居然也还能在一起同居3个月，只是彼此之间已不再有爱了。这种看似有点莫名其妙的感情，确实很日式。其实说起来也不过是流水账的叙述罢了，但是一切都淡淡的，反而让人觉得整个过程更刻骨铭心。说不上哪里不对，但是两个人慢慢地就走成了平行线，就像曾经严丝合缝的两颗齿轮，渐渐地不再咬合，再勉强磨合下去，可能只会造成整台机子的崩坏。感情大概真的没有什么道理可言吧。
内蒙古,当我们终于想明白自己在恋爱中真正想要的，从来不是对方喜欢自己的样子，而是对方真实的样子，那一刻我们才收获了爱情。
,几乎是豆瓣er特供了，但一些桥段真是矫情的要死啊
,非常坂元裕二个人风格的作品，用漫不经心的对话和琐碎的行为来表现存在于日常中人的性格，人和人的关系。要说缺点的话过于工整了，不断呼应的台词，微笑带着甜蜜的分手，甚至菅田将晖转变。比起真实的恋爱更像一则寓言，但电影这个形式存在的意义也许正在于此。每个经历过相遇、相识、相知甚至相许的人看完可能都会长叹一声。没有什么是不会改变的，就好像小猫总会长大，时间更是治愈一切的良药。相识的那个深夜觉得彼此是如此合适，漫长的相处更会发现我们是如此不同。笑着抱抱说再见太奢侈了，但回忆里那些温暖的东西，总是可以支持今后的人生吧。嗯啊，开始是结束的开始又如何呢，相遇本身就是最美好的。
,连自我本身都是在时间和现实的打磨下不断变化的，何况是两个人呢。越是相似的两个人，越容易厌恨对方身上自己所竭力抗衡的那一面吧，就像照镜子，照出的都是最撕扯的dark side⋯其实还有一种更坏的凋谢方式，就是男生也把爱好当工作，然后怀才不遇，生活落魄，每天喝酒打游戏睡懒觉，女生开始抱怨男生没有责任感，两个人的关系越来越糟⋯
,我们曾相爱，想到就心酸
,很霓虹了，能够征服电影式爱情的唯有社畜文化
,导演过于偷懒了，爱情不是像对暗号一样对几本书、几首歌、几部电影，不过从毕业到初入社会的矛盾的展现，还是挺典型。
,don&#39;t marry your soulmate
,有多喜欢前半段，就有多不喜欢后半段，还是把一个轻盈的梦幻故事划向了窠臼般坚硬现实。
,浪漫主义在现实面前总是显得小儿科 如果不是充足的有余 或者勇气 总是没有余力选择自由。 但即便如此 我也不为他们感到悲伤：因为他们已经拥有一份大部分人一辈子也找不到的礼物
,不适合情侣也不适合夫妻一起看的电影，见证爱情消失实在太尴尬。
,996劳动异化又物质丰沛的和平年代下，精神生活脆弱又廉价，爱情故事平庸又难看。既不敢背负骂名打破传统的窠臼自私到底，又不舍得彻底封箱汲汲入世，百转纠结无非是心力毕竟有限奈何人性贪婪。人生诸事本没有那么复杂，许多时候皆是画地为牢，自己不放过自己。（ps.有钱真好，幸好我不差钱了bushi
,再美的花束也有凋零的一天，跟爱情一样，再浓烈的爱也有被冲淡的一天。曾经那些风花雪月、海誓山盟，在岁月和现实面前还不都只是相框里的一帧记忆；面对生活，谁都没有错，只是他们都在自己的认知里努力的活着罢了。
,豆友般的恋爱。
,表现的越多越苍白，无论他俩怎么样我都不为所动。。。
,对于文艺青年观众，目测代入感应该很强吧！他俩看《希望的另一面》时，我真的惊了（虽然男主睡着了）。打工人累到像狗，还有什么心情看阿基呢。可我还是突然升起那种心情，如果一个男孩子不喜欢阿基的电影，我又怎么可能和他恋爱呢？但又仅仅是恋爱而已，恋爱是为了开心，但结婚又不一定嘛。
,典型瓣男瓣女故事：喜歡報菜名、穿的衣服很醜、談戀愛兩個月才做愛、在路上撿貓、很窮、找到工作之後再也不搞文藝。兩個人住小房子感情絕對會出事啊！
,"还是熟悉的坂元裕二的写作风格，日常化的台词，功能明确也充满对比性的细节设计，传达的是「爱情是如何在两个人之间消亡的」。这部剧的观感跟预期很不一样，短短两个小时却感觉漫长，不是剧情无聊的漫长，而是前七十分钟像是谈了一场理想般的恋爱，后五十分钟则在目睹「我的人生目标就是和你维持现状」是如何崩溃的，回过头来想就觉得分外失落，故事实则在讲的是「爱情的标准可不可以退而求其次」。没有答案，但就是会导致两个人的相遇，然后因此分别。好久没看过聚焦于两个人本身探讨爱情消亡的电影了，仿佛看到了被卡住的自己，也因此「我觉得我也应该前进了」。爱情某种程度上是一个人的事，就算你和某个人谈恋爱，你们彼此所感受到的爱情，也不一定是同一个呢。"
,真正相爱的人，无论学生时期还是进入社会工作，都会很纯爱的。我竟然还有着一颗纯爱之心！
,重复报菜名就叫灵魂共振咱这要求是不是也太低了 长发男把头发剪短了就不行了这么一个故事
,佳！
,给最后在咖啡馆分手的戏加颗星。太久没看纯爱剧，被菅田将晖感动了。
,在遇到影音书游和自己相似的人时那种悸动其实很具有欺骗性，里面大概有30%来自“嗯我果然还是有眼光”的骄傲，30%来自“这个人跟我一样有品位”的认可，40%来自对方长得好不好看（长得不好看什么共同爱好都是屁话）。当然这个欺骗性的悸动还是很难避过就是了，毕竟文青实在是太需要自我认同了。 
,我还是改天重温一下爱在三部曲好了，尤其是第三部。
,其实我印象最深的是男主的学长去世时，男主很悲痛，哭的稀里哗啦，但是女主没有表现得很难过，因为这个学长生前家暴女朋友，爱聊骚。这段虽然只有很小的篇幅，但我觉得，男女终究是不同的性别，男女主恋爱始于共同爱好，但显然拥有不同的三观。
上海,拥抱真美好啊。坐在一起吃饭团时的女主最可爱。最后两人背对背的挥手告别，令人感慨万千。菅田将晖的确很耐看。
,今年我23岁，这部电影是我做了23年的梦。
,心机的半圆和平实的半圆在这部电影里打架，看之前很喜欢热评那句“和完美合拍的人说再见”，看完后却觉得这又是心机半圆的矫情，以前写“爱情与生活总是矛盾，是我无法治愈的顽疾”，这样真实得无可奈何的半圆应该是再也回不来了。唉，和过去的爱人挥挥手吧。
,挺豁达的影片，没去描绘那种伤别，反而是去描绘那种美好，而正是原来的美好，让两个人再也无法回去，只能挥手作别，只能自言自语，这太残忍了，但却很高明，激情是好，但激情退却呢。而在这一点上，就比我国爱情电影那稚气未脱的状态，好了太多。
,开始是结束的开始，爱当然会消逝。然而并不为分手感到难过，兴趣的合拍从来不是标准，男女主的错位莫不说一开始就是两种不同的人。对于看上去完美的普通的平凡的幸福的追求人和人是不同的
,很難客觀地評價這一部。本事在於太過於真實，許多細節、設置和台詞都熟悉得可怕；但確實還是被“設計”了，除了喚起有相似經歷的人的感傷，似乎也做不了什麼。不過話說回來，有一個機會從他者一樣的經歷上投射、宣洩自己的心情，倒也不失為一種卸下記憶的方式吧，畢竟“若你太刻意淡忘，越會補不到缺口。”
广东,恕老衲没有心，这个同步率百分之百的设定看起来实在是太刻意了…
,如果说，一个喜欢文学作品的学生变成社畜后开始研读所谓的“成功学”鸡汤了，那只能证明他之前读的书不够多。
,少有的白噪音是作弊的首要要素，中期的焦躁是写实特有的参照物，成长的猜拳是甜蜜的骤变，L/F的声道是假面的告白，车站的期盼是一抹跃动的红，荞麦面包店是恋爱轨迹的贯穿， 同居的借口是前进的禁果，默契的告别是异口同声的追念，社会成了澡堂，工作成了大染缸，内定是错觉的开端，更是骤变的骤变，试想，收到前辈鼓舞后的山音麦倘若没有妥协，而是拿起茄子的光辉… 穷是原罪，恋爱的纪念物从来就不是那些你送给我的珍贵礼物，甚至也不是那些甜蜜的短信和合照。而是你留在我身上的、如同河川留给地形的，你对我造成的改变。 有个女孩儿，我可以和她喝着半价怡宝彻夜长谈，通宵达旦也不经以为然，午夜穿梭在“包容万象”的城市里，我说着完美的世界，她说着宁静的夏天，我操着昆汀的梗，她演示着王家卫式的抽帧，谁都没有发现 开始是结束的开始
,在形似共鸣的幻象中开始的故事，因时过境迁与社会打磨而逐渐露出附庸风雅“打卡”文化的无力面相，最终瓦解；当然生活不免都有无谓的一面，只是这无谓还要叠加一再的失望与偏航才能摧毁故事，似乎连“无谓”也有些无谓。片子本身还是酸酸甜甜的普通爱情故事，不细想，看完笑笑过去就还好。
,看完哭着睡觉（不是）。第一幕就剧透到底，然后搭一个童话般的架子让人觉得how could this possibly go wrong? 再眼睁睁地看着宿命般的崩坏。最后这个环终于画完的时候又通过一对刚结识的情侣echo回开端是神来之笔（而且注意到这一整段直到最后才响起一点bgm，克制得令人赞赏），谁能不哭成村花？编剧画个完美的圆之后看不同的人解读也很有趣，很像照镜子，现实主义者责怪女主没变，理想主义者责怪男主变了。Don&#39;t judge.
,一开始以为是花束般美丽的恋爱，再发现是花束般脆弱的恋爱，再后来发现，原来是像花束一样有保鲜期的恋爱，最后发现，还是花束般美丽的恋爱。就给这个丰富的比喻句多打一点分吧。
,再次证明，和文艺青年谈恋爱太麻烦了。
,有村架纯的眼泪太动人了。爱情实在不是什么重要的事情，婚姻更不值一提，只有当中每时每刻的彼此，才是值得关心和理解的。
四川,拍得一般，立意肤浅，不知道为啥入选豆瓣250
,虽然但是，坂元裕二老师还是比较适合写日剧吧。
,前三分之一可谓我的理想恋爱。老派约会，一起逛展览，在普通的餐厅聊几个小时共同爱好，在有阳台能看见河流的放得下书架的房间合租，下班后一起在夜晚的河边走路三十分钟至家，或者只是窝在一起无所事事浪费时间。当sense到爱情流逝的时候已经不想看了，我们生活在现实里已经够可怜了，还要在虚构中重演一遍是否太残忍？ps长久恋爱的话人生状态合拍可能比爱好合拍更重要。男主玩连连看的时候好有共鸣，我上班之后也是，绝不会找伯格曼和戈达尔的电影看了，真的看不进去。
,《纽约的一个雨天》告诉我们，我们无法爱上一个和自己完全不同的人。《花束般的恋爱》告诉我们，我们无法和相似的人白头偕老。。
,是我的人生电影了朋友们，恋爱也好，社畜人生也好。跟电影里错过的展览一样，想起去年还在交往的时候讲过的，“要不是因为疫情，你可能早早就去日本了，那样的话根本不可能见到，也不会交往了吧哈哈哈。”虽然还是分手了，但是留下的回忆是不能忘记的吧。不过也不会遗憾和后悔，我们都在故事的中途呢
,"只是在最后，他用尽全力想让她相信我们结婚吧，结婚后就可以过上更好的生活，结婚后我们的所有矛盾都会消失，结婚后我们三个或者四个人一起出门、牵手、游玩是一件多么好的事情。可是邻桌的曾经的他们出现的时候，他抑制不住地哭出声，因为从那个时候起他就明白这段感情已经结束了。没有人可以在面对曾经的爱情的时候告诉现在的自己说，这样也挺好。
#爱情是一道太难解的命题"
,好孤独的电影，关于爱情，学生时期找寻同类，像在人群里给对方做一个标记，看什么书、漫画、电影，然后好像被闪电劈中一样去爱自以为是的同类，认可对方是知己，然后呢，然后是了解，然后是爱。花束般，是注定要萎谢，这不过是自然规律，不要做成永生花，以亲情或婚姻展览万世，这个层面来讲，这片子居然是治愈款。要记住酒的芬芳，记住爱的甜蜜，记住花束的香气，并且并且，永不再和这个人在一起。
,"“不要将合拍挂钩到一起听个小众乐队，一起看个杨德昌电影，一起读个小众作家，甚至一起穿匡威开口笑，这多可笑，这不是一种成熟的浪漫观，这恰恰是一种幼稚的，刻奇的，自恋的表现。不要把生活和责任放在浪漫的对立面，保卫周遭，保卫和正视现实生活也是一种浪漫的表现。”

如果是和大学毕业后的约会对象观影，各自会不会各自想到那时候的男女友呢？这样的话，其实徒增了尴尬，握紧的手，好像也因为紧张而出了手汗吧。

太像艺术学院情侣现状了，同时满分给男女主的难得的现实主义好演技，这种不喊口号不狗血的没有滤镜的生活镜头片段，可以说是衡量好演员的一道门槛了。"
,就是愚蠢的自己啊 说好了 下班就写写剧本 剪剪片子 结果 回家就累的躺平 塞尔达4年了 都没通关  沉迷工作和房地产  成就感都来自卑微的手游 去电影院看电影变成了奢侈 更别提阅读了 少了太多应该有的锐气 很抱歉很抱歉
,两个主演演技太好了代入感好强。剧本写的真的好。很贴近真实。或许世界上的恋情大多如此，想起来的都是好时候，彼此陪伴过拥有过努力过，就是很好很美的恋爱了吧。小屋好美。村花好甜。
,像烟火一样相遇，然后冷静而体面地分手。
,后半转折虽有点用力，但确实有种生活一天天挫折恋爱的实感。在电影院里我旁边的陌生男士看哭了…可以想象即将掀起今村夏子的阅读热潮。我一出影院也搜索了《茄子的光芒》，bookmeter上最新评论都是看完电影读的书，读者们纷纷点头说，嗯嗯，确实那时的麦君看不了这本（觉得读者们超投入，很可爱）。
,不愧是坂元裕二。。男人对待婚姻的态度也许都像男主那样，只想找个像空气一样存在的人结婚，过着所谓幸福的生活吧。这到底是幸还是不幸呢？失去激情缺少话题的婚姻真的是幸福吗？
,同时播放一首歌，却听见不一样的旋律。同样穿着开口笑，却感到不一样的悲伤。我降低了我的标准，是希望你可以维持你的标准。我放弃了我的快乐，是害怕你不能继续你的快乐。爱情的红灯早就亮着，只是你我从未发觉。盛开的花束终将枯萎，只是你我不敢面对。当我们看见别人的最初，终于为此刻的我们痛哭。看完之后我不禁想反问：人真的会爱上另一个自己吗？如同照镜子一样极致的合拍才是最致命的。我们都太想把美好留给对方，所以只能选择把委屈留给自己，最后的下场只有两败俱伤。“以前真开心啊”当彼此发出这样的感叹时，不过是被最初的低标准打动罢了：曾经我们只想要在一起而已啊。他们都认为石头可以赢布，是因为从一开始他们就把石头想象的很尖锐，把布想象的很轻薄。他们共同分享喜悦，哀伤，但不必采用同一种方式，理解这一点的人，才能够在一起。
,在男女主角沐浴在阳光中猜拳决定小猫咪的归属时忽然大哭，如此快乐的一刻，当我们仿佛回到彼此“喜欢”的模样时，愈发确定着爱情的消逝。坂元对于那些爱情发生的时刻与那些珍贵的必须自处的时刻，都太懂了！
,"两个陌生男女因兴趣相投而结识，在一次次情投意合地相处中演化为爱情。两人同居后的日子，举案齐眉真如一对神仙眷侣。大学毕业后，面临择业问题，女主经历一番挫折成为白领，男主在家做自由插画师。梦想敌不过现实，男主也成为一个为五斗米折腰的“社畜”。两人热恋激情在家长里短与工作的高压下消磨殆尽。朋友的死，两人截然不同的态度，更是他们分手的催化剂。两人体面地分手、平静地分割所有物，正如他们来时欢喜又憧憬地那样。电影最后一幕，他们分别挽着自己的另一半默契在彼此看不见的地方转身挥手，各奔东西。
这部电影告诉我们：兴趣爱好一样，如看小众书籍、穿一样的匡威开口笑等，是成为无话不谈的朋友的前提，但成为长久的恋人还需相似的三观，价值观、人生观、世界观。
最重要的一点是：工作能消磨所有的美好。"
,实名给絹推荐男友候选：cbvivi王晓光。看完我有点想吃萨莉亚。
,写剧本也太容易了吧，像是在一张方形的纸上只要画1/4，然后折叠再折叠，就四角具全了！
,真的好爱这部电影，就和当初喜欢《LALALAND》一样。
,电影中的一些细节很妙，前半段简直就是是对恋爱的终极幻想了，遇到彼此这么合乎心意合拍的人，真的是花束般的恋爱啊。苏打在电影里前半段的样子就是我喜欢的男生类型，而差不多已经成长为大人的我依然在寻找某些共鸣感。一直认为情侣的分开除了战争疾病等不可抗拒的因素都是因为不够爱，电影讲述了两个人后来的生活步调出现不一致而慢慢分开，那种渐行渐远的无力感，消失殆尽的爱也算是不够爱了吧，即使曾经是那么合拍相爱的两个人。如果不将就不凑合的话，一切的开始都是为了结束的开始吗？
,希望永远都有离开的勇气
,“和豆瓣友邻恋爱是一种怎样的体验”，大概就是分手后每标记一部书影音都会想对方会怎么评价吧
,共同看过的书与电影，曾经所寻求共振的话题与时刻；在时间与庸常面前，默契与共鸣也会遭遇考验。并不宏大的故事将邂逅到忍受，深爱到放手的历程都逐一抓取；感觉很对，也是许久未见的滋味。但是远超这之外的或许是信手拈来更可看作“炫技”的各路对白，解散与否的SMAP，宫崎骏的接班人，巴西输德国…更迷人的谈恋爱是这样子的，更理想的爱情片也是这样成立的。
德国,我就想看部纯爱的电影放松一下，没想到甜了一小会儿就苦了起来，片头的暗示让我一直期待大反转，结果却没有——最后竟演起“分手的决心”了。很气啊，哪里是花束般的恋爱，明明稻草一般。
,这是童话故事吧……还是婚姻故事适合我这个绝望的中年人。
北京,世界上就是有这样的感情，它的结束没起波澜，但在往后的岁月中想起那些过往种种，既美好又唏嘘。
,仍然还是理想主义者死于现实的故事，我实在太期待这两个有趣的人会有一个让人吃惊的分手理由，结果还是落俗了，爱情是有保质期的，可友谊地久天长（？？！），干杯。前半段的感觉很棒，也有不少日本流行文化梗，可惜因为剧情需要，后期就无趣了
,电影里的恋爱是另一种形式的自恋，所谓默契的同步本质是自我确认，共享了一种廉价的优越感，想要维持美好就意味着必须保持绝对的同步，恋爱变成了持续的自证，吊诡的是恋爱是对另一个人的欣赏而非和自己谈恋爱，人恰恰有过分的高估了自己的深情，这其中就包含了对自己的接纳和喜爱，这也许正是为什么会说只有建立了完整的独立人格之后，人才真正拥有了爱人的能力，翻译也可以说整个世界都不懂你，不是因为你很特别，而是你没有那么重要。明白这个道理，也许恋爱能更轻松一点。
,什么猫猫狗狗都能进top250？
,花开花谢花无悔，缘来缘去缘如水。兴趣爱好的合拍远不如人生阶段的合拍来得重要。何苦抱着枯树过一生，从而磨灭了当初花开时的美好。P.S.坂元为什么这么喜欢写分手和离婚，可不可以乐观一点。P.P.S.「別れる男に、花の名を一つは教えておきなさい。花は毎年必ず咲きます（请教给分手的他一种花的名字。每一年花都必将开放）。」这句话最初出自川端康成的小说，后来有川浩也引用过。不知道是不是博客里那句话的出处。
,一般。因为共同的爱好而走到一起，其实是蛮肤浅的点，因为根本不知道自己爱的到底是对方亦或仍然只是自己，生活的真相一显露出来自然就无法持续下去。总之是常规套路的青春爱情片而已，也不可能要求更多。倒是去年看的《火口的两人》，虽然顶着粉红色电影的帽子，却拍得异常好。我大概是天生口味重……
,虽然但是，我太讨厌饮料无限畅饮店遇到年轻时候自己那个桥段了。
,虽然也遇到了很默契的人，相信这种惊人的巧合，但觉得这部电影把男女主从个性喜好到细小的事情都变成了一模一样，未免刻意了一些。而且当男主想负起责任承担生活的时候，女主在矫情什么，鱼和熊掌不可兼得，生活和浪漫必须在选择中平衡啊，天真什么……没说不要浪漫，但是该认真讨生活的时候就应该知道权衡利弊。菅田将晖演得不错，凭这给三星吧。
,"后劲可真大啊。餐厅那一对和我们好像，看着他们想到我们，不禁破防。
刚开始总有浇不息的热情，但恋爱和花束都有一样的难题，如何保鲜？我觉得参与感很重要，一起去完成、分享、观看、阅读、解锁未完成…
看完片尾谷歌地图定格的画面后再返回片头，你会有新发现的。"
广西,明明都是想照顾对方的感受，但最后两个人都不快乐
山东,拍得真的很好，志趣相合也需要有经济基础，为了赚钱，两个人还是渐行渐远。爱情也会变质，是有保质期的。如果过期了，就像意图取得一场平局，不停在传球。比起一个人的寂寞，两个人的寂寞更让人难受。大家觉不觉得男主和丁禹兮有点像？
北京,男女主演的不错，都演出了年轻的灵气和元气。坂元的剧本太有识别度了，用大量角色喜欢和不喜欢的事物来塑造人物特色。看这部片时旁边坐的女生神似我在外地的一个朋友，就是通过跷二郎腿和去掉眼镜擦眼泪的细节发现的，后来看完电影回家，她又跟我一路，连走路姿势都很像。这种生活中没太大意义却可以和朋友讲述的小发现发生在看坂元出品的电影时，也是生活的神来之笔了。（把四星评分删掉了，因为稍微想起一些比这个好，但是也不到四分，大概当时打四分也有在院线看到这部片的欣喜因素在）
四川,很少看爱情片的表示很好，没有粉饰爱情！人们大概率会和不懂自己甚至没有那么多共同话题的人结婚，而对方无论是谁都很难（爱）走到最后，但是有过另一个“自己”的陪伴已经足够。
北京,"“I&#39;ve been spending the last 8 month,thinking all love ever does is break and burn and end.”"
四川,也遇到过双生火焰，以为是火焰所以短暂，其实好像真的不愿承认一直都高估精神共鸣的决定性。我们完全没有共同爱好，依然物理层面相爱
北京,处于交织的变态 想起来些东西 反而无关恋爱
广东,说了很久终于断断续续看完了，原来小丑竟是我自己。很像，也许最后的相处不至于那么不堪，也许比他们更差。
湖北,纯爱还得看日本
上海,开始是结束的开始，在不敢迈出那一步这件事上，我们心照不宣
浙江,很真实的爱情，要么分手，要么在婚姻中消磨殆尽……
广东,青春永远都是用来回忆的
江苏,全片像让人目睹一朵花的凋谢，残酷又真实。餐厅分手和分手后再次相遇比较好哭，见过初遇时最好的样子，再让凑合过真的不可能。唏嘘的很，人生若只如初见。p.s.这俩人养猫咋不封阳台？看得我急死了！
广东,挺一般的爱情电影，这就进入豆瓣250了？近10年不少很一般的商业片进入了250，而原来的一些好片被挤掉了，太可惜了~
山东,以前看过，忘记标注了
上海,可是我不想成为大多数人啊 不想在漫长的人生中和两看生厌的对方为完成共同社会化而拉扯
上海,如果有情人都能终成眷属
湖北,"兴趣很相似的人不要结婚
男主成长了，女主还在原地，谁都没有错，个人选择罢了"
上海,"工作使人异化
一切都在变化
美好的事物需要努力经营
爱是奉献

美好易逝，但生活还要继续，这就是人生的永恒真相吗"
日本,两个人之间展现出差异的部分导致的be其核心根源其实是经济问题，那么这个故事真正想讲的东西就显得浅薄又有些无病呻吟了，毕竟现实生活中连找到兴趣合拍的对象都不容易，真正的生活却要比电影里描绘出来的残酷得多……
北京,扎心啊。。。
浙江,还挺能有感触的，最大感触，工作令人变成空壳哈哈哈，然后是觉得，男女主故事感觉好久，但看了一下结束的时候居然还都比自己年轻哈哈哈哈哈哈
山东,也许某一天刚好也会遇到一个人，跟你喜欢听一首歌，喜欢同一本书，喜欢同一个歌手作家，喜欢同一双鞋子，然后顺其自然你们走在一起，最后却又分开了
湖南,女主2018年看了《怪奇物语2》
浙江,青春时代的爱情永远那么美好
浙江,青春真的很美好，但是现实依然也会有美好只可惜从青春到社会的变化有时让一直陪在身边的人无法接受，到最后散场结尾。情绪稳定后的释怀也是成长的一部分，只能说出现的时间确实很重要
北京,2023-31“金风玉露一相逢，便胜却人间无数。”挺好的！感谢导演编剧没有让他们结婚。人生当中就是要有那么一个人，来分享我们纯粹的爱与恨。回首之时，都是微笑！
浙江,小白鞋变黑皮鞋 理想终究败给了现实
江苏,最后餐厅一幕真是钝刀子杀人，痛，太痛了。
河南,看到最后就和解了
广东,2022年年初好像是二月底吧，看的第一场电影，最后男女主的默契用在了分手上，还有一个感触就是，生活的菜米油盐酱醋茶和鸡零狗碎真的是会磨灭爱意的
四川,其实可能是因为我是母胎solo 没谈过恋爱的缘故吧 对于这部电影 我感受不算太深。怎么说呢 确实啊 在一起时因为相似而爱 而分手也确实是待不下去了 再在一起就不礼貌了。不是不爱了 只是找不到当初的热情了 可以结婚 但是没必要 放过对方也放过自己吧_(:з」∠)_
贵州,我要过开开心心的人生 
广东,是爱情片 也是恐怖片  谁知道最开始的同频是不是因为认知的边界小而出奇的一致呢 当认知边界随着环境逐渐被世界打开 有些人走着走着就散了 如果 我是说如果 希望以后还能有这样弥足珍贵的下一次机会
广东,人物想法转变生硬，文艺青年这么快就认可了枯燥的销售工作，两个人也没有沟通任由关系干涸，可以说是理想化地描述恋爱像花束一样盛开到枯萎。就像打开窗帘挂上，然后摘下叠好，文艺总会被物质击倒。正像女主角说的，有开始，就一定有结束。
北京,"尽管男女主还是分开了，但依然是我觉得非常棒非常完美非常让人向往的恋爱经历。加引号的完美，带点遗憾，但两个人都获得了宝贵的经历和成长。真诚的心互相碰撞，即使最后分开，也是真诚地说了再见。
所以恋爱是一场终会散场的派对吗？相恋多年后分开，重新遇到的人会比之前更合适吗？好复杂哦，我怎么才能懂。"
湖北,"新的电影上映了，喜欢的作家出新作了，面包店关门了，男爵长大了，他们不再一起看书、看电影了，仿佛什么都在变化……可是房子没有变，透过薄纱的阳光没有变，阳台的风也没有变，仿佛又没什么变化。
最后的地图上，抱着花和面包的两人，是最好的慰藉。"
北京,寒冬996薄纱伪文艺青年爱情
广东,20230507，恋爱没必要走到最后，过程开心就行。不过找一个能对上电波的人其实非常难~
河北,演员 导演 画面。他们可以不在一起，也可以在一起的。
广东,单纯不喜欢这部 但演员我喜欢
辽宁,过于同频的人确实不适合恋爱，以及工作真的能磨灭人的热情……
安徽,纯爱，但是BE🫡
上海,她喜欢的你都喜欢，你喜欢的她也感兴趣。。。从开始到最后，如果都能这样的话，多好。
陕西,我所做的努力是为了让我们过上更好的生活，但是现在没有连好的的前提都没有了，只能共美好，不能共苦难的爱情终究走向分手
新疆,本来想的是恋爱片怎么分这么高，一定要看一看好好甜一下，结果是一个很现实的爱情片，不过大段和现实相符的事件，让整个片子更像是真实发生的，不过有些地方有点刻意了，瑕不掩瑜
北京,最好的悲剧是 所有人都没有做错任何事 但结局依旧不可避免的颓唐溃散
上海,不认同不理解。。
英国,约会了这么多次，几乎做遍约会中浪漫的事以后发现，现实生活占据的那些，实在太难单纯用浪漫填满，打完这段话自己都不知道该不该讨厌自己。20分钟在他们恋爱高潮的时候我在哭，尾声在看到隔壁桌年轻人约会的时候我在哭。哭并非出于有多被眼前的桥段打动，而是我想到，前些年每次决定走入一段关系前我都会专门把自己的时间留一部分出来划归恋爱，在学习和私人时间之外。我不想把琐碎带入亲密关系，我不想把自己的生活和恋爱混为一谈。但每一次我有机会留出时间，每一次都碰见令我无法掌控的情形。然后我悻悻收回预留出的时间，重新分配给其他事物。以后不知道还会不会那么“神圣地”看待谈情说爱，也不知道还有没有闲情逸致重新约会。也许我哭是因为，在最闲最有时间充分体验恋爱完全不在意未来的这几年，无论我如何尝试都没能碰上那个百分百的人。
河南,最后变成了无聊的大人。是价值观不同吧，从小的家庭环境就不一样，男孩家传统女孩家开化，注定要摩擦，兴趣爱好只是锦上添花的东西。曾经好好相爱过也是人间美事，毕竟没有什么是不会变的。叙事很细腻真诚，画面有生活的质感，虽然有些或许刻意纯真的俗套，但也是难得的东西。
广西,所有东西都是有保质期的
江苏,很好，刚好最近有点想谈恋爱，现在一点儿都不想了
广东,Time capsule. 
北京,很喜欢电影里的一句话:开始是结束的开始。找到契合灵魂的另一半真的很难，电影里他们奇迹般的相遇走到了一起，在一起的每天都是美好的，看的好想恋爱，但最终以分手告终。两个相爱的人不一定会走到最后，且行且珍惜！
广西,"看哭了😭
男女主真的太适合了，但是在一起久了又在伤害彼此。最伤心的是分手后的默契😭😭😭"
北京,警惕
江苏,"相恋五年，感情被生活的琐碎消磨，互相逐渐冷漠。
回想初见，初相识，曾经的美好，怎能不泪流满面。"
山东,遇到100%合拍的人是非常珍贵的礼物。在标记了想看刚好500天的时候看了这部电影🎞️。连看了三遍，最后一遍纯粹为了截取那些太多美好的画面。
北京,不明白为什么不能在一起，太感性了吧？女的出轨了？
中国香港,"这是一场如同花束般从含苞待放，到盛开，最后枯萎的恋爱。
开篇感觉是一对infp的恋爱，两个人爱好都挺小众但是兴趣相投，连很多想法都一模一样，完完全全就是性转版的对方。然而当男主在同居后因为经济压力背上社会化的责任时，开始为了工作而把所有和女主能产生共鸣的爱好撇下，忘记了“我的人生目标就是和你维持现状”的初衷。他们的灵魂开始越走越远，爱也渐渐消弭。他们分手的时候却和恋爱刚开始的时候一样轻松快乐，这是我意想不到的地方。可能是因为男主不需要背负责任了开始让自己回归了轻松的状态，也可能是因为他们不再对对方有因为亲密关系产生的期待。
影片中恋爱的尽头好像就剩下结婚和分手两种选择，男主每次提“结婚”都是在爱情快要消失殆尽的时候开的口，这有点荒谬，但又或许是婚姻的常态。"
安徽,理想终不敌现实，哪怕再契合。还好所剩的都是美好的，和一些值得纪念的回忆
江西,电影真的很神奇，能让人在两个小时里如同亲身经历了一段感情一样。花束般的恋爱短暂但却美好，无数的选择才会导致这样的结果，不紧是没有及时沟通，不同的队家庭的概念，不同的责任感，无数个巧合才会导致这般如花束般的恋爱。
上海,（这部爱情电影拍的太有味道了，值得回味思考。）人生若只如初见，何事秋风悲画扇。每天都有人重复我们的经历。男主追求的婚姻生活平凡，是现实的映射，女主追求理想中的生活，不想要社畜式的生活，双方都没有真正的大错吧。不管相似还是互补的情侣都会遇到各自不同的矛盾。我至今也对爱情没有答案，从相识、吸引、相恋，经历过甜蜜期和混沌期后，还有感情关系的最优解吗？继续在一起也对、不在一起也对，都只是选择而已，我们依然因为对方的个性特点、魅力所吸引，那就是还有喜欢和爱吧。爱总是矛盾的，既喜欢优点，又要学会接受对方的缺点。
江苏,"“耳机线总会打结”
“对哦，总会打结”"
山东,哭过的片都会加一星，花束恋爱，大多数人的写照吧
河北,故事停在这里就足够了
北京,分手不是因为没了新鲜感，是因为对爱人的分享不给予回应，是因为对爱人的不尊重，是因为那股浓厚的爹味，是因为把工作的不如意带回家庭。前半段纯爱真好看，后半段直接垮下来了。
浙江,好真实
江西,体面地分手已经不容易。如何相爱地陪伴一生是好难的命题。
上海,他的目光所及是六便士，她的目光所及是月亮，他们看向了不同的方向了呢。
广东,"现实
和他看的第二部，只是当时没看完，不知道会不会有第三部……"
上海,兴趣爱好相同更适合做朋友，三观和灵魂契合才能一起成长，共同度过平淡和坎坷。不然，爱情就会像天真浪漫的花束一样慢慢凋零，失去芳香。当然，人生就是经历，有一段愉悦到能真切触动心灵的恋爱就已经很幸福了😁
北京,不知道是不是我的打开方式不对，前年看的这个电影，我竟然觉得有些俗套。
河南,一段爱情只有走进婚姻才算是成功吗，逛过看过就已经足够。也许女主根本不需要婚姻呢。
江苏,谈恋爱真是无聊呢...
广东,1⃣️后劲好大……但小白还是不知道要怎么点评2⃣️“这世界上的夫妻不是都如此吗 都会慢慢失去恋爱的感觉”3⃣️“比起一个人的寂寞 两个人的寂寞更让人难受”4⃣️那么所谓的合拍又是什么5⃣️但又有什么不是花束般吗6⃣️苏打头发越剪越短 梳成大人模样真的好帅！
北京,太美好又克制，好像给了我当头一棒。
天津,花开有时🥀
湖北,对酒肉情侣关系的完美诠释。
,"哈，最舒服的分手不过如此吧。
一开始男女主无话不说无话不谈的状态不就是遇见soul mate时候的状态，虽然我忍不住想，一开始就像要把一辈子的话全部说完，那么以后相对无言的时候可怎么办呢？
可假如所谓爱情只能靠新鲜感维持，那激情褪去后的厌倦又该如何面对？就像那句话“友情比爱情长久啊！”
比起情书的无疾而终以及暗恋，这部无疑是另一个视角最好的诠释。"
北京,真实而表浅，哭不出哇
北京,爆哭
山西,灵魂契合该有多难啊。
北京,看之前朋友说小心破防 可我却没有 兴趣爱好一样不代表三观也一致 真的觉得不合适的话分开是最好的选择 男女主家庭背景成长背景差距过大 男主内心只有赚钱养家 女主却能够为自己的梦想爱好买单 谁都没有错 只是不合适罢了 所以结局是HE呢
上海,爱情如果不浇灌，就会像鲜花一般枯萎。以及现实中，三观合拍和及时沟通太重要了。
吉林,不想被社会化。。
湖北,情节走向很经典......经典得有点土有点老套......但是台词还是很不错，演员演技也很好颜值也很高
四川,早早看过两遍 刚看完稍微想起一些来补观后感 想说 花束般的恋爱 很美 但是的确短暂 以后更常相见的是 无处不在的袜子 总有污渍的马桶…… 稍微想起这些之后 略带苦涩地感恩着 我们这对怨偶 终于放过了彼此
湖南,“花束般”大概是因为美丽但一定会有期限，一份真挚纯粹同时又能坚定长久的爱情到底多难才能实现呢。
北京,原本一直以为是什么小甜剧，看完发现在大结构下的个体危机、爱人的内核与相处等等方面有很多很多值得思考和讨论的点。可能再过几年再拿出来看还会有不一样的感觉。能做很多“阅读理解”，但到了写短评却又不知该说什么。半梦半醒间突然想到电影的名字，离土的“花束”应必然是无法摆脱凋谢命运的，浅表柔腻的美丽，无论装在多好看的瓷瓶里都是转瞬即逝。要扎根，即便痛苦。泥土是无法逃离的束缚，泥土本身绝不美丽，但泥土也是滋养，是使“花朵”能一起吃过苦而更坚韧的所在，花朵会谢还会再开。
陕西,其实不是很理解，难道结婚了就不会浪漫了吗？难道爱不就是会彼此妥协吗？真正爱过的人还能毫无芥蒂的向以前一样再生活几个月吗？所谓的合适到底是什么呢？
广东,都少子化这么严重了为什么还要拍be啊，这么合拍还be哪里有心情恋爱嘛(恼)，不过奇迹般的开始，彼此笑着结束，确实是花束般的恋爱啊～
浙江,一模一样的拼图却永远不会拼凑在一起
山东,太相似也不见得是件好事
云南,很治愈的，很细节的，很温情的故事
浙江,前面确实是很萌，后面爹味太重有点不适，男女主脸好看，画面也好看。偶尔会做像在第一次认识的人家里看煤气罐纪录片睡着的梦
比利时,可能是我老了，已经无法被打动。我现在觉得爱是再简单不过的事
四川,绢和麦坐在当初麦和她告白的餐厅里，两人的情感已经走到了尽头，分手的话挂在嘴边，麦却突然反悔，说的是我们结婚吧，而此时突然出现在一旁的年轻情侣，坐在当初他们的位置，说着相似的话，如此熟悉的画面，猝不及防地映衬了爱情耗尽后，两人试图借用婚姻关系来苟延残喘的狼狈。这场戏里，两人一言未发，情感却无比浓烈。和爱情类似的亲密关系也是如此，明明是那个人，但什么都变了，在无形中，人们的生活改变了彼此，可见却又无力。想起绢的母亲来家里，在饭桌上她对麦说：“出社会就像泡澡一样，开始觉得麻烦，后面就会觉得舒服。”而后面麦的前辈因为酒后麻痹，泡澡时死在了浴缸里。从主线两个主角因为进入社会之后感情的变化，但编剧在小情节上的暗喻，无时无刻地都在反应着日本的现实社会下，大部分人都在压抑地挣扎。
上海,我爱上你的时候，其实是爱上了那一部分的我自己，我欣赏你的闪光点，因为那是我身上也具有的东西，我爱上你的时候，你在我心里的形象慢慢慢慢地具象化，但那是我想象中的你，每当你不符合我期待的时候，我心里会觉得“你怎么这样”，可是还是会被你牵动着我的情绪，久而久之，这种减分制的现象出现得越频繁我的爱意就会消耗得越严重，到最后我发现我可能不爱你了，又或许我从来没爱过你。那么爱到底是什么呢？如果说爱是欣赏的话，我欣赏的究竟是你还是和你重叠的那一部分的我自己呢？最后我或许也不是毫无感觉了，只是我觉得这段感情应该到此结束了，仅此而已。不是每一段感情都必须要有结果的，和你在一起的日子很开心，这就够了，爱不一定要有结果的，你能懂吗，小麦。
广东,合同原来也不一定是恋爱的最优解吗
湖北,花束枯萎的时间很快吗？
北京,对不起我是俗狗，你俩能不能有机会再苟一苟了，我受不了了呜呜呜呜
黑龙江,平淡的分开未尝不可
广东,我们一开始会互相找共同点直至相爱，此后我们便会找彼此差异点直至分开。大家都在感叹“开始，是结束的开始。”确实是，但关于“为什么”我们却停留在浅显表面。他不懂我，她不理解我，他不知珍惜，她不爱我….我们已经在想互相改变对方的前提下又遇上现代社会的各种冲击。花束般的恋爱，何等幸运，如此美好，消瞬即逝，如此可惜。但愿花朵枯萎后，你能有所领悟，如果没有也没有关系，不用假装就是了。
广东,当能够笑着回忆起往事才是真正的释怀放下。
上海,两个人的孤独比一个人的孤独更可悲，希望你我都能享受孤独。
山东,先立业再恋爱 都现实点
湖北,热恋中的人都喜欢以一种自虐的形式制造痴情的假象以站在道德的制高点，冒着大雨去送夜宵，顶着烈日去买甜点，回忆起来都如同关羽千里走单骑一般壮怀激烈，但一份甜点也就只是一份甜点，在对方眼里寄托不了你山崩地裂的情怀，所以两个人的回忆才会出现偏差。她开心你比她更开心，她难过你比她更难过，事实上没有人能承担起另一个人的价值寄托，我失败的两次感情经历，我抱怨人生的出场顺序，也为困惑和遗憾打击许久，却没有想过自己的问题，盲目的追求事业的成功和责任感的满足，却从来不懂爱情的运行法则，男主又有没有想过，自己所做的一切是不是女主真正喜欢和能够接受的，我想爱情的真谛确实是在于志趣相投的同行，而不是追逐依附和自我感动。
江苏,爱好不是爱情
江苏,上班害人
上海,节奏非常好，剧情也很感人，理想和现实像是南北极，难以重叠，很优秀的作品
江苏,"像花一样的爱恋，过了花期就枯萎了。
感动的地方在于，回忆里都是美好的瞬间。"
湖北,越来越接受一个人可能只能陪我走一段路这个事实
北京,&#34;没有钱的话，买不了书也看不了电影&#34;。敲醒我的文艺幻想。
北京,所以 是不是 渐行渐远比从未遇见更令人难过
广东,老阿姨已经不会为这样的恋爱感动了
上海,我以为讲的是爱情，没想到讲的是打工。
上海,他们在欢笑中结束，我的心却异常痛的像块被蹂躏完的抹布，童话里的浪漫抵不过资本主义构建的世界，工作会让人在前赴后继中消磨殆尽。 20230505 22:03  SH YSHT
福建,知道这类作品都很平淡，但是实在太平太无聊了
北京,其实她不是不喜欢你，也不是无法再爱上你。她只是不能接受，她曾经拼命要爱的你，变成了她需要拼命才能爱上的你。
浙江,"1.始终get不到菅田的颜值
2.相爱虽然也不容易，但相处更难，
3.步调的不一致，必然导致感情的淡化
4.更可怕的是小麦被世俗化了，小娟仍保持初心
5.很值得思考的一部片子"
北京,成都 索菲斯 小酒馆 凌晨两点钟 我们的感情进入了一个新阶段
新疆,哪有不枯萎的道理
安徽,虽然不在一起了，但是记忆会一直珍藏   /  “我们这一路走来一直一帆风顺，可惜功亏一篑” （苏打好帅！
福建,"看了花束般的恋爱
前面差点没睡着
后面好看的呀
有些人适合活在回忆里
适合恋爱的人很大可能不是适合结婚的人
何必生生改变它的样子呢
就让花一直开在最美的时光吧
名字《花束般的恋爱》好贴切
花无重开日 
最后他们背对背挥手👋那场面直接戳我泪腺
我知道 你也会
我们相望如照镜子
可惜 镜花水月 "
北京,让我们说，谢谢黄🥚！
湖北,在餐厅分手时，苏打的那句“我们结婚吧”真的好窒息。
山东,蛮难过的，这么合拍的两个人因为现实因为不合拍分手。最后分手男主讲的话，ex也说过一样的，我也在一直思考
福建,终于终于延迟看完 中途总觉得好像没有他们说的那么好 看的最后又觉得是真的好 虽然可能结婚也会改变 也能够一直走下去 但是这个分开的结局我觉得刚刚好。他们俩的故事就好像在每个人的身边一样，就像人和人之间的相遇相识相知相处和分别就是这样的，并不是历经千辛万苦一定要和好如初完美幸福团圆he的。总而言之，两个人有四年的共享回忆，是谁也更改磨灭不了的，那样就足够咯。
北京,所以，爱真的会消失吗
浙江,开始亦是结束的开端，相遇总是伴随着别离，恋爱就像宴席终会散去。恋爱的最后是婚姻还是走向人生的另一个方向？
加拿大,即使现在已经被社会改变到面目全非，能够在人生的某段时刻有过那样的契合也是很幸运了。
安徽,一个个在回忆，一个个再标记，大脑很健忘，但这部我记得…
河南,2022年最好的爱情片
福建,喜欢 我真的好喜欢相遇的那里 灵魂如此合拍的人 在一起生活应该特别幸运吧 好羡慕娟可以一直对电影书漫画和游戏那么热爱 而我是时常被周围拖成小麦那样的人 从一起抖开窗帘开始 再一起抖落窗帘结束 能一起记得关于耳机的说道 在转身后挥手 相爱过也特别好了 “看 他们也成为了那样和美的夫妻” 可能是爱吧 但当喜欢还在时 喜欢抵不过 因为知道曾经的模样所以无法忍受难堪 整片画面特别美 喜欢之前的出租屋和他们一起的房子 喜欢他们一起拍的照片（最后 菅田将晖真的和小廖长得有点像啊！伟大的脸ㅠㅠ
甘肃,为了避免结束，选择不开始
上海,人间真实
上海,电影版《报菜名》
天津,前三分钟，超精彩，看了第二遍才看明白。前三分钟算是本片的“第二个”结局吧。他们一定不满意现在的对方，又重新走到了一起。
北京,终将离开的花束…
天津,恋爱反思成长必备
中国香港,只记得2022.3.31一个人在电影院哭死 忘了标记
浙江,太无趣了，国产伤痛文学套了层日本皮就有这么高评分吗？不会真有人觉得看电影是为了照镜子吧 我感觉两个人像两个idiot一样，所体验的生活也浮夸的让我无法带入
江苏,东爱2.0，村花好美
陕西,想起曾经的往事了😢
广东,"这部电影会勾起很多往事。但往事只是往事。不如聊聊今晚的事。
今晚去健身房，看到一哥们带着我一直想买的耳机（刚好和电影里的同款），穿着拖鞋，衣服有点邋遢。他说自己练了几年，但还是没啥进步。
有一瞬间，我觉得这是几年后的我，在和我对话……
所以，得努力啊，一直沉醉在往事里也于事无补。难道我想自己几年后还是这个样子么？"
福建,“我可能感受不到了。”
安徽,特地留着和男友一起看的 双方都能从中看到自己 同样相恋四年 同样很有共同语言 同样因为现实 变得不再像以前 也同样真正陪伴着对方的时间逐渐减少 所以 我们决定一起做一些平凡的小事 比如一起看电影 就看了这一部 希望我们不要想男女主一样错过 能有个好结局 爱是需要经营的
河北,看似轻快的讲述平凡恋爱的过程，但看的人心里堵得慌，不想说什么成年人的恋爱，但有时候爱情真的让人琢磨不透啊。
云南,人生是一种责任，让我们一起努力，把它过得有趣。
江西,这电影开头让人看了想谈恋爱，但是如此惊人的相似的两个人应该很难遇到吧
云南,蛮不错的，爱情和现实，讲得很细腻
浙江,总会有一些遗憾
吉林,开始亦是结束的开始
四川,好心痛
四川,我也不知道我为什么看到结尾突然就哭的要死
重庆,一样的状态和心境，看着好难过
山西,第一次看是2021年末，当时看了一半就没再继续看下去了。时隔一年半，接着看完了，看到男女主的关系慢慢发生变化时，我想：哦原来大家都是这样。
上海,爱情变质后的婚姻，还剩下什么
浙江,相似性使得彼此吸引，互补性才能长久吗？在此之前我看了爱乐之城，只有当男女主谈到理想的时候我才有轻微的触动。但是在这里，每一个细节，心声球鞋书籍电影，遇到这般契合的人很难不心动吧。爱情真的有保质期吗？会有例外吗？所有热恋之人都会以为自己能够除外吗？
黑龙江,恋爱的终点到底是什么，可能是无解的难题吧。
江苏,前期有多甜，后半部分就有多虐。男女主都很好，只是慢慢的步调不一致了。最好笑的部分就是，男女主提出分手之后，女主因为找不到房子在男主家又住了三个月。变成朋友之后反而有时间敞开心扉聊天了，还有女主问男主有没有劈腿过，男主说没有，女主的反应感觉和那个剧本杀老板有过暧昧，男主那个眼神笑死我了。
内蒙古,从恋爱到分手都是我心里最最最理想和浪漫的一种。结尾的现实性让它在我心里从四星涨到了五星。为了电影画面也会二刷。
四川,现实主义啊，理想主义啊，世人该如何抉择
河南,“风有约，花不误，年年岁岁不相负”
北京,爱情是需要互补吗？还是说知趣相投，如挚友、如镜中的另一个自己。爱情也是脆弱不堪的，因为生活中的压力和尖刀一扎它就破了。留下的竟是支离破碎的回忆。不过爱情也是坚强勇敢的，在你以为它无坚不摧的时候。
江苏,我还觉得他俩应该结婚，这都不算真爱那算什么，这都不结婚那跟谁结婚？我不懂
荷兰,全身战栗。很感动很现实很浪漫很无奈。
湖北,不太了解爱情 但也能大概想象到人和人之间的相处实在是不容易的 感觉还是独处最舒服
湖北,开始便是结束的开始！花束般的恋爱不像其他爱情电影那样的轰轰烈烈，它所表达的是平淡，那种贴近现实的真实，它就像是一杯陈年老酒般需要你细细品味。
浙江,"- 整部电影其实很简单，但同时又给了我很强烈的冲击——到底怎么样的一个人，你才能对他“久处亦怦然”。好难。电影中的主人公见面之初，发生在他们身上的一切似乎都是那么得理所当然、恰到好处，他们就是天造地设的一对。可为什么最后遗憾分开？我认为是因为生活轨迹不同了，生活观念不同了，两人的时空不再有很多的交集。不管是人，还是环境，都会带给我们潜移默化的改变，分开的朋友、亲人也因为向着不同方向改变而变得越来越不一样，于是再次见面时，竟不知道说什么。
- 每一段关系都需要用心去经营，不然它就会悄悄溜走。每一个阶段都会遇到不同的人，不要留恋过去，沉湎过往，原地踏步，不要害怕和拒绝改变。
- 同时，拒绝随波逐流，坚定自己的内心"
上海,好像是前年冬天还是去年来着和朋友一起去看的，今天看到剪辑于是想来打个分。感受就是和豆瓣友邻谈恋爱是不会长久的啦！
四川,相似的人在一起像溶血
广东,【8】疼。
上海,合理！好看！
湖南,还好还好，喜欢最后没有强行he，各自体面再见也挺好的，其他的不是很能触动我。
湖北,甜甜的爱情！
辽宁,理想中的恋爱和理想中的结束。有多少人的恋爱过程是有这么契合，还是说有多少人的恋爱关系结束的这么彼此都没有遗憾。太悲观的人不能谈恋爱。
辽宁,"他们看上去一样，但是又不一样。
道理我都懂，但是谁不希望爱情就停留在自认为最契合的时候呢。"
江苏,责任全在上班。
四川,"因相似而走进，因不同而离开
因相似而走进，因社会毒打变性而离开"
河北,过程最重要，结局都那样
广东,一边看一边哭成狗，拍的非常真实。生活要有爱，但不能只有爱。在真实残酷的社会生活中仍坚挺的爱，才是真正的浪漫主义。
浙江,评分很高，拖了很久来看。一对爱好高度契合的大学生恋爱，然后步入社会发展方向不同生活状态不同导致的分手。所以还是要年纪大点心理外在都稳固了才能确认自己所需
广东,重新思考关系的定义。百分百的契合也只是当下，这跟恋爱关系不大，更多的是对于生活的理解，最近很喜欢的一句话，“你我的悲喜并不相通“。因为我们先是“我“，然后才是“我们”。
山东,两个太相似的人，一个选择了着眼现实，一个仍执迷于精神世界的追求，谁都没有错，其实我最好奇俩个人最后是都找了一个互补的人一起生活吗，还是兜兜转转又走在了一起？不过，深究已不重要了。
福建,我那过世的CP唯一一起在电影院看过的电影😢
福建,我更希望是 三观相似 性格互补
广东,So so .首先不认为两个太相似的人就不能谈恋爱，其次在我看来男主女主也没有很相似。喜欢同样的东西就是相似吗，你只是艺术的欣赏者而不是创造者呀。婚姻可能真的是违反人性的东西吧，爱情真的能一直存在吗，它可能是相遇时的spark ，熄灭后就只剩下烟了。
重庆,所有我所拥有的都是侥幸，我所失去的都是人生啊。导演，你一定是懂恋爱的，太真实了！
云南,人是无法和自己的影子相爱的
美国,社畜打败爱情万岁！
上海,“少年感”是爱情的源动力，当它不复存在的时候，生活索然无味。没必要将消费主义、婚姻元素放进来评论爱情本身，只是少年感在人生长河逐步被现实磨损而很难复原的问题，当然也有人能够破茧成蝶。
山东,这部竟然在top250名单。相依偎漫步海边，享受即将离别的伤感：开始是结束的开始，邂逅的本质是分离，恋爱也像宴席一样终会散去。我要复述热评的这段话：“最好的爱情或许只有一个样子，就是全力满足自己的快乐，而对方恰好出现在每一条让自己快乐的路径里。要的就是那个“恰好”，不做任何刻意的努力。”现实虽然很骨感，也不影响我在分析别人的爱情的过程中，不断完善我理想中完美的爱情的样子，我也不抗拒做一个会在路边鼓掌的人。
广东,花束就是美好的本身，就算凋谢了也依旧迷人。变成无趣的大人很可怜，但也是难以抵抗。
上海,合拍也不一定能走到最后
贵州,一度决定长大了就不会看纯爱系列了 结果真香🤷🏽 Anyway 遇到过花束般的恋爱就已经是很幸运了
福建,最后搬离小家的时候阳光好刺眼像不含任何感情，那时候若眼泪掉下也会立刻蒸发吧。相遇就是分别的开始
重庆,补全遗憾，动人
重庆,等。
