,说姜文用力过猛的  那只能说明您受功不够 受用不起！
,要是姜文拍完这部电影就宣布退休，他会被封神。
,“有人问中国最伟大的人是谁？人民说是他，他说是人民。正确答案是人民，但他若不曾出现，是不会有这个答案的。”
,承认爆米花式的好看不行么？别分析政治隐喻了不如去分析下百年孤独更给力。这次是冯小刚式的姜文，不是国产大师不是救世主，他是凡客。。。
,姜文说，我想站着把钱挣了。他做到了。结尾处的那句 没有你，对我很重要。怎么解读都不为过。
,开篇大四喜，尾声单钓将；麻筒子连七对，汤混子全不靠，四万字无番和；大三元影帝，清一色男配，花牌周韵，自摸姜文。
,并不是所说的那么出色，被过誉了。横向比很棒，纵向比是姜文几部作品中最差的
,拍个虎虎生风，拍个一日千里，拍个恍若隔世！
,牛着逼！
,仍然有浪漫的想象、癫狂的审美、极致的表演，然而姜文这次说，他要让所有人都看懂，于是他不放过对任何细枝末节的解释。当彪悍的人生开始解释，所以，情怀没了，诗意没了，理所当然。难道所有导演的审美都要假装去迎合观众而连带着水准一起拉低？好吧，那市场胜利了，这下子都能看懂，都能笑了。
,姜文玩出来的电影，从头到尾都很放松，或者是太放松了，节奏总有点怪，有些情节也太儿戏。对白也不好，细节不如《鬼子来了》那么智慧，即便如此，这仍然是今年华语片最棒的。或者只能怪剩下那些太面货。请千万一定尽量降低期待。重看一遍，感觉这片舞台味真重啊。
,这个电影很好玩，重复看会发现很多隐藏线索，麻将面具也很有意思，最后还有惊喜，挺好看的
,“走路不要太快，会扯着蛋。”这是一部溢满荷尔蒙的火药桶，这是一部会带来核动力反应的影片，震撼所有人，并且持续许久。130分钟的影片满是高潮，全场观众从头沸腾到结尾，不断的笑声、不断的掌声。无论哪个演员都表现的十分出彩，台词幽默精致，结构紧凑、首尾呼应，唯独缺少一丝控制。★★★★☆
,行了，装逼一次，继段奕宏，姜文再一次满足了我对男人所有的幻想。操，嫉妒周韵。
,三四年前看的，只记得全班人一起笑得跟傻子一样，挺不错的电影
,20210315改五星，当年是真的没看懂，很隐晦，现在回看越来越觉得我不适合生活在现在这社会上了。哦对，为什么回看？因为发现现在很多社会事件拿里面的对白都可以解释。。。。
,细节还差点儿 故事很给力～！
,谁赢他们帮谁，但是他们不明白，他们帮谁，谁就赢。人类不感谢罗辑，同样的，人民也不感激牧之。
,"男性色彩过于浓烈，女性全沦为扁平的符号。多处段落过于刻意，不加节制。舞台化气息太重，电影化手法较弱。所谓政治隐喻也欠缺力度。姜文由于[鬼子来了]输给[黑暗中的舞者]就对冯提尔怀恨在心,03戛纳利用评委身份公报私仇抵制[狗镇],斥其为&#34;哗众取宠&#34;,结果自己后来拍的片质量比之差远了。（6.5/10）"
,姜文这种黑色幽默式搞笑时不时会出现在他的作品中，这部尤甚。
,再晚几年拍就过不了审的
,意图是宏大的，娱乐性十足；但影片的节奏与细节处理都十分毛躁，多处糙而欠缺章法，执行上眼高手低。3.5星。
,没道理给五星，姜文这次成功的演绎了模仿秀。电影节奏太掉套路了，你说这电影导演，可以是盖里奇，可以是昆丁，还可以是宁浩，总之就是生意，票房第一。最后结尾又狗拉羊肠子，周润发搞的跟董存瑞似的，豆瓣上好评如潮啊，挺怪的。不过在这个烂片无数的年代，三星勉强给了。
,"影片节奏紧凑，剧情也挺出乎意料，表现形式虽略夸张但吸引人。
让子弹飞一会儿吧。"
,国泰电影院早场「让子弹飞」全场爆笑四十多次，片尾观众自发鼓掌，这是姜文私版的「革命往事」，大家都让他站着把钱挣了吧，虽然影片有一些明显的问题
,我就不感冒！
,影片反映了三个年代，1、影片背景的年代，2、影片拍摄的年代，3、以后的每个年代
,一直都觉得《让子弹飞》是我懂事以来国内拍的最好的电影之一了。不想理解也能让你看的过瘾，想思考也有足够的东西去思考，这才是真正的电影。
,“麻匪帮开个牛郎团都够啦！”
,根本不够格叫电影，就是一长篇相声。啥人物啊啥情感啊，啥都没。不过还可乐点。
,好在哪里？笑点没觉得可笑
,慷慨悲壮的《太阳照常升起》用来做姜导的战歌真是最合适不过了。 7年后回来再看突然发现从前没看懂。原来这讲的不是一群肝胆相照的英豪打败恶势力后各奔前程的光明故事，讲的是众叛亲离。屠龙勇士始终只有一位。汤师爷、三哥和花姐早就叛变了，小六和二哥一抔黄土埋忠骨，从前几位劫富济贫的兄弟最后成了“吃着火锅唱着歌”拿着委任状去捞钱的新一代恶龙，黄四郎金蝉脱壳甚至成了他们的师爷。新的循环开始了，凝视他们的只剩下大哥孤家寡人，他却还是选择了打马上前。乌合之众谁赢帮谁，贪得无厌，真的值得被解救吗？他不去想，他只去做，因为他不是张麻子，他叫张牧之。
,除了靠段子扯蛋逗乐，算个小品集合的贺岁片
,上映前到处都是海报让我觉得又是部烂片，今天看了评论以为自己错了，看完我觉得确实是不烂片
,今时今日 尤为应景
,&#34;姜文的男性沙文主义把革命浪漫主义催化成一场自恋而空洞的闹剧；简单粗暴的革命幻想在漫画式演绎里沦为几无可信性且毫无深度的大纲式故事；冯氏笑料游离在电影的内在逻辑之外，成为段子级别的廉价调料。“全文：http://shanghaimonthly.info/blog/?p=2181
,"神作！一般人要想想才能明白内涵，在姜文的世界观里，英雄是第一位的。英雄改变社会，英雄创造历史。最大的悲哀就是没有英雄。
所以张麻子拿了钱还不够，他还要除掉黄四郎，给百姓一个公平，给鹅城一个太平。你给我翻译翻译，神马叫惊喜！你给我翻译翻译，神马叫做TMD的惊喜！！！"
,不好看，没什么很好笑的，不理解之前网上那些捧的都是怎么回事。
,近年来最有男人味的一部电影，节奏流畅，风格鲜明。姜文的英雄主义情结发挥到极致。
,好一个怪胎。
,好一个怪胎。
,受不了姜文现在这么自恋.
,整片节奏混乱且冗长罗嗦，特技场面相当业余，出场人物宛如戴着面具般表情生硬，这是讲故事的电影不是大伙凑热闹的春晚，很多人物是可以删掉的。前半段笑果很明显，但后来越拍越乱，都快散架了，很多台词莫名其妙。如果可以剪到90分钟，应该会好很多。
,V5
,张牧之为什么慢慢被叫成麻子，谁愿意相信一个麻匪的名字会如此浪漫，这是世人的偏见。
,光这张海报就值五星
,看完后劲太大了 人民永远怀念您的伟大 教员千古
,很好笑
,这照片是你吗
,三个男人相爱相杀什么的，最萌了。姜文什么的，最萌了，卖腐都卖的那么萌，萌死我算了……这就是非理性粉丝，虽然此片跟前三部相比最多四星，后期再次被中影数字基地糟蹋（内景还好，外景简直不能看，还有那些特效），但是能在大银幕上看姜文这种事儿毕竟不多……准备至少再看两遍
,如果姜文以前的片子是五星，这个只能三星喽。
,还好吧！我不是很喜欢，这类片子不是我的菜啊！不评论！
,有些失落····
,重温一场英雄主义的旧梦
,"鸡血片,因为有姜文个优高级很多.但我一向不爱看发哥的喜剧表演,它这次戏份太多
"
,从未有过的电影院新体验！看完这个玩拳击，五分钟内绝对K.O对手；看完这个去群殴，绝对砍的一身是血；看完这个去喝酒，醉得肯定比以往快；看完这个去上床，啊，不好意思说了……
,上映前到处都是海报让我觉得又是部烂片，今天看了评论以为自己错了，看完我觉得确实是不烂片
,为什么这不是一部好电影，因为它否定了诸众在社会革命中的贡献与牺牲，将社会革命胜利功劳锁定了少部分革命上层精英，诸众只是精明、自私、利己、怯懦的，所以社会革命成果不应该归功于诸众，融合伪装成精英主义的既得利益阶层视野，这是红二代既得利益阶层对人民革命否定的集大成，是红二代占领话语权，对既得利益的合理化辩解。
,葛大爷的片，天下无贼和这部让我印象最深了
,怎么说。。。还好吧~
,太TM给力了
,后悔没早看，庆幸没早看。进入社会后看这部片子会懂很多，太多的东西对应过去又映射进如今现实，好的电影总不会被时代约束。对现今的想法如同电影的台词一样：让子弹飞一会儿吧
,葛优的发型好酷啊，没怎么看
,【三里屯美嘉】姜文当然要比中国绝大多数存世导演都更有才，但他的自负无疑又远高过他的才华。可自负不过黑泽明、才华不如伯格曼，也就只够当个土匪，会耍几个花枪就能混一辈子。普通话版咋样不晓得，这四川话版我觉着不如做成舞台话剧加装置秀，唯有山林那出算是电影。附会政治隐喻的影评不怕扯着蛋？
北京,"2022年11月25日再看这部电影，太应景了。12年前没看懂，再看懂已是片中人
“懂了，他们谁赢了跟谁！”"
,我想知道这事那个年代？有火车，有子弹，有知县。
,姜文有一次被影迷包围，好不容易坐进车里，第一句话是：艹！刚才居然有人叫我文文！
,我们受邀得以一窥姜文的精神世界，发现里面什么也没有except一根勃起的阳具。
福建,这他妈他妈的才叫电影！
,或许是期望太高，#让子弹飞#的确让我失望了。无节制说成话痨的对白充斥了2个多小时，严重削减了叙事节奏本应具备的酷劲；延续着“太阳升”配乐最重要的两段主题，却在你来我往神神叨叨摊明了的勾心斗角间，将自由辽阔的情绪彻底淹没；就连姜文电影里我颇为喜欢的升格窗帘浮动，也彻底成了cult片
,.......
,让我飘一会儿~ 一小会儿~~
,看到豆瓣上已经对这个电影评出了9.2的分数，我不由得对我的欣赏水平产生了深深的怀疑。这是我完整看过的电影中，感觉最差的一部，而且，还是花了大价钱到电影院里看的。说得周到一点儿，依我的欣赏能力，我只能给它一星。
,不好看，没什么很好笑的，不理解之前网上那些捧的都是怎么回事。
,TT。。。
,《鬼子来了》之后，姜文就一直没有好本子，所以他的电影都是片段拼凑，没有完整，上一部登峰造极，这一部还是一样有这个毛病。当然我不反对你把它当一个四川话散打小品大荟萃看。
,相当失望，牛吹大了！《让子弹飞》根本就是《太阳照常升起》的变型版，怀念《阳光》和《鬼子》时代的姜文。
,不让人惊喜，到让人意外。故事经不起推敲，人物塑造也不丰满，几个配角彻底沦为配角，所谓的笑点就和各种晚会上的小品一个水平。从里面还能看到《鬼子来了》的影子，但找不到那种惊艳。又在电影院里打瞌睡了。
,我看的是你们看的神作《让子弹飞》么?逻辑混乱不知所云笑不出来啊这个。
,姜文的子弹飞彻底暴露了他的缺点，不讲究的剪辑和运镜，设置随意的剧本，粗糙的特技，自已为是的对白（鬼子的重复），失败的表演（姜文）……失望！！
,算年度最好的大陆影片，但还真算不得神作。可以叫“时无英雄，使土匪成名”（LP语）。对我来说，看得不够high，听得不够乐。姜文亏就亏在他太聪明，以至讲故事说事儿总太跳跃，不能非常老实，将来如能返璞归真，那才是真飞起来。
,这才是中国电影应该出现的所谓“大片”
,大一是看的
,挺没意思的。挺荒谬的。挺装逼又装逼失败的。
,当年没看懂，现在懂了。
,姜文
,运筹帷幄.
,姜文！！
,2011年春节上映的，和赵孤一起，它却意想不到的取得了胜利。。。
,不能再好的一部剧了。几大影帝齐聚，每一场都是戏。
,自己觉得还行。。。旁边的闺蜜笑的不行。有点不理解这样的幽默吧
上海,"遗憾今天才看过。

今天长者逝世，再次提醒我，书要读。"
,阿桑奇观看影片后，对自己身边的中国友人说。文姜是电影史上最伟大的导演没有之一！该片可申遗，并永久保存！！！              
,我看过最差的电影...
,经典的姜文式黑色幽默
,7/10。重温数回仍能对影片本身的极尽媚俗感到不适，到高潮枪支铺垫整个广场，不经流露出姜文对毛时代煽动庸众的革命运动感到缅怀：武举人将小贩踢打到冤鼓上、鼔破，庸众看热闹，在发动群众那场戏，无辜的替身成为革命牺牲品、被张麻子斩首，庸众开始将革命权力合理化，群情激愤地抢夺胜利果实，连张麻子落座的椅子也急着要去。姜文狂想的革命不是重建，站在阶级的最高处拿着望远镜窥视的黄四郎最终被炸飞，但鹅城还是那个鹅城，姜文热衷的是阶级斗争那种强暴的美，因此仪式激烈的民女列队敲鼓、轿子里一顶帽子代表的架空权力、冤鼔爬满藤蔓隐喻的百年压迫、铁门上枪打的问号，严肃的讽喻又表现为影像狂欢的碎裂性和空虚性，正如张麻子强调公平、鸣枪叫人别跪，县衙外群众却依然跪下，伟人之所以伟大，是需要群众跪着，姜文之所以伟大，是因为观众跪着。
,"竟他妈瞎扯淡，一点也不好看
看了泥马豆瓣的评论，觉得不看不行了
一个牛逼哄哄的导演，讲了一个傻逼故事，弄得仪式感和形式感那么多，有蛋用
到底想说什么
而且瞎逼特征，中间那个8岁孩子那一段，有个蛋用"
,看似有劲，其实没啥劲。发哥早已不是本色中的发哥，有形无神，这电影也像极了现时的发哥。文哥嘛，好像有点恋枪癖，除了场面之外，故事本身的意义何在呢？虽然借了民国的背景，但看起来更像过家家的闹剧，还有些童话级。主持公平？为谁？真能主持得了吗？当那个老百姓说，这俩椅子归我了，觉得很悲哀。
,唔係我嘅呔。
,还不错，葛优挺搞笑，一直没等到2
,7/10。重温数回仍能对影片本身的极尽媚俗感到不适，到高潮枪支铺垫整个广场，不经流露出姜文对毛时代煽动庸众的革命运动感到缅怀：武举人将小贩踢打到冤鼓上、鼔破，庸众看热闹，在发动群众那场戏，无辜的替身成为革命牺牲品、被张麻子斩首，庸众开始将革命权力合理化，群情激愤地抢夺胜利果实，连张麻子落座的椅子也急着要去。姜文狂想的革命不是重建，站在阶级的最高处拿着望远镜窥视的黄四郎最终被炸飞，但鹅城还是那个鹅城，姜文热衷的是阶级斗争那种强暴的美，因此仪式激烈的民女列队敲鼓、轿子里一顶帽子代表的架空权力、冤鼔爬满藤蔓隐喻的百年压迫、铁门上枪打的问号，严肃的讽喻又表现为影像狂欢的碎裂性和空虚性，正如张麻子强调公平、鸣枪叫人别跪，县衙外群众却依然跪下，伟人之所以伟大，是需要群众跪着，姜文之所以伟大，是因为观众跪着。
,"竟他妈瞎扯淡，一点也不好看
看了泥马豆瓣的评论，觉得不看不行了
一个牛逼哄哄的导演，讲了一个傻逼故事，弄得仪式感和形式感那么多，有蛋用
到底想说什么
而且瞎逼特征，中间那个8岁孩子那一段，有个蛋用"
,多年之后的各种妖魔鬼怪证明，这是一部纪录片
,唉。。。很失望 看到一半 觉得很失望
,我宁愿相信结尾那场高潮是因为电影局审片的老湿们没有看懂
,还不错，葛优挺搞笑，一直没等到2
,看似有劲，其实没啥劲。发哥早已不是本色中的发哥，有形无神，这电影也像极了现时的发哥。文哥嘛，好像有点恋枪癖，除了场面之外，故事本身的意义何在呢？虽然借了民国的背景，但看起来更像过家家的闹剧，还有些童话级。主持公平？为谁？真能主持得了吗？当那个老百姓说，这俩椅子归我了，觉得很悲哀。
, 这是他妈的“让子弹飞”，是他妈的“姜文”作品，是他妈的黑色，也是他妈的犀利，是他妈的惊喜，一个接着一个的惊喜
,让你产生G点的基本是文戏，让你感觉到亮点的基本是武戏，让你看不懂晦点的基本是欲戏，果然是姜文，果然是日照大神级的人物，这电影是如何通过政审的呢？更离奇的是出品人居然是韩三平，还居然大夸这片子有看头，有说头，有想头，看来很多人也是身不由己啊。
,姜文的气场啊…
,这部片子看了三次，第一次是在电影院，第二次是老师放的，第三次是跟室友。直到第三次才把有些隐晦的情节完全看懂。这个片子，你看了就看了，当个喜剧片看了就对了。吃着火锅唱着歌继续看下一部，别想太多，想太多会累。
,草莽，野性，浓烈的雄性激素。一身戎装两脚马靴，几个基友兄弟和一骑大白马。爷们，纯的。
,对老婆真的是真爱。拍得那么美。（我是不是重点错了）
,还记得是10几个人一起去看的
,唔係我嘅呔。
,这就是一部牛逼的电影，而已！
,推荐
,姜文树立了中国内地商业电影的新航标：疲惫生活的英雄梦想！
,看来我水平不够，不懂欣赏= =
,"够牛逼，够嗨，够浓烈。现场多次大笑，鼓掌。很少在影院笑的这么放肆。
无论你是喜欢赵本山，宁浩，还是昆汀，你都会喜欢这部电影。
看好本片票房过4亿。"
,老演员的演技就是没的说
,有点散架。8.5/10
,这tmd不值五星？！我要站着，还要把钱给赚了。
,剧情有些荒诞，却讲出了很多道理，好经典，很好看
,四川话版是精华呀
,大哥你是了解我的，呵呵，太搞笑了
,跟想象的差太多了，但有些片段还是可以的。给姜文四星。
,也行是不对自己的口味吧，虽然好评如潮，但却觉得是一部过于残酷和真实的商业片。本为娱乐而去，可却让心中总是隐隐难受。另外节奏快是亮点，但全片快到尾却不禁还是让人觉得少了些什么。
,和班里同学一块看，不管看啥电影都是喜剧
,有的地方很搞笑，但不失头脑，看完有收获
,我还是更喜欢周星驰
,什么都有，让票房在笑声中再飞一会儿吧，很黄很暴力，很妙很有瘾。
,我觉得姜文是个名副其实的电影天才。
,“皇上都没了，没人值得你们跪！”
,每个角色都那么恰到好处，剧情台词映射着现实，遮不住姜文的野心与自嘲，别急，先让子弹飞会，嗯，2018期待你的新作。
,很多隐喻，看了影评仿佛跟自己看的不是一部《让子弹飞》[捂脸](*¯︶¯*)
,装傻充愣伪神片
,这面煮得劲道！
,在一部极富期待的电影上映之前，我的渴望并在脑中构建的影像总和最后的真货大有出入。子弹看罢 有这种感觉。但是一定要肯定姜文带给我们的超然惊喜，枪震戈壁，血染黄沙 白银泻地金戈铁马一切压爆肾上腺的因素都汇集一起...但在一切都爽玩过后，我相信这会是姜文令人余味最少的一部作品。
,又黑色幽默又喜剧又文艺又动作又人性又剧情，姜导啊，你一部电影占了多少的类型？关键是还这么好看。
,理想主义充满血性的草莽英雄们的狂欢，一定要演绎在貌似遥远的传奇年代，才能完成姜文野心，酣畅之劲较之前稍减，但看得十分过瘾。
,	整个电影幽默又不失机智 ，商业又不失艺术 ，故事处处充满惊喜  刺激。
,不知道想表达什么。无聊。
,《让子弹飞》是真的难看。像看了十几年前的我丝毫不会感兴趣的电视剧一样，感受了一下姜文非要乱加各种隐喻装逼来让粉丝跪舔，把厌女和低俗毫不掩饰地打到脸上。除了最后一路凯歌的胜利和悲惨的现实对比之外，实在不知道到底有什么好吹的。
,姜文的片子中最爱的一部，这片子真的隐射了太多东西了，葛大爷也演的很不错，经典，推荐大家去看看哦
,一群马拉着火车在铁轨上奔驰，然后被一群头戴麻将面具的劫匪打劫……开头蛮搞笑的。
,说实话，看不出有多高的电影造诣～
,值得看了又看。。。据说四川话版本更为惊艳？
,喜欢
,慾語還休
,挺好看。
,挺好的
,“飞”。
,姜大爷万岁！
,一边看一边觉得没劲，虽然整个厅的人时不时的笑着，还是觉得很无趣。看过的人几乎都说好看，也许是不合我的口味吧。
,又一遍，真过瘾。
,真子弹不需要吹牛逼  
,一早爬起来跑去看，谈不上失望，但是这不是我期待的那个姜文了。
,姜文把一个成年人的幻梦做得如此天真烂漫、五彩斑斓，又如此一本正经、正气凛然。
,《新闻联播》主播郭志坚在博客评论《让子弹飞》：“情节不合逻辑拖沓冗长，让观众感觉极不舒服，青少年看了会给正在成长的身心注入一股非理性冲动。”对此姜文回应到：这也是我对《新闻联播》的看法《——冲着姜爷这句话，四星果断改成五星~
,是不错 票价值了
,据抖奶说给3星一下的都会被和谐，我试试
,可以排进中国影史的影片你们打成了8.9？可笑可笑。全片充满了他娘的废话，却没有一句废话，情节跟台词是真他娘的带劲，整体看下来就是一个字，爽！如果有一天姜文拍不出来这样的作品了，不是有人让他闭嘴了，就是他彻底失望了。
,以这种年代为背景拍片子就是最大的失败！！那些声响音效都没有了依归。这么烂的时代根本不值得大片去描写。前些日子也这样的烂片题材。
,太牛逼了。。。GDZJ再次被爆菊
,拖。
,看过之后，爱上了姜文的戏
,其实是一部很有内涵的片子，要细细品味！
,一部充满黑色幽默的搞笑电影。
,最爷们，最热血 
,还好。只是我对这种电影着实不感冒。题材很好，敢于说出别人不敢说的话，但总觉得缺了点点什么。
,不知道值不值九分 虽然CG差了点 但这绝对是这辈子看国产片从未有过的体验
,一堆大咖摆在一起也值四星了，演技真不是盖的，刘嘉玲的风情万种，葛优的狗腿形象，周润发的恶霸形象，都很深入人心！
,Great laugh. Good movie.
海南,虽然黄四郎是杀不完的，但是永远都会有张麻子出现，只是早或晚
,如果豆瓣能打六星，一定给！ 
,飞起来
,一环套一环双雄对决没想到最后的大魔王另有其人。一直记得最开始姜文那句让子弹飞一会儿 随性潇洒。志在必得
,节奏紧凑 台词机智幽默 包袱百出 起初以为是个英雄主义大片 没想搞笑贯穿始终 演员表演精准 画面唯美 动作打斗爆破都很精彩 竟然还有意外的情色戏 只是剧情没有多大推敲 但不妨碍完整性
,很好看，但未及经典。如果是十分制我打八分，五颗星的话我就全给了。“让子弹飞一会儿”真是对革命最浪漫的隐喻了。
,自大狂和妄想症。
,【20101221 长春万达欧亚店】【20180114 SAME法文中心胶片版】时隔七年再刷大银幕，依旧看得热血沸腾，无比爽快。剧情台词内涵之精妙，喜剧元素设计之精巧，至今看来仍拍案叫绝。好创意信手拈来，金句频出，还能演出精彩的政治寓言。不得不佩服姜文天才般的创作力。真是又高又硬！
,谢不杀之恩
,一场高速抽插的性爱...另外，那结尾是姜文为了证明《寻枪》其实是他搞的鬼嘛...
,今天看了香港的首映　好看極了！！！！
,我觉得要把之前评过的电影降几个星，才能衬托出这个五星的牛逼了
吉林,据说这部电影可以申遗了，此片的现实意义早已大过影片本身了。生活中谁还没有遇到过要让你证明吃几碗粉的恶毒呢？
,电影就是造梦，姜文很懂如何把握
,"很HIGH,但是有必要这么HIGH吗？片子里一个个跟打了激素似的，行事逻辑多有不能理解的地方。另外，从群众来到群众中去，才是搞革命的正途。高高在上的新人们创造出了革命，这种历史叙事我就非常讨厌。"
,@大光明。新意满分！笑点满分！镜头满分！台词满分！ 每一分钟都是高潮！ 
,虽然定位是商业片，但骨子里仍透露着姜文的作者印记。不是姜文最好的作品，但绝对是今年最好看的国产片，没有之一！
,春晚怎麼還不找姜文姜老師餒？他這些年好努力的，拚了命拍《讓子彈飛》《一步之遙》這種片，就是為了證明自己可以當賀歲檔的操刀甚至主持阿。不是？那還能是什麼？
,原来是动画片。一颗星给视觉经营，一颗星给开场火车大劫案。
,"补标。
就一个点：别跪着了，大清都亡了，这膝盖怎么就tm这么软呢你们，没人值得我们跪。
想起最近TS那事，这冤鼓一露出来，果然真是有天大的冤啊🚬"
,考你政治和语文啦。
,吃着火锅唱着歌
,影射的东西真的挺多的，逞强不是好办法，要多用脑子
,演员演技没话说的 剧情好 除了海报傻逼抄袭
,当初上映时，先是和室友们大半夜躲在床上一起看嗨了！然后，还是忍不住，又去电影院看了一遍。。真的很经典诶！
,姜文纯爷们儿！今年最给力国产片！谁写的剧本，给我站出来！三十六计全给你学了谁还看孙子兵法啊~（关键是，首映见到纯爷们本人了，哈哈哈~）
江苏,姑娘，你这样拿枪的时候，更好看
,很早之前就看过，回来二刷，好看
,张麻子，自认潇洒的国产油腻爹味中老年男子的自我映射
,欣赏不来
,没看懂！
,前大半段几乎没啥情节 看的我都看不下去 网上舆论造势太厉害 都是闹剧！
,很過癮，雖然很刻意。
,真的只是还行
,它过审了是个奇迹，真的
,永远也弄不懂姜文想干什么
,大家都是给打了鸡血吗？
广东,多年后回顾，真是一部神奇预言片。片中的种种光怪陆离，在口罩年代不断重演。
,越看越想打麻将
,音乐、画面、人物表演都很棒。没什么水平欣赏到电影的背后，但是看的时候很爽很享受
,看姜文、葛优、周润发三位演员飙戏还是挺过瘾的。初看真心觉得惊艳，后来再看，好像那种过瘾的劲就少了许多。
,不得不给五星，对姜文的盲目崇拜又上升了一个高度。
,没觉得这样的电影好看，看完完全不知道意义在哪里
,好惊喜的一部电影之我爱姜文
,牛逼~
,这是一部会受观众欢迎的电影，但是不代表它是一部最佳的好电影。姜文很给力很大胆，全片一气呵成嗷嗷牛逼，细节有亮点，台词有惊喜，表演很带劲，对白基本靠吼出来，撕心裂肺的震撼，同时可以猜猜片中姜文一共说了多少个“他妈的…”——让牛逼飞！
,真是站着把钱挣了
,好笑倒也蛮好笑的，但是我不太明白它想说什么。
,故事好看但是男的太多太烦人咯
,果然黑。看了三遍还有没搞懂的情节。第一遍看从头笑到尾，第二遍看有目的地挖掘些以前没搞懂的情节，第三遍偶然撞到，心酸。果然是大师级作品，五星不二话。
,只学了昆汀点皮毛。六子自杀那段多少有点落水狗割耳朵的桥段，鸿门宴幕帘夺命又貌似杀死比尔。姜大侠酷到了最后有点没硬住，结尾让人失望。
,"去晚了，只看了后半部分，剧情咱就不评论了。
虽没看完，但还是觉得不怎么地，满场人都在笑，可我却一点都不觉得好笑，就算是葛优出来助阵，我还是不觉得有什么好笑的。"
,就是一姜记三枪拍案惊奇。
,片子还可以，但豆瓣平均8.9分高的太过于离谱了，论艺术性和同评分的电影差的还是很多的，8分才是比较的评分
,好看是好看，但不明白为什么有这么多人把它奉为神作
,葛爷你太给力了～哈哈
,斗智斗勇啊
,当年被夸的厉害的片好像也不是那么精彩
,"观影过程中一直期待四郎与替身能有更令人瞠目的反串,希望狠装的老马能反摆一道~哎呀,我想得太多啦;老姜设下许多亮点,我们被晃着了,埋伏了诸多笑点,我们无法忍俊,老姜的才情雅俗可共赏,你想圈票子谁也拦不住;结尾,匪狠了,霸给端了,爷在白花花的银子里嗝了,新中国历史啊,噶了逼了呲诶"
,酣畅淋漓的中国大片   虽然还是各种看不懂
北京,今天老七走了，我又看了遍让子弹飞
,"没看懂是么？
周韵太他妈幸福了。"
,用力，给力，精彩。不足之处也很明显。中国式的无耻混蛋。一定要看川版，麻辣鲜香，正是那句“忍看青天飞魑魅，何嫌大地走龙蛇”。自由，放肆，借古讽今，调侃到位。扯荒诞无稽的乱谭，摆心照不宣的龙门阵。茶来，摆起，让子弹飞一会儿。让子弹飞川话版：http://u.115.com/file/f0cc92b7e6 回应
,132分钟的戏落幕后，子弹还在飞!
,笑点多 明星多 死的多 钱和你 对我都不重要。 但是没有你 对我很重要。我喜欢。
,内涵隐射大片
,处处都有趣，哪哪都好看，真正好看的商业电影
,不要太在意剧情，放松心情去看就好，一个看到你爽爽的给力大片。
,太他妈好看了！！！这是一部充满智慧的喜剧电影，台词幽默，情节紧凑，演技精湛，伏笔深埋，包袱连连，很久没看得这么过瘾了！现场观众多次的鼓掌让我感动，经过《太阳照常升起》的失败，不服气的姜文这回绝对翻身！！！
,一星给葛优，一星给笑料，故事太扯，配角太弱，特效太烂。原来葛大人才是2010年中国影坛最大的赢家，给力。
,"1、很一般

2、看惯了星爷的电影，感觉这里的搞笑也比较低级。。。。

3、编剧不错，情节还行，结尾不错。。。。"
,我觉得观影快感简直一流。但是没有都看懂。
,正如《让子弹飞》这一片名般，姜文营造的北洋乱世时的江湖，在快意恩仇中彰显这五彩斑斓的梦，而这个梦且又是如此大气凌然，不夹杂一丝的娇柔作态，这样的英雄传奇是为人热血的，那专属姜文式天赋的英雄主义情结被发挥到了极致。
,有些无厘头得深刻 第二遍还是没看懂
,要么足够天真 要么足够深刻
,2010.12.8 看了点映，全片无尿点，只有满满的笑点。字幕一完就是真心实意的掌声，片后见面会观众对着姜文大喊NB！ 配乐偷懒了，照搬太阳照常升起，但恰到好处，情节紧凑，一众男演员极具魅力……NB得不用吹NB。没了。
,好看就是看好。我不装高深。
,都说它很好，都说它有内涵，我不知道，我不喜欢，只是个有一些名人的堆砌电影
,超屌。
,什么他妈的他妈的叫惊喜
,就让子弹飞着吧。发哥替身真的很像啊。
,没看多懂！
,我会告诉你。。这部电影我看的一点都不搞笑吗？我会告诉你在我去看之前剧情几乎我都知道了吗？周围的同学都告诉我了吗？
,姜文太有才了！
,看了4遍，还是觉得回味无穷，至今为止看过最优秀的国产电影之一。
,看了三遍~
,姜文在内地演艺圈算是极好的。
,姜文就没让我失望过！笑着，思考着
,冯小刚说过一句话：姜文要是想做商业电影，那么没人能比得过！真的是，姜文一出马，《让子弹飞》便一举夺下内地史上最高票房电影，将为功力可见一斑。
,我很诚实地说我压根没看懂这内涵片
,有亮点
,好的电影，必须要好的编剧。周韵比陈凯歌老婆有味道多了
,这是我最喜欢的不可超越的国产电影。没别的意思。欣赏姜文老师拍电影的思路！！！
,"台词很隐晦~片段很幽默搞笑。
姜文很霸气；葛大爷太逗人了；
大家都说结尾突兀，其实我看到中后段就已经感觉这碗茶淡了~
期待姜爷的下一部作品~！
--------------------------------------------------
看的晚上9：35的那场，整个电影院就15人不到~就是喜欢前后左右没有人的感觉~"
,“霸气外露”
,中国电影尺度宽店，要求少点
,姜文版的佐罗，可以获得年终火锅奖
,吃着火锅唱着歌，突然就……其实替身变正主的梗很老了。
,故事虽好，但最大的问题不是斧凿过重，而是不够电影化，就像一部大型实景话剧的胶片版
,张麻子他们在鹅城里散了那么多财，通货膨胀了咋办？三星给周韵，姜文把她拍得真漂亮。
,玩高调玩低调玩大智慧玩小聪明还真是都是姜文不屑玩儿和玩剩下的，可是今年还是没有值得看两遍的片儿。。不以赚钱为目的的贺岁档都是耍流氓
,一般
,好看！！
,吃着火锅唱着歌~~~
,难得的国产电影 看过好几遍~
,2011年看的最搞笑的电影
,3 -有点意思
,其实我没怎么看懂，但绝对是中国电影里比较对我胃口的一部啦！
,姜老师给全中国影迷翻译了，神马叫做TMD的惊喜！2010年最好看、最神经、最Hi、最男人、最戏剧、最幽默、最内涵、最赚钱、最牛逼、最爽的商业片，到2011也是。中国的商业片能够做到这种程度，质量已经算是很不错了。姜文真是个奇才~8.7（10年厦门）
,申遗！赶紧申遗！！
,狂欢的场景在影片中随处可见，在欢迎新县长进城的表演中花姐那夸张的击鼓方式，在张麻子号召杀四郎的豪华场景中铺洒的黄金和奔驰的马车等等各种人物组成的盛大狂欢！
,依然姜文，霸气外露。
,挺道人性
,原来一直没有mark过这个。。。
,在中影和屁康、伟杰和阿付欣赏了炒的火热的《让子弹飞》，这部在各大杂志上早被剧透的光光的电影，由于拥有了葛爷、发哥和散发着雄性荷尔蒙的姜文，变得那么..他妈的不同！站着也能把钱挣了的姜文用他那优越的智力表现了一个荒诞的黑色幽默，同时也散发着政治寓意。很久没看到剧本如此优秀的国产电影！
,姜文挑男人的品位真的太好，手下各个都别太帅哦，老二真是嗷嗷乱叫的帅，555可惜后来死了，这两年最好的国产片一定就是这部啊，绝对是这部，太好看，还想再看几遍
,电影中有很多让人忍俊不禁的镜头，一开车就是喷着浓烟的火车由九匹马拉着奔跑的画面。在优美自然的山野画中，原始马匹与现在火车的拼接，还有车厢里吃着火锅唱着歌的人群。。。极具视觉冲击力
,总体来讲不错  话说好幸运 看到姜文他们真人了。。。
,"自《疯狂的石头》后，没有一部国产的商业化电影给过我惊喜，这回终于有了。

 

《让子弹飞》就是我喜欢的《石头》式的情节紧凑环环相扣型，而且画面感比《石头》好多了，周润发演得神，葛优演得深，姜文演的好，导得更好。

 

影片开局气势就很拉轰，几个人骑着马，PIA PIA飞两把斧子就掀翻了火车的"
,不知是谁笑点奇怪
,巨给力！巨爷们儿！！！
,站着把钱挣了！
,所谓的影评人交口称赞真是一件能让人倒胃的事儿……
,演员整体演技都在线，电影整体结构鲜明，剧情充实，紧张之余也不乏笑点，看完之后也会令人深思。
,"此片极佳，很久没在豆瓣标注过五星级。昨晚上在奥体中心刚看过的首映，致敬。
不过再好的菜也总有人撇着白眼，当然 原因可能并非是真的觉得它不美味。您就这么喜欢有意见的人生么。。。"
,也太长了……
,参与社会热点搞得我好空虚。。。。。。
,看半天不知道什么意思。
,情节和叙事不够合理流畅，这是硬伤
,high爆了。。。。。。。
山东,感谢江爷爷
,姜文
,我宁愿觉得这片子是隐喻什么~
,"改编自马识途《盗官记》假象和情绪永远会干扰大家寻找真相的这种机会。――姜文
高潮的是影评人，故事本身不复杂。影评人写的不是电影，写的更多是他们自己的世界，影评中我们看不到电影，而是看到了影评人的思想。"
,革命者骑着白马，却看到和革命前一模一样的景象。革命成功了么？革命才刚刚开始。
,不过如此。
,内涵太多不解释
,时间证明 这是一部神作
,一碗凉粉吃到肚子里割开弄出来出来还是一碗凉粉，丫吃凉粉不嚼的
,看的时候笑了不少，看完之后不知道笑什么。那么多的大牌龙套一闪而逝，不知道有何意义。真正记住的只有葛优那张夸张的脸。很失望啊
,真心一般。。
,看完电影第一件事就是上豆瓣来吼一嗓子——真他妈带劲！真鸡巴牛逼！！！
,花有重开日 人无再少年 [震撼] @三姐夫_V @施政十十十十 @WackWang__W @dropdowndd @烛迷子naniko @麻痹习习石xixishi 
,还不错，虽然没咋看明白，但是几个演员真的不错
重庆,老七离去的这天
,0
,一个无趣的故事加了一个让人蛋疼的名字。除了诙谐幽默的对白，冗长的剧情，说实话，没什么值得可取。
,内容很多
,说实话，第一遍看得我是云里雾里，光看人了，故事压根儿就没有看懂。后来还是看了影评后，明白了其中奥妙，重新又看了第二遍，才多少品出点儿导演的意图来。
,这是一部搞笑剧
,姜文好帅！正式宣布姜文是我最喜欢的国内导演，没有之一。
,你他妈给我解释解释什么是他妈的惊喜
,"挺搞笑的。
我就不感冒🌚"
,赶脚是国产里面的顶级了、不错
,深刻的道理让大多数人能够理解
天津,终于知道大家为什么说这部电影应该被申遗了
,近几年来，不可多得的好片，葛大爷真逗
,只要你牛B  上哪儿都有B 
,近几年贺岁最好的我觉得！ 台词好 演技好 剧情也好！
,子弹早点起飞，可以飞向威尼斯
,好看好看！！！强烈推荐
,这鸡叫成电台了 我看行
,"对白和音效太他妈神了，印象最深的就是那句“你是要杀我，还是要睡我？”
"
,想了许久，还是给了两颗星。周润发让我觉得用力过猛，整个电影有些时候节奏过快，有些时候又过慢，最后不可避免地滑向了狂欢般的失控，结尾更让我无法理解，很期待的片子，失望。2010年12月16日观于北京金鸡百花
,就从这种烂电影里还能看出来中国近代史？
,很男人，很自恋。
,真的很不错，故事语言很另类，每个演员都演的特别好
,姜文好帅啊啊啊啊啊。
,让第二部再飞一会。
,台词有深意“彼时彼刻，此时此刻”;结局很失落，所有人都离张牧之而去，英雄落寞。男主的一生很传奇，有勇有谋，此类人物设定，一直都是我的菜。
,葛大爷加上姜文，想不看都忍不住把
,预计是姜文玩脱的开始。越来越讨厌这货自鸣得意那股腔调。
,看了《让子弹飞》，感觉姜文就是伟哥，发哥好像春药，优叔真似牛B ，还有那好久不见的梁太太，把银幕下的姐都弄湿了。---女牛虻
,在我的偏见里，花俏的形式和硬核的内涵是互斥的。而姜文的片子总给我一种虚张声势的感觉。
,姜文满足了所有男人和女人对于纯爷们的各种幻想。
,三星半，因为对姜文要求格外高。这次他是太用力过度了。。。如果砍掉30分钟剧情砍掉20%台词砍掉3～4个人物就完美娱乐大片了
,有点扯着蛋。但看葛爷屁股都挂树上了，还行吧~~
,我觉得没什么意思，演员到还挺好，感觉一般。没别人说的那么神呼！
,2010年最好的国产电影
,老实话，低于预期——1、剧本还是太粗，显假，七个编剧也白扯；2、形式上没有惊喜，反正我没高潮；3、表演上只有葛优有亮点；4、周韵确有苍井空的美丽大方；5、如果这就是9分的中国电影，往后中国电影可以忽略不计；6、姜文这回站着挣完了钱，该坐下来好好拍个正经电影了吧
,过度解读了
,价值观输出功率澎湃，做人要站着赚钱，要有廉耻，不要把枪对着好人，不要给任何人跪下。钱不重要，掀翻“黄”恶霸也不那么重要，自己代替皇恶霸那叫作愚昧，只有没有压迫的生活，自由才是最重要的。什么？难道你没有听到自由的声音吗？那就让子弹再飞一阵吧。姜文挺着拍出了10年内中国最卓越的
,从没见过如此商业的姜文，但毫不妨碍流畅的观影快感，阳光里的青春，鬼子里的批判，太阳里的压抑，子弹里的张狂，让我完全沉浸在他的个人风格中，电影的结尾部分依然那么没落，所谓英雄，就是如此……
,其实我不大清楚导演究竟想讲一个怎么样的故事
,只能说姜文霸气侧漏！
,看过的最棒的中国电影，没有之一。
,文艺青年又一力作，站着把钱挣了，好样的，中国电影就靠你们了。那些跪着的人，让他们吃屎去吧。
,很好看的一个，有几个内地脸熟的人，姜文导的
,太神奇 不解释
,初次观看时被搞笑的对白吸引 但再看好像缺乏更深的意义
,太够劲了！
,毛一样..........
,他不是强盗，不是麻匪，不是混账，不是.....
,中国不多的好片，也在讽刺中国
,自己觉得是拍摄得很好的电影 很深刻
,个人印记很强烈，有隐喻待解读
,我真没觉得好，我几乎没笑过，情节更谈不上精彩。不过是把几年前的《太阳超常升起》翻拍了一遍而已，换换情节罢了。
,姜文
,力作！
贵州,国产电影之最，能在如此的环境下拍出一部站着把钱挣的电影真的是太过于厉害。
,整部电影透过诙谐搞笑的台词对社会黑暗面进行了无情的嘲讽，让观众在捧腹大笑之后细细体会，品味人生，思考自我。
,我就不废话了
,两小时高潮  身子还不虚 呦……神了
,姜文给我们带来的依旧是一场酣畅淋漓的持续132分钟的冲击感
,让子弹多飞一会~~然后我也翻译不出来什么是惊喜~~反正是惊喜~~~
,文文，牛牛，爱爱。开始以为是八恶人，后来大呼是教父，中间还整了段战舰波将金号，最后发现原来是荒野大镖客🤧 山谷再也没有枪声，和平年代也再不需要英雄。（小时候白看了只记得火锅洒喽
,不精致，够味道，伪霸气，真文艺。虽然极多的埋线影响到了影片的细腻质感，但偏偏你不得不承认，就是这些线索与讽刺才成就了姜文不同一般的牛逼。我们应该庆幸，中国还有这样的导演，支撑着大陆电影的良知与爷们儿气概。
,一遍感觉很诡异，二遍感觉很懵懂，三遍感觉很过瘾，四遍感觉很经典
,有点搞笑
,国产片中数一数二的
,2010年最好看的一部国产电影
,当时联考完一身轻松地看这个觉得姜文巨帅 - -
,很棒阿
,姜文说，这是他献给观众的礼物
,在林海时看的
,真没感觉特别好很多都是随大流说好
,可以有，非常可以有
,值得一看
,太智慧了
,难得的好片子
,不太懂
,虽然在整体特别是剪辑上有诸多瑕疵 但是这片子还是会中国电影史上留下浓重的一笔 姜文想做中国的北野武 中国的黑泽明 中国的昆汀 我却觉得他应该做独一无二的姜文 
,姜文纯爷们，但蔫坏损起来比谁都过分。镜头依旧犀利，情节紧凑，易懂。从头到尾都很嗨皮，金句多多，不容错过
,都是些老戏骨，演技妥妥的
,"为了挣钱,我懂!!下一部不艺术,你就烂鸡鸡,连你弟弟一起!!"
,如果你活着，早晚都会死；如果你死了，你就永远活着。
,略显凌乱，多花点钱搞搞特效也好嘛
,这是今年仅次于《盗梦空间》的好电影，竟然是国产的！
,真给力！
,还好啦 这只是一部电影而已 我会为他去影院买单的
,我竟然在上映后10年才看它
山西,今天太突然了
,别的不说，还有什么男人比张牧之更迷人呢……花姐怎么会跟着老三走呢？！
,镜头那种带力的眩晕感让人想起鬼子来了。很多的笑点而且不是春晚式的笑点。喜欢这电影就像喜欢坐那种开得很猛的车一样，你知道那是匀速但又时刻能感觉到驾驶者在给油。
,凭良心拍片 靠本事挣钱
,给力！这是一个走路慢的人拍的电影！因为走路太快会扯到蛋。姜文绝对是不会扯蛋的人！
,导演远没有以前的才情。
,听说姜文是毛泽东的狂热崇拜者，电影里发动群众打倒资产阶级，革命成功后自己的战友兄弟又纷纷叛变，屠龙勇士终成恶龙，坚持理想和公平的只有张麻子一个人，这样的剧情是不是似曾相识。现实里面黄四郎是永远消灭不完的，而张麻子中国五千年以来只有一个。
,评价时可对比《无耻混蛋》；三个人的戏份太多；跟太阳一样，姜文自己霸着正面位置，太闪了；互文小品，爆笑
,姜文睡了葛大爷！！！！！！！！！！！！！！！！
,没那么神，很有风格，很有范，但仅此而已，现在豆瓣的评分已经没什么参考价值了
,"咋记得标记过
"
,简单粗暴男性沙文主义到极致
,用蒋方舟的话说，让子弹飞的每一个毛孔都叫嚣着牛逼！！！ps：陈坤演配角真是一把好手，绝了！好几次想拍手叫好，话都冲到喉咙口了！！生生给憋回去了！！
,姜文是个鬼才。估计不给这个打5分，很难找到什么喜欢还能打5分的国产片了。
,中国的昆汀！真他妈牛逼！
,1.催笑、堆笑、卖笑——这不是站着，已然是跪着。别再说什么站着了。自《太阳升起》以后，您也跪下了。2. 元素堆砌严重。3.节奏快得有问题。4.想比较的话，不要跟别人比。不要比好莱坞，不要比全体第五代，也不要比冯XX，更不要比第六代。就跟自己比，比比《鬼子来了》。
,什么玩意儿！
,不觉得怎么牛逼，姜文的电影还是脱不出做作的毛病
,我已经看过六七遍了
,没有之一什么的真耸
,笑死我了~~
,让子弹飞一会。
,国产片雄起~~~
,对我来说 最多三星 whatever
,这是一部让我觉得没什么可说的电影 后来想想 其实挺装的一片 避免口水战 还是四星罢 其实它就是一贺岁片儿。。
,用心拍的剧自然是好的
,《子弹》倒不是有多好，最多也只是《太阳》的延续，量级上也就宁浩差不多，但是至少我觉得让姜文拍商业片，比贾樟柯王小帅什么的靠谱多了。当然在我们隔壁，已经有人给姜文立了更高的标杆，电影不但可以好看，有好莱坞式的节奏，还可以更细腻，别一味这么雄性，那就是奉俊昊了。
,10.12.21 和平影都 with mami ； 被姜文的男人味迷住了
,五颗星都给这个我深深爱着的爷们儿，他是那个粗糙的活着，敏感的爱着的人。
,二刷。谁会相信一个土匪叫张牧之而不是叫张麻子呢？就像谁会相信一个山村里走出来的教员会懂得马列，能大公无私地团结龙凤之辈带领中国走出历史的周期律，为此牺牲了妻儿的生命还要被扒到底吃了几碗粉？
,一个好的导演可以把好的演员发挥到最大最优
,姜文总是毫不掩饰自己的政治偏好，扮演自己国家的伟人，总是一名好演员的必修课。总说国内的影片中，这一题材被特型演员掌控着，但足够迈入“中国最佳演员”之列的姜文，早已用晦涩的表达，饰演了自己心中最敬仰的领袖——他是毛粉，也许是艺术圈中最著名的毛粉。
重庆,三刷依然充满他妈的惊喜，神电影。很多有趣的镜头，台词经典。好有趣味的故事。前几天看到某大人物生前曾视察姜文拍这个的片场，谈笑风生。只可惜，按照电影台词来说，现在上海不是浦东，香港也不是H，K了。现代化的道路掉了头，汤师爷（封建）数次在近一百年里借尸还魂。
,暗线真的太多了，如果关于暗线的猜想都是真的，那姜文就太厉害了
,"my pleasure！！！！！
忒色！！！！！"
,艾玛，跌的好厉害，刚出的时候9.9分如今下降一个台阶。
,自恋狂姜文的撒癔症之作
,姜爷真是又高又硬啊！ 纯爷们片！不推荐小孩和老人观看！不过和我一起同看早场的老太太老大爷们都拍手称赞，从头笑到尾，当电影院卡壳时都一一暴怒了！
,"说好看？我怎么不觉得，说搞笑我也不觉得~看得我直犯困，好看！？还没好透吧~这种政治隐喻的片子看不来的 
"
,情节进展节奏还是不错的。至于背后的故事那不看评论是不知道的。也可以解释为见仁见智。这，也没什么不好。在我看来，那个银子，枪，和人的故事是最有意思的桥段，这也许才是如果革命的社会现实。
,作为一个重庆人，川话版《让子弹飞》就是我心中的华语片第一。
,"@金街万达 姜文拍这片子就为了证明一点:他是能赚钱的!只要他想赚.而且是站着,理直气壮地赚!"
,大屏幕才爽
,太爷们儿了。太太太爷们儿了= =投身姜文门下做走狗= =
,近几年最好的国产片
,看过的，补一下。不错，可是有点吵不适合休闲。
,曾经看过六子剖腹那一段，但一直不知道是什么电影，如今再看到，尽管这是喜剧，却再也高兴不起来
,無關的笑料需要這麼多嗎
,革命胜利之后还要继续革命。
,不难看，但也真没那么好看。从头到尾剧情都太亢奋，以致没有高潮。剧情我没有觉得有多幽默，有几处完全是因为葛优的表演方式显得幽默。值得赞扬的是剧情不再那么老套了，有了一些想象力，只是有点混乱。本想打四星，但看那么多不明所以的激动者，所以再减一星。
,今年唯一一部去电影院看的华语电影。无责任猜测一下，最后的政治隐喻其实是影射共X党和国X党？&#34;
,看一部没有广告的电影的感觉真好，用发哥的话说：姜文已经霸气外露，《让子弹飞》最终票房“7.24亿”，相当惊人，这下痛痛快快得让冯导连屁都放不响了
,完全没有尿点的好片·！
,有腿就有江湖
,除了毛思想...
,小六子是张麻子的义子，一上来就死了，死因和一道菜肴有关，深层原因则是为了维护他爹的威信而牺牲——这说得太明显了。。。
,姜文，没那么喜欢了。
,重看。“作者”自信是拍了一部商业片，依旧被人误解为作者电影，能想象竹溪总给人一种想还国于民的错觉，但依旧被人称为救世竹，而表面不情不愿实则巴不得地作了帝黄，那一对比，好像某姜的作者性和商业性居然也能等价重合，实在是有些自信过头的荒诞。。。
,誰說咱們北洋沒有黑色幽默?
,比较喜欢姜武！
,胶片版重看没以前喜欢了，应该是姜文所有电影里好多地方最粗糙的一部但票房却是最高，胜在群戏的表演和当时流传甚广的政治隐喻吧。如果说他在认识周韵前的两部在天上是巅峰，那之后就跑地上来了真的一部不如一部，等看到侠隐再议。
,给4星是让姜导继续努力
,不一样的“乱世出英雄”，夸张、新颖别致，极具个性
,今年最佳华语电影，没有之一～
,看一群实力派演员演戏是最过瘾的！
,四川话版给力！腐点犹如满天星！！
,牛逼!!绝对牛逼!!姜文牛逼!
,"只要是姜文拍的 就是大便也被一坨人mark为“神作”
"
,说这个片子有神马纳粹情结的都脑子有病，这不就一个打土豪分田地的样板戏吗，配上葛优就可以直接上春晚了。。。话说姜文用起自家人来真不含糊，弟弟演脑残不说了，老婆都能给人3P了。。。
,中国电影新台阶的标志！
,如果你仅仅是笑了，那说明你还没看懂
,就记住了“不急，让子弹飞一会儿”
,这么高智商的电影 真是一分钟都没看懂
,够疯够牛逼
,没有那些影评吹的那么好，但跟别的国产大片比起来有很大改观，卖腐卖得很欢乐。所谓的政治隐喻也好，黑色幽默也罢，看了乐呵呵一下过后也就淡忘了。不过最后张牧之说的那句“谁赢了（人民）就听谁的”倒是深有同感。周润发在老港片里如鱼得水但在内地电影中气质始终难以完美融合。还有就是周韵太出戏！
,让荷尔蒙飞！
,看过片花已无期待，只是没想到风评会如此好。看了之后一如预期一样的烂，里面偶有几处可看的地方，但整个片子差劲、低俗、凌乱到了一定程度，和另外两部贺岁片一个档次，唉
,怎么这么碉堡 姜文怎么这么霸气
,让葛优和姜文飞
,有昆汀电影的感角~~
,不好也不坏 四星给演技派
,我想打70分，但是没有三星半的打法，所以给三星吧，期待太高摔了，这个还真不是大片、
,蛮昆汀的
,那么多五星？ 难道是我们的品味都提升。最后那段喊”枪在手，杀四郎，夺碉楼“是靓点。。。
,割肠子那里永远忘不了 这片段太血腥了 能记一辈子。还有就是对观众上香了。
,步子迈得大了，容易扯着蛋。
,我觉得未来十年也没有人能拍出这么厉害的片子了
,姜文把一个成年人的幻梦做得如此天真烂漫、五彩斑斓，又如此一本正经、正气凛然。
,就看个乐儿~至于非得理解的那么透彻嘛？
,你飞吧
,吃着火锅，唱着歌，就让麻匪给截了。葛大爷我一看他就忍不住想笑。一个黑色幽默的故事，充满了讽刺意味，我还是很欣赏的。
,阳光太灿烂看不见鬼子了，那就让有道德的土匪打一颗子弹吧。
,不枉我一个人去看你的午夜首映 不枉我这辈子第一次进电影院看的就是你的电影 不枉我喜欢你他妈十好几年
,你给我他妈的翻译一下他妈的到底什么是他妈的惊喜
,姜文，NB
,实在是高，实在是硬，有高又硬，人生是如此的精彩，生命是如此的辉煌，但总有谢幕的那一刻。
,中国式黑色幽默，鸟语暗号、麻子面具挺有意思！
,葛优总是那么富有喜感。
湖北,历史就是个圈。麻木起哄的群众、豪横的统治者、左右逢缘的狗腿子、无法忍受欺压奋起反抗的清醒者以及他的追随者；而后当追随者们获得了既得利益后，又再次踏上了从前统治者的道路…
,多年后再看看才能感受到此片的牛逼。多谢同行衬托了哈。
,太他妈的给力了.
,"此片可申遗，并永久保存！
你给我TMD翻译一下TMD到底什么是TMD惊喜？！！！玩神秘，玩刺激，玩幽默，玩打诨，玩暗喻，玩讽刺，玩智商，玩政治，一身的草莽气息、英雄情结，全场爆点！！！"
,给力。
,什么叫TMD的惊喜？是《太阳》还是《子弹》？
,嘘、让子弹、灰一会儿、
,没有姜文，中国女人怎么怀孕啊？愁
,他们说这是黑色幽默。
,对剖腹取粉那一段非常不适应！
,"&lt;&lt;让子弹飞&gt;&gt;太棒了,国产商业大片浪潮以来最好的一部,其他的都是垃圾,票房冲击六个亿吧,姜文好样的"
,有点用力过猛，刚开场那段好像演话剧，但台词最好，葛优最赞～
,酷！帅！棒！这片的牛逼之处就在于把电影这个艺术形式运用的很好，声光画电全部都发挥得淋漓尽致！而且在娱乐的表象下还藏着深刻的东西。让各种观众都各取所需。看着是民国，其实他妈的讲的全是现在的事！当然，姜文一定不会公开承认的，您就拼了命的联想吧。注意“步子迈大了容易扯着蛋”
,没啥好说的  不痛不痒  如果再让我选择  我不会看 估计是期待太高了
,你给我翻译翻译，什么叫他妈的惊喜！！！
,太xxx好看了！太牛气了！张默出现一会儿就没了，哎。这部电影让很多人认识了姜文。
,NB的人依然NB！
,具有鲜明的理想主义气质，和超现实的代表，一切简单而又复杂，这是个荒诞的世界，还是个枭雄的世界？现实让我们悲观，可电影让我们看到那渺小的一点希望！
,三大影帝聚一起，出处都是戏啊。姜文式的黑色幽默充斥全片。
,如果没有政治隐喻，这就是黑色幽默，但加上了隐喻，怎么说怎么有道理。
,不带这么嗲的！
,姜文牛逼
,有没有七颗星可以打啊~
,国产中的一等一。
,川语版比较给力
,"4个字：笑死我了。
另外，麻子问他们5个兄弟谁闯入民宅强奸了民女的那段，经典到爆。"
,其实片子一般  不知道为什么大家都吼国产片里很好的一部了  不过这部片子比起其他国产片确实进步很多  但还是少了一定的味道
,"只是依靠拙劣的模仿剧本生存,  再好的演员也堆砌不出一部好电影."
,中国式的土匪片，除了姜文，谁与争锋？
,没有黑色的幽默
,这是一部政治讽喻片吗？
,和你看的时候我们很近，现在已经远到你消失在我的生活中了。
,凑合吧
,真闹心
,三星半比较合理
,霸气外露。
,姜文猛啊。。。
,国产片，额外给个鼓励星
,这颗子弹他妈的飞过了12年还没打进任何一个结构性不公的体系里。
,郑重友情提示：《让子弹飞》的预告片完全是枚烟雾弹，看起来像个很man的正片，其实完全就是一不尴不尬的歪片~就好比你期待去看《东邪西毒》，其实看到的却是《东成西就》~ 仍可以看看，但别期望太高，真爱青春，远离忽悠。
,姜文！！！你牛逼！
,姜文的汉子味儿气场特足，葛优在他面前就一小受！！两人居然还打情骂俏！！
,现在还真流行雷片，不过还是不及港产。
,姜文说这回你们能看懂 你们就信了？
,http://www.imdb.com/title/tt1533117
,人们不愿意相信一个土匪的名字叫牧之
,让他再飞一会，看看这颗子弹到底是不是一颗空包弹.
,这片太黑，隐线太深..这个十年中国最成功的商业片..没有之一
,算上电影院的那次，三次了.....坐等川话版......
,至于吗
,希望姜文的作品，中国杰出独特的导演编剧导出高质量的电影
,姜文好帅啊
,吃着火锅，唱着歌，这幸福的小生活~~~~
,这篇评论没有显示在公共的评论区域。 (?)------虽然片子差，但是恶心的媒体和媒体人恶心的无度吹捧让片子更差，豆瓣，你这次完败。
广东,表面的看懂就够了，已经震撼，其他等时间给你答案吧
,3
,姜文亲身翻译了什么叫男人。姜文让我记起了我本该爱上的男人是什么样子的。这么多年了，终于能从姜文身上找回了属于世界本源的男性魅力形象，粗犷、豪迈、气魄、有头脑、有狠劲也有柔情。这种形象这种气场实在失传太久了。可是除了姜文，现在哪里还能找到这样一个男人来爱？关于结尾，越想越好。
,记得是高二期末考之后班主任在班里放的，因为那次考试班级成绩超好，在等待放假没有作业的时间，电影也很有趣，高中时为数不多的彻底的轻松时间
,都说这片子有深意很好看，是我太naive了么？反正看完无感。
,姜文真是奇才。
,总会出现黑色的勇士，无论晴空，阴霾，驾着革命的白马，行于无人的腐朽，去往掩盖的希望。
,比太阳照常升起还要messed up，还是让装逼犯继续欣赏姜文吧
广西,一堆批小将狂吹这电影，天天喊着要申遗。我到要来看看这电影做的到底有多么惊世骇俗。看完我想说，请问这是在干什么？我在看一群疯子吗？为了讽刺而讽刺，隐喻又显得那么刻意，搞笑拙劣的讽刺让人只觉得做作。就好像硬要拍成这似乎很高深又搞得好像蕴含着好大道理的模样，生怕你看懂。
,快去影院看吧，难得有部值得你花钱的国产片。
,姜文屁股底下的椅子都被拿走了，面对全中国遍野的大师，姜文的意思是：你们爱谁谁是，我反正不是。
,“姜文的问题是限制才华”“全片无尿点”“金枪不倒也是病”，这三句原来说的是这片的缺点。
,饱满有力。自我致敬又怎么了，人就爱看你姜文自恋！！
,不如张国师的三枪。。。三星都给葛大爷。。故事情节站不住。交口太过了。
,完美的姜文，完美的马邦德，完美的电影
,"有那么点意思了.... 可惜拍摄场景.... 肉的买了,还差葱花儿么"
,看见了葛大爷很是开心，电影实在太续叨了。。。。
,高点太多不及张弛有力
,猶如一匹脫韁的野馬。奔流到海不復回。
,姜文真有才，很有想法，而且是演技派，音樂居然是久石讓，很震撼
,"11月
赤裸裸的隐喻，土匪，师爷和资本家。如果没有相关铺垫，可能会看得莫名其妙。
姜文真是有才。"
,挺过瘾，但是符号化的东西过了点，道理讲得有点空。
,展翅高飞。
,唯一一部去电影院看了两遍的电影！
,成功的商业片
,步子迈大了容易扯着蛋。
,中国的唯一一部电影，中国的唯一一个导演
,black humor
,大二记忆。。。内涵片。。。
,川话版给力！
,姜文，牛逼！！
,第一遍极烂，第二遍极佳。
,有点搞笑，不甚感冒。那些搞出一大堆人参哲理的，真TM佩服你们。还是怀念英雄本色那会儿的周润发。
,神了
,"电影引发的情绪和层次问题实在是有趣而又闹心。打1星有人骂，打5星也有人骂。姜文真挺尿性，把平时惯于潜水的同志都给激起来了,看来观众们都被烂片憋屈坏了，刷刷往外吐槽~~p.s.中国电影的设备和配置太J8次了，本来细腻的东西给表现的那么刻意；本应粗犷的东西给整那么粗糙。"
,你可以领着我走 但别推着我
,挺逗 也牛逼了 就是不是我的智商状态
,273.994个1星2星评论呢？ 哪去了？谁能告诉我！
,姜文真男人真汉子，霸气外露！
,受不了了，你们开房去吧！一片乱搞。
,看见一个自恋且自负的男人对强权的意淫、对崇拜的抢劫。情节有点硬伤，结局没太明白。是想说革命者放弃革命成果、奔他的理想国去了？
,狗熊辈出的年代，英雄主义情结都要被嘲笑么？2000年以来有尿性无尿点的国产片子你还能数出来几个？五星，绝逼的。
,酒要一口一口喝，路要一步一步走，步子迈得越大，容易扯着蛋。
北京,姜文是真喜欢太阳照常升起这段音乐啊
上海,经典，就这个评价。
湖北,实践是检验真理的唯一标准。
江苏,两碗米粉？还是一碗？真是太经典了。
浙江,小时候看碟片看了好几遍，长大后看抖剪辑，每次看都感觉故事很精彩很有内涵
江西,没看懂  以后再看
江苏,能不能别每个人死的都这么草率，搞得我总以为会有反转😭
江苏,他妈的他妈的公平
山西,二刷。一气呵成，一个废镜头都没有，每个人物都塑造得很好，太好看了！
山东,姜文一如既往地觉得自己很高级，其实只能靠嘲笑某种群体才能拍出电影，这种人的电影根本不值得观看
湖南,厉害
上海,2020
江西,还好
江苏,姜文真乃奇人!
山西,牛逼！
广东,姜文一遍又一遍地策马，印象最深…终究还是无法描述心中感觉，是我不懂
江苏,最后半小时有点意思，其他时候“阳刚之气”吓死我了。到底是谁在觉得好谁在觉得幽默😰
陕西,大学看的，姜文真牛，黑色幽默
河南,挺好看的一部喜剧电影，葛优自带搞笑效果，里面的笑点也很自然。
广东,又看了一遍，经典还是经典！多少年以后再看还是觉得好看
云南,让子弹飞一会
上海,公平 公平 还是tmd公平！
甘肃,其实挺不错的爽片
安徽,在那个时段真的有几个好电影，还有听风者也不错
重庆,导演是有点儿东西的。看似荒诞的故事，有种黑色幽默的反讽。喜剧的外表，悲剧的内核，才是喜剧的至高境界。
辽宁,经典！什么她妈的叫作经典
河南,建议申遗
贵州,无意间重刷一遍发现真不错
黑龙江,让子弹飞一会，我还没有反转完
德国,"符号玩得很溜~
讽刺效果拉满"
河北,姜氏幽默还是挺有意思的，话糙理不糙，剧情紧凑，演员演技都很棒！
四川,"翻译翻译！什么他妈的叫惊喜！
川言版太好听了"
湖南,电影是一门深刻的艺术。希望这样的好电影越来越多。
陕西,荒诞不经的深刻
辽宁,申请非遗啦！
广东,太好看了 看了解析后会二刷的
内蒙古,《让子弹飞》是一部演员主导的电影，可能80%的镜头都是演员特写，但看起来并不乏味也不累，因为演员都表现的太好了。
广西,屠龙勇士未成恶龙的故事。
四川,2000年以来最喜欢的国产电影
海南,原来这么多的金句和名梗都是出自这
山东,m7 这就是惊喜
陕西,补标
江苏,很厉害。
四川,好看
山西,最后真的看哭了，当土匪不一定就是十恶不赦...反而他们有血有肉
英国,记得当时春节档去电影院看 但其实并不怎么看得懂
四川,心血来潮看了四川话版本，看了一会还是太血腥弃了……
广东,不说了去补课中国近代史了
南非,我愿称之为孤胆英雄主义情节的具象化。张麻子什么都懂，大部分又不说破，只是一路追，毁灭那些阻挡他的英雄主义发挥的东西，但不阻止一部分人的选择和信仰。
吉林,经典
山东,乱七八糟的剧情。
安徽,"姜文借着张麻子的口说，不跪，站着把钱挣了。
电影上映的2010年，我还是个学生，我们这个小城市还没有同步上映的影城。
写下这些文字的2023年，我已经职场起伏十余年，我们这个小城市也有万达、金逸、大地等十多个全国同步上映的影城。
只是，电影人，是不是站着把钱挣了。
而我，又是不是站着挣钱糊口呢？


张麻子又说，谁赢，他们帮谁。
是啊，谁赢，他们帮谁。这一个个他们，知不知道自己也是历史洪流中的一股力？

什么是根本之恶？什么又是平庸之恶？多一份觉知，离真的、善的、美的近一点，再近一点；离假的、恶的、丑的远一些，再远一些。


"
浙江,常看常新 
湖南,经典就是经典，非物质文化遗产，每一帧都是名场面
黑龙江,神作
山东,神作
广西,你丫的是真的深奥
浙江,没看懂 但挺好看
河南,张麻子的县长生活，如何站着把钱挣了
广东,神作！！！
山东,"酒要一口一口地喝,路要一步一步地走,步子迈患上太大,容易扯着蛋"
江苏,"黑幽默，很经典很喜欢
当时上映还是小学生，陪我妈进影院看的，六子死的时候吓蒙我了，后来再刷还是有心理阴影，哈哈哈"
广东,太强了
湖南,第一个死的人是谁
江苏,超级牛逼
辽宁,牛逼，真他妈的牛逼！
加拿大,大气直爽
北京,姜文好帅
云南,不如太阳照常升起
浙江,典型的姜文式黑色幽默
上海,立意很好，非常经典的作品！
北京,台词神了
天津,神剧
广东,3.5，也是蛮过誉的。
黑龙江,“什么他妈的叫惊喜！！！”
广东,lpbf
天津,好看
山东,看到个片段发现廖凡演技真的不错呢，又去刷了一遍，期待姜文出新作品。
陕西,怎么说，总感觉很有魅力
广东,六子不会再剖开肚子，让人数数有几碗粉。希望少点六子 坏人一定会遭到报应
江苏,姜文的我最喜欢这个
河北,补标，让子弹再飞一会儿吧
上海,补
河北,这他妈就是惊喜
北京,"和朋友们一起旅行看的，不愧是姜文的封神之作，结束后看了看影评发现了更多的细节，是值得几刷的。
“公平，公平，还是公平！”"
湖南,说实话开始看有点看不懂
重庆,哈哈哈哈哈哈哈哈哈
陕西,真假的边界其实很模糊。 
浙江,社会上形形色色的人，在日常交际中你来我往，面具戴着，你不会知道哪一个是真，哪一个是假，所以最后只有回归自我。让子弹飞一会儿，不是做的所有事情都能立马得到一个答案，但埋下的种子总会有一个结果。
江苏,确实是艺术家电影和商业成功结合的典范，不敢想象如果放在当下23年上映，会是怎样。时代一直在变。
北京,尔尔
四川,有点子幽默，黑色幽默。看了后不怎么开心，不过影片艺术水准是有的。
重庆,好看，喜剧又悲剧
中国香港,没看懂，他想要表达什么?
北京,封神之作
北京,9分是有9分的道理的。最后大哥就一个人了，真的还挺伤感的。最后那列火车我觉得是大哥心中的一个想象，和他的弟兄们，师爷，夫人一起去上海。
上海,电影是好电影，台词很有思想性，但是过于传奇了反而失却了悬念。
贵州,这部电影我还是在电影院看的，只能说值回票价，很有姜文的风格！
山东,真好看哇
安徽,可以理解...正如教父是西方男人的圣经，让子弹飞就是中国男人的圣经...
湖北,这部电影算是姜导的经典之作吧
北京,谁打的9分 不至于
江苏,故事轮回，英雄落寞。不仅是没有你对我很重要，没有你这一类人，更重要。（感觉很多没看懂）
安徽,get到了 姜文也太帅…
广东,常看常新。
吉林,后劲儿贼大。国产电影巅峰。姜文牛逼。谁是最伟大的人？我们说是他，他说是我们
上海,真的精彩 这个首尾我很喜欢
内蒙古,姜文nb
山东,2023.5.3，经典，申遗
浙江,吹过头了
上海,让子弹再飞一会儿~
四川,很搞笑！里面的剧情设置都非常精妙，出乎我的意料，很奇妙的情节串联，一个又一个惊喜。每个人的人物都特别鲜明，他们之间的利益权衡，勾心斗角，表面与背后，义气正义与背叛利己都被表现的很好。师爷的油滑能说会道润滑了整部血腥暴力的电影，很有趣！但里面有好些句子感觉懂了又没完全懂，感觉很值得多看几遍！
广东,有一定观影门槛
河北,"一部需要反复拉片的宝藏电影。
导演喜欢把东西“藏”起来，像是和观众的游戏，你要细品，反复琢磨他的意图。
但是不要着急，“让子弹飞一会儿”。"
江苏,演员共同撑起来的，圆桌对话太精彩，回头再看其实每个人物的表演也没脱离自己的舒适区（三个男演员气场都太强，刚好对上了👍）。。但是对女性的刻画也许符合那个时代，但是现在看令人不适
上海,以前自己看过
内蒙古,这才叫语言艺术
英国,精彩，十分精彩
江苏,不管再过多久，它都会是一部好作品。让子弹飞一会儿，余波会震及更远的地方。
湖北,"“  如果你活着，
    早晚都会死；
    如果你死了，
    你就永远活着。  ”"
云南,每年一遍
广东,追补！
陕西,"看了第一遍真的不太懂
好多地方还是男朋友提示下才明白镜头及台词的意义。
等再多些社会阅历再看应该会有不一样吧。"
安徽,大有深意 值得反复观看
湖北,还可以，演出形式太超前了，但是总的来说挺喜欢的。
陕西,"感觉看懂了，又好像没看懂，自己感觉还是有很多细节没有看懂。
不过还是能够感觉到台词写的很巧妙，确实很让人琢磨，有时间二刷，再看看解说"
河南,姜文好帅
湖北,补
辽宁,黑色幽默.
山东,可以申遗的一部电影哈哈哈哈哈梗太密了👍
山东,应该是最喜欢的国产电影。
河南,人类非物质文化遗产
浙江,看不懂 
北京,“建议申遗。”
江苏,三刷，足够经典耐看
江苏,再看还是经典
天津,彪悍的电影不需要解释~
中国香港,景
广东,翻译的王者
山东,姜文几部电影中，好像只有这一部看得明白点…
广东,原来那么多名场面都是出自这部电影，经典。感觉好多细节还没整明白，会n刷的电影~
广西,wc，拍得真的牛
辽宁,让子弹飞一会儿。
湖北,那就让子弹飞一会儿吧
河北,姜文也太帅了 荷尔蒙爆棚
上海,雄关漫道真如铁，而今迈步从头越。时隔多年看这部经典，真神作，太阳底下无新鲜事，天降猛人才那么新鲜。致敬!
上海,没文化多读书 
浙江,特别喜欢的一部电影，很喜欢姜文的劲，传闻中新电影的题材我也很感兴趣，不知道什么时候才能看到。
安徽,进入社会再看这部电影，感悟会很多
广东,时隔多年再看，历久弥新。
四川,适合重复看
安徽,剖腹鉴粉，多讽刺的多犀利的梗啊，姜文太牛了太牛了，让子弹飞一会，飞了太多年了！
四川,一切的最好只能在影片里
山东,太好了……好到无言以对了……
广东,"电影本身是优秀的，历史隐喻很多，但并不是十全十美的，细节处理和一些情节依旧是有瑕疵，舞台化风格很明显。
这部电影被男性群众吹得有点过了，毕竟影片男性气质太过浓烈，女性被符号化，整体直接粗俗重大义，很对中国男人的胃口。某些男人看了这部电影也可能突然大义起来，心理都是些“兄弟”，“家国”，觉得自己短暂地成为了豪情英雄，但他们永远都达不到这部电影的高度。"
湖北,挺着腰杆，把钱挣了☺️
四川,结局看得我血液回流、手脚发凉。
广东,诛心
江苏,真的是经典
安徽,牛逼
上海,诙谐生动
安徽,"我只看了一遍，看完之后，脑子稍许有点没搞清楚，导演想表达什么呢？
那个年代社会的混乱不堪，官商勾结、土匪横行? 官场阶级、地主阶级对底层百姓的压迫?毕竟税已经收到九十年以后了。
不过电影里的张麻子团队里的每个人我都挺喜欢的，虽然我搞不清楚每个人扮演着怎么样的角色，以及周韵那条线想要表达的是什么。
不过，我依然觉得每个人都演技都很好，尤其是一起开会解释自己没有强奸那个女子的那场戏，我笑死!"
河北,最后一段足可成为经典
浙江,之前看的 极具喜剧化的电影
浙江,暴力和反转，人性和选择，好看的电影都是经得起推敲的。
山西,经典，有很多暗喻
河北,花钱捐得县长的马邦德（葛优 饰）携妻（刘嘉玲 饰）及随从走马上任。途经南国某地，遭劫匪张麻子（姜文 饰）一伙伏击，随从尽死，只夫妻二人侥幸活命。马为保命
安徽,台词挺有意思的，但着实不是我的菜
江苏,我喜欢每一帧都能解读出东西来的电影。等看过导演自己写的书后再来更好地评价它吧。
湖北,好看，永远的经典，加油加油加油加油加油加油加油，多出作品
四川,不错
江苏,姜文，牛b！
重庆,这阵容真牛啊
河北,牧之，关键在一个牧字。
海南,好看
上海,突然看经典
广东,喜剧就服葛优
广西,好电影也不影响我吐槽一句女性角色过于扁平、性化。想写家国大义，又只写男人的家国，女性角色全躺在床榻上，那看来也没有多家国。
辽宁,童年阴影
广东,全员演技在线。剧情也好。
新疆,不错的 暗指很多啊
河南,精彩纷呈
吉林,姜文：更适合中国宝宝体质的昆汀
重庆,只能说，经典不愧是经典，值得n刷，讽刺+干脆利落，人物形象都特别到位。官不像官，匪不像匪，正如没人会相信，张麻子会叫一个牧之的名。
浙江,痛苦
湖北,仅次于诺兰的商业和文艺的完美结合。
重庆,补
中国香港,一场轰轰烈烈，吵吵闹闹，幽默诙谐的英雄主义
陕西,院线上映的时候就去电影院看了，回想起来，可以说一个字都没看明白！多年过去，一句“站着把钱赚了”又让我萌生重温的念头，并且觉得现在应该能看懂一些了。果然，至少看得进去了，有很多台词也知道在说啥了。也许下次，再看一遍，又能有更深的体会。
河南,马为保命，谎称自己是县长的汤 师爷。为汤师爷许下的财富所动，张麻子摇身一变化身县长，带着手下赶赴鹅城上任。有道是天高皇帝远，鹅城地处偏僻，
广东,中上
上海,借用三国里曹操的话，听你说话（台词），如饮美酒
山东,精彩，紧凑，又酷的不行，让子弹飞一会！
湖北,好看，太绝了！！！！
湖北,很绝的剧情
江苏,似懂非懂，不会评价。影片想传达的内容很多，但能感觉到台词有梗，剧情有趣，演员给力，怎么不算一部好电影呢。
广东,每句台词都是梗
安徽,看了三遍，真的太绝了！
湖北,太疯了
湖北,神剧！
