,"只说实话：1、片长太长，对观众非常不友好。战争戏完全可以减少，士兵互相闹着玩的戏完全可以删减一部分，三个小时的电影，都开始两个小时了，才出发到长津湖；2、万里这个角色很不讨喜。明白导演想让观众看到一个小男孩成长为一个战士的蜕变，但是放在那样的战争环境下，两次三番耍性子，太过胡闹；3、再现神片段。敌我坦克射出的炮弹空中对撞，这概率估计不会很大；4、电脑特效出戏。电影刚开始就抠图，后面战争场面的特效也是显得很粗糙，说真的，如此重要的一部影片确最终呈现出来时这个效果，还是很意外的。以上是看完电影后我个人的一点观后感，不喜勿喷。"
,那些牺牲在冰雪中的战士，不应该被遗忘
,篇幅可以删减一半。
,和《中国医生》一样，令人敬仰的是事件或历史本身，而不是电影。
,小村庄夜战那段简直了，一看就是林超贤导演的手笔。炮兵、狙击手、机关枪手，扔手雷、近身肉搏，安排得环环相扣，节奏太好了。易烊千玺的扮相和特写也很精彩，没想到这么豁得出去。最后美军发现冻僵的志愿军尸体那里，虽然读书的时候看过这个情节，但还是被戳到了。
,"人物情感突如其来，没有任何铺垫的悲伤真的很难让人入戏。
镜头剪辑细碎，你不知道这是多线叙事还是单线，突然插入的很多镜头跟主线剧情毫无关系。
动作戏太差，陈凯歌加徐克加林超贤三大导演化身迈克尔•贝，轰轰轰不停的炸。
浮夸的台词被油腻的演法端上了天。
镜头调度毫无美感。感觉又是一部政治任务片。
红海行动还是这几年最佳战争片。"
,人物，从正派到反派，全都是脸谱化的、功能性的。北极熊团的boss，全程一副我不知道自己是谁、我不知道自己在哪里、我不知道自己该干什么的表情。四字版伍万里一眼看去就是个（20）00后时代少年，像是来参加沉浸式主题教育的。主人公依然对战争不会产生一丝质疑。战争也依然不会对主人公的心理健康产生一丝影响。特效塑料感极强，部分大场景，真实感还不如《冰雪奇缘》。情节稀碎，主要靠铺得满满的爆炸音效和背景音乐吸引注意力。没想到国内战争片的天花板居然是拍喜剧出身的冯小刚导演。《集结号》和《芳华》虽然由于可以理解的原因存在这样那样的暧昧和局限，起码塑造的主人公都是有血有肉真实可感的，具有一定的人性深度。陈凯歌导演不该是这个水平，希望他能拿出写《少年凯歌》的真诚来拍战争片，以更好地铭记历史、缅怀先烈。
,场面拍得挺好，但总觉得少了点什么。
,我觉得下次别设置这种任性小孩形象了，战争不是儿戏。
,我看见那句为抗美援朝战争的胜利打下了基础的时候，突然的意识到教科书上这样古板的文字，背后的意义实在太沉重太深刻了。
,你说它没剧情吧，但战争就是这样打打停停然后继续推塔，就是这样的残酷和枯燥。然而这是一部电影啊，这也太平了吧，在战火的轰鸣中平铺直叙，毫无讲故事的技巧可言，像一部没有详略安排的流水账，情节还碎。人物群像塑造得也粗糙、浮于表面，大部分角色几乎可以套用到任何战争片里。镜头语言一般，能留下深刻印象的镜头寥寥无几，是我苛求商业片的艺术性了。三小时太长了，某些部分情节内核相似度太高，特别是后半部，还有一些碎片情节莫名其妙，有割裂剧情的，有情感推不到位靠回忆来强推的，依然是剧本的问题，而且什么都想放上去，就容易样样落个蜻蜓点水。这样一个催泪题材都没让我暴哭，导演也是属实厉害。另外这是这些年来我见过的解说字幕最多的电影。后来一看导演有谁，哦，明白了。
,只感受到了林超贤拉满的肾上腺素，但确定要在电影院里坐3个小时吗？
,去看了点映，值得票价，三个小时看下来还好，一直战争戏容易麻痹双眼，但是也刺激。我不喜欢红海因为没有对人物的刻画，很可惜，长津湖也没有这种类似的刻画，换句话说文戏很少也就那样。另外我认为这部电影可以分为好几幕镜头，到最后的一个小时才算长津湖，我觉得结局真的潦草，可能有第二部吧。总体看下来比八佰金刚川好看，但是我不认为这只是一个三小时史诗大作该有的表现，理应能更好。
,点映观影，场面非常震撼，摄影很有新意。不得不说四字弟弟的表现我个人很满意很惊艳，在电影中他不是偶像他就是那个敢拼敢打像只小兽莽撞向前的伍万里。
,万里一个新兵在枪林弹雨里穿梭毫发无伤 难免让人觉得主角光环强大
,沂蒙山小调一出，仿佛回到了很多年我的家乡，山东省临沂市沂水县下虎峪村，我在听外公讲他抗战时候的故事。他总是说，战场上枪林弹雨，而他的头里一直有一块炮弹弹片，他的耳朵有一只听不见，但他说，比起战友，已经是最幸运的人。
,该夸的也夸了，透过这一部片子来谈谈文艺背后的症候。无论是多位导演联合执导的局面，还是对其散乱冗的批评，都不只是这一部影片展出现的问题，而是近几年类型片的通病。回到文艺发展史本身，依旧是“革命礼乐”与“礼乐革命”发生了转轨与变调。从配乐来看，两个半小时的影片塞下了近十条音乐动机显然是过于满了，配合上大量的战争镜头造成了感官的疲惫，也类似于戏剧的“音墙”干扰了演员的唱词。而这背后体现的正是好莱坞大片的叙事模式（中途岛战役）与样板戏类型产生的冲突。例如进攻动机的使用，军号旋律之后紧跟着一长串交响其实是不太合适的，这正是某种创作困局的隐喻。希望导演们能够结合好“花部”与“雅部”，形成新的主旋律类型。
,电影毫无结构 段落化太明显 对剧情没有帮助的打斗戏太多 体验非常差。关键角色的口音不符合人设 吴京和千玺都是湖州兄弟 可是一口京腔。很多片段是音乐先行 剧情还没到高潮 音乐就已经拉满 煽情煽到恶心
,CG做得实在一言难尽；大部分战斗戏又黑又晃，如果是3D估计得看吐，幸好不是；故事线剪辑穿插问题很大，兄弟俩拍着拍着就虎头蛇尾了，要不是知道有第二部，这结尾能被骂死，既然要做第二部其实欧豪也可以放在第二部没必要先拿出来；七连第一场支援战太抢戏，把所有紧张情绪一次性宣泄出来了，导致最后大战调动不了观影情绪，有点喧宾夺主。但除了这些，也没啥缺点了，通篇设计很紧凑，三个小时的时长看得意犹未尽，希望第二部赶紧定档！
,“我们不打，下一代就得打”
,"先看1950他们正年轻，再看长津湖，一边是听觉上听老兵们谈抗美援朝，一边是视觉上重现他们的过往，不得不说，都是非常非常值得观看的电影。

长津湖，吴京yyds！易洋千玺未来之星！
胡军，朱亚文，为什么可以这么好啊！
我觉得不得不说是李晨对比起来真的很糟糕啊，演技台词都不在线！

最直观的感受是，我决定不过圣诞节了，从前我觉得和平年代百花齐放，过过节也没什么，现在我觉得不是的，历史教育任重道远，我不愿意傻呵呵地替别人庆祝胜利，我有什么资格去替别人高兴？

我们的战士们在条件如此艰苦的情况下仍然浴血奋战，那些不是数字，都是人命，是我们有今天幸福生活所牺牲的人们啊！我们这么能不知道啊！怎么能忘记啊！！！"
,感人的是历史，是献身的人民。电影拍的实在一般。这么大制作，能不能把有的布景做的真实一点。
,中国所有的主旋律电影就是有个弊端，剧情太差，场景换来换去，节奏很乱，根本没有剧情主线，看完都不知道在讲啥。看中国医生的时候也是这种感觉，整个电影将描绘的很宏大，音乐很庄重，但是讲的东西乱七八糟，什么都挑一点讲，最后什么都没讲。 不要总是挑这些历史事迹卖弄情怀，以为只要拍历史战争片再加些老戏骨就是好电影了，不是说不能拍，要拍就好好的，细细的琢磨，专研剧本和剧情。
,一如既往的套路…民族情绪煽动真的ok…fine…观影的时候一直在思考：第一，无谓牺牲是否存在？第二，历史战争题材电影在刻画敌军形象时，那些可憎、傲慢、戏谑模样是否已成刻板印象，是拍出群众喜闻乐见的主色调，还是更侧重历史的真实性还原性（真实会传达给民众吗）。第三，对比中美军队处境，一边吃着火鸡喜迎圣诞，一边薄棉严寒磕掉牙的土豆。可先进、强大、后勤保障能力强有错吗？这样对比又想渲染什么？回家路上我想明白了第三点：强大并无过错，但其作用在于保护与发展，是人类文明进程中的必然。杀戮、掠夺、侵占才是恶，而用强大实力去浇灌恶的生长，就是敌军所做之事，也是先辈们以血肉奋力抗争之事。
,想的太多，拍得太散。人工雕刻痕迹过重。
,这不是电影，谢谢。
,看了点映，有笑有泪才是最刀的😭先说战争场面，真的巨牛逼！！！和美军正面刚真的看的我脚趾抓地（紧张的）美军和我们志愿军的装备差别大概是三级头和还没捡到头盔的差别🥲 真的看了才能体会到志愿军们的伟大。整部电影胡军老师的那一段我真的要哭疯了，胡老师有一句催泪台词大家可以期待一下。志愿军们除了在战场上是英勇无畏的英雄，在战场下也是一个个鲜活而可爱的人啊😭最喜欢打开火车车门那一幕，万里河山的美好出现在眼前😭😭我们为何在这里，为的就是守护这般美好的祖国，为的就是我们下一代的生活不再战火纷飞。
,（写在前面：我不知道为什么会有人觉得不过3个小时的电影有点长？如此惨烈的战役，革命先辈用鲜血和生命换来的和平，你只看了3个小时就觉得长？）从电影视角来说，可能没有那么完美，但因为是讲述革命先辈，所以我一定要给五星。没有特别煽情，看有的人说一些他们打打闹闹的片段可以删减，我想说，战士也是人，他们是活生生的人，他们有老兵，有十几岁的孩子，如此艰苦的的岁月里，他们可能就是靠这些打打闹闹来缓解战争的残酷和失去队友的悲痛情绪。这才是一支充满希望的队伍，能打胜仗的队伍。永远向这些革命先烈致敬，愿世界再无战争。
,"看了点映，第七穿插连的故事有血有肉有笑有泪，很是动人。其中恢宏大场面相当有气势，虽然制作时间紧但特效超级震撼。祖国大好河山壮丽风景穿插其中也很是漂亮。另外各位演员让我在这三小时里完全忘了他们是谁，在我眼里就是角色本身，伍万里的成长线和哥哥、雷爹的情感线都让我几度哽咽。让我印象&#39;最深的是胡军和朱亚文太出彩了。大家演技都在线看的过瘾。

        说实话之前并不了解这段历史，看了这部影片才知道先辈们面对战争的残忍，洒血刚毅前行，用他们的生命才换来今天的和平安康，致敬这些最可爱的人，愿如今繁华盛世，如你所想。"
,可能因为知道结局吧，全片最难过的居然是开头所有战士排队上火车准备去前线的片段，奇奇怪怪的点。
,长津湖一战我军有四万多的伤亡，其中有三万多人是冻伤的，冻死的有四千多人，有几个连队甚至都在阵地上被活活冻死。这个伤亡和我们的后勤准备不足有关。当时参加长津湖战役的志愿军部队是宋时轮将军的第九兵团，之前是一直驻扎在南方准备攻台的部队，又因为提前入朝，没有准备过冬的衣服。当时为了达到出其不意的效果，放弃了后勤补给，千里突袭，才造成了这么大的伤亡。不过我们也完成了战略目标 打退了美军。美军陆战一师是美军的王牌部队，全歼太难了，全歼了一个整编团已经很好了。无论如何，还是向这些保卫国家的革命先烈们致敬。
,这拍的是动作片…美军除了空军，陆军就是屑。无语，真当抗美神剧在拍。不少画面甚至没制作完成，色调都没统一。战争场面又多又长。完全没有轻重设计。中国就没导演会拍战争戏吗？再，北方人演南方人能不能认真点，一口北方强调不说行为也完全看不出南方人
,“《长津湖》最好的彩蛋，便是今日繁荣昌盛的祖国”
,我就知道，肯定会有很多大能耐打着低分再写段“专业”的影评，然后心满意足的想“我可真牛逼！”
,卧槽尼玛的美国鬼子
,越长大越感慨，别说当时的美军想不到，现代人更想不到，在没有制空权的情况下，在补给、装备远远落后的情况下，中国军队打赢了抗日战争，打赢了抗美援朝战争，打赢了一切对外正义战争。
,前天刚看过《长津湖》，回来和家人聊了好久。我家有两位志愿军战士，一位是我的爷爷，他是朝鲜战场上的战斗英雄，归来后又上过越南战场，一直当到团长，载誉归来。另一位是我姥爷的哥哥，18岁就牺牲在了朝鲜战场上…就在前几年我的家人们还奔赴千里外祭奠了先人…每一位志愿军战士都不该被忘记，历史更应值得我们每个人铭记。
,令人敬仰的是事件或历史本身，是人民志愿军，而不是电影.
,"以前一直不理解为什么他们宁愿放弃生命也要追求胜利，后来慢慢明白了，他们的背后是人民，他们的心中有信仰，他们敢于面对第一强国发起冲锋，只为建设自己理想的国家。
我们是被发现了吗
不，我们要冲锋了"
,国内战争题材电影质感越来越好，但反战的视角却越来越模糊。环測周边观众各个激情澎湃，热情高涨，似乎参战，速缴匪敌成为影后幻想。纵观同类型题材拯救大兵，辛德勒等，都表达一个观点：不打了，不想打，我想回家等。所以还是有一点点的担忧。
,"「当初拍摄时间不够，一场修桥拍了三回，这次我们时间多了，再也不用一场戏拍三回了！」

一般般吧，看下来挺累的，感觉无论是陈凯歌还是徐克拍完全片都应该会有更好的呈现，林超贤那段就……算了，几乎整整一小时毫无呼吸感的红海式大尺度杂乱动作戏，刚开始是有点刺激，但看着看着感觉都成白噪音了，甚至犯困……

陈凯歌的部分主要问题在于事多，在已经严重不连戏的情况下，依然拍得很赶，依然有很多JGDY似的跳跃，但是也贡献了本片最好的几个名场面（就是剪进预告的那几场）；徐克的部分中规中矩，至少没有林超贤那么乱，也有张弛…

本来看到选角是期待做成纯个体视角的，结果没想到预告一上来就高层会议了，要这么多，结果还弄了一个小时给林超贤拍无意义的信号塔攻防战，唉………"
,为什么到现在了，这么大的制作，画面还是满满的塑料感，台词硬得像学生作文？
,事无巨细的开头，仓促升华的结尾。人物算是立住了，但追到最后他们的命运全无交代，甚至不知道究竟是生是死，简直让人一口气上不来。或许不该找三个人来导演。
,好看就完事了🐶
,时长太长了，想看高潮部分等了好久。可能是时长的原因，节奏可以紧凑一点。
,好片子，剪坏了。
,又臭又长，根本不能算是电影
,"挺好，前2/3很惊喜，文戏武戏都到位
。没有强行反战反思，没有过于个人英雄主义，拍出了我们正义之师的精气神！但是压轴的长津湖之战反而流于程式化了，唉……"
,"感谢影协点映，
完美诠释了什么是最可爱的人！"
,王树增的纪实小说《朝鲜战争》读过好几遍，其他的相关纪录片也看过不少。打得一拳开，免得百拳来，71年前，240多万年轻的中国人民志愿军将士保家卫国，慷慨赴朝。这一段谜一般的波澜壮阔的历史深深吸引着我。电影《长津湖》是久久期盼的一场电影，我看得热血沸腾，非常感动：零下40度气温的盖马高原战场，美军有极地型驼绒防寒大衣和鸭绒睡袋、有肉和菜，冰天雪地里的志愿军战士身上只穿着单薄的棉衣，只有一颗冻得如石头一般坚硬的土豆，拼命还得受冻挨饿！他们是最可爱的人，就是在这样极端严酷的条件下，他们打出了钢少气多的志愿军气概，打出了军威国威。致敬中国人民志愿军将士！
,拉满期待值去看的，失望而归。能否不要急于求成，能否少做营销，能否把钱花在刀刃上。看过电影后居然觉得抗美援朝赢的还挺容易？？？！！！以后陈凯歌要成为避雷神器了。
,没想到自己看战争片也可以如此入神，千里阻止万里枪杀美军基地指挥官时，严重破防了，这就是中国军人，这就是中国之魂，仁之本位，今日份思想觉悟get！
,有多久没看到兰晓龙的编剧作品就有多期待《长津湖》，真的完全出乎意料的满意！整体故事相当完整，每个角色的线都很丰满。伍千里，伍万里，余从戎，谈子为，梅生，雷睢生，平河……少见的战争片能让我记住每个角色的名字，既文雅又饱含着期待和寓意。而且演员与角色契合度堪称完美，从不同角度呈现了他们为什么是最可爱的人，把一个连队的生命力表现得淋漓尽致。最让人关注的战争场面，是实打实的震撼，战场身临其境的特效超级棒，三个导演有在互相补足，贡献了超强搭配。IMAX首选，萎靡了一年的电影院，终于要迎来燃炸的国庆档！
,没看会后悔 三个小时一点也不长 群像很好人物立体 很震撼
,让我感动的不是演员，而是我联想到在几十年前有这么一群平凡而伟大的人为了我们的国家和下一代去浴血奋战，就会很感动。一想到他们牺牲在异国，就会格外心疼
,真的全程无尿点！规模之大，场面之震撼，到处都能激起属于中国人的感情共鸣。我们的志愿军在敌我悬殊如此大的情况下，仍然打了胜仗，不易可想而知。每位演员都演技在线，尤其易烊千玺，竟然觉得有演喜剧的天赋，好多笑点来自他，四字弟弟很棒很厉害！胡军的表演这次印章也很深刻。作为山东人，沂蒙山小调一出，真的破防了。总之强烈推荐国庆节去看，铭记历史
,说实话看到陈凯歌，心已经凉了一半，再看到那个爆炸场面和转360度扔手榴弹的动作，另外一半心也凉了.... 哎，什么时候才能看到一部真正好看的抗美援朝片子。。
,看过点映之后心潮澎湃，写了篇长评，结果告诉我不符合社区指导原则，到现在也没审核出来，行叭。电影把志愿军战士为了祖国和人民的利益与尊严而奋不顾身的爱国主义精神，英勇顽强、舍生忘死的革命英雄主义精神，不畏艰难困苦、始终保持高昂士气的革命乐观主义精神展现得淋漓尽致，没有强上价值观，没有喊口号，没有硬煽情，只是把我们国家为什么做出“抗美援朝”的决策、我们的志愿军战士进行了怎样艰苦卓绝的浴血奋战如实地展现了出来。文戏是真的好，尤其是伍万里拉开火车门，看到巍峨长城，山川壮丽，真的是直击人心，一下子就明白了我们为什么要抗美援朝保家卫国。陈凯歌不愧是去竞选奥运开幕式导演能朗诵《闻官军收河南河北》的人，搞情怀还是有一套。
,开头特效直接看傻眼 剧情碎得我直接懵逼 结尾看完到泪点 三个小时 哭不出来  吴京是中国人的大男主吗？ 三位拍得这么烂对得起抗美援朝志愿军吗？ 胡军 段奕宏 演技太牛 yyqx的角色存在的意义是什么？必须要每一个片都有成长的历程吗？这还是战争片？
,从火车出逃的隐蔽戏和第一场村庄支援战太棒了，盖过了后半段的总进攻。整体而言，就特别博纳——主旋律，老面孔，秃如其来的口号式台词，虽迟但到的煽情，不过这次的惊喜角色是胡军饰演的雷爹。一场艰苦而伟大的胜利，来之不易的幸福。
,"冗长而又充斥着枪炮爆炸的战斗对观众太不友好了，根本就看不明白几个小段的战术目标是啥就切来切去。特效和爆炸除了开头的舰炮齐射外真的称不上大制作，果然预告片只选最好的一段是吗😂。几段战斗给人的感觉还是和知乎上说得一样，导演都想不明白为什么能赢，就只能拍成几个战士超强的个人能力和人海战术一冲就完了，还是得要有真的会打仗的人来监制啊。全片整体上就只表现了一场战役和简陋的中共高层讨论(毛主席一拍板就完了)，根本就没涉及到中美苏的三国博弈和朝战全过程的形势变化，归根结底还是一部赞美解放军战士作风优良处境艰难但有信仰加持从而战胜强大敌人的老调重弹，很难让人有深刻的感触啊。
(结尾的一幕颇有些邓艾偷渡阴平结果撞见诸葛亮废弃的营寨的味道，就有一种小农/天朝的智慧终究还是胜过洋鬼子的感觉，有些小家子气了。"
,非常好看的影片，里面的人物生动感人，70年前的战争更会比演绎的更惨烈，片子里时时说为了后辈不打这场仗，所以我们一定要打，面对外敌入侵只有战场才能赢回尊严，我们是幸福的一代人希望能有更多的观众走进影院观看，希望记住那段历史更加珍惜美好的时光……更加感知今天的幸福生活
,外公参加过长津湖战役，看到了外公的影子，那场战役能够活下来已经很难了。战争镜头真好看
,万里这个角色，有点儿牵强，还是感觉加入这个角色是为了电影市场和流量，在整体故事线中，真可有可无，没那么重要；三个小时的电影，总体来说，还是蛮紧凑的，节奏把控不错，最喜欢胡军饰演的“雷爹”这个角色，很真实！
,今天看了长津湖，有一句话特别触动，这一场仗我们不打，我们下一代就要打。我不说别人，就我自己，不能想象，如果现在的时代是战乱的年代，会如何？不能想，也想不出来。战士他们的想法好简单，也很实在，就是因为我的家乡会收到侵犯，得之不易的幸福会被破坏，他们毅然而然离开家乡，奔赴战场，在零下三十四十的温度下，吃着冻土豆，隐蔽在冰天雪地里一动不动，有的人冻死冻伤，甚至都没有机会正面敌人。有一幕，敌军飞机监察，他们伪装成死尸，然而敌军两人十块钱的比试，导致他们被扫射，他们受伤了也一动不动，生怕动了连累其他同志，这是多大的意志和信仰。他们都是英雄，是最可爱的人。
,虽然有些不如人意的地方。但就凭这个题材。他就值五星
,想讲的太多，结果是一个也没讲好。剪辑混乱 ，特效低廉，情感线离谱，陈凯歌你还是把我对于你那点仅有的尊敬败光了。
,"兰晓龙没让人失望！此片是中国电影工业的一大进步，三位导演，各把自我风格发挥出来了，突出的是陈凯歌的诗意景象，江村渔火，万里长城，还有在火车内对人物性格的展现，颇有大师之风范；徐克的动作美学,林超贤的军事戏，做的也非常具有观赏性。此片的剧作也是主旋律电影的一大进步，宏观命题与微观情绪的并存，小人物团体为主角，真是把好莱坞的优点算是学过来了，这点兰晓龙功居其首。当然，影片也有很多不足之处（个人认为黄建新让兰晓龙做了妥协）：家国生存与个人生存融合地不好、志愿军精神以及战争残酷性表达地不充分；宏观戏过多，导致人物性格没立足；结尾处理太差；特效一般，音乐铺的过满，三个导演的风格不是很统一。"
,13亿的大制作，结果开头的特效假的直接让人出戏。。。
,"电影的整体水平我觉得在介于《八佰》和《红海》之间，算是很有诚意的战争大片。
故事背景交代的还挺清楚，对于不了解抗美援朝战争的观众很友好。
战争场景很真实宏大，有三场大型的战役刻画的很鲜明和残酷，画面的推进很震撼，虽然不是3D的，片子所呈现出的立体感，完全可以做到沉浸式观影。
人物塑造每个角色都很鲜明，起码是立体的，不像《中国医生》人物都是扁平化。四字弟弟从初入军队到最后的结尾，有很清晰的成长线。吴京就还是《战狼》那样，胡军和朱亚文正常发挥，李晨再一次证明了不会演戏，让我特别惊喜的是韩东君竟然是有演技的，他可以走欧豪那种路线哎，其他角色基本都是工具人，没啥可说的。
没有想到一个战争片笑点竟然很多，突然就有那么一下子打破了战争压抑的氛围。
缺点就是文戏和战争戏有割裂感，这也是联合导演造成的通病，"
,没有我想象中好看吧，也有可能是想通过一些轻松幽默的场面化解战争的苦痛？感觉更像是贺岁片（不知道该用什么词）
,刚入朝在干河坝的石头那场戏我紧张得差点窒息了
,很失望，煽情部分太多，剧情有点混乱，有些地方特效一般般，提前离场了。
,连工业水准也很差。全片有一个好镜头，打开车门，对面的火车驶过，后面是长城，超越本身叙事的美感
,3.5 开头到第一次正面交战这里 我觉得整体节奏都非常流畅  后面就开始拖沓了  雷排长牺牲那段 有点过于煽情 反而没那么令人动容 
,"这要是历史纪录片，还原的有滋有味。
这要是一部描述战争的电影，我只能说看了等于没看。"
,认真安利《长津湖》，特别被电影所传达的信仰所打动，有场面、有故事、有力量！ 每个演员的表演都很有穿透力，其中印象最深的是胡军饰演的如此硬汉形象的雷公，在奄奄一息的时候说：“你们别把我一个人就在这，我不想死啊，我好疼啊。”眼泪止不住的流，再一往无前的战士，本质也是跟我们一样的普通人，他也会疼也会怕死，但还是义无反顾的保护战友、保护国家
,个十百千万，千千万！山河无恙，致敬我们最可爱的人！三大导演齐上阵，各有千秋，但影片整体效果呈现得不错又和谐，叙事完整、节奏流畅、有血有肉，看三个小时没问题。瑕不掩瑜，这应该是目前战争片里最好看的一部了，镜头画面真挚，没有什么冗余部分，甚至还想延长些补充完整点。第六百七十七名！加油！
,"中国第一部史诗级战争片（真正的！）投资十三亿，三大导演陈凯歌、徐克、林超贤，顶级领衔主演吴京、易烊千玺，《长津湖》值得如此阵容！"
,太震撼了，太值票价了，画面和特效真的惊得我无以复加，七连的插科打诨，一起作战，每次美军空袭的画面都会震惊的我无以复加，也深刻认识到，从装备到作战人员，志愿军和美军的差距，也看到了志愿军的万众一心与众志成城，看完了，我真的可以看到导演和演员对这部电影的用心，从声乐，从画面，从特效，只能用震撼来说明，绝对是我看过最震撼的战争片。说完了优点，还是要说一点缺点，凯子哥，你的画面确实一如既往的美，但是你确实是给超贤导演和徐克导演拖后腿了，后半段的文戏水到渠成和战争画面融合的很好，但是前半段的文戏有时候我真的有点一头雾水，抒情来的莫名其妙，好在后面强大的战争画面和特效立住了抒情的前提。总之，绝对值得票价，也绝对值得去看，凯子哥的瑕疵不值一提
,好几个画面还是感动的湿了，几个演员都演得挺好。总体有个感受，不管拍的如何，只要实打实把资源砸进去，这么波澜壮阔的朝鲜战争，如此有现实教育意义的一次胜利，拍他十部八部都不为过。人老美打输的战争拍的都比这多，舆论宣传的阵地要勇敢的抢滩登陆！
,特效是几毛钱，演技也不够，故事更是没讲好，大制作大投资挟爱国主义公器以私用，对不起志愿军战士们。
,没想过他能完全还原史实，因为不可能。只论影片质量，打的很激烈，但大场景太绿幕了，一眼假。人物塑造也逃脱不了英雄气概的脸谱化，我给两星半
,直接比喻成：中国男篮和美国男篮打至平手，加时赛最后体力不支，阵容厚度不佳，小比分惜败的即视感。美国男篮此战过后，从此再也不会小瞧中国男篮…
,没有金刚川那么能代入情绪，不过胡军演的真好，摸着鼻子和脖子里流出的血的害怕的表情，小人物就是应该怕死然后有些事情又必须要去做，这样才够真实。吴京中规中矩，段奕宏也是。我想不明白为何非要用人命去堆出战争的胜利，确实在装备大幅度落后的情况下就得靠意志，但是他们自己就真的愿意牺牲吗？有没有别的途径呢？不得而知。那个年代，又感人又悲壮又无奈。
,电影太震撼了，真实还原了长津湖战争的过程，展现了最可爱的战士们朴实又坚韧的精神。易烊千玺又一次挑战自己，虽然有一点之前的影子，不过很好的诠释了这个人物，通过这个孩子成长的过程，侧面反映了战争的残酷无情。胡军这次演绎雷爹很丰满，最后太好哭了，这么可爱的人居然还是牺牲了。电影很棒，具有史诗级的作品，国产的战争片又有了很大的进步。
,虽是主旋律，但惊喜连连。印象最深刻的是，在战士的眼中看到了害怕。
,《论卡轴的战略重要性》《丰碑》。和一群这个时代的人一起在杜比全景声厅里泪流满面。为了下一代远离硝烟，英雄们把热血融进疆土，这个故事是悲壮的离歌，更是燃烧的史诗。观影完毕久久不能平静，看完片尾字幕听完片尾曲后就是志愿军军歌，真的有种大银幕连接了两个时空的感觉，很触动。还有就是，群像做得非常好，长城那段画面是高光之一，多美的国土，值得为之而战。
,战争片的宏大被展现的淋漓尽致，所有人物都有很好的刻画，尤其是易烊千玺饰演的万里拥有完整的成长线，他也完美演绎出了万里经过残酷的战争后，从少年到成熟，从江边野孩子变成了一个真正的兵的过程！片中祖国河山的部分超级美，应该是凯歌导演拍的，为了这大好河山我们必须打这场仗！看完后不夸张的说，《长津湖》是我看过的战争片中拍的最好的！也是为数不多拍摄抗美援朝的电影！伟大的志愿军们，永远是最可爱的人！
,这是一段值得所有中国人铭记的历史。开头就有汹涌的泪水夺眶而出，他们是最可爱的人！作为一部战争片，私以为《长津湖》是可以比得上《血战钢锯岭》的了。
,是电影长津湖，不是历史长津湖
,如果这都不算是一流战争片，什么才算？感动中看完！
,今天来看了长津湖，有些感受，不涉及剧情的透漏，因此写下来。电影中给我两个感受颇深的点。第一点，圣诞节那天，中国军队和美国军队伙食的巨大反差，让人真的心疼我国志愿军，但丝毫不影响他们作战和快乐的心情，所以优越的物质条件并不是决定成败的根本因素，有时候人的意志才是。第二点，不知道大家对于我国从朝鲜运回烈士遗骸有何感受。但这次我深切感受到运回烈士遗骸的必要性。这些烈士在他们那个时代，也有精彩的人生，但他们为了祖国，去异国他乡战斗，为国捐躯，献出自己宝贵和本该精彩的人生，后人真的应该永远铭记他们，把他们遗骸送回祖国大地也是后代子孙应该做的，他们值得，这也是我们对历史做出贡献的人的尊重，是跨越时空的尊重。
,我知道，所有的战争都是惨烈的，但一直以来，我所感知的“惨烈”都是不可名状的。《长津湖》最大程度还原了抗美援朝战争的真实情境，其中多处战争场面令人心惊、令人震撼、令人悲痛。战场把人变成鬼。开着战斗机的美国大兵，对着“死尸”扫射，只是为了打发时间、做个无聊赌约。活着的时候是侩子手，死去之后又是鞭尸人。与天斗是为了与人斗。零下40℃的极寒天气，隐藏在大大小小谷壑中的中国军人，他们和老天爷对抗着，只为同意欲抢夺祖国疆土的美国士兵较量。没有打不死的英雄。资本主义的战争遍地是杀人机器，而我们只有一波又一波的血肉之躯。坦克、迫击炮、火箭筒，在枪林弹雨里，我们能用的武器太少也太小。上了战场的都是英雄，但他们却不是打不死的。电影只是历史的一个缩影，背后的惨烈不敢想象。新中国来之不易！致敬中国军人！
,近两年从金刚川，到1950，到长津湖。这次感触最深。外公也是19岁上的现场，也会怕疼，也会调皮，也会想家。
,"“你为什么会来朝鲜打仗?”这个问题处理的很好，陈凯歌用突然出现的万里河山，就让观众和伍万里一起受到了情感冲击，把整一场冲突用非常自然又动人的方式收尾了。

不得不说陈凯歌很绝🤙🤙🤙

第七穿插连的前期群像太棒了，但是后面的结局有点草率了。其他支线就不做评论了"
,和我爸一起看的，开始时他突然靠过来说：你爷爷曾经参加过抗美援朝，也是第二批入朝的。
,"画面出现在感恩节，我军战士只能躲在冰冷雪山沟里啃冻的邦邦硬硌掉牙的土豆时，万恶的美军却在温暖的阵地里开快乐而酒肉满足的派对。这个前后画面对比异常强烈。
这就是长津湖战役，我们的先辈与当时美军各方面的悬殊差距，看到雷爸喊疼说不要留下他自己最后死去的片段时，更深刻的感受了什么是前仆后继，电影或精彩或激烈或好笑的片段很多，但让我始终紧张和恐慌的，是那未休止的枪炮声和美军飞机的呜呜声，试想下我只是坐在影院里听声音就对炮弹爆炸、美机不时的轰炸而惊慌和害怕，揪着的心从未放下，那当年那些踏上战场，真真切切面对战争的祖祖辈辈们又该有怎样怎样怎样我们想象不到的经历和感受。
我们活在他们希望的未来里，有什么理由不珍惜？
永怀感恩，感恩你们"
,"每一个志愿军都是值得我们记住和致敬的最可爱的人！易烊千玺就是伍万里，他就是我们的眼睛，带领我们去参与那段历史。
"
,长津湖，钢铁、勇气和信念的决战之地。残酷到双方都把它作为勇气和荣耀的代表。作为一部特定历史时期担负特定任务的中国电影，艺术层面的优劣可以商榷探讨；但在制作层面，无论好与不好，它都已经是当下中国电影的极限了。（了解部分后期制作的过程，只希望以后不要再去挑战这个极限了）
,和我爸一起看的，开始时他突然靠过来说：你爷爷曾经参加过抗美援朝，也是第二批入朝的。
,近两年从金刚川，到1950，到长津湖。这次感触最深。外公也是19岁上的现场，也会怕疼，也会调皮，也会想家。
,"画面出现在感恩节，我军战士只能躲在冰冷雪山沟里啃冻的邦邦硬硌掉牙的土豆时，万恶的美军却在温暖的阵地里开快乐而酒肉满足的派对。这个前后画面对比异常强烈。
这就是长津湖战役，我们的先辈与当时美军各方面的悬殊差距，看到雷爸喊疼说不要留下他自己最后死去的片段时，更深刻的感受了什么是前仆后继，电影或精彩或激烈或好笑的片段很多，但让我始终紧张和恐慌的，是那未休止的枪炮声和美军飞机的呜呜声，试想下我只是坐在影院里听声音就对炮弹爆炸、美机不时的轰炸而惊慌和害怕，揪着的心从未放下，那当年那些踏上战场，真真切切面对战争的祖祖辈辈们又该有怎样怎样怎样我们想象不到的经历和感受。
我们活在他们希望的未来里，有什么理由不珍惜？
永怀感恩，感恩你们"
,香港导演们，使命…没有必达。段奕宏表演最佳。
,"每一个志愿军都是值得我们记住和致敬的最可爱的人！易烊千玺就是伍万里，他就是我们的眼睛，带领我们去参与那段历史。
"
,林超贤所设计的部分 音乐很熟悉。不得不说林超贤对战争的把控很到位呀。
,战争场面震撼我妈，叹为观止，看完后好想哭，伍千里拿出那个记录牺牲的战士们的小本本的时候我真的哭到泪崩
,千玺棒棒的！！！视觉效果超赞！感觉跟《1950他们正年轻》搭一起看超好哭😭
,长津湖，钢铁、勇气和信念的决战之地。残酷到双方都把它作为勇气和荣耀的代表。作为一部特定历史时期担负特定任务的中国电影，艺术层面的优劣可以商榷探讨；但在制作层面，无论好与不好，它都已经是当下中国电影的极限了。（了解部分后期制作的过程，只希望以后不要再去挑战这个极限了）
,虽然不是五星的电影，但五星送给抗美援朝的战士们，唯有感恩和尊敬
,看过25日首映。感觉就是震撼感动！不剧透，大家都去看吧！我可以保证你看完觉得值回票价！千玺演的真好，年少有为👍👍
,只歌颂英勇而不反战的战争片不提倡看
,终于看到了心心念念，期待已久的长津湖。无论场面，音效和特效都特别的棒，把抗美援朝这段波澜壮观的历史很好的呈现在观众面前。“没有冻不死的英雄，也没有打不死的英雄，有的只是军人的荣耀”，“如果我们不打这一仗，我们的下一代就要打，我希望我们的下一代能生活在一个没有硝烟的世界”，一句句台词震撼人心，引起共鸣。感谢前人的牺牲付出，才换来没有硝烟的和平年代。
,2021国庆即将到来，刚才有盗梦组织带着看完在子弹横飞如雨般落下的战场长津湖电影，志愿军仍毫不退缩誓守疆土的模样让人无比感动。历史英雄的仗是为我们这一代以及日后的千万代人打的这场战役从未在好莱坞的战争类影片中被提及，所以这次由我们中国人把这段历史正式搬上大荧幕，让大众识我国军人无所畏惧的牺牲精神电影的每一位演员都透过精湛的演技，无一分钟不调动着观影人的情感。吴京老师的实力肯定是不容置疑的，因此大众的目光将聚焦到年轻演员易烊千玺身上。而他的表现绝对会让人赞不绝口、刮目相看。千玺把万里第一次上真枪实弹的战场，画面是极为震撼的，战场里的炮火连天绝对是中国电影之最，观众可以很好地融入在战场的激烈和残酷当中，甚至觉得自己就站在战场上。在国泰民安的时代，我们看着眼前的大好河山，珍惜一切来之不易的和平
,作为东北最北边的孩子最知道那种零下40度的天气有多冷，不夸张会冷到钻心和刺骨，那些被冻僵而牺牲的志愿军不应该被忘记，他们也是人民的英雄，和平年代来之不易，我们这一代太幸福了。（附一句主旋律电影拍成这样还是挺爱看的，虽然坐的腰疼 ：）
,"岂曰无声
山河既名"
,那几个外国人的台词真！的！很！差！！！
,接受爱国主义教育 但描写长津湖的战役拍摄的太匮乏了 还没有一开始炸通信塔那一段精彩 感觉重点有点没抓对  最煽情的地方莫过于胡军饰演的雷爹牺牲和冻死的战士们了吧
,"《长津湖》全片时长近3个小时，全篇都是讲战争，美帝主义万恶不赦。

攻占美军司令部后，吴京阻止易烊千玺朝美军官开最后一枪，展现了志愿军高尚的人道主义精神，片尾结束前，美国军队看到冻死的志愿军依然保留端正的卧姿，向他们肃然起敬，又变相展现了全世界军人面对战争的无奈。

但讲故事手法太生硬直白。没有《八佰》《敦刻尔克》让人深思，也没有《悬崖之上》扣人心弦，特别是最后欧豪客串的太突然，明显是来送人头。说是耗资13亿大制作，但顶多在特效上算是高配版《金刚川》。题材挺好，但编剧、剪辑还可以做到更好。

整部电影最大赢家是易烊千玺，又一次让人眼前一亮。"
,这导演绝了！陈凯歌＋徐克 演员也是实力派 都是有演技有拼劲的 电影值得一看
,样板戏吧
,剧情拖沓，煽情部分较多
,3.5 开头实在是太冗长了，结尾也没有落回吴京和易烊千玺身上，有头没尾。战争部分节奏紧张，两场大型的爆破对抗戏份有很多细节展现，中间缓冲过渡做得也比较明显，但就凸显出本来没几句台词，一说台词根本不是在角色对话，而是说给银幕外的第三者听的……或许等等第二部
,三星给演员的演技和配乐。接近三个小时的剧情太散碎，有些人物甚至都不怎么刻画就便当了，终究还是商业片。特效也太尬了，美国空军那部分蚌埠住了。唯一的惊喜就是音乐了，与大部分剧情相得益彰，更好的感染观众
,25号有幸看了点映，想了这么多天发现确实不知道怎么用语言正确的去描述自己的感受。（因为是个语言匮乏的人）抗美援朝战役是只存在在我脑子里一个词，而长津湖把抗美援朝立体化在我脑子里了。谁是最可爱的人？这部电影告诉了我们答案，他不是一个具体的人，而是我们的志愿军们。影片全程高能，战争场面很刺激宏伟，当然也打的很艰辛。（现实应该更残酷）影片结束的时候，全场观众自发的掌声，让我久久无法平息。
,史诗级战争片就需要大的投资，才能撑得起大的场面与史诗感，《长津湖》就是一部史诗级战争片，让人有一种置身战场的感觉，每颗子弹都仿佛从我身边划过，不自觉的为里面的演员咬紧了牙关，攥紧了拳头，每位演员都可圈可点，将当时中国人的军人气质展露无遗，虽然是战争片，但内核却有另一种反战的思想，这场仗我们为何而打，我们不得不抗美援朝；我们努力将仗打完了未来下一代甚至下下代就不用打仗了。
,战斗场面的紧张激烈，与战友间的逗趣温情交相呼应，平衡了电影节奏，三个小时丝毫不觉得冗长。吴京自身的军人气质与角色十分贴合，千玺诠释的灵动稚气少年，在战争背景下完成了蜕变与成长。角色各具特色，却令人对“七联”这个集体印象深刻。
,有这么一群人，他们不是一寸也没挪动过，却是生生克制住了摇晃，守住了自己内心的“阵地”。
,176分钟的历史回顾，场面应该是国产片至今最大的(至少是我看的电影里面是最壮观的)，事件叙述很清晰，人物特色很鲜明，没有以往看的战争电影的那种快节奏或者画面切换过多过乱。这样主旋律的电影请一年一部，当下的和平时光都是前人的牺牲换来的，铭记历史，壮大祖国，是对他们最好的报答。场外提醒，看电影前一定要少喝水和上厕所。可以的话，观影途中请别刷手机，既是对电影对历史的尊重，也是对旁人的尊重。
,很棒的作品，三小时一点也不觉得长，差点被douban上这些差评蒙蔽双眼，无论是我军细节，还是美军细节，都彰显了人性的可贵、对生命的尊重以及和平幸福的不易。
,国内投资最大电影，战争场面宏大，同时刻画了角色鲜明的人物，时长3小时，情节紧凑，参演人员众多，片尾人员字幕走了十分钟，没有彩蛋。看得出导演和演员投入了巨大的心力，可以作为战争片的教科书。几个不足的点，第一场战斗过于冗长，打了半了多小时，实际推动的剧情很少，使影片整体重心偏前。二是CG敷衍，细看都是没打磨的模型。电影精彩的主要原因是抗美援朝战争的残酷，实际上当年的战争远比电影展现的残酷，包括物资与美军的差距比电影展现的更大，战术甚至是自杀式的。结尾概括性地草草结束宣告肯定有续集，可能导演想在下一部展现近乎绝望的战场和更惨烈的牺牲。
,革命先烈永垂不朽！！！！！
,太平洋战争那部剧里，陆战一师的士兵们不理解为什么日本人要来排队进攻。九年后，陆战一师的新兵走了日本人的老路。三个小时冗长的剧情与战斗，晃来晃去的战斗镜头，假的不行的cg，堪称是折磨了。
,很合格的战争片，虽然长，但却非常紧凑，一直吸引人看下去。几场大的战场群像戏，非常复杂的场景调度做得很到位，兼顾了情节推动和人物刻画，且能够让人沉浸其中，如此多的镜头，却丝毫不感觉到乱。而在人物塑造上，每一个都有鲜明的个性，演员把人物演绎得真实可信，战友牺牲那场戏很动人。真实的长津湖战役是非常残酷的，战争无情，中国军队有保家卫国的正义感在，而美军战争只是战争，他们并不为保卫国土而战，双方心态是相当不同的。本片对于美军，也没有刻意丑化和妖魔化，这点也难得。
,其实陈凯歌拍的电影只有两星，三个小时的电影拍的支离破碎。另外两星是中国人民志愿军加成。最可爱的人！
,好拖沓，在看得昏昏欲睡的时候就来一阵枪林弹雨，跟朋友吐槽看完我就得聋了晚上做梦估计都是枪声😓时长太长坐到最后腰酸背痛还头疼到泪点就哭不出来了已经
,"长津湖真的！！！！！
我要好好珍惜现在的安定，可以想象当时肯定比电影还要难很多倍。谢谢先辈们！四字弟弟真的是靠谱的演员，起码还没电影让我失望过。尤其小红花我电影院刷了四遍，手机看了两遍。打算二刷长津湖！三个小时远远不够！！！！ "
,"三个导演各拍一部分，没有整合好。想展现的线太多，宏观线没有讲清楚，微观各线之间没有很好的联系，看的有点一头雾水。片长过长，且不是很有必要，略显拖沓。优点是没有矮化丑化敌人。
之前有一个评价褒贬不一总体来说中庸之作的战争片，《决战中途岛》，被戏谑为ppt式电影。我觉得能写一个好ppt也不错啊，至少我把来龙去脉前因后果了解的很清楚，算上了一堂历史课吧。这片子哪怕能这样拍呢？看完观众都一头雾水。志愿军赢了没懂为什么赢，志愿军艰难的地方也没懂为什么艰难，美军阿尔蒙德和史密斯部队之间的矛盾也没讲清楚。
"
,本来只想三星，多一星给先辈。三个小时讲故事都没讲明白的感觉，剧情流水账得和我朋友圈一样，以为高潮要开始了结果电影结束了。。？？
,把美军戏份大幅删减，把文戏控制紧凑，把高潮留给冻死在战场的烈士，这部戏可以剪得更好的。
,往往期待值拉满的电影最后剪的都好让人失望……剧情太长且揉杂
,许是因为有至亲曾为抗美援朝老兵一员，观感尤为强烈，心情久久难以平复。虽然是战争片主题 中间也参杂了亲情、友情、生死之交，多次反复地点题军人士兵们为何而战 为谁而战的决心 由衷敬佩所有用血肉身躯为我辈换来和平年代的军人士兵志愿军烈士们 感谢影视作品 能让这段血染冰雪的历史烙入年轻一辈的心中 现今繁华盛世 皆如您们所愿
,画面太假大空，外籍演员演技也不在线
,太震撼了！真的太震撼了！长津湖绝对是今年电影的王炸！！三个小时一下子过去了一点也不夸张，绝对的全程无尿点！易烊千玺的新兵蛋子成长线太有意思了！太成功了，看完一个小时了我还没缓过来，反正就是长津湖牛逼！
,太惨烈了，我知道真实的战场只会比这更惨烈，珍惜今天的美好生活，致敬英雄们！
,断裂感是有的，但是几场战争戏非常棒！
,勇士和阵地同在 英雄和日月同辉 
,"不是冲着悲壮的历史现实致敬我及格分都给不到…三小时到底拍了些什么？
真正的长津湖战役放在最后没几分钟，前面手撕美国鬼子拍俩个多小时；
真正的吃土豆、成冰雕等志愿军群像写实的感人事实没拍出心路历程，个人打不死的英雄煽情拍了半天；
充满毅力和智慧的战略过程我没看到，只有一些冲冲冲和开车诱导敌军轰炸的离谱情节；
刻意的台词、造作的情节、琐碎的人物，这是我对本片的总结。"
,有幸观看首映，且不说抗美援朝精神带来的感动和震撼，单说这部电影本身，观感非常非常爽，此前最为担心将近三个小时的时长会拖沓和让人疲惫，但176分钟看完绝对还是意犹未尽，甚至找不出任何尿点。必须说这是国产电影史上最牛逼的战争片，制作绝对不输任何国际大片。最棒的是战争戏，除了令人震撼的视觉效果和大场面之外，难得将节奏也拍得逻辑条理清楚收放自如，全程紧张握紧小手。陈凯歌把控的人物塑造也非常好，寥寥几笔主配角性格都塑造得非常生动，还有车厢外万里江山的浪漫，没有刻意煽情但赚足了眼泪。各位主演也都稳稳的。
,煽情无处不在，有点乱
,历史不能被忘记，那些为祖国牺牲的人更不能被忘记！！！ 战争场面太真实了，而现实情况应该比那更惨！
,被单位强制着拉去组团看这部电影，虽然电影票报销，但是整个观看过程相当煎熬。居然一个多小时之后才真正开始出发到长津湖？难怪能拍这么冗长？易烊千玺饰演的伍万里三番五次闹脾气，这不是胡闹一样的吗？根本就体现不了一个少年的叛逆特点，反而觉得很尴尬。至于战争戏，能不能层次分明、适可而止？
,战争场面绝了！！！！最后雷爹牺牲的时候哭晕了，还有教员和他儿子我永远的泪点😭总而言之全程无尿点三小时很值得！！！
,我方饱满，对方刻板，老表演艺术了
,全程三个小时几乎无尿点，就是有尿意。真的震撼，建议去看IMAX
,山河已无恙，光影敬英雄。如果你看完电影，你就会知道，这绝不是电影宣传的一句空话。无论是和平年代的老兵，还是那场战役的亲历者，都告诉我们，这部电影值得去看。
,热血！劲爆！大手笔！
,😭😭😭三个小时电影，才看到半小时就开始哭，宋时轮动员大家奔赴朝鲜的那段，bgm太燃了，看着志愿军身后的“一定要解放台湾”，莫名心酸😭😭😭
,看了首映之后 真的最直观的感受就是完全担得起是近些年来最好的战争电影 无论是画面还是拍摄以及演员们的演绎 都太真诚了 太好看了 真的很绝 真的感谢革命先烈们的奉献 正因为有了千千万万先烈们的奉献 才换的我们如今和平年代的幸福 志愿军战士们永远都是最可爱的人 所幸如今的繁华盛世没有辜负他们的付出😭
,寸土寸血的主题，满满当当的战斗，偶一细腻的情感，互不兼容的败笔。
,好看！节奏紧凑，看的都快把携带的流苏包揪秃了。
,把好好的战争片拍成动作片，编排失重，加上年画般的景观渲染、电视剧级别的套路和群演……整体实在无法令人满意。此外，伍万里这条线真的格外累赘突兀，浪费篇幅，充斥槽点，吃力不讨好。当他双手扔手榴弹的场景被慢放，电吉他🎸BGM响起的时候，俺整个人直接愣住……
,政治意义大于观影体验
,"最喜欢的两个场景
1. 七连第一次遇到美军在石头上静静趴着
2. 雷公带领炮连小分队在山坡伏击美军增援部队
回头看看是哪一位导演出手。"
,包着爱国教育包装的商业电影，用美国大片的拍摄方式来致敬先烈，细节里没有最可爱的人之精神，道具粗制滥造，3D特效难以描述，主角光环晃瞎人眼，一会儿狙击爆头，一会儿驾驶坦克与敌人装甲部队决斗，整体故事混乱不堪，这类商业电影还是不要消费先烈们的崇高了
,作为抗美援朝题材的主旋律作品，完成度远超预期，三位导演的风格很好的融合在一起，节奏控制的也很好，有战争大场面，也有人物情感，三小时意犹未尽。个人最喜欢段奕宏和胡军的表演，胡军最后那一下也最打动我。
,一部对绝大部分观众来说都非常有观影快感的影片。无论是紧凑的剧情、有血有肉的每个战士，还是震撼的场面和音效。从来没觉得电影院的时间过得那么快过，结局依然意犹未尽。四字弟弟饰演的伍万里眼神戏精准，从小混混成长成不屈战士的过程让人动容，不愧是新生代扛把子。吴京胡军发挥精彩，对手戏看点十足。
,今年一共在电影院看了两部，其中这部是单位要求的，现场签到，三个小时看得昏昏欲睡。
,"看完以后的最大感觉是，掌握制空权，发展军事非常的重要和必要性。
但是，整部电影造景很假、非常失真，感觉画面饱和度过高。剧情欠缺逻辑，不该煽情的地方硬煽情，全程看完无感…"
,看特效的就别追求剧情，看剧情的就别追求特效。金刚川超大杯，同样是三个导演小组，同样以地点名命名，不同的是故事的时间是线性顺序。全场突突突的战争电影，新意还是有的，易烊千玺空爆的桥段将电影推向高潮，可以说易烊千玺就是电影里最大的亮点，他的演技又进步了，开始转型，层次出来了，自然也有了。不知道是不是陈凯歌导演的作用，全片比金刚川多了许多“人味儿”（浪漫主义镜头）笑点刚好够调剂突突突的战争场面带来的疲劳。
,把美军拍的跟傻子一样
,"期待演员易烊千玺！！
万物皆甜，而你胜过万物✨"
,整个故事叙事线拉的太长，前因后果没必要交代得那么清楚。太讲求画面的美感，画面的饱和度高得吓人，颜色艳得出奇，感觉缺少一点纪实感，缺少了影片的纪实感，也缺少了人物的纪实感，对英雄人物的歌颂还是过多了点。既然是史诗片，那还是得要点纪实感的。电脑特效真的太出戏了，还不如一些游戏的cg，可以学习一下《铁雨》投核弹的cg部分。庄内cqb 那场戏节奏不错，但是仿佛在看复仇者联盟
,家里老人参加过抗美援朝，小时候就常听那时候的故事，听说拍了相关的电影，一直很期待，趁着假期去贡献了一下票房，整场看下来，说实话有点失望，篇幅真的太长了，看下来好累，关键剧情撑不起来这个时长，衔接的不够好，可能是我期望太高了吧。
,不是主旋律里最煽情的，但说是主旋律的NO.1也不为过
,"我平时可以说是催泪片水龙头，但这部电影的红色主题植入确实有些强行煽情。有两处个人认为有更好的处理方式：一是雷大爷牺牲，在家乡的民谣中倒在卡车之下已足够催泪，众人赶来送终硬生生将观众泪腺堵断了。让雷大爷孤独地离开，再单独来个七连士兵缅怀雷大爷，把情节推向大高潮，不是更好吗？二是结尾，美军领队面对活活冻死在前线的中国士兵行了一个军人的礼，这个时候如果能黑屏放字幕，本可以给观众一个情绪大释放；可偏偏这个时候美军领队很政治正确地说了一句“我们永远无法战胜他们”，真的很画蛇添足。"
,他们永远都是最可爱的人
,真实性？不存在的
,"真的太震撼了！！
千里在火车上敬礼的时候我也默默的撑了下头，敬了个礼。我同火车下面的士兵想的一样，希望他们能平安归来。
美军在雪山顶上朝被厚雪覆盖的志愿军们敬礼，我也再次撑了下头。应了雷公对万里说的那句：“被敌人瞧得起才叫本事！” 

伟大的中国人民志愿军万岁！！"
,战斗场面确实震撼精彩，不过文戏方便稍微弱点
,大杂烩，拼凑
,要为战争电影找一个合适的结局确实太难了。
,4.5星，除了有点长别的没毛病。这场仗我们不打，就是我们的后代要打。感谢你们用生命换来的和平
,这是一部电影，人、战争；这又不仅仅是一部电影，由此联想到今日之和平，三个半主权国家的世界；基础科研领域得强，防止“卡脖子”，军事和金融领域得强，以战止战！
,总有种劲儿没使出来的感觉
,制作水准肯定是有的，但是我觉得真的不需要这么多的大范围移动的镜头。有的情节全都是大范围移动的镜头连屏幕内容都看不出来是什么。本来电影就只有24帧，而且我本人对帧率也不算敏感，但是镜头又卡又难受。看三小时的电影不累，但是看这个真的很累。
,三个小时没看够，最后戛然而止，期待下部春节上映。三个导演融合的还行，没有太大的割裂感，战争场面以小见大很震撼，少年的成长与兄弟情建立的还行。四字弟弟还有《少年的你》影子，配角太出色了，意犹未尽，集结中国最优秀荷尔蒙演员，开心。特效稍微差点意思，但是工业感不错。为台前幕后的电影人致敬，为历史人物致敬。于老板牛逼，操盘难度可想而知。
,没有金刚钻别揽瓷器活，叙事全崩
,向英雄的致敬是无法用打分来衡量的，但是电影的呈现就那样那样吧。
,我失望的是这么恢弘壮美的历史被拍成了一部中规中矩的普通战争片。
,抗美援朝的一道伤疤，一面旗帜，一声冲锋号，却实在过于冗长。吴京和四字弟弟的【百千万里上战场】在努力跌宕起伏，但却远不如胡军的【雷公传】催人泪下
,一段意味深长的历史！
,还是很适合普通观众进电影院去看的，时间虽然长，但节奏控制的比较好，剧情也有递进，也并不复杂，容易理解。大场面很壮观，看得出来是花了大钱的。而且一般战争场面很多的话，很容易看不下去，但是这部电影好几场对决处理的很扣人心弦，也很燃，反正我看哭了好几次。印象比较深的就是对于美军战机的处理，从高处投下炸弹的视觉爆炸效果太触目惊心了。回到几个主演的处理，都刻画的比较清晰，没有因为角色众多而搞不清楚人物关系。总之，不会让你失望。
,"【4.5】基调很明确，就像教员说的&#34;打得一拳开，免得百拳来&#34;，电影完美的诠释为了什么抗美援朝。谢谢兰晓龙，在这么一部作品里给岸英&#34;正名&#34;，不管是岸英也好教员也好，这么多年受尽了&#34;敌人&#34;的污蔑造谣，我心好痛，本以为会因为这段剧情在影院因为岸英跟教员哭崩，但没有，也要谢谢陈凯歌把这段剧情拍得这么克制，最后观影的我只是鼻子酸酸的，就像电影里教员得知噩耗后表面平静，在四合院里踱步来回走一样，此时的我能了解他的心情，心在滴血。好久没有在主旋律作品里见到不是只会喊口号的指导员了，超级能打！还有钢七连的同志们，一场火车里的对手戏就把这些人物们立住了，不愧是你兰晓龙[赞]
缺点也有，比如，特效没那么完美，但从电影不用史料这点还是佩服的，结尾给人感觉仓促收尾，意犹未尽，但明显还有第二部，还是继续期待"
,长津湖确实是长了点，希望未来水门桥不要太水。
,长，但没必要。视觉观感很累，全片是高潮等于没有高潮。人物形象千篇一律，好像一提硬汉永远就只有这么几个人。总觉得可以更好的，看个纪录片都会哭但看电影完全没感觉。
,“这场仗如果我们不打，就是我们下一代要打。我们出生入死，就是为了他们不再打仗。”
,没有那个金刚钻就不要揽这个瓷器活，浪费这么多演员，这么好题材，导演是怎么能做到三个小时，三个小时啊！！！一模一样的套路讲了三个部分的故事，重复的东西看三遍，好累好累好累😔
,"我妈妈说：“主要是陈凯歌”
我觉得
难看
但是我很开心
希望不要忘记他们。"
,太费眼泪了，几乎场场爆满，我旁边坐着老爷爷，老奶奶，旁边的旁边坐着妈妈带着孩子，致敬伟大的中国人民解放军！
,"我们的国家依然是五岳向上
一切江河依然是滚滚向东
民族的意志永远向前

战争是残酷的，希望世界和平，但内心的小我在说美国人日本人英国人不配

无论是过去，现在，将来，在我们国家发展的路上都会有敌人，竞争对手想要搞乱中国，颠覆中国，非我族类其心必异，应该时刻保持警惕

祝祖国母亲生日快乐"
,吴京就成了主旋律担当了呗，战士们是值得纪念的，但第一场也拍的太浮夸了吧，易烊千玺原地入伍靠扔手雷就成英雄了？？
,“为了我们的后代不用打仗”“为了百年后依旧和平”
,目前来看，这应该是国内近10年来场面最大、最壮观的战争片了，美军的压迫感十足，各类服化道也很用心，中段部分的通信塔攻防战相当精彩。但同时影片的文戏就薄弱许多，简单来说就是想拍群像剧但没把握住，繁多的人物视角分散了笔墨，人物刻画流于表面，更像是服务于剧情的套路人设，整体节奏也比较混乱，特别是一些段落的迷之运镜，不知道导演在想啥…没能看到对志愿军战士的深层次刻画还是有点可惜吧。
,如果说又是主旋律和拥抱红色宣传的话，可能难成为经典。 就像《金刚川》《八佰》一样，无视历史和合理性，虽然煽情但让人觉得不合逻辑。  会买票去支持国产电影，既恨之又爱之！
,从摄影和剪辑的角度看，很像大片！战争片我国也拍得越来越好，很有质感。主角光环总是不受伤和打不死也算正常，毕竟真实的连长也好好活下来了。缺憾是志愿军的困难比如受冻受饿还是拍得太简单，看不出零下41度的感觉。还有为什么只有敌军米国，那些我们帮助的朝鲜人呢？他们的受苦民众应该也有参与才会显得这场战争更正义，除了保家卫国我们毕竟是援助朝鲜。
,开始有笑声和掌声，最后都是抽泣声。影毕，鼓掌，为电影，也为那些战死的生命。
,敬当年把陆战一师逼到绝境的人民志愿军战士们
,看完电影后又去翻看了导演幕后特辑，三者的分工与预想的比较接近：林超贤主攻战争及宏大特效，徐克承担细节处的特技设计，陈凯歌负责文本及历史叙事。而三者的存在感与贡献值成正比：林&gt;徐&gt;陈。预料到了本片在文本层面的薄弱，但还是没想到其文本竟然蹩脚到了如此令人吃惊的地步。当所有叙事元素都极其显著地化身为功能主义部件时，一切主题表达都是轻浮、乏力、无味，因为人们似乎不仅可以预料到某个元素的出现，还可以预料到它出现的意义，甚至可以预料到它为什么会出现这样的意义。回顾历史固然重要，但太多处理又显得极度不真诚。近几年主旋律电影的一个大问题：普通话中心主义。这种语音层面的统摄完全宰制了历史至少在一些最基础事实上的自发性，时间的厚度被抽走了，只剩当下的政权“大他者”无时无刻不在发出证明自己在场的迫切和焦虑的声音。
,没抱太大希望，超出预期太多。同样是战争片，同样是主旋律，同样是抗美援朝题材，比去年的《金刚川》好出多少倍。枪林弹雨中，还不忘安插几个笑点，张弛有度。俗话说“三个臭皮匠，赛过诸葛亮”，更何况这仨并非臭皮匠呢！
,a.灾难级的镜头调度。有几场戏根本没必要摇镜头以及采用“网课式”的分屏，完全可以用固定镜头人物特写来进行切换，这样人物的情绪会更为集中。摇来摇去摇丢的不是视频的焦点，而是人物的情绪重心。b.本片的特效得分为两方面一场，一方面是远场，飞机爆炸场景特效实在是太差了，甚至在开头出现了大颗粒的石块悬浮在烟雾中的超级bug，另一方面近场特效，林超贤在这部分处理的还是比较出色的，确实有那种近身肉搏血肉横飞的紧张逼仄感，但是差劲的摇镜头实在是令我完全没脾气。c.本片的文戏是《士兵突击》编剧写的，从7连这个番号来讲，像是消费当年的情怀，要是将易烊千玺的角色比作许三多的话，本片似乎有那么一种赶鸭子上架的感觉，他的这个人物的成长一定程度上缺乏内在的驱动力，但是描写士兵生活那段包括胡军的人物塑造勉强还算成功。
,不得不说，配乐真的太赞了。战斗场面惊心动魄，最后雷公的牺牲不禁让人泪目。我们不打这场战，就得由我们的下一代来打。我们现在的和平都是因为有我们的先辈为我们冲锋陷阵。
,真的是一部优秀的战争电影，虽然有点瑕疵但是导演和演员整体发挥出色
,语言匮乏，真的很震撼。看完之后联想到了千里万里的招飞宣传，制空权真的重要。另外千玺演的很可爱，七连也很可爱，他们之间的日常就是沉重战争中的亮色。抗美援朝，保家卫国
,盖马高原那年碰上了历年少有的极端天气，零下40度的气温，厚厚的积雪，志愿军长期挨饿受冻还要长途奔袭，而且志愿军的装备和联合国军相比那就是啃石头加步枪VS陆海空飞机坦克大炮共同轰炸，志愿军很多人连件棉衣都没有，鞋子也还是单鞋，就这种意志太值得敬佩了，他们绝对称得上最可爱的人！
,再去看一遍士兵突击
,就冲那句，如果我们不打这场仗，那就是我们的后代打，必须给满分
,哭的emo了……太好哭了呜呜看着美军飞机来了就感觉好绝望但是先辈们绝不放弃把战争打赢了。只能说勿忘国耻，牢记历史
,上敬战死的英灵！下敬涂炭的生灵！中间的敬，人世间的良心！
,It’s not a movie.
,"


作为一部战争片，《长津湖》的爆炸场面、打斗场面都极为真实，也极为震撼。电影中激烈的机枪对战、赤身肉搏以及血肉横飞的画面让人揪心。接近三个小时的观影时间，只有泪点，没有尿点。不仅让我们看到了残酷的战争，也看到了战争里人性真实的一面。电影中展现的只是三年朝鲜战争冰山一角。真正的战争比我们看到的，还要残酷。真心的希望后辈们都去看看这部电影，因为它不是一部史诗巨制，而是一段真实发生过的历史。永远铭记这些最可爱的人！"
,最近在看老美写的最寒冷的冬天，配合使用效果拔群，高八百至少3个level，韩国自古以来就是个卑贱的民族。
,长时间的战争场面，看得人头昏脑胀是真的。但不否认这场战役的伟大，只不过作为艺术形式呈现，它还不够那么好
,"“不相信有完成不了的任务，不相信有战胜不了的困难，不相信有战胜不了的敌人。”
沂蒙山小调一响，啥也别说了，作为一个临沂人，直接泪崩。😭😭"
,"为了看这部片还重温了一下历史，挺还原史实的吧。本来以为会哭的很厉害，反而前一天看纪录片哭完了，到电影里反而哭不出来。节奏还可以，气氛的渲染也到位的，不会让人觉得打三个小时很难熬。
日出接长城那个镜头真的很绝，拍出了5000年古国的恢弘大气。"
,北京首映礼见到了主创们。说说电影，176分钟的视听盛宴，从开始到结束没有一秒多余镜头，真的太震撼了。以青春无悔换山河无恙。
,太敷衍了，可能钱都花在明星和宣传上了，都2021年了你就给我看这特效？三个大导演导出这种剧情，服了
,五分是给伟大的先烈，电影有点乱，有点杂！
,上一次看到这么美的战争片 哦没有上一次😭😭😭😭😭谢谢英雄们 谢谢这部电影
,题材很好，武戏太差，音乐想强行煽情，叙事逻辑勉强
,战争开幕前，开国元勋的老演员们一出幕可太令人激动了。另外战七连的每个人物也都演活了，不管是主角还是配角，都诠释的非常立体，群像演绎相当精彩。印象最深刻的就是四字弟弟的伍万里和胡军的雷公（雷公不仅是最大泪点所在，全剧所有的笑点也在这两人身上），吴京可以说是演技担当，段奕宏一如既往的神，朱亚文和李晨正常表现，韩东君出乎意料的好，以上集结了中国最优秀荷尔蒙演员。
,"先说缺点，在电影里有些片段有些刻意煽情，另外战斗场景不够真实，集体冲锋时候哪能搞这种密集冲锋，看得我都急死了。
总体来讲，算是合格，多给的一星是给吴京的"
,最好是选大屏幕看，场面真的很震撼。人物上也站得住，明明人物挺多的，但是都有记忆点，真的能跟角色共情，影厅里吸鼻子的声音此起彼伏
,千篇一律
,兰晓龙粉丝泪洒影厅！
,123号。比想象的好，有几场戏堪称精彩，人物塑造和演员表演也比之前的主旋律电影中的要好。当然问题依旧不少，最明显的是节奏混乱，有一条不可言说但是我明白为什么不能删掉的支线也很掉节奏。
,"3小时的战争题材本以为会疲倦，没想到每个小时都有各自的高潮。从第一次美军飞机空袭血炸在眼前开始，整部电影就开始了密集的战争输出：血肉之躯正面对战坦克，前一分钟还谈笑风生的战友下一刻炸死在眼前，冰天雪地里蹦掉了牙的土豆和对面的烤鸡，战火纷飞后破碎的黑白女孩照片。有时候我会觉得伍万里像是代替观众在经历这场不得不打的战争，每当绷不住的崩溃时刻，伍千里的抚慰来的及时又体贴。吴京代表的中国军人给予了极大的真实的安全感，走出影院的一刻，历史和现实的切换有几分恍惚——有些故事不该也不能被忘却。
"
,"一个疑问，伍百里的故事到底是什么呢？是千里最后说的那段关于“帮帮我”的部分吗？

胡军全剧笑点和泪点担当，李晨的痞子人设还不错哈哈哈

(伍百里、伍千里、伍万里哈哈哈哈哈这朴素的起名的艺术，突然让我想起来一个小同学叫常有钱、常有权"
,没有故事，没有故事，满屏的爆炸，满屏的爆炸，满屏的飞机，满屏的飞机，满屏的丢炸弹，满屏的丢炸弹，满屏的坦克，满屏的坦克。吊儿郎当的万里是个败笔，多余的人物，多余的人物。
,三个小时 从头到尾都在打 剧情衔接弱 让人视觉疲劳了
,堪称史诗级战争大片，气势恢宏，把英雄人物舍身取义，造福子孙的奉献精神完美的展现出来。作为英雄们的子孙感到无比的骄傲自豪
,导演阵容，演员阵容，场面都很赞，唯一就是入朝部队大部分都是穿单衣被冻死和补给跟不上饿死的，条件太艰苦，死伤太大。
,打两下歇会咱唠唠嗑？/俩小时了才开始长津湖，我都不记得前面干了啥，你要搞纪录片就干脆更现实主义一点，就这情节你拍仨小时？棉衣、高地塔、岸英、冻死烈士细节蛮多不刻画，炮弹、血腥、中美条件对比跟不要钱似的疯狂往里塞。撤退时紧张兮兮的，敌人到脸上了，过去敬个礼？/致敬烈士，但不意味着对此类电影无限包容。
,给最可爱的人。
,"战争场面有提高不少，但特效尤其开始返乡那段抠图太假。

片子结构虎头蛇尾，节奏把握不好，前面铺垫过长，后面戛然而止。

有些情节太离谱，坦克对射又来了，步兵上去开坦克还能如此娴熟操作根本不可能。

战争片最重要的一点，就是在战争中窥视人性，我们的片还停留在宣传层面，很难感动人，虽然导演也很想，但总是弄个四不像，看血战钢锯岭流泪，看这个却没有。

现在我搞清楚了，这个不是战争片，是动作片，这么理解逻辑就通了。"
,"朱亚文穿什么都帅惨了好吗！
作为一部献礼片，全片硬核，场面宏大，整体达到一个较高的标准，以美军的轰炸开始，以美军的撤退结束，电影的节奏让我感觉导演在尽力不浪费拍下的每一秒，三个小时的剪辑已经是制作方掏出的最低价了。
从开始就从我方和美军两个角度铺垫入朝作战的正当性。介绍人物的时候也很清楚地表示这是钢七连视角的战争片，所以也只会展现钢七连的战斗，大概也是因为这个，结尾其他战斗英雄的一笔带过有些局促，使得电影的结束显得余力不足，但是杨根思作为新中国第一名特级战斗英雄，冰雕连作为战斗英雄里较为著名的典型事件，都是必须要有三个小时里的一席之地的，可以理解。所有战斗也表现了志愿军作战的艰难，美军的战斗素养也表现得不错。
逗乐的情节都有点尬，煽情其实并不多余，一部抗美援朝精神献礼片如果不煽情还看什么？"
,6/10。陈凯歌营造富于炫丽的影像空间的倾向依然明显，开头随着伍千里的特写拉开视距捕捉到水乡、船屋、吹哨喊鸟的地域风情，战场上火光滔天、烟幕四起，大片黄服装的先烈前赴后继，而当伍万里不被连队接纳想要拉开火车门逃跑，血阳红云和巍峨山川上一副长城的图景展现出来，被赋予戌守边疆的决心，但虚假的特效无处不在减弱真情实感，群像塑造没有人物完整性，如雷睢生因为左耳失聪被新兵挨骂戏弄、最后失去理性在载着标记弹中牺牲（然后空袭无缘无故停止了），除了增加趣味和一个仪式化的悼念，动机缺乏实在性。美国人又一次成为概念化的‘‘他者’’，需要表现侵略者杀人不眨眼的动机，就让美国飞行员打着赌，扫射在石滩上隐蔽而躯体撕裂的志愿军，需要通过敌人展现我军的坚韧，则使美军师长向冰雕战士敬礼，对手的形象反差过大、缺乏情感变化的递进。
,整体三星半的片子，虽时长三小时，好在影片节奏控制得比较不错👌🏻（舅公也参加过抗美援朝战争，腿上还留着子弹壳…🌟感谢最可爱的人们）
,除了中间那段战争戏炸信号塔的不错，其他地方拍得太乱了。
,"词汇匮乏 词汇匮乏 本质上是我对战争片无感吧  
另外是放不开 除了隐约的没衣服没粮食以外   表现得比较好的，称得上悲壮的也只有老雷了   总体上 惨烈 悲壮 之类的词汇都谈不上 另外有点太长了
易烊千玺表演的不错  稚嫩气表现得很好"
,英雄不朽！
,没有灵魂，空有场面。
,"“我们为什么要打仗？”“我们把该打的仗都打了,我们的后代就不用再打了。”"
,感情充沛，剧情稀碎
,比八佰好看多了。
,吴京有两场戏让我很惊讶，完成得很好。第一眼没认出易烊千玺，放得更开了。最喜欢胡军老师的戏，笑点是他泪点也是他，最后边开车边被火烧的戏演得太好了。
,爷爷是第四十军120师360团的老兵。所以对抗美援朝历史特别感兴趣。然后最喜欢看的军旅题材剧就是士兵突击，这部剧剧本是同一个老师就让人很放心。三个导演都是很厉害的，八一电影制片厂和博纳的加入又让我期待值拔高的顶点了。
,真的是用血肉铸就新的长城，向革命先烈致敬。
,美军飞机压迫感很强，cg质量一般，发信号弹那里跟1917很像，文戏太差。总体太长，比较无聊。最喜欢的一段是在美军营里看到美女海报和巧克力。以及最精彩的是那段肉搏，就是有些r级。你们文化局的审核总是让人摸不着头脑。
,好像看了什么，也没看到什么。为了展示战争而拍战争。零碎，无内核，又带有色彩。三星都多。
,支持这类型电影。前赴后继的热血属于年轻人的鲁莽，可如果没有这股鲁莽与无畏，这山河，谁来守护？
,"林超贤、徐克、陈凯歌三位导演尽显各自特色，把战争动作、雪地场景、入朝前场景拍得惊天动地、感天动地，三位导演的场景衔接紧密，赞。请配合《1950他们正年轻》一起看哪。找好的特效厅看呀
时长三个小时，别喝太多奶茶了"
,三位导演都是大师级的，在各自擅长的领域都乃人中翘楚。并且在此片中也可以看出来他们使劲了全力，但是艺术这个东西，不是谁使劲大就能出效果的，三小时的影片一开始就能量值拉满未必是好事。譬如火车上打闹的情节可以缩减，小村庄的战狼打斗可以缩减，递红围巾的如果后续没有情节回应也可以砍掉，毛岸英的相关情节也可以另拍一部电影来展示。突出主线长津湖拍就可以了。长津湖战斗的本身素材足够拉满三个小时片长了。现在就像一篇限定八百字的高考作文，前面600字都在做铺垫，后面200字才正式进入正题，刚刚展开写就因为字数限制匆匆收笔。虽然语言优美辞藻华丽，但总觉得有种头重脚轻之感。
,"一个电影盲盒，没有预告，没有贴片，沉浸式的开场。三位导演的联合拍摄，本期待一部诺兰式的诺曼底登陆，却没成想是陆港台联手的三大战役般的呈现。
三个小时的观影，文戏有点拉胯，每一个战斗场面都极为震撼。内心第一次反复嘶喊 This is war. This is war."
,"题材不错，特效也很好，但故事讲得稀烂……首先，虽然千玺弟弟演得不错，但好像删掉这个人物也不影响任何剧情；其次就是一场战役被切割得支离破碎，节奏奇怪且冗长，很容易出戏；最后想说观影体验，前排看战争镜头非常眩晕（本来运镜也很乱），以及大概三分之二的时候，就开始陆续有小孩子满场跑了……综上，看在本片烧了很多钱的份上，打及格分吧。
（补充：忘说了，还有很多不合时宜的说教，战场上哪有功夫慢镜头说教啊……）"
,四星半，期待一年多的电影在大银幕上呈现的那一刻，突然就平静了，这是一部沉浸感非常强的电影，而且与一般战争电影不同，它从抗美援朝的起因开始，娓娓道来，伍万里目睹长城壮丽的景色与马上要奔赴前线的残酷形成鲜明对比～文戏不落俗套，台词经典而不说教，而战争场面绝对称得上惊心动魄四个字，紧张得手心冒汗，整个情绪都跟着主演的命运起起伏伏～看之前本来以为主要集中在伍千里伍万里俩兄弟身上，看过之后发现群像戏塑造的非常优秀，每个人物都有血有肉，没有煽情的成分却让你忍不住落泪。
,铺垫太长，有种头重脚轻的感觉，第一场战斗明显比第二场精彩，等了那么久的高潮，却发现没有前戏带劲。。。总得来说，战争场面拍得还行，但片子只能算合格，场面热闹，却不够走心。这么好的题材，这么英雄的故事，还是可以拍得再好一点。
,对于战争，还请多抱一些敬畏之心吧。
,不错的，就是拍长津湖只有半小时，总觉得怪怪的，头重脚轻
,看的超点，整体不拖沓，文戏中有笑点有泪点，武戏中有震撼有心疼，美学风格妥妥在线。最催泪点的是雷公，演技真好。他冲进战火堆抱起标识弹放上装甲车，红色烟雾笼罩在他身后，义无反顾开进敌军大本营，壮烈美令人叹为观止，很喜欢，也哭的不行。
,老一辈英雄先烈永垂不朽。
,五星给战场上的英雄们
,剪辑问题很大 电影分裂成三段 第一段是最难看的 非常尬 第二段开始狂轰滥炸 第三段升华非常的草率 几个冻死的军人一个镜头直接带过 很不应该 最后提一嘴特效 非常稀烂
,此片不足以致敬最可爱的人
,人民英雄永垂不朽！！！
,祖国河山真美 陈凯歌真牛 战场情境真实 最后兰晓龙本子也很牛 人物群像做的太好了 观众的视角就是易烊千玺的视角 和平真好啊
,平河好帅！！ 这片子太长了，超多打斗场面，镜头很晃，整得我头晕！！总的来说演员质量都很高
,哪有什么超人，大家都是血肉之躯，但是荣誉与信念永不消亡。
,场面震撼，热血沸腾，但是真实情况要比电影呈现的艰难恶劣的多，在冰天雪地里如何艰难行动，极端天气下的面部管理，冻土豆多难得，踏着战友的尸体前进，绝境中志愿军钢铁般的信仰等等都应该更真实到位，很遗憾并没有。
,本以为三个小时会很长，然而完全没有注意到时间流逝地这么快，每个关键剧情出现的节奏相当紧凑，人物刻画也很细腻。唇寒齿亡，抗美援朝！每一位上战场的都是英雄！致敬每一位英雄！
,拍的太一般了，我军政治建军的灵魂根本看不到。
,"没有冻不死的英雄，更没有打不死的英雄。
我想让我哥瞧得起我
千万老百姓的孩子听到一声令响分分出战。
剩余红旗之下，长于春风之中，我们的和平都是先辈的鲜血换来的。
愿祖国繁荣昌盛，世界和平美满"
,"4.5
很连贯的主旋律电影，大场面看得进去，180分钟的剧情也值得一看。"
,整体还不错，有段描绘长城山峦波澜起伏的景色很亮眼。剧情有两波高潮。很然，很爱国主义，很国庆档。
,场面宏大震撼，节奏紧凑，无数普通战士为国牺牲的精神令人感动，像他们致敬！
,中国电影战争场面的天花板，三个小时时长完全没让观众觉得冗长，每一个人物包括配角都形象鲜明，这几点非常可贵。但还是有《1921》相同的转场衔接生硬毛病，不知道是不是该算黄建新的锅。陈凯歌贡献了一幕名场面，拉开火车车厢，映照在朝阳下的万里长城，浪漫至极。林超贤的枪战动作戏给劲。
,"看的点映。本来想了半天短评怎么写分怎么打，看了有些评价觉得真离谱啊，影片里的台词已经有很强的思想性了，如果因为审美差异出现不同意见和好坏评论很正常，有的恶意质疑立场的真怀疑是没动脑子想还是反装忠呢，于是被气到了。
震撼、感慨、还有恰到好处的克制，在宏大的立意和爆炸的场景中还能克制住，每一个人物每一个都很生动，很难得。"
,这个电影让我感觉很成功的一点，是群像的刻画。没有因为群戏而弱化个人的形象，也没有把过多的镜头集中在个别角色身上，导致其他角色被忽视，我可以在观影结束后记住他们每一个人，说出他们的性格特征。这就是立人物上的成功。全场最佳吴京&amp;胡军。
,"《长津湖》—第七穿插连在战场上舍生忘死、浴血奋战，“我们出生入死 就是为了让我们的后代不再打仗”。新中国🇨🇳开国之战，是伟大的战役！全程看的热血沸腾，情绪一直跟着电影走，鸡皮疙瘩没消过，非常感动，非常震撼！（流了很多泪水😭）
千玺这次塑造的角色再次颠覆了我对他的认识，万里跟小北和韦一航区别很大，万里从江边的野孩子成长为英勇顽强的志愿军战士这个过程，期间的各种变化被千玺演绎的非常好，有几处眼神戏太抓人了，非常惊喜，真的是有无限可能的天才青年演员，我给满分👍！
“希望下一代 能够活在一个没有硝烟的年代”，如今繁华盛世，如你所愿❤️。"
,新中国成立初期不被认可，美国肆意妄为越过鸭绿江轰炸我国境内，无所畏惧的志愿军保卫国家安全踏上半岛作战，武器装备后期补给差距简直是天壤之别，美国建国尝到了初败，耻辱的在停战协议上签字！我们的对手是当时的世界第一，而我们新中国当时是一穷二白。看到有人还在说我们惨胜，这种胜利不值得拍摄电影。我心痛，我痛心疾首，作为一个爱国者，我真的伤心。虽然惨胜没错，但是只要是深入了解当时作战情况的人我相信他会觉得我们是胜利者！为什么我的眼里常含泪水，因为我对这土地爱得深沉。
,一起看过的电影266。基本感觉不到3个小时的流逝，中间的遭遇战非常精彩，很有红海行动救大使那段的气质。败笔1，美军形象依旧假大空，台词配音像英语新闻联播；败笔2，硬要扯一段大榆洞的情节画蛇添足，教员下定决心出兵和个人家庭安危完全两码事没必要用这种情节刻画；败笔3，正题长津湖下竭隅里战斗又双叒叕变成了人海冲锋，美军真是傻子吗这么多人挤一起机枪也没撂倒几个；败笔4，杨根思的故事是没机会上大荧幕了吗？非要接在这后面，冰雕连不是要拍吗，这么多部抗美援朝题材电影都是各自为政想挑哪段就哪段
,感谢先辈们的付出，祖国才变得强大，我们才能生活得幸福。😭
,后续乏力，最后一口气没有撑圆满！
,一声“巴祖卡”，龙文章都变身张立宪了，直接引爆了强烈的共鸣。同样都是兰晓龙的编剧，中国远征军远赴缅甸，中国志愿军远渡朝鲜，虽然属于不同的阵营，但都刻画了普通士兵的艰辛，最后冻僵的战士们真的泪目。三位导演文戏很弱那我们就大篇幅的武戏的策略真的很成功，刺激肾上腺素去渲染英雄主义我觉得很好，凭什么中国不能有英雄主义嘛，我爱中国。
,单位组织观影。典型的主旋律任务片，雷声大雨点小，面面俱到但人物脸谱化，哪怕哪个角色拍得从容点，细节点呢，三个小时都在堆砌。很多爆炸特效做的很假，美军全程工具人，说话像演讲。也就老段一句“多大啦”感觉真实的触动。加一星给志愿军战士。
,我朝的战争戏总是这种飞机大炮噼里啪啦乱打一通，再辅以将士们壮烈牺牲的催泪场面。有时候展现战争的残酷不一定非得这样。
,"看那兔时候，就因为抗美援朝部分疯狂落泪。之前只知道抗美援朝很伟大，很艰难。但是究其根底是为了什么，好像又不是很明白。很开心这几年各类影视剧陆续重新这部历史。回归作品沈本，我内心国内战争片top1，三个小时时间真的嗖就过了，全员演技在线，七连的这几位都深刻又饱满。没有刻意煽情但是还是哭了，很多可以采用历史资料的全都重景再现，战斗效果拉满，甚至看2D片看出了3D的效果。
“打得一拳开，免得百拳来。”教员和毛岸英，火车外的长城，战士们放在怀里的冻土豆，雷公的沂蒙小调，万里的“成为英雄”，都在疯狂落泪。我们国家是为什么要打仗，在多艰苦的环境下打的这场仗，我们无法记住每一位牺牲者的姓名，但是一定要记得他们是为了谁。愿国泰民安，祖国富强。"
,"陈凯歌这次没拉胯
开头的飞机、轰炸让我血压都上来了，工业国打农业国就是这么降维打击。落后就要挨打，这五个字蕴含着深刻的哲理。
军人的纪律还是让我很震惊和感动的。最近在学思修法基，我觉得要理解这种精神，首先要牢记我们的经济基础是公有制，经济基础决定上层建筑。
有几个场景看得我血压升高，但也很无奈。刚缴的装备被美军派飞机炸没了；没有制空权，在石之海那里就是活靶子，帝国主义以杀人为乐，最后一点事也没有。科技强国，这都是血淋淋的教训。
遗憾是我有点脸盲，还有对历史知识了解不够。看到美军将领的名字，只觉得好像听过，但他具体实力如何并不了解。
电影之展现了抗美援朝中的冰山一角，光是这，也就才一个月的战斗，很难想象抗美援朝实际上打了三年。最后，向英勇的人民志愿军致敬！"
,非常震撼的一部电影，画面也很唯美，体现了祖国山河的壮大以及美丽、中国人民的强大，为了我们的未来，不再遭受销烟的惨烈，这么多志愿军前往朝鲜奋战，英勇坚定的以落后的武器和贫乏的资料面对强大的美军进行抗击，并且取得了决定性的胜利，感谢志愿军们的付出！全程三小时没有尿点！
,战争场面拍得很震撼，让人跟随着一个年青的新兵一起感受到战争的残酷。作为中国人看这个和看一般的战争大片是不一样的，可以很深刻地感受到中国人那种坚强不屈，奋勇向上的精神！总体也挺流畅，值得去影院感受一下。
,今天下午去看的首映礼 电影长津湖完全就是我们自己真真切切的历史 对于历史较差的我 可以说是提供里一个学习有关抗美援朝历史的机会 电影更加直观 真切的让我体会到了战争的残酷和战士的英勇 他们是勇敢的 坚定的 电影完全值得IMAX 多次我感觉美军的飞机都要冲出来了 音效特高清 完全沉浸在电影里 易烊千玺完全就是天生的演员 有实力 有演技 电影里还有一些比较搞笑的点 演的都很到位 推荐这部巨作 高逼格的一部电影 让我们得知如今和平生活的来之不易
,三个小时，历史的厚度。
,看完片子真的接触了那段历史，那群可爱的人的坚持
,散乱的叙事
,"这封信告诉先辈们：

请放心。

你看，未来没有辜负你们。
社会主义绝不会辜负中国。"
,胡军真的太高光了 😭
,沂蒙山小调一出来我就😭😭
,我们要永远记得五星红旗是用鲜血染成的，硝烟战争是血与肉的拼搏，而我们现在是没有硝烟的战斗，所以我们即使在和平时代也不应忘记增强自身本领，为自己更是为国！
,感动了！胜利来之不易！
,23 拍得不好，特效不好，人物不好
,深受爱国主义教育！值得去看！！
,✌️
,中国战争电影影史最佳！
,客觀來講，故事沒有說清楚，有的地方令人摸不著頭腦，想表達的太多，反而沒了重點
,唯一有印象的画面，竟然是雪地里踱步的太祖。“该打的仗都打完了。”
,严格点，三星半。花了钱的大场面，但是总体感觉一般，不是我喜欢的战争片类型。可能这部电影 商业意味，政治意味，甚至拍摄的政治意义都要大过于这是一部电影。具体演员演技的话只觉得胡军演得好，段奕宏的片段不太长但也算好。其他人甚至被长时间的战争场面轰得有些面目模糊。说实话吴京本人很像个兵，但是感觉谈不上特好的演技。另外我觉得小钱没咋进步，我不懂是战争片的缘故还是别的什么，继续磨吧。祝中国电影能在电影的方向上越来越好。
,三个小时看起来我也不漫长，演技没得说，制作没得说，扣掉的分是因为情节，bug真的不少。
,片子倒也不差，但我可能不会再完整地看第二遍了，太累了
,长津湖战役拍的避重就轻，重点是单衣冻死减员严重。有体现吗？没有。相反，全是炸死的。各种血肉模糊的特写，无处不在彰显，这是献礼片，过审标准不同于普通电影。但好歹给几个冻掉肢体的画面吧？
,三颗星全部给前半段，拍出大兵瑞恩水平，后半段坦克大决战+加里森敢死队+最后的武士，士兵总会开汽车，驾驶对方坦克击毁对方坦克，用巴祖卡击落飞机，用吉普装载标识炸弹追击敌方装甲部队，太扯了。团级冲锋人海战术在淮海已经证明无法战胜现代敌人，包抄合围+三三制+炮兵伴随才是以弱胜强的王牌。
,期待更多这样的主旋律影片
,毛在雪里踱步的时候绷不住了😭
,感动，但是小失望，三个导演1+1+1反而小于2，这个类型适合林超贤加冯小宁。
,一个导演连贯性可能好点吧
,三个导演厉害了。还是挺适合国庆看的。三个小时没多少尿点。最后希望世界永远和平
,电影整体7.5吧  特效确实一眼假 美军刻画的有点弱 志愿军精神+0.5！
,四星。想冲票房 然而票价和时长都不太友好 但是作为一个中国人 还是强烈建议大家去看。1. 电影的设定没有把敌人弱化这点好。很多战争片都选择把对方设定得贪生怕死鲁莽笨拙 但对面是著名的北极熊兵团！要知道 敌人强大 才能显示出我们的胜利多可贵。2.全片最感动我的 是七连战友在火车上报自己的名字 无论角色是真是假 这些都是我们应该记得的英雄！同理可证 伍千里一下子就说出了下属的归属地 这样的连长谁都爱。4.段奕宏拉着易烊千玺说话那一段演技太强了 长官就应该有这样的气势！5.最后想说 你们去搜搜毛岸英的照片 黄轩和他真的太像了！
,此生无悔入华夏 但会后悔进电影院浪费了三个小时的生命
,电影很一般，杂乱。（但战争永远使人敬畏）
,中国人民志愿军永垂不朽
,挺值得一看的
,太震撼了，为了我们的下一代，这场战争我们必须打”。
,已经在影院了呜呜呜晚上二刷太感动了哭死了妆都哭瞎了
,"《长津湖》是我看过关于抗美援朝最好的一部电影，故事线清晰，人物塑造鲜活，使人很快进入电影里，跟着演员们回到那个残忍无比的战场中。这部影片无论是剧本，场景，演技都堪称一绝，整个制作值得称赞，几位演员的表现必须好评。印象深刻的台词：这个仗我们不打，就得留给下一辈打，我们把该打的仗都打了，我们的后辈就不用打了。

用真实、震撼、感动来总结这部电影，《长津湖》值得一看！"
,伍万里的眼神和雷公的笑，伍千里的人情味让我相信他的号召力。为了人民牺牲的战士都是真正的英雄啊。不过这故事应该还没结束吧？虽然命名如此，期待一下下文。
,"超出预期，三位导演倾力合作，给观众带来三个小时的精彩的观影，志愿军太不容易了，最冷到零下40度，美军圣诞大餐，志愿军一天只有一个小土豆。剧情紧凑，引人入胜，吴京几场近身搏斗特别精彩，喜欢胡军饰演的“雷爸”，演技好性格可爱。
电影还原真实的战争场景，美军现代的武器装备，志愿军靠着强大的毅力决心把敌人打败。
"
,我爱国，也爱电影。
,感谢和平。
,"提前观影战争大片《长津湖》
观影时坐在第三排
虽然看的有点晕，却也更增强了临场感
对，这真正是一部身临其境的大片
坐在影院大银幕铺天盖地的直逼之下，犹如置身战场之中，直面战争的残酷
每一颗炮弹，每一簇战火，每一滴血珠都历历在目，直击在身，很难不在血淋淋的激斗中真切感受到身为战士们的艰辛与壮烈
深为震撼
这是一部感受型的片子
推荐在大银幕氛围感的环境中观看
更有那种感同身受的深切体验"
,过瘾
,7分，雷公才是最可爱的人
,对不起我泪点太低了……
,"京哥玺弟249，立国之战长津湖，还有比这更让人期待的嘛？！

期待了好久，今天终于看到了！看完三个小时出来快得战斗机蜂鸣ptsd了。雷公和梅生这两个人物塑造得很好，小万里特别鲜活可爱，好想怒搓他“狗头”😭😭😭😭千玺人物把握得很好，台词进步飞快，一口一个老子的那嘚瑟样真的有点彪的感觉。全片并不煽情但很令人动容，致敬最伟大的中国人民志愿军！

缺点当然也很明显，第一我个人相比于大场面的战争戏更偏向战术人物等方面的文戏，第二为啥都不说方言啊！！！"
,看完久久不能平静。珍惜来之不易的一切，先辈用血肉挡住了炮火，换来了共和国之后的和平。让我在2021年可以想吃什么吃什么，想去哪里去哪里，可以去影院看电影，还可以给电影打分。我没资格评价电影里各种形象背后的真实写照，反应在我眼前的就是一部血染红的历史，英雄先辈永垂不朽！
,他们以那样直观的方式倒在你面前时你才能真正意识到那近二十万的牺牲不仅仅是个数字
,不管是百里千里，还是万里，都抵不过电影本该拥有真情实感的一里。
,印象深刻的还是吴京饰演的伍千里，这位七连连长，在他拿着笔要在本本上画XX（不想剧透）的时候，我眼泪就忍不住了，这是内心怎样的挣扎，这是内心怎样的痛苦，这是内心怎样的决绝。还好，他们有着强大的信念，他们没有过多抒发情绪的时间，也很感谢那些为了新中国，新生活出生入死的烈士们，我们将铭记于心！电影战争场面震撼，气势恢宏，不容错过！
,"●7.0分
●2021.10.28
●中心不明，支线太杂，台词、演技太浮。看的是自行脑补的对真实历史的感动。
最后的冰雕连还是让我落泪了。
"
,看的昆明场首映，从剧本到导演到演员都是五星的水平，非常享受的三个小时视听盛宴，尤其是imax的音效非常震撼，然鹅这么优越的画面也只是这个电影其中一个优点吧，值得夸赞的地方可太多了。正式上映会二刷嘿嘿。
,首先，向志愿军致以最崇高的敬意，他们是英雄，是史上最强轻步兵，也是最可爱的人。这部电影啊，虽然是难得的好片，但是作为军迷和曾经的军人，总觉得差点意思。真没想到，影片中居然没有水门桥，相较之下，乱石滩空袭和炸毁通信塔这两个重点部分，显得可有可无，完全可以精简或删除。而结尾部分，特级英雄杨根思和冰雕连，处理的太草率了。
,原来不间断的爆炸也算是带有催眠效果的白噪声，我上次大白天在影院睡着还是看「变形金刚4」，真诚推荐给最近睡眠不好的朋友，即便你在观影时没睡着，看完之后大概率也会累的想赶紧睡一觉。
,单凭第一场战争戏，我愿意给5星，第二场戏不像一个人拍的。电影对比父辈里的抗美援朝好的多，千玺比吴磊也好太多
,看完简直非常震撼，台词有一句说如果我们不打仗，这仗就要我们的下一代来打，直接给我整破防了。我们生在和平年代，有幸替先辈们看过这和平盛世，走过这万里山河，多么希望他们也能看到😭
,哇，三个小时的小作文。
,为什么战旗美如画？英雄的鲜血染红了她！
,为了七连！
,"电影打仗场面很激烈，但人物形象刻画不足，也看了些别人的影评，某些观感一致。
几乎没有女性角色，冻成冰雕、杨根思等没有前因后果，主角们成了战场上的传奇，四字演的角色算是当了个镜头，也是想从他来表现战争中的另一面和成长，但这需要的篇幅过大。
胡军演的雷公算是最出彩的角色，朴实又感人。梅生也可以，连平河镜头不多也显得精彩。伍千里、伍万里和余从戎则构成了战斗和特效下的爽剧部分。
很多地方想表达但没有铺垫，又戛然而止，就成了轻飘飘。
但整部影片极其感人，因为伟大的人民英雄。
这场仗如果我们不打，那就是我们的后代来打。想想还是流泪"
,没有人喜欢战争，没有人想要战争。他们坚定是因为他们相信，他们有最朴素的愿望。他们相信，把这场仗打了，孩子们就不用打了；他们相信，分到手的田地不能拱手让出；他们相信，有些枪不得不打，有些枪可以不打。
,电影就不评价了，谢谢先辈们给我们带来了现在的生活！
,"三个半
易烊千玺台词好差 太出戏了
林超贤 徐克 陈凯歌三剑客搭配不错
朱亚文真帅"
,今年最令人失望的电影
,工工整整，优点缺点都很明显。枪战确实很激烈过瘾。前面铺垫太长了，有点头重脚轻的感觉，重点不突出。剪辑太碎片化，故事逻辑连续性不太好。
,感触太多了 言语难以表达
,3.6，里面含1分我对抗美援朝的致意。大场景和配乐很宏伟，故事线总体还不错（有一些不合理的）吴京和胡军演技很好。除了这些以外，美美美美的演技和朱亚文的突然朗诵，美军宛若英语听力的配音，以及迷之ppt拼接的多人分镜都大大拉低了这部片的水平。可以花50，但是绝对不值得70………
,"烽烟滚滚唱英雄，四面青山侧耳听，侧耳听，晴天响雷敲金鼓，大海扬波作和声，人民战士驱虎豹，舍生忘死保和平。为什么战旗美如画，英雄的鲜血染红了它，为什么大地春常在，英雄的生命开鲜花！

"
,三个小时全程精彩！好看！（有的画面太美了）
,不负英烈，雄赳赳气昂昂
,没有战争的真实感
,完全超过预期，可以说是目前为止看过的最好的国产战争片了。完全展示出了战争的残酷，但很多地方又很温馨
,考虑到还有下集，满分
,英雄们太伟大
,太乱太散了
,国内战争题材的天花板级别。
,谢谢盗梦，看了点映。很有条理地交代了战争的来龙去脉，很认真地描绘了每个有血有肉的人物，很有心地演绎了战士之间不同的情义。战争的镜头很真实很震撼。是一部很用心的电影。
,三分给电影，两分向志愿军致敬
,出乎意料的好看 3个小时的电影 全程无尿点 同时也感谢祖国 感谢这些为国奉献的 战友们 才让我们生活在盛世中。
,场面宏大，情感丰富，值得！像伟大的志愿军致敬！最可爱的人！
,致敬英雄
,看的首映，前半段真的很不错，那种从家里坐上火车去异国他乡战斗的场景。后半段太主旋律电影了，兰小龙的剧本斯以为还是更适合拍成电视剧。
,铭记历史，英雄永驻。
,249
,不要打仗
,"跟某人一起看的第一部电影💌
战争是现实而残酷的。"
,致敬英雄，好看！
,"我的眼泪不争气啊😭
愿祖国世代繁荣昌盛，
愿世界再无百里硝烟。"
,看得很累
,最后有点意犹未尽，结束的太快了点，如果结尾有个情绪抒发的点就好了。战役过程特别是第一场战斗过程稍微长了点
,#2021.119#保利国际影城#北京#引“《长津湖》是目前我们能做到的最好水平，它有瑕疵，但瑕不掩瑜。因为电影它在今天所引发的社会现象已经不是金钱所能衡量的了。一场国家级别的纪念。对那次战役、那场战争以及一切人民英雄的纪念。”
,事迹本身所带给我的感动或者激动远大于影片所传达出来的
,《长津湖》如果没有拍最后的长津湖战役还是挺不错的。
,说实话挺一般，中国现在拍战争片，很容易就拍成动作片，主角除胡军一个没死，4个人硬是发挥出一个营的战斗力。不要求拍出格局更大的反战电影，主旋律对于提升民族自豪感确实是必要的，但我们更希望看到真实的历史。
,回顾历史～致敬英雄～
,在分会场看了首映，战争场面很震撼，是我在国产战争片中鲜少看到的有战术而不是乱打糊弄观众的战争片，主创团队确实下功夫了。文戏部分也还不错，但明显感觉年轻演员在老戏骨堆里比较弱，还需要继续努力。此外，这次所有演员都说普通话，而不是天南海北的并不标准的方言，反而不是那么出戏了。
,"很幸运，去参与了“33城首映”，想说的好多好多，但简而言之，就是值得我们每一位去看！
其实，以前的我挺无语的，因为不喜欢历史这门科目而选择了理科，而现在我却又在基层教历史，每回讲历史的时候都很怕自己讲错，查询各种各样的资料，一直以来上历史课对于我来说，那就是胆战心惊。但这一年，我逐渐有了改变，先是《觉醒年代》，思想的进步、觉醒，再到现在的《长津湖》，曾经先人们抛头颅洒热血的震撼，给我的触动很大很大，我们不该遗忘历史，不该觉得历史无所谓！
希望每个人都可以通过这部影片，真切的感受先勇烈士们的不易，珍惜当下的生活！"
,英雄们都值得尊敬。不过片子的确拍得一般，混乱、都往里堆。
,"场面是很大
但似乎好像也就是场面很大……"
,绝对不能拍成什么底层士兵之类的小人物对战争的反思，一方面西方近现代战争史缺乏正义性才会疯狂谈什么小人物反思战争。另一方面，求求评论区的人去看看纪录片，哪怕看看知乎也行，对战争与战略意图的认识一点也没有，对当时敌我双方的态势也没一点认识，就知道轮歼敌人数。战争不是我们所期望的，但是为了国家独立，民族存亡而战，是正义而伟大的，没什么好反思的。
,拍得够狠的片子。没有主旋律电影里的主角光环，子弹打进皮肉，你一拳我一拳的肉搏，看得心惊胆战。全程无尿点，雷排长死的时候一片抽泣声，但是结尾略仓促。主演们演技在线，四字弟弟的反差也有够大，值得二刷。
,我爷爷参加了抗美援朝，以前说起来只觉得骄傲，觉得爷爷厉害，看了这个电影，才能感觉到爷爷的不容易，活下来就很不容易。看电影的时候每每想到，爷爷就是这些人中的一员，就忍不住流泪，是因为他们那一辈人的奋战，我们才有这样没有硝烟的和平时代，每一位战士都值得尊敬。
,叙事时间分配有问题，铺垫太长，前戏太长。叙事重点偏移，未突出表现后续阻击战。战争场面大而无当，效果不佳。在《红海行动》中狙击战、坦克战都紧张刺激，观众看得也清楚。在这里观众只看到一片混乱。有感人的地方是因为真实历史让人感动，而不是影片水平高。三大导合作巨制效果如此，令人遗憾。
,说实话，从头突突突到尾真的反而少了冲击点，无论是情感还是视觉上的。反倒是知乎54青年节那一部短片《重逢》，短短15分钟，几乎没有什么大场面，更能直击人心。吴京在我和我的父辈里那1/4也更动人
湖北,剧情一般，但是120帧，特效极佳，试听感受非常棒
,雷公这个角色塑造的好饱满，胡军永远的神
,演技大赞 绝对优秀的献礼片
,看片会。和之前几部博纳出品的主旋律影片一样，缺点和优点同样突出，但是在目前的这样一个国际局势背景之下，我觉得它值得五星。
,哭的我哇哇叫，抗美援朝立国之战，和平来之不易
,将近三个小时的片子，却连战役的背景和进程都交代不清。为了那些所谓明星而掺杂了太多拼凑的戏码，没意思。总体而言，随便找个当年的战争片（比如《南征北战》）就把这部甩出十条街了。所以，本片只不过是沾了题材本身的光
,真的好长啊！有个疑问，五万里中弹后为啥又活蹦乱跳一点事都没有呢，后面也没再提到背后中弹的事🤔
,"人物细节特别用心的，角色个性不只是用那种大主线剧情展现，就是几个重要part衔接时的一小段对话或动作，看得时候不会觉得在演，但到后段又会觉得，这角色连接到之前细节这样是蛮妙的。
四字弟弟的角色无疑是演绎最为完整的，年纪轻轻却能在一众比他资深的演员中脱颖而出，不愧三金提名"
,“如果我们不打，就是我们的下一代要打。”永远对今天的幸福生活充满感激。
,"长津湖首映归来，不带剧透的几句repo。

比起震撼更想用恢宏来形容，磅礴，是一览众山小，是平静海面突然炸起巨浪涛天。几位导演个人特色非常鲜明但不割裂，每个镜头都让人非常舒服，没有往常套路电影的古板说教环节、没有扼住你咽喉指着你鼻子说「你给我哭」，自然流畅的讲述了那个时代的故事，激烈场面甚至会情不自禁地屏住呼吸，悬着心等待。

有好几个瞬间让我觉得历史和我眼前的时空重叠在一起，切实地感受到那段峥嵘岁月。

不需要任何纠结和犹豫，正式上映后值得反复重刷。绝对超过以往任何的同类型片。"
,拍的太一般，这种电影还用了搞笑片的剪辑手法？
,还是很有冲击力的～因为有他们山河才无恙～感恩一切f
,热血沸腾的一部电影，钢七连第677名战士非常赞。
,几条故事线切换真的好乱
,演技一般。剧本略差。山舞银蛇，原驰蜡象很好，也敬佩“英雄”，但还是要再多雕琢一下才能对得起这个题材。
,比多数国产要强了，横向比可能没有四星，但纵向比肯定是有的，四星鼓励，希望国产战争片越拍越好！
,"咱们国家的主旋律片真的越拍越有水平了！战争场面的细节很到位，慢速和特写镜头的运用效果十足，代入感拉满，连成线的子弹让“枪林弹雨”这个词瞬间有了画面感和紧张感。两场战争戏节奏把握的都很好，三个小时也不觉得疲劳。人物刻画很丰满，情绪渲染也很自然。吴京不愧是中国票房最高的男人！
致敬最可爱的人！"
,历史当然应该被铭记，烈士当然应该被歌颂。然而如果只忙着传唱历史，忽视了当下，那么牺牲只会白费。叙事越宏大，越显得今时今日的冷漠。解放军战士们是抱着希望后代活在没有硝烟的时代才愿意付出生命，却绝不会想看到如今的人命不被重视。看主旋律电影的每个人都应该搞清楚纪念那段历史的真正目的。小村庄夜战拍的不错，后面的总攻就有些凌乱和刻意煽情。放着这么一个不听命令的熊弟弟在自己部队里不教训，未免有些牵强了。
,燃爆了，真正的大片
,相当期待！导演名单里，若把陈换成张，林换成杜，保留徐老怪。那就会更好看了！
,人民子弟兵是最可爱的人！致敬！
,无法用言语形容的震撼
,三个小时的片长确没能让片子更完整，小男孩的成长没有完成，房子没盖，女儿的算数没教好。七连几个重要人物的片段很精彩，整体大部队没有让人感到恢宏和悲怆。美军的口音像念课文。有好多片段可以删减，有好多重点没有拍出来。
,被那段历史震撼到了，祖国有如今这盛世太不容易了
,我真的觉得现在的年轻人应该好好看看这电影，我也还能算年轻人吧，从头就开始哭，一部电影让人为之动容，它已经足够好了。
,好看，特别感动
,从影片一开始第一个镜头就说明了这电影没有按历史去拍，浓浓的现代风，完全没有哪个年代的感觉
,"美军飞机落下一个一个炮弹，一个一个炮弹下是一片一片的黄衣服，一片一片黄衣服下是铮铮铁骨。
那些无名和有名的忠骨被埋在了长津湖的风雪里，他们的故事却依旧流传，幸山河已无恙，英雄归故乡。
京玺兄弟演技依旧无话可说，泪水没有断过，偶尔笑中带泪却还是心疼。其他一众演员，也真的太优秀了，尤其雷公开车运炮弹那段，简直爆哭！
千玺值得！吴京值得！长津湖值得！抗美援朝精神更是永垂不朽！"
,塑料特效不停出戏，正派反派都是国产片标准的塑造法，生硬且脸谱化。最后3分之1还是不错的，之前都感觉每个人都在背台词。
,聪明人都懂得，不要在主旋律电影中学历史
,谢谢先辈们，吾辈安稳，未经历过战争。故事讲的有些乱，为了祖国情怀也值得。
,太长太长了，废戏真心不少，没必要舍不得删减；开场特效太赶客了；战争场面，前半部分的被美空军压制，以及帮助被夜袭村庄都很不错，反倒是最后的长津湖战役杂乱而仓促；缺少普通中朝民众的戏，所以战争必要性只能通过台词交代而非情节；除雷公外，其余角色还是过于脸谱化。
,"伟大的抗美援朝精神历久弥新！
中国人民志愿军战士永垂不朽！"
,“你留一只胳膊，他留一个耳朵，我留下一只脚，还有许多残肢断骨，我们合葬在一起，凝聚成一个特殊的我。我是谁？我是我，也不是我。我是祖国的卫士，我是人民的护兵。我的身躯属于我，我的生命，属于人民，属于祖国”。
,"第3265-向19万多烈士致敬。
谈谈几点电影的不足。
第一是前面大多数时间是以点代面，这个点还没讲完，后面就突然跳跃到大局观，这个点没了前后呼应。就像听了两小时武松打虎的评书，最后十分钟就讲到了梁山招安。
第二是战斗场面剪辑衔接过快。就像一场篮球赛被剪成了进球集锦。
第三是主演个个武力值超群，子弹炮弹打不着，当然不只是中国的战斗片这个样。
第四是文戏中点燃情绪的就是沂蒙小调那里，可背景音乐短，情绪刚要上来就结束了。
写不下了，放影评里"
,以战求和平，打出百年安定。
,比预告片差远了，没有新意，战争片段有点混乱，个人觉得还不如金刚川
,"“为什么我的眼里常饱含泪水

因为我爱这片土地爱的深沉”"
,整部电影由几场战争戏串起来，剧情可以忽略，致敬革命先烈
,昨晚去看的黄金场，几乎满场，小孩子太多了，时间长坐不住，血腥场面又害怕，上窜下跳，吱哇乱叫，很影响观影体验。三个小时确实有点长，常年坐办公室的老腰有点遭不住，但战争场面不错，有几个镜头很惊艳，确实要花大钱才能拍出来，坚持看完了，也没有去厕所。电影有些割裂，陈大导演的痕迹很明显，扣半颗星。万里的成长线不错，很清晰，感觉他后期能顶个迫击炮用，主角光环有。吴京真是帅，无法形容的好👍另外，黄轩演的毛岸英真是败笔，不明白，扣半颗星。散场后，有些人说结尾看的云里雾里，确实结尾收尾潦草了些，平时历史知识掌握的不好，看起来有些吃力。期待《冬与狮》
,画质太差了，差点以为走错了地儿，其次四字弟弟的表演和《少年的你》如出一辙
,“这盛世，如您所愿”，是看完电影脑海中浮现的第一个想法。看电影之前，抗美援朝战争对于我的记忆只是存在于历史课本中，但真正看完整部影片时，历史书上的事件重现在眼前时，才切身体会到当年抗美援朝的不容易！电影用176分钟带我们去了解抗美援朝的那段历史，在牢记历史的同时，也要珍惜现在的生活。之前担心时长过长会坐不住，结果根本不会，电影的节奏感很棒，176分钟情节紧凑，甚至在结束的时候还意犹未尽绝对算得上史诗级的效果！电影的画面和配乐都搭配的非常舒适，明明是2D电影，却体验到了3D 4D的效果，仿佛置身在枪林弹雨之中。每一位演员出场的时候，给我的感觉是他就属于这个角色！性格特点格外鲜明，每个人都很好。影片不能说是完美，但真的精彩极了！
,有点乱 中途还睡着了……但是bgm真心好听
,多给一星致敬前辈吧
,真的厌倦了音效特效的狂轰滥炸，可不可以先把故事讲好？
,妈呀，我又红了！电影有点虎头蛇尾，但第一个小节解救兄弟部队那一段，非常赞，私以为是不是徐克导的这段…易烊千玺前途无量！
,拍的真不错，都是演技派
,每个人物都立体鲜明，有血有肉。看完之后最大的感受就是要有对历史的敬畏心。对抗美援朝这段历史有了更深刻的了解，原来比我们书本上学到的要艰难千万倍。一定要铭记那些捍我中华、强我中华蚍蜉撼大树的英雄们！！！
,这个开头调色的热血澎湃超现实感，是徐克搞得吧。蛮好的
,镜头太太太晃了，第一次和美军的正面交锋拍的比最后总攻要好很多，总觉得结局有点仓促和拉胯，韩东君和朱亚文的人设实在是太好了，一个有勇有谋神枪手，一个带着书生文雅气儿，冷静思考以小换大的指导员，其他的正常发挥吧
,国产电影越来越好看了
,刚看完，八分，战争场面华语之最！但缺点就是剧情太散了，本来想给四星，但给四星实在对不起最伟大的志愿军战士！
,战场近身搏斗戏挺震撼，应该是林导的手笔。
,电影中的战争场面不打折扣， 生在新中国🇨🇳 致敬中华人民共和国伟大的军人英雄们！ 也感动于拍摄这部电影的所有演员们，你们让当代年轻人看到了历史。
,都是战斗场面，基本没有剧情，除了敬佩志愿军战士，其他我无话可说。
,有幸成为天津的首批观众，激动的心情不能平复，评价就两个字：值得，电影值得去电影院观看，演员和制作团队值得观众对他们的夸赞，伟大的志愿军精神更值得每个中国人铭记……电影是真的尊重历史，尊重感情，尊重战争。大场面大制作，小屏幕看感受不到浩大的战争场面带给人的震撼，每到战争场景时手握着拳头松不开，紧张，激动……嘴里不停的说干死他们……或许之前有对三个导演能否做一个流畅动人的作品的怀疑，有对其中某一位导演的不相信，但现在看完了整部电影，只能说多虑了。千里英勇果敢，万里倔强成长，梅生，雷爹，余从戎，平河……千万志愿军的缩影，谢谢您们付出一切，乃至生命……千玺，你小子又完成了一部高质量的作品，越来越能让我们影迷骄傲的说一句：易烊千玺是一名合格的演员，有他的电影值得去电影院看。
,史诗级战争!铭记历史，致敬英雄!
,看来战狼单挑坦克已成习惯，加上各种装甲炸飞猛男凹造型，尸横遍野血雾肉屑，暴力场面审查无顾虑外加资金无上限，林超贤和徐克估计玩得挺爽；伟光正人物刻画和突兀文戏政宣台词和网大质感CG就直接忽略掉吧，这个大环境反正也不可能拍出啥严肃历史战争反思的东西，只能靠民族情绪裹挟试探着类型片之路，都不容易……
,强烈推荐！非常棒！
,以人物单线始，兄长线在中段偏够就完成了转变，所以只有以群戏其他角色的悲壮来完成结尾升华，总觉得乱乱的怪怪的，重心不明，备受争议的网课镜头看到时真是会心一笑，小村庄的那场戏看着是节奏和视觉是最爽的，后面的则以全局呈现更多。以及观看的时候总是不自觉的想，战争片的内核应该永恒是反战。
,从这部影片创造的票房奇迹这一点，就能给它十个赞。连出版社出版的《血战长津湖》和《决战朝鲜》两部书都卖断货，至少让更多的国人愿意去了解70年前发生的事件。战争太残酷了，加上装备的差距和气候的严酷，真是惨烈。有两个细节印象深刻：一是北极熊全军覆没，冲进指挥部，说：“有些枪不能打”，军人，对真正的军人是敬重的，哪怕他是敌人；二是美军撤退时看见“冰雕”投去的尊敬的眼神。美中不足的是，主线对严寒表现得少了一些，其实从史料看，这是东线战场长津湖之战非常重要的特点
,看的好累，你要说战争片，我只能给这分了...不知道的还以为看港片枪战戏呢。
,看完了，蛮不错的
,缺少细节，把美国人想的太简单了，整体把握不够，时间偏长。
,有幸看了提前观影，超级感动。浓厚的家国情怀，也很有教育意义，老戏骨们演技也太赞了赞了~喜欢！
,喜欢前面遭遇游击那一段 真到长津湖了反倒就那样😅
,打得一拳开，免得百拳来。
,林超贤对战争的把控很到位啊，还是挺不错的可以看看。
,3.5星，战争片不是我的类型。这场战争的性质也暂且不论，作为电影还是可以的，节奏明快，场面刺激。
,致敬革命先烈，必须满分
,有幸能看到这样一部我愿称之为我看过最好的战争片，“打得一拳开，免得百拳来”，开片就坚定了为什么一定要打这一场战，通过伍万里的视角看到了祖国的山河壮丽，也看到了战争的残酷无情，更看到无数先辈为了下一代的美好而牺牲。每一个人物都很鲜活，每一个场面都很壮观。
,感觉一般
,这部片子就是一部商业片，打着情怀赚票房的片子，一部电影要精简，加一些乱七八糟的人物进去有什么用，而且人物的塑造也不行，不如叫《长津湖之七连》，战争片不是战争片，历史片又不是历史片。
,问题很多，优点是对于推广大众对于抗美援朝的认识有帮助。
,万语千言汇成一句话：感谢先辈们用鲜血为我们换来的美好今天！
,前面一小时很不错，中间开始拉跨，最后结尾一般，虎头蛇尾，群戏非常乱，割裂感很强
,三个小时的电影，可以说没有一处让人感动的，更谈不上震撼了。属于看过很快就会没什么印象的片子。当初没去电影院观看是正确的。
,所有的演员都不是他们自己 都是角色本身！！为所有可爱的人们致敬 为所有的英雄致敬！！
,很难将电影和民族气概割裂开 的确史诗般的战争片还存在这样那样的问题 几位大导演对整体无论是节奏还是调度还是抠细节...把握力度不足 但素 都止不住我翻涌的爱国主义热情 拳头都握紧了！妈妈我不过圣诞节了！
,我们就是需要这样优秀的爱国主义电影啊，因为小孩子们几乎不会了解到这段历史，而且环境差异以及家庭教育等因素，年轻人很难对于历史上建国的那些打天下的英雄们的牺牲有共情的感受了。而且拍摄的情节细节以及战争细节的刻画也比较丰富，不像以前的一些电视电影作品那般枯燥说教。觉得稍许欠缺或者有所期盼而未竟的是那冻亡以及火烧而亡的那些真实历史的情绪表达，若能够丰富下再多些角色，在那过程中有一半已经与观众留下较深的主角或者重要角色的印象后再牺牲，加强些那过程及原因，觉得会更加的触动人心吧。愿逝去的英雄安息，再无牵挂、脱离苦海、功德无量🙏🙏🙏
,全程无尿点！
,浪费时间
,太长，感觉没剪过；战斗场面太乱，帧率不够；反派苍白；
,感觉作为一部战争片中规中矩，战争场面拍的太乱了，晃眼😂
,"勿忘历史，勿忘英雄。
哪有什么岁月静好，只不过有人替你负重前行。
冰雪里冻僵的战士，隐姓埋名不搞特权的毛岸英，为救大家牺牲自我的雷哥，小册子上整整一页都牺牲了的名单……

四字的演技在戏骨众多的演员里显得浮夸了那么一些"
,是因为有前人的前仆后继，才会有我们的国泰民安。
,这部电影场面上拍的是很好的，但也确实不合我的胃口，看着这部电影的同时，我就在想，我该去看一下关于这场仗的相关资料，因为确实产生不了实感，整个脑子里就是，美军装备很好，素质不错，但是遇到的对手，是他们难以想象的中国军人，这样的想法，好像肤浅了一点，我特别不喜欢五万里这个人物的设置，我不想看人在战场上成长，也不喜欢把镜头聚焦在一个小队身上（是一个连，但是主要角色还是几个人），因为有重点，就会让我怀疑是否真实，是否有光环，在我的心里，觉得这样的叙事方法，是套路型的，这是我个人而言不太喜欢的
,大场面很多但是没有重点和高潮，全片也展示了志愿军战士们艰苦的作战条件和不屈的钢铁意志，国庆节还是值得一看的。珍爱和平来之不易。
,节奏混乱，角色单薄，持续不断的狂轰滥炸令人耳眼疲惫，中国商业电影总是一种高高在上的意识，跟观众缺乏沟通和共鸣。
,冗长且蓄意，一杯好酒也不必塞到我嘴边来喂我喝
,顶级配置，超级期待
,历史考证不过关，想仿好莱坞，反而更扯淡。
,向上过战场的英雄们致敬！
,3.5星。中规中矩。打得一拳开，免得百拳来。
,制空权、火力覆盖和后勤真的太重要了
,特效差点，全程无尿点。
,哭死在电影院！
,叙事很乱，特效很差。
,很期待的看了这部电影，拍的一般。战争场面给我一种很乱的感觉，也没有很好表现出志愿军的精神，伍万里那个角色感觉有点多余
,"六子啊六子，你死的好惨，大哥一定为你报仇。
比《金刚川》不知道高到哪里去了。
好，但是还不够好。"
,画面拍的一绝 三个小时完全不觉得时间长 很值得看 最后祝祖国生日快乐❤️
,青岛首映场第333位观众。
,电影拍不好的话，感觉都是对英雄的亵渎。
,"欲扬先抑，先说缺点
1.前面的几个拼接画面直接与严肃的气氛产生了违和感，像是一个游戏的过场动画
2.战争场面过多，尤其是战斗机的轰炸场面，容易产生视觉疲劳
3.战争电影的通病，主角光环太明显了，伍万里迎着重机枪跑了那么长一段路一发子弹都没中，多少有点不现实
4.影片名叫长津湖，但是前面一大段都是讲的队伍如何行进到长津湖，而长津湖战役打完之后，结束过于仓促
5.徐克+陈凯歌+林超贤，如此豪华的导演阵容，作品却还是没逃出主旋律电影的窠臼。
缺点说完了，再说优点
1.至少对我个人来说，特效是完全能让我满足的，丝毫没有让人出戏的片段。
2.超级豪华的演员阵容，老演员们演技全部在线，易烊千玺的演技虽然显得有些稚嫩，但能看出有巨大的潜质。
3.毕竟是大导演的联合作品，画面的质量非常高。"
,非专业评审不来，只知道这样的题材应该多拍给和平年代的我们，牢记历史，爱我祖国。
,"我始终认为一部好的电影可以讲诉一个很好的故事，一个会让人沉浸其中的故事。
但是，他却让我游离。
喜欢其中一句话，大概意思是，我们打仗，是为了我们的后代不打仗。
最开始的轰炸加上配乐很想让人哭，无助。
主旋律的电影始终是符合一些期待的。在这个时候，是正确的。
尸横遍野。
国家强盛才能不被欺负。
小米加步枪对上美军的大炮，怎么获胜，只能用身体啊。"
,人民英雄永垂不朽
,震撼、炸裂、意犹未尽。三位导演各取所长尽情释放，想到这会是一部惨烈的电影，没想到这还是一部燃爆的爽片，既表现出战争场面的宏大波澜壮阔，又有近景绝境还生惊险肉搏的诠释，刺激震撼之余深切感受到抗美援朝志愿军的不屈与坚韧。当然在战争震撼场面之外，大部分文戏也毫不懈怠，列车行驶中巍峨的万里长城，入伍仪式第多少名兵的庄严，浪漫至极。
,这部电影有点可怕，三个导演居然能把自己的优点的缺点全部冗杂在里面。整部电影其实放到四个小时把前面中南海部分全部删掉，就剩下九兵团和陆战一师的火拼，分上下两集就好的多
,国产战争片巅峰，突突突突突突突突，缺点就是，长得有点过火。
,为抗美援朝五颗星 需要这样的电影 也希望更多的了解这段历史 虽然真的太难受了
,人在阵地在！
,篇幅太长，电影特效太假了，作为献礼片也就勉强合格
,又一次独自去看影院看电影，虽然时长三个小时，但我一次手机没掏出来玩，一次厕所没去上过，一个瞌睡也没打，立国之战，打出国威，致敬先辈们，盛世如你们所愿。瑕疵方面：有时剪辑得有些凌乱，结束得似乎也有些仓促，是有续集的节奏吗？
,比预期好点，也就好一点吧。那群在冰雪里冻住的人更值得书写。如果战争只爽，痛苦一笔带过，会让年轻人有很多不切实际的意淫
,演技都挺好的，但是故事情节太多了，显不出重点，从头到尾，大多数都是炮击声，有点像竞技了，缺少感情表达。
,这是电影么？
,家国情怀的剧，期待😍😍
,重点不够突出，长的没有什么吸引力。主旋律可以，但是没必要靠音乐烘托，感觉力气用错了地方
,人家在过圣诞节，我们在吃冻土豆，真的是鲜明的对比。致敬先烈，铭记历史，吾辈自强。
,真的非常的震撼，虽然有三个小时的时间，但是内容精彩根本感觉不到就，看完了还意犹未尽。
,补评。单位组织观看，看完只有一个想法，一定要珍惜现在的生活，因为这是前人牺牲生命换来的。
,不要再拿爱国当盾牌，守着那点可怜的红钱
,电影前面文戏铺垫的相当不错，后面战争部分情节紧凑，紧张感拉满，爆炸做得很好，人物群像我认为也刻画到位了，走出电影院我还记得他们每一个人的名字。我军吃能把牙硌掉的土豆，美军吃火鸡、喝咖啡；我军列车被炸只能步行，美军的飞机就在头顶上盘旋，这场战役的补给和装备差距都太悬殊了，最后的冰雕我直接绷不住了。虽然我个人觉得有些地方的剪辑不是很喜欢，结尾也有些仓促，但总体瑕不掩瑜，如果能有下一部就好了！
,是我看过中国最好看的抗美援朝电影
,当年志愿军非常艰辛，可是这电影怎么回事？把那么多故事强塞进一场电影里，看到结局内心毫无波澜只觉着心累，人物刻画扁平呆板不够立体
天津,中段的村庄战拍得好。
,接进四星  剧情有点美式  笑点非常美式   镜头等等都有美式的影子  有一段的慢镜头简直像白痴一样  玩弄观众当然   其实是电影团队被玩弄  胡军死的那段台词和表情非常到位  刚刚好就是满分  这段刚刚 刚刚好     易烊千玺就是命好   一无是处  三无产品  全程凶狠和白痴的表情  其他感情色彩无法用表情或台词表现出来一丁点  呵呵  没有灵性的偶像   说木偶人更贴切  舞蹈也僵硬难看  唱歌不讲了  能拿到这种资源这个表演能力   和刘浩存是一家人啊  tf三个人  三种不同形态的草包   顶级命格的草包  哎  心累   其他演员都没什么问题  平时都可以独挑大梁  没必要这样在主旋律里集中火力  浪费  易烊千玺太烂了  愤怒 痛苦 感动  都一个样   身体形态更是一塌糊涂  僵硬做作  假  和他本人一样  命太好  观众的命坎坷  还有第二部  我的天呐
,一般般，没预期的好，两场打斗都有些过于冗长，看着累，毛、彭、麦等人的出场都突兀，不如剪了，只要有宋将军和史密斯师长出镜就行了
,"异国他乡，千里冰封，万里雪飘。

洋人看不起我们，尊严，要在战场上夺回来。

“他们来自四面八方。everywhere🇨🇳”
开饭了！！把他们烤成火鸡！

火车外群奔扔厚棉衣，雷爹那句“疼死我了，别把我一人留在这”，雪山上的人体冰雕，彻底破防。

“以静制动”的装备。是谋略，是胆识，是满腔壮志。

别着急别着急别着急。
战场上要冷静。

“不相信有完成不了的任务，不相信有克服不了的困难，不相信有战胜不了的敌人。”

个人感觉比八佰的描述感触更多更深。
下一代的我们，别把响亮有力的口号喊得无味。

感谢这些文字和影视作品，虽然没有百分百还原，虽然无法让所有受众都满意，但是能有机会多知晓一二，都很珍贵与感动。很可惜历史学科念得太差。历史并非是冰冷的年份人名原因意义啊。

并不是不恐惧❤️"
,片子时间有点过于长了，电影画面效果不错。但是剧情方面有点难以言尽，作为弟弟伍万里的角色刻画不够细致，他存在的意义是什么， 一开始的演技有一点点尴尬。整个电影把美军拍的有点过于懦弱了吧………… 作为故事大背景抗美援朝，也只有中美在对抗。片子不错的是画面效果方面，还有打光布景方面都很不错。
,"很荣幸看的点映🎉 整体感受
是我看过最好的战争片 2d看出3d的效果

✨ 喜欢的角色
很喜欢伍万里的成长线 从一个江边调皮少年被迫成长为一个战场英雄 片中几处笑点都来自于他 看他从被大家调侃时的不服气到后期投出空爆被大家认可的过程很欣慰见证了他的成长 也意识到他已然成为了他一直想成为的一名真正的英雄

🎞 印象深刻的片段（涉及剧透）
lg的牺牲 我相信没有谁看了会不为之动容 先辈们真的很伟大 不能忘记今日的幸福是先辈们用身躯换来的

📝 喜欢的台词
“打得一拳开，免得百拳来”

🎬 喜欢的场景
万里被气到不想当兵要跳火车时打开车门的那一幕，映入眼帘的美好景色是祖国的大好河山、万里长城…"
,转折有点生硬，情节有点混杂，特效有点尴尬...结果最后我还是给了四星
,不知所云 强行..
,"看完电影第一印象就是直呼过瘾！是近年来最接近于史诗般的战争片了。虽然176分钟不到三个小时，但一点也没有觉得长，剧情有张有弛却不拖沓，战斗场面枪林弹雨，紧张刺激，扣人心弦。虽说也有煽情之处，但为数不多，且情真意切，铁铮铮的汉子光荣牺牲，怎能不感人泪下？
抗美援朝如同抗日战争一样，抵抗外敌入侵，一个是自己国家，一个睦邻友好的兄弟国家，都是为了国家的安全，下一代人过上更美好的生活，无数先烈用鲜血和生命，换来国家独立，民族兴旺！我们应该时刻铭记这些最可爱的人！"
,三个小时的电影却完全不会感到枯燥，几个老戏骨扎堆在一部电影里就太爽了！眼神戏真的绝！场面也很刺激，剧情上是很连贯的，就是最后快结束的时候欧豪那块剧情有一点突兀，出来的很突然又很快结束掉，总体来说是很不错的！
,很久没有这么认真的看一部战争片了，近三个小时也没有觉得很长，还带家长去二刷了！
,动作戏国产天花板确实，陈凯歌导演证明了自己，林超贤还是一贯的生猛，没有刻意的煽情，鼓励一下，五星。
,真不容易啊
,有幸提前点映看了长津湖 对这段历史有了更深的认识 活跃在荧幕上的基本都是抗日或解放战争 这是第一次看抗美援朝相关的影视 太久没看战争类了 心堵得慌 心揪得慌 战争无论输赢都是人命堆出来的 “我们这一代打完了 他们下一代才能没有硝烟”
,主旋律的电影，但是特别有不一样的味道，三位导演结合让电影更精彩，故事性很丰富，前后非常饱满，剧情也很多远，亲情，兄弟情，战友情，战争场面十分过瘾，不仅仅是战火纷飞的年代，也有战士们可爱的生活情节。易烊千玺的表演也是很有进步，继续努力。吴京，胡军，李晨等诠释的军人也是非常自然真实。
,有幸抢到了西安的点映，全程三个小时无尿点，不管是文戏还是打斗戏，2D看出了3D的画面，演员也超棒，太牛了，故事情节就先不剧透，国庆带着爸妈一起去看，
,文戏和情节看得出压缩剪辑了很多，不连贯
,4分5星；中国人太他娘的不容易了！！不看不是中国人！！（美国人的部分演的好塑料 囧）1942年中途岛，咱还是小米加步枪的打游击，1950年已经正面和美帝硬杠且杠赢了，牛逼就一个字，我只说一次🐂
,两场战役中更喜欢第一场，几乎是零距离展示了战争的残酷，紧张到不能呼吸，给人一种身临其境之感，特别是易烊千玺第一次杀敌那场戏，看到了一个人在一瞬间的成长。写得最好、演得也最好的是胡军这个角色，把一个人的智慧，淳朴，幽默，勇敢，甚至是出于本能的害怕，都刻画得非常立体。感触最深的台词出自韩东君：“希望下一代生活在一个没有硝烟的年代。”我想无论展示了多少战争的残酷，志愿军的英勇，这部电影最终的指向还是像这句台词一样——世界和平吧。
,如今的幸福真的來得太不容易了！！！！！！
,三位导演操刀的作品，大投入，大场景，大制作，显出问鼎庙堂的雄心～结构较为古典，我都能一边看一边给片段写出小标题来，一到喜闻乐见的“写家书”环节，就知道接下来该“牺牲”了～吸收了一些游戏化的作战图到战斗实景的镜头切换方式，但爆破烟火风格还是停留在20年前的好莱坞风格，好看但有点假，如果能像《集结号》更贴近真实可能会更适应现代审美～人物塑造较为丰满，很符合“阳刚美”的主旋律要求～
,要是那个懂英文的帅哥挂了那我就要急
,热泪盈眶得一把鼻涕一把泪
,看的我热泪盈眶，英烈不能忘记，没有他们的牺牲精神也没有国家的平安繁荣。
,特效咋就这么拉胯呢？
,于我而言，期待值拉满之后，整个过程都超出我的预期，群戏，个体，都赞爆！中国大制作，还会越来越好的！慢慢来嘛！急个O啊！挑那么多刺的都特么站着说话不腰疼！
,黄轩有点帅，可能是看我和我的父辈的滤镜吧，一个写诗的男人。我是不是老了，我已经用男人女人来区分这些愚蠢的地球人了
,易烊千玺
,说教感重了些…总感觉怪怪的
,缅怀抗美援朝战争英烈!
,弟弟像是从小红花片场过来的一样。几乎看不到任何战争实质的反思表达，纯为献而献
,"本来是没什么兴趣的，但看了《功勋》第一单元李延年，突然发现好久没看国内这些战争片了，刚好这个也是抗美援朝的，所以就来看了。
而且这两天也看了些评价，因此完全没啥期待，所以整体感觉还挺不错，三个小时竟然不觉得长，基本没啥尿点。不过中间的村庄遭遇战比后面的主战场好太多了。
当然也不是没有槽点，比如某人间锦鲤。。。虽然知道想表达战士的成长，但是这个样子真的好吗。。。每次他出场眼睛都想翻到天上去了。🙄"
,没有想象好，想要涵盖太多，重点不突出。
,韩东君好帅啊～易烊千玺戏请继续宽下去～另外不用拍那么长其实
,岸英太让人心疼了
,第一场正面对战非常好看，紧张刺激，除了满场跑也不会被打到的男主光环有点出戏，第二幕反攻的长津湖之战走人海战，精彩程度不如第一幕，雷公人物角色圆满了，抗美援朝是中国打的很困难的一战，美方装备精良，而中国每个充满必胜决心的战士们不怕死不怕难创造了奇迹啊。
,"问:谁是最可爱的人。
答:中国人民志愿军！
"
,看之前觉得会哭，看完觉得影片度把握的很好，没有刻意的煽情。荡气回肠，气势磅礴。基本上近2个小时的镜头交给了战争场面，音效很赞。但穿插着人物性格描写部分还是透着兰晓龙独特的军痞风~群像之下，写的最好的人物是胡军那个人物，有血有肉（啊！胡军演的太好了！）。四字弟弟完成一个85分的表演，害怕的时候我相信他真害怕了，但坚毅的时候我从他眼里看到了执念，未来可期。
,场面是很大没错，但是故事又到了啥都想要然后啥都抓不住的程度。毛岸英本身的故事已经足够动人，但是创作者不能约定俗成觉得观众都能直接get他的故事线而不用铺陈作为第三幕高潮前的动力。横向比，不如乘风的故事来的踏实。
,看完理解了为什么票房那么高，评价却相对一般。感动的地方是真感动，特效和视觉也真的超乎想象，但故事的不完整使整个电影教育意味更浓而更不像一部电影。我想知道后来这些人的归属怎么样了，伍家兄弟有没有盖上房子，他们成为了什么样的人？雷公被埋在了哪，每年被谁祭奠？囡囡的数学变好了吗？他们有没有回家，他们后来过的幸福吗？……但都没有交代，哪怕是杜撰也没有，所以这不是个完整的故事。
,"很意外，没想到电影有一个如此抓我的点，就是易烊千玺和吴京的兄弟纽带。它包含了传统中国家庭里常见的、朴实的情感。有小的对大的的追随崇拜，也有大的对小的的戏耍，时刻保护和带来的人情世故。归功于演员的演技，从眼神里，你就能感觉到这是一对很真实的兄弟。我没有这样的哥哥，但可能正是因为没有，所以实在很戳中我。

另外吴京出场里在家里对长辈的那一跪，那整段戏都很好。像一个历尽沧桑，成长归来的孩子，情感赤裸的跪在父母面前。我回来了。这给我的后面的观影带来了一种感觉，就是所有的这些兵，包括那些被冻住的烈士们，都是人家的孩子啊。

主旋律的痕迹还是很重，影响感受。你要想让别人产生某些想法，最聪明的方法就是让他们觉得这是自己想出来的，而不是被教的。这也是好莱坞战争片文化输出的高明之处，虽然我并不喜欢这种手法。"
,我觉得其实看大场面还行 但是割裂感好强 我觉得前面那种快乐过后要悲凉比后面摁头好哭多了 胡军是真的nb 不愧是内娱第一总攻 演憨爹也演的好好 呜呜 看完想开盘立刻买两手军工股支持一下我国军工机械化 真是要有拳头才有话语权
,好看吗？好看；过瘾吗？过瘾；想看吗？不想…
,我对抗美援朝这段历史了解得不多，对电影所呈现出来的战争的艰苦和中美两方的差距还是非常震惊的。感谢所有先辈们的牺牲。
,如果历史是把人变成数字的记载，那么故事就是把数字还原成人的叙述。
,   把我们的血肉，铸成我们新的长城！
,第一次在电影院看战争片，感受到的只有震撼！也再一次感受到了志愿军拼死战斗的伟大！
,除了给弟弟太多不合适的镜头（偷溜打战不思议死不了）、指导员有点假的咬着手榴弹开车冲啊冲、为了回去拿大地图（不是要否认但实在演得太刻意）之外，从大场景到小个人，印象最深的场景有美国军队仰拍的那种气焰，军民着急太冷要“扔棉服”，车厢里七连轮着喊名字（镜头切换不算特写配合着声音特别泪崩），仰躺着准备和敌机拼命（尤其是他们居然对着尸体比赛射击），老雷的按兵不动数数到明晃晃的围剿，到最后死前的特化与不成调的歌声，看到了最末林超贤团队明白了大场面的由来。有些台词略有刻意，但可以接受，时刻牢记着今天的幸福是曾经真的有人前赴后继（虽然今时今日真心腿软），这种年代造就的敢死，深深让人敬佩。
,志愿军条件太艰苦了，非战斗减员太严重，
,等到单位组织，才有时间看。看完更加懂得“冒着敌人的炮火，前进”这句歌词的意义。外国人整体演技拉垮，但胡军值得一个最佳男配！2021.11.08
,精彩好看，致敬志愿军。
,很喜欢里面的一句话：打得一拳开，免得百拳来，面对当时世界上最强大的国家，我们不得不打，而这种胜利是用几十万将士的生命换来的，尤其看到志愿军战士被冻成一个个冰雕，心里感慨很多，珍惜和平，感谢先烈们的付出。
,抗美援朝 保家卫国🇨🇳
,节奏有问题，看了半天以为到高潮了，却戛然而止……
,纪念电影，3小时过长了，本身的纪念要求让剧情被刻意地拉长，使情节散了很多。其实严格意义上来说，与主要情节相关的就只有两场战役，中间塞入的很多其他情节反而是为了让观众产生共鸣的，略矛盾。本身并不会不好看，战争的质感还是很不错。
,三星半。有点耽误了这个好题材。但既然是任务，Emmm也是不容易了吧
,"《长津湖》 是真的好看。
  不仅仅是一个叙事电影，里面的人物都是鲜活的，一哭一笑的看完长津湖，节奏轻快又不压抑，战争宏大又不空洞，情感真实且细腻。
  战争场面拍的太真实了，零下40多度的冰天雪地，兄弟间的细腻情感，战士对祖国这份土地的爱，甚至还拍出了毛岸英之死。我记得之前关于毛岸英牺牲的细节，其他影视剧里都是含糊带过的，而这些都是真实发生过的，我们今天看到的，是几十年前的他们经历的，心里就有种说不出的感谢。
  感谢《长津湖》将这段历史这样好的呈现在我们面前。
  感谢人民子弟兵带来的现在这样安宁的生活。
《长津湖》绝对值得你的高期待，这段历史被这样娓娓道来，对任何人来说都是值得被珍惜的。
  无数个千里万里换来的今天，我们应该好好珍惜。
  “千里万里赴战场，如今山河已无恙”。"
,25号看的，哭惨了，场面惊艳，已经买了国庆二刷的票
,党委组织一起看的。“这一仗我们不打，就是我们的下一代打。”致敬抗美援朝的英雄们。
,感谢中国让我们生在和平年代🇨🇳
,这仗我们这代人不打就得下一代人打……都是血肉之躯啊，小时候不懂为什么是最可爱的人，时间不应被遗忘。
,时长真的是太长了，故事有点弱了，没拍好
,打一战是为了后续打更多的战争，信仰真的是无敌的。
,值得票价的良心电影，就是电影院冷气太足片子太长，一度十分渴望毛毯和大床
,国庆档强推，雷公牺牲自己的那段真的太催泪了，旁边小伙伴爆哭现场，场面极度震撼，我的爱国之心又一次燃起了熊熊烈火
,我以后吃饭一定吃的干干净净！
,国庆电影院约起啊！！
,朝鲜战争长津湖战役的故事。叙事很拖沓/冗余而且越往后观感越乏力、角色塑造扁平无趣、很多（大场面）CG做得太假像游戏画面。不过各种爆炸的效果做的还挺带感，一些风景空镜头拍的也还不错还算美（尽管被垃圾特效拖累）。
,给人的震撼非常大。以及认识到战争的残酷无情和对苦难的生活也能苦中作乐的充满信仰的活下去。
,只能说还好是团建去的：1.这真的是2021年的国产大片特效水平吗？还不如20年前的珍珠港；2.也不知哪个天才想出来的三位导演合拍，各自为战，完全看不出重点在哪；3.欧豪的后台是有多硬，本来电影就很长了，还为了他加了段跟主角毫无关系的戏。
,整部电影有几处有点割裂，连队里几个老兵带着新兵基本没中过弹，都是擦伤，最后感觉故事也没讲完整，期待后面的《水门桥》补全当中的剧情，人物塑造。
,吴京研究在线，易烊千玺未来可期，特效音效非常好，打美国鬼子的时候很爽，期待水门桥
,文戏的地方一点点都没有打仗的紧迫感，武戏的地方又不知道在打什么，最后的冰雕更是让人不知所云，这么好的故事能讲成这样也是一种水平。看完电影的可以试试自己能不能用简单的语言复述一下整个的剧情。
重庆,个人感觉：文戏可以，武戏不行
广东,缺少重型武器，只凭人数和精神意淫与忍饥耐饿就取得胜利？应叫“减丁行动”
安徽,有经验的先死，没经验的死最后！
四川,公司员工福利费买的票强迫我看的电影我能说啥？
江西,一般
山西,不好意思，永远不喜欢一群恶人演英雄，强奸大众，给英雄感情带来负面影响
福建,这种片子蛮适合电影院看的，最后有点感动。
江苏,其实我是不太喜欢看战争片的，不过听说是大片还是到影院去看了，个人觉得一般般吧
广东,致敬！
美国,求放过，别嚯嚯历史。去拍架空片吧
四川,不好看
山东,我觉得你这段话通篇看下来很有道理，实则在转移矛盾，无脑护主（四字）。你估计也喜欢《满江红》吧？[嗑瓜子][嗑瓜子]脸谱化人物不等于和演员挂钩，up有暗示演员能力不足或讽刺演员品行的话吗？还有电影不是纪录片但本片采用的视角一直是五家兄弟个人英雄方向，片名叫长津湖以一场宏大战役为题还有意避开战略博弈，中美战术较量反而将叙事中心放在所谓的‘英雄’上，明明是导演有意为之。你却觉得是‘电影无法像纪录片一样全面’完全就是转移话题。up主有理有据十几分钟视频，有历史介绍有影片资料，到你口中就成了‘空谈家’？要说明一部电影烂不是先分析电影本身质量如何而是就先要举出一部比他好的电影？[疑惑]纯纯的转移话题。
四川,电影拍的一般，但是用自愿军挣钱该死
重庆,最恶心的剧了，尼玛老师要求看，还要写观后感，就冲这就值得一星
湖北,分是给吴京，胡军这些好演员的。个别小鲜肉演技拉夸
江苏,主旋律电影下的洗钱电影，小镇做题家看不来。
新加坡,情怀 致敬
山东,可以的
湖北,再也不想看到主旋律电影了
内蒙古,让人非常泪目的一部剧，致敬英雄，他们永远不会被历史埋没，千玺弟弟的演技又提升了！
山西,了解到了战争的残酷
山东,不能批评的电影也不想评论
四川,它值得。
广东,好看的。
吉林,场面是真的没话说，就是这个故事真的没啥故事性了。
山东,三次出现关于沂蒙山还有沂蒙山小调……心里说不出的滋味。因为我就是沂蒙老区的钉子户，更是作为沂蒙老区的人而感到自豪和悲痛。自豪是因为长津湖让观众们了解沂蒙山的人和故事；悲痛的是沉痛悼念为中国、为历史、为曾经保家卫国而牺牲的战士们。
湖南,补
广东,某个没有颜值天天吹“实力”的流量明星怎么把一个固执朴实的农村少年演的像个智障？我不能理解。。
吉林,"叙事节奏上有点怪,场景太多了导致剧情太杂发展的连贯性不足,没必要一部拍这么多呀,慢慢来。兰晓龙看了都直摇头。
题材很好所以高分。"
福建,看完就一个想法：触动人心的是这段史实，不是这部电影。
江苏,我还挺喜欢的其实，网上骂的点我确实也看不出来🥲
黑龙江,快看睡着了，既不抓心也不震撼，充其量比较残忍。我算是对历史感兴趣了，包括战争史都看的钟眨劲儿，一二战都是，但是这片子全程无感啊喂。不喜欢，看完以后还是感激一下，建国不易，致敬英雄，但是不要瞎拍电影🙄️
浙江,凯歌出片，必属烂片。这么不会讲故事的导演为什么还在浪费巨额预算和好题材好演员呢
浙江,真的很一般，不值票价。
福建,去影院看过一次电视上刷了一次，致敬英雄，看了易烊千玺的伍万里，哭了好几次，画面很好演员演技优秀，好片子！值得去看很多次
广东,勿忘国耻
北京,时长有点长，战斗场面编排比较魔幻，特效有点假，有的bgm不错，可惜怎么不出ost啊
湖北,深深感动，深受教育，我们能有幸福的生活全赖先辈的付出。
湖南,看不完系列。。。
山西,时间乍一看挺长，但是前奏铺垫太长，高潮又太短
河南,挺好看的，在学校里边，老师带着看的。就是有点长，哈哈，差点睡着
四川,在学校看的 好看好看
浙江,//补标。在高三的教室里。在频繁经过的你的身边。
福建,想用钢铁意志战胜钢铁工业，需要多付出多少倍的牺牲。很少看战争片，害怕那些血肉模糊，但只有看了，才能明白幸福的如此不易。不忘历史，吾辈自强。
德国,其实本来想给三星…因为电影开头非常非常非常难看😅但是胡军演的好好😭😭😭😭😭😭其实整个片子叙事也就那样…4星纯纯给我雷公😭😭😭😭
河北,"1、新兵入伍，被人欺负，被连长告知弱肉强食是法则，这真的是三湾改编后人民军队应该宣扬的东西吗？2、敌机发现了电台信号来轰炸，总要上演司令员逞能不肯走，被人架走的尴尬戏码吗？我相信我党的军事指挥官都是智勇兼备的，要不不可能从尸山血海中爬过来。3、冰雕连，可歌可泣，可美军师长真的会敬礼吗？美国鬼子是没有下限的，展现现实，展现美国鬼子的补枪，更有意义，残忍的真相更深刻。4、最后志愿军挥舞着红旗奔跑着把美军赶下了海，这个场景让人无语。真实，真实，还是真实。这片子商业性太重，格局拍小了。最让人感动的竟然是片子开始，战士们齐声歌唱中国人民解放军进行曲的场景。这类战争片真不是现在这些香港的知名导演能拍好的，希望中国能够早日拍出真正精彩恢宏民族志气的战争片。最后，伟大的志愿军精神永垂不朽！"
浙江,这样的爱国电影拍的也不错 也很有纪念意义 怎么就网友要求特别高哦 我觉得我是真的蛮能感受到我们要牢记历史 落后挨打 要让敌人佩服
辽宁,这么有纪念意义的片子，找了这么多明星，结果里面充斥着鲜艳的滤镜和粗糙的CG，连景色都是绿布生成的，祖国这么多大好河山都不舍得去拍个实景，怎么能指望出品质量
广东,文戏有点尬，有些演员用力过猛……
浙江,还记得当时去看的心情，好多为了煽情而刻画的人物情感
北京,打仗可不敢评论 拍战争片比美国差远了
内蒙古,兰晓龙编剧，张涵予主演应该不会差
天津,"这五毛钱的特效，真的是比五毛特效还五毛。
电影最重要的还是怎么把故事讲好，真是白瞎了这么好的题材。
主席家的那些事儿真的是画蛇添足，瞎编还不如不说，除非是真心要黑彭老总。"
上海,很一般。看了《冬与狮》来补的，明明书里有很好的情节画面，电影愣是不拍，就要改编，改的不能说烂，就是极为套路加普通，看了会走神的那种。还有很土的群像剪辑镜头，不太懂在想什么。
陕西,陕西电影频道放的，名字叫钢铁七连  上，我还以为是啥片子呢。看了一会儿只能说真很烂，打仗是在开玩笑吗？
辽宁,首先志愿军是最可爱的人，致敬党，致敬解放军。但这个电影拍的太垃圾啦，1.演员不足以表现解放军的气质，匪气太足，某些小鲜肉演技太差，看着很出戏，感觉整体跟那个时代的那些人差太多啦。现在的演员整天吃喝玩乐，痞气已经入骨，表达不出志愿军的那种精气神啦。2电脑制作假的不行，都不如没有这些电脑制作，虽然场面不这么大但至少让人不出戏，感到感人。总之拍的太差啦
内蒙古,怎么说呢，这个电影换个名字照样不违和
湖北,还可以拍得更好。
浙江,纯爱国情怀的商业电影
北京,我还给这个电影留一颗星就是因为我是个中国人
湖南,看到一半，发现我已经看过了
浙江,4.1
河南,中规中矩
广东,场面大，带娃感受爱国电影。大制作还是够震撼的。
江苏,不反思战争的战争片皆为垃圾
黑龙江,精彩！
重庆,逼着我去电影院，好吧那就去看吧
重庆,还是可以看的
河南,上一学年语文老师放给我们让我们写观后感，画面效果挺不错，其他不好评价…
安徽,煎熬
山东,才看完，场面大气，也煽情，但不是我喜欢的类型。
辽宁,全世界的战争片都应该只有一个主题：反战。永远忘不了先烈们为祖国和人民作出的贡献，但是现在一些影视作品在讲述这些故事的时候完全是唯心主义和个人主义，希望能更多的看到我军敢站能战战必胜的精神内核、魄力以及理论和思想上的先进性，尊重史实，而不是一味的煽情…
泰国,最喜欢也最心疼梅生，温润儒雅的文青却要接受战火洗礼，未婚妻送他的温馨画面预示悲情结局。恢复袁朗吴哲滤镜。
北京,包装和买的风景素材透露着国企的气息，咋了这是
广东,戰鬥挺好的，沒有想像中的過度渲染悲壯，就是搞不懂老雷牺牲之後戰鬥為何就停止了。。中國人對打仗/工作的投入程度都是西方國家無法想像的
浙江,补标
加拿大,为志愿军打五星，不过新战士的戏过多
辽宁,非常非常非常主旋律的样板戏，卡司阵容强大，但是剧情麻麻，看得出是大投资，7分
浙江,从美军仁川登陆，悍然越过三八线进犯中朝边境，到志愿军跨过鸭绿江出国作战，抗美援朝保家卫国，抗美援朝战争中，作为民族精神和爱国主义精神的一部精品力作，生动诠释了国家意志和民族力量的强大，一个觉醒了的、敢于为祖国光荣、独立和安全而奋起战斗的民族是不可战胜的。伟大抗美援朝精神，是弥足珍贵的精神财富，它必将激励中国人民和中华民族克服一切艰难险阻、战胜一切强大敌人。
上海,致敬志愿军
浙江,21. 又是一部拓宽知识面的好电影 视听震撼 
湖南,嗯 就是很意料之中 
广东,额…是表达战争的残酷再者表达战争展示人类不怕牺牲精神，大无畏精神…可就影片看着毫无感染力……
江西,在又一个帝国主义争霸时代，反帝战争也被帝国主义所用。
浙江,票房高有理由
广东,非常好看
福建,挺好看的，让人很感动。人物情感也很细腻。
美国,我们被最勇敢的人保护着，很荣幸我是他们的后代。
安徽,铭记历史的用意也远不止于过去，70年前的仗我们在冰天雪地里打完了，70年后的电影里，背景中再二再三的朗读报道、横幅标语、石头碑刻上横竖都写着“一定要收复台湾”。从北走到南，从黑走到白，万里从军且凭一句不让家里的两亩三分地，我辈仍需努力。
浙江,很喜欢詹昊泽的一句话：这都能看哭的人你抹书了
浙江,还行吧
山西,还不如买杯奶茶778
湖北,叙事也没有，特效也不行，真的只能说一般了。
福建,拍的真是没意思
四川,场面宏大！历史不能忘！
辽宁,太长，直观感受，一直在打仗，打的很混乱，在战火中我睡着了。尊重历史，电影一般。
浙江,面对祖国总热泪盈眶
上海,看完了《建国大业》、《建党伟业》和这部《长津湖》，故事从党的建立、国家的建立一直讲到抗美援朝。近代史是一部苦难史，更是一部奋斗史。就像国歌里那句“中华民族到了最危险的时候”，这些苦难也将黑暗一扫而空，又一次让中华大地复归于朗朗乾坤。
黑龙江,看的时候一直在哭
内蒙古,只要我不看水门桥，他们就都活着
云南,催泪，勿忘国耻。
江苏,吵死了
河南,历史可以美化但切不可篡改，否则那些牺牲带来的信任和美好会全面崩塌
上海,波澜壮阔，铁血勇士，感谢新中国有你们！
上海,大制作，虽然有很多抠病，但终于深刻的了解了这段历史。。
四川,3.1
北京,集体英雄的事迹变成了塑造个人英雄主义的美国大片，主角仿佛天神附体…还是最爱上甘岭，跨过鸭绿江拍得也不错
河南,很刺激啊，打得很厉害。
江西,拍的什么鬼，尽拍一些培养战争主义的垃圾
广东,答辩
山东,全歼北极熊团的历史事实比电影精彩的多……
北京,看过也很好看，3.5吧
北京,看个情怀
浙江,"除开主题爱国情怀，其实我觉得剧情有点很理想主义，把中国人描述的在战争上占主导地位，把美国的士兵写的很傻很呆，就把中国人描述的很强，别人大炮都轰不死的那种，有些夸张
还记得当时看的时候，很多稍微年长一点的直接喊出来的打的好，甚至我看到有人评论区会说干脆直接打仗，收回台湾，总的来说就是给人一种战争很容易的感觉
我是觉得战争这种东西最好一辈子都没有，管你胜利还是输了"
辽宁,那你们还是🈚️了吧
美国,扔向敌军的手雷是炸药级别的，扔向自方的手雷是鞭炮级别的😂
美国,影片一开头的美术油画风格好强，后期有点东西哦，特效也好强。国产电影整体有突破，不输好莱坞大片的运镜、动作、大场景和配乐（只不过后面有一段太像三体了，配科幻片也不为过），几场战斗都挺“惊心动魄”的，与其说感动更多是震撼。
安徽,那些牺牲在冰雪中的战士，不应该被遗忘
陕西,？
辽宁,勿忘历史
河南,我真是胆子大了 身为小镇做题家竟然敢观看太子的电影 .
江西,看它是一件羞耻的事情，但是为了徽章。。。。
福建,"文戏？笑话，观众只想看大场面~只想看战狼~只想看面瘫小鲜肉~
完全可以说这部电影压根没有剧情，没有英勇的志愿军，只有一群人刀枪不入追着美军砍的爽片，最后象征性的随随便便的发一盒盒饭
看幕后以为你们多用心，看成片无脑爽片你在搞笑吗？战争片拍的跟儿戏一样，你们也好意思拍，消费革命先烈，脸呢？"
山西,战争场面很宏大，让纪录片性电影
澳大利亚,破烂。人家革命老前辈奉献生命的事，演不好别演，拍不好别拍，侮辱先烈，简直儿戏！就知道圈钱！！
四川,好！……（虽然只有一个字，却是惊天地，泣鬼神，前无古人，后无来者，破天荒地，不拘一格，妙笔生辉的点睛之作。简简单单一个“好”字，包含了中华5000年的文化精髓！深刻表达了作者的心声。足以证明作者本人是一个路见不平，拔刀相助的绿林好汉。此字不仅完美的配合了主题，而且通俗易懂，朗朗上口。使看客一目了然，透彻人心。具有快、准、狠，三大特点。据此可以发现作者是一位上通天文，下通地理，知识渊博，满腹经文并文学修养极好的旷世奇才！相信五百年后，也会出现在小学生的语文课本上，像唐诗三百首一样广为流传！作者本人也会被载入史册，与诸葛亮、李白、杜甫、程咬金、孙悟空等一样为后世颂扬！最后让我们气运丹田，大吼一声：好！）
山东,单从战争场面来说是比较优质的战争题材电影，但是从一个好故事的角度，又显得有一些单薄。当然，这个题材不是那么好拍，背景很复杂，能拍明白就算是不错了。整体三星半！
浙江,呃 猜猜我为什么这个时间看了
广东,垃圾玩意
北京,20211008百讲
湖北,还可以
广东,还不错，感染了我不应该这么低分！
河南,电影特效不错！故事真实！！！！情节紧凑！！！！还不错吧
江苏,还挺好
北京,补标/
湖北,太爱伍千里这个角色了😭
湖北,历史！震撼！不该被忘却！
浙江,这怎么又7分以上？5.5左右吧
河南,除了时长太长，别的都挺好的，把长津湖的场景拍出来了，花大价钱了，希望以后还会有厉害的战争片。
陕西,"时间太长，看得累人。
题材没问题，历史中的英雄们也是感人的！
电影里的虚拟背景不好看，一开始就是假的。
缺少大的战争场面，不过描写局部近景画面还挺精彩的。
不想看五万里这个角色，多余！"
安徽,好看
北京,我们不是没有好演员，可是看看好演员都在拍什么戏。
辽宁,真的很难看
湖北,场面非常震撼，千玺又一次带给了我惊喜
江苏,题材很好，演员演技在线，很热血，很好看，很值得一看
辽宁,2022年的第一部电影通过网络观看的，才发现欠一张电影片，看好一个片子还有导演的重要性，他们是人民的战士。有的才19岁。愿英雄长眠，这盛世如你所愿。伟大的中国人民志愿军永垂不朽
湖北,当时公司组织一起去看的，大家都觉得不错。
上海,剧情画面都很棒，曲折离奇的故事线，紧张的节奏，大影院观感特别喜欢。
浙江,嗯 就是很意料之中 
山西,致敬先烈
广东,"
长津湖
张力维持：
1.用易烊千玺的视角诠释抗美援朝。
“为了让我哥看得起我”“
为了救战友私自离队
不敢杀人，害怕
杀人后成长丢手榴弹
以个人人性视角，成长诠释宏大叙事。
2.战斗的刺激快速剪辑场面。
3.亲情羁绊（易烊千玺和他哥等，周恩来扮演者“再回去，一定要把女儿的数学教好”
4.守望相助伙食对比
5雷公死的那个人从坚毅到受伤后的脆弱，变化成长
6“政府给我了分了地，但美帝国主义要抢回去”
7“这场仗如果我们不打，就是我们下一代要打”


弱化了很多集体主义，加了很多个人人性的光芒散发。雷公一个保护了我们国家的人被杀了，我们理所应当应该为之感动，然后爱国。这个角度来激发爱国之情。但人性描写的细腻程度比较差"
河北,"怎么说呢，有好有坏吧，虽然长但也没有大众调侃主旋律时说的那么差，就是一部非常中国风格的战争片。
优点是有的，从军和对战拍的符合国情且热血刺激，节奏也不错，演员演的很好，有萌点有泪点，整体还是可以的，我看国内战争片比较少，个人认为不水不无聊。
缺点就是念口号太多，最体现中国风格的就是人物发言都是慢慢悠悠，很死板，甚至里面的美国人都是这样的，就不太自然，加之有点尴尬的特效，其实我不明白为什么不用实景，按理说投资不小的。"
广东,一直不敢看，终于看完了，雷睢生牺牲的时候我要哭死了，那样一个硬汉，最后也会吐着血说疼。我们现在的生活是多少人付出生命才换来的，我们应该学会珍惜。
河北,都异样千洗了……😅
四川,知道这是主旋律片子，但是我每次看这种电影还是会被深深的感动，会被那些曾经为了我们今天幸福生活有着坚定理想甚至付出生命的故事感动到
辽宁,"看到大家都对主旋律不太买账后感觉很欣慰，但我要说主旋律看着假，但看着爽啊，主旋律之所以好看，无非是和小时候做地上和小伙伴吹牛一样，虽是吹牛但心理感受真的好，长津湖也是如此。
客观的讲场面、效果、音效，对战争场面的展现可以说非常好，国产战争片这样一种战场呈现显然是满分的。但剧情说实话有些拉胯，不说很明显的几处不合理剧情，单说战争中的人，给我的感觉就是太假。说实话朝鲜战争就真的都是打了鸡血往上冲么，也许特殊背景下是会，但是人性在任何背景下都会惧怕死亡和鲜血，欧美高分战争片的主旋律永远是不管是正义还是非正义，对战争都是厌恶，但我们的片子还是停留在为了理想去死吧。有一说一如果战争重来，不到家破人亡我一定不会上战场，原因很简单我怕死，都别吹，谁都怕。无论怎么宣传，人在面对死亡时除了恐惧别无他感。"
辽宁,扣的一分是因为让249改了五十多稿
河北,场面满分，文戏略少。
北京,非常非常非常主旋律的样板戏，卡司阵容强大，但是剧情麻麻，看得出是大投资，7分
甘肃,“这一场仗我们不打，我们下一代就要打”。哭死我算了，真的超好看
上海,想想还是两星。。。
湖南,永远记得那天跟朋友去看这个电影  白天热得要命 晚上冷的发抖
山东,不能说特别特别出彩，但一些场面也挺震撼.
黑龙江,好看
北京,全场震耳欲聋，剧情挺好，就是费耳朵
广东,补2021看过
湖北,三个大导演拍出的东西还不如他们个人的作品
北京,不感动，没剧情，很突兀。
浙江,太长了……这片子坏就坏在为了注水花大量篇幅刻画对面有多么先进的科技多么强的战力。明明换种表现手法会更加优秀。赞美一切为国奉献的人，差评仅仅针对片子。
内蒙古,"😭😭😭😭我哭死
深夜又想学党史了"
安徽,真的太长了吧
辽宁,看过
广东,雷公死的时候四字还没屏幕前的我哭的惨🫣
陕西,很好 不错
陕西,三星给题材一星给演职人员~有些话不必多说，有些人请再大的咖来搭配都不行呢~
北京,还原历史，爱国主义教育
江苏,场面还可以，故事性不强，但是胡军牺牲时，虐了我一下
广东,亖字太君减分，就这么简单，硬塞的角色，演的特垃圾，按理说三个大导演一起的戏，怎么就拉来这点投资啊，爆炸场面太过于动画了，减分不少
浙江,徐克和陈凯歌搞战争片已经够让人汗颜了，易烊千玺尴尬而生硬的表演更是雪上加霜
广东,我还能说什么呢？三野九兵团的那些英魂如果看到这个电影应该哭还是应该笑呢？15万人真正战死的有几个呢？非战斗减员的责任在谁呢？看这个电影只能呵呵。既然是史实电影就应该尊重历史。冬季穿着福建的单衣到冰天雪地的朝鲜，不许下火车，没有过冬装备，冤死多少英魂。各位英灵安息！而且还是为了侵略者出头，就这还能美化，我也是服了。我还想问问最后交换战俘选择回国的那6千人遭受迫害的事，什么时候能拍成电影？
四川,宣扬爱国情怀，战士们为了国家舍生忘死，让人热泪盈眶，场面宏大，制作精良！
山西,志愿军真的不容易
河北,因为前人的付出，才有了我们今天的生活
湖南,2021
北京,主线战斗的场面和节奏都是优秀的类型片水准，副线的转承有些生硬了。
福建,那些牺牲在冰雪中的战士，不应该被遗忘
广东,有时候会有一些审美疲劳
福建,没有制空权，完全靠血肉硬钢，真的是没有做不到的铁血军人
浙江,不喜欢这个题材的电影，但是真的不错。
山西,让更多的人了解这段历史，必须点赞
江苏,烂中烂
黑龙江,水。
广东,去年还是前年啥时候看的了，回来写这个，还可以，红色电影必须推荐！
江苏,被所有人吊打的太子，演技太拉垮
湖北,中间确实感动到我了
广东,千玺演技真好
广东,补标，感动的还是那段历史。
湖北,爱国大片
宁夏,还不错啦
浙江,25min，是我不能理解的调色选择，但也有可能只是平台调高了画面饱和度吧，呈现一种古早游戏CG追求的浓彩油光
