山东,视效太牛了！满足了！致敬每一位电影人！（不会吧不会吧不会有人冲着剧情来看阿凡达吧）
新加坡,剧本像是AI生成的…但在电影院看还是非常值得。卡梅隆是真喜欢玩水。
上海,世界最顶级的电影艺术呈现，我辈没有资格评分。
上海,三个小时故事可以说稀烂，人物也立不起来，找了一堆美式商业片的烂梗塞满，特效现在看也毫无感觉了。卡梅隆肚子里的东西实在不多，全信息技术的时代还是大飞机大船大机甲燃烧弹什么越战思维的产物，白人自我否定着走向崩溃，奉献历史上最弱的外星人。美国商业片有个弱点，特别拧巴，说白了就是想要又要，一方面这是一个保守主义的主题，另一方面种族融合才是真想说的，也就是说卡梅隆真正赞同的是一种温和的殖民主义罢了。
上海,脑海里全是退钱哥
上海,水之道：水时长的道法...不知道在讲什么...
北京,我喜欢2超过1诶…我真的好爱图鲲，海洋画面真的好唯美…妈的 看得我好气 地球人滚出潘多拉
黑龙江,卡梅隆对海洋的迷恋深植其中又跃然而出，炫丽奇绝美轮美奂，令人沉浸于对世界的探索中；可批判了大几年的漫威DC故事渣烂，最后剧作却如此机械敷衍，充斥着大量缺乏逻辑完全依靠巧合、冲动与愚蠢推进的情节，这个印第安联手毛利大战白人殖民者的底层文本同家庭至上的表面核心的结合既没有新意，更没能与环境背景发生情感上的剧烈反应。
四川,给我看哭了，大型人与自然科普宣传片，奇幻水世界美得令人窒息。图鲲手撕捕猎者我直接鼓掌叫好好吗！什么才是高智商生物！Human being 算什么！下一代已经成长起来，三妹有做祭司的潜力却还觉得自己与他人格格不入，同理同情小蜘蛛，结果他还是救了只有他父亲记忆的混蛋。p.s:果然，失去孩子最痛苦的是母亲。
北京,"技术进了一小步，剧情不进则退何止一大步，降智狗血煽情一个都不少，迷之动机逻辑比比皆是，剪辑更是混乱到无法无天的程度，卡梅隆讲故事的能力竟已退化至如此地步,你就是技术上再天花烂坠（当然远远达不到），也全得掉你自己给自己挖的这么大一剧情坑里"
海南,整体就是庸俗老美家庭片，图琨是一个亮点，琪莉是一个亮点，之所以动人还是在于和自然的联结。人类围猎图琨的时候我想起了捕鲸，太难受了太难受了
美国,非常迷非常散的马尔代夫观光纪录片。失望。
浙江,shi上雕花
福建,6，视效确实很牛逼，但除了视效，其他方面都相当于第一部降维的版本，第一部是有划时代意义的商业电影，第二部显然无法与之匹敌，甚至暴言一句，这阿凡达2上集水准未必比得上妇联3，殖民主义的批判被弱化，环保议题（捕鲸）被强化，《与狼共舞》秒变《海豚湾》，第一部复杂的人类与纳威族人的共生矛盾（最有代表性的就是杰克萨利）变成了简单的萨利跟上校之间的恩怨，甚至于整个故事看下来萨利要保护的也都只是自己的家人而非整个森林族人，剧本和人设层面存在很大的问题，这其实也是阿凡达整个故事没有一个经典文学文本打底的问题，原创故事并不是那么容易编排的。为了特效，显然在故事合理性和逻辑完整性上，牺牲了很多。
中国澳门,澳门出差顺便就看了。是真会讲故事，不知不觉3个小时一下就过了。完全是环保宣传片，看的过程中一直在想这真是世界应该有的样子，万恶的地球人能不能全部去死。。。电影结束的时候已经满脸泪了真的。好看。
上海,近期所见最合“老白男”三字的影片。
云南,特效五星，剧情一星。这个电影最大的悖论在于人类已经掌握了星际航行的技术，打仗方式还是美军阿富汗治安战。纳威人既不用上学也不用进厂打螺丝，天天就玩儿也能把地球人打出屎。从三体黑暗森林的世界观转过来属实难蚌。过了那么多年，还在套用外星球讲白人入侵美洲屠杀印第安人那档子事，顺带日本捕鲸船。画面没得说，别纠结剧情，图一乐没毛病。
上海,B-. 当技术带来的新鲜感褪去后，创作力的枯竭才是真正的隐忧，不仅是《终结者》式浮夸对决和沉船桥段再演的“自我致敬”，更是在奇观制造中想象力的瓶颈。卡梅隆就像一个顶级电影技工：他可以把山山水水做得hyper realistic，却无法让这个世界天马行空。在这样的局限下，第二幕的海底世界和捕鲸实录俨然已成为最优解：前者在僵死的模块叙事之外，以难得的松弛探索了个体与世界的连结；后者则借力这种“现实主义”，去直白地展现人对自然流程化的剥削。这绝非才华横溢的电影，却也正因为这些瞬间，而有了令人动容的笨拙的真诚。
广东,我觉得，一部电影的核心应该是讲好一个故事，至于电影衍生的技术不是一个影迷关注的真正重点，碰巧，两部阿凡达都没有一个很好地讲好故事
美国,哭爆了 永远爱各种动物
四川,我爱科幻片 还会再看几遍的
上海,生日那天去看的，编剧小学生水平，特效博士生水平。
广东,"鲲复仇那一段，让我想起《白鲸记》
经典文学的影响是多么深远啊~
"
北京,我的评价是，不如《地球脉动》
浙江,问题：1、对话都用英语会让观众觉得这是群刷蓝的美国人，如果更多使用纳威语以及搞场大的仪式，从印第安人的立场出发，一些反应就变得正常了；2、男主转变过于突兀在，中间一大段融入剧情歹戏拖棚；3、自我认同，是外形还是记忆决定我们，还是我们能够自行选择，用简单的故事套大母题，在母题上没有说教却在伐木累上说教格局小了。优点：花100块钱3小时漫游外星球，景点包括森林、海洋和海底，遍览各色奇异生物，且有两场动作大戏演出。出了这个村别的店里没有。推荐给像我一样会在看到图鲲跃水而出的画面就激动的视网膜上有G点的。不推荐给看重剧情，主要通过故事代入情绪的。
山东,20180623俄罗斯都世界杯了，2还没动静…｜｜20230108卡塔尔世界杯都完了，我终于看上了。卡神特效一等一牛逼，就是这剧情好像是小学生写的…最后翻船大混战的时候，怎么一个海族的都没见着呢？一点都不帮忙吗？
辽宁,最爽的就是看到圖鯤報仇！
江西,好莱坞的父权制家庭真是地位稳如老狗。图坤演得太好，为图坤哭泣。我们都是ikun！
湖北,什么垃圾玩意，三个多小时坐如珍珠，说白了不就是那个大块头想追杀男女主吗，特效也没啥特别的，没感觉出来多3d
广东,"真的很希望可以在内地上映，一方面是我能有个机会去到IMAX影院看下这部巨作，另一方面是国内的影院真的很需要一个强心剂。太难受了，我这边影院感觉都快倒闭了，整天被强制关门。
但又有很大概率会因为各种政治因素而被枪毙，国内现在的院线电影我已经完全搞不懂了，一年前的电影都还在播，不到6分的电影持续了半年多，如果这种大片都不能上院线，或许可以提前宣布内地影院已死了。

哎，拉了百分之两百的期待，只给了百分之八十，满足。从格局和场面来说都比1要小了很多，虽然来之前我就没有冲着剧情来的，可是这画面也没有达到我的预期，有点失望。
加上IMAX影厅为了增加座位，把位置弄得挤死人，腿都伸不开，气死了，屏幕也没想象中那么大，票价高，还不配眼镜，全是槽点，啊啊啊啊啊！"
湖北,海底部分绝对是视觉盛宴，但拖沓的毛病显尽，决战部分有点套路，整体叙事和剧情总感觉在崩与没崩二者间徘徊ing。不过卡神完成度更高，虽然不是划时代的作品，但质量也能秒杀很多IP了。
辽宁,特效值四颗星，搭配48帧数度以为走入了电视卖场，以假乱真的细腻程度简直享受。但是！这家庭刻画仿佛伐木累侠灵魂附体，有jack有“rose”有沉船，仿佛看了半部泰坦尼克，打到最后人都跑没了，槽点多的不像话，也只有特效能把人死死摁在椅子上了
广东,这么好的电影8.2，我不理解
澳大利亚,"青少年霸凌、陷入中年迷茫的白男试图通过控制家庭/敌人来克服自己的男性气质危机、传统核心家庭价值观，这哪是水之道？明明是美式生活之道好吧。

最搞笑的是卡梅隆一边对传统男性展开批评与自我批评，说“睾酮素是男人必须排出体外的毒素，因为那会让男人暴躁好斗。”另一边居然把全片的高潮安排成两个老白男在互殴。还有比这更自挖墙脚的吗？

最后，男主出生和成长在潘多拉的子女，平时对话用的居然全是英语，而非纳威语。只能说再漂亮的肤浅反思也包不住这潜藏其下的西方中心思想的马脚。"
江苏,人类是世界上唯一的外来入侵物种！让人类灭绝吧！
北京,熟悉的卡梅隆配方，把简单故事讲得很“好看”，共情的神奇动物，“软肋”神翻译dddd。稍有点遗憾的是等了13年的这部系列作对阿凡达星球智慧体系依旧着墨不多，没能在人类与病毒博弈的当下提供一些前瞻性思索。
美国,在我看来《阿凡达2》主要是完成两个任务，一是在潘多拉星球上开辟新的奇观，让这13年来被视觉大片喂饱吃撑的观众们明白，你大爷还是你大爷。二是前后代主角的过渡，为已经公布的系列后几部电影打好基础。这两件事都完成得不错。除此之外，真的也就没什么了，浮浮沉沉上天入地三个多小时，确实有几个入眼入心的镜头，但从首映后观众的状态我都能猜到不管是美国本土还是海外票房肯定是不达预期的，鼓掌了但不激动，散场后无人讨论。跟同样是多年后的续作大片《壮志凌云2》的映后氛围没法比。怎么说呢，感觉就是过去了，那种属于《阿凡达》的天时地利人和，已经过去了。
北京,过于真实的技术，过于无趣的剧情。要不是大海实在太美，谁能忍受被3D眼镜夹三个多小时的耳朵。
北京,强烈建议BBC的自然纪录片做成3D的！小水泡鱼群感觉就在眼前。但是剧情真的毫无逻辑….特效一万分 剧情30分
上海,"你还相信我们要保护地球吗？我们小时候受到的教育是就是要环保，但是随着时间推移，我们被俗世压力束缚&amp;有心之人利用，嘲笑起环保。
卡梅隆心有大爱，他相信！一万次说禁止捕鲸，不如展现一次捕鲸残忍过程给你看，在世界上传播最广的媒介上给你看：人类才是美丽地球最该被消灭的东西。
真的很美，这世界真的好纯净好美。感觉自己潜水3小时！而且是在巴厘岛那种全世界最干净的海域！
唯一值得诟病就是we are family太多了哈哈哈哈虽然说人这辈子就是为了家庭奋斗，但是不要口头说太多OK？
总之IMAX！IMAX！IMAX！不看IMAX就是白看！"
浙江,视效、技术做到了极致，但更凸显出剧本的问题，可以称之为《爹道之泰坦尼克》，所有的篇幅在讲一个令人沉默的父子关系/和解，并且呼吁我们保护海洋生物。但我真的很不解，为什么要从一个熟悉的部落非得跑到海岛上去，真的除了惹麻烦以外毫无作用，大儿子死了真给我看无语了，很想大喊why，一直期待癫痫小姑娘能给我开个大，但是好像开了跟没开一样😆不过打斗场面真的蛮精彩蛮燃的，对于这部冬季救市之作还是给予肯定把
北京,三幕剧，如此无聊的开篇，如此乏味的中段，如此平平无奇的高潮戏。卡梅隆用技术赞颂自然主义，但全片不过是他的意志搭建出的人工生态岛，内蒙大草原上的石雕羊群，充满了美国人的自我厌弃。无论从技术上，还是故事本身，《阿凡达2》都像上世纪的电影，陈旧得令人发疯，而这样的电影可能还要再续三部，请放过我吧！
上海,站在当地人角度，但是家庭关系还是非常美国（父权殖民者）：父亲要保护家人，母亲感情用事需要父亲提醒，哥哥要管好弟弟。时长太长再减一星。其实还挺好看的，比十年前也是有进步。但要略放下脑子，还要很有时间和体力（我没有🙈
广东,"好老土的剧情（擦汗）
全场mvp是鲲！"
湖北,"卡梅隆时隔多年又用一部大制作来证明他在爆米花影片界无与伦比的掌控力，无论是特效还是整部影片的节奏，抑或是后1/3高潮戏的层层递进多线交织。
但同样毫无疑问，作为无数影迷等待许久的作品，影片三个小时的时长所蕴含的野心无疑无法匹配观众的期待，过多纯熟的剧情推进里少了一些令人惊喜的桥段，或许成本所碍，陷入了皮克斯常常会有的“四平八稳的精彩”之中。"
上海,"说阿凡达2不好看的人是要看啥片啊，独行月球吗？
感觉比1好看啊，时隔12年还是有精进的"
海南,大型海洋纪录片，为什么要增加这么多无聊的小蓝人和嘴炮，让我安心看看海洋生物不好吗
北京,当现有的叙事还在从人类视角出发，以人类为中心去思考世界、宇宙和一切未知时，詹姆斯·卡梅隆已经将部分人类放在了对立的位置。水之道讲的是生命的循环变化，杰克从sky people到forest people在到sea people，不管在哪里，不管因为什么而迁徙，都要找到生存下去的方式，这其中还是有很多极富东方特色的哲学道理的。视觉冲击力没话说，本巨物/深海/鱼类恐惧症患者盯着imax巨幕硬生生看了下去，虽然怕得要死感觉会做几星期噩梦，但不看对不起票钱！！图琨复仇毫无疑问是最好看的高潮，以断鳍换断臂，从未有过暴行的图琨在人类的残暴捕杀之下终于反击。
北京,"对于正在经历城市化进程、家庭纽带被切割开的人，看着这里一再强调family实在没啥感觉。但是和第一部一样，很喜欢片子里描述的生灵之间的bond，能感受到这种心灵沟通的愉悦。也很好奇下一次的视觉奇观准备干啥，凑个金木水火土吗。还有用军方的人去搞外星外交也是疑惑。daddy daddy daddy, 让我们这种没得引以为傲的daddy的人很难共情。卡梅隆应该很不喜欢《白鲸》吧，还让巨兽切断了捕鲸手的胳膊。他应该自己会搞冥想活动..."
山东,"7
1.卡神沉溺在生态环境的展现上，导致剧情和中间的节奏不大对；
2.部落的人打着打着都跑没影了，是不是工作太累了在摸鱼啊？
3.反抗才会有出路，战斗鲲鲲太帅了；
4.推荐给北京社区工作人员那几个狗 操的看看，到底孩子该是他妈谁的软肋和盔甲！"
北京,从祸害森林部落，到祸害海洋部落
福建,观影过程中一度想吃素，就凭出现了这个念头就值五颗星～
四川,那么多篇幅献给了海洋，可见卡梅隆本来也不满足于做个讲故事的导演。
北京,也就看看特效，剧情稀碎//哥哥就是纯纯的工具人，虐的毫无必要
北京,太牛了，特效流畅饱满到首映礼看完后只剩舒展 12/12
湖南,画面还可以。但只有画面还可以。
北京,他们的软肋就是儿子😅
重庆,这卡梅隆啊就是好莱坞的达芬奇，他身上流的血一半是机械工程师，一半是情感咨询师，当年左手《异形2》和《终结者》看得男人惊坐起，右手《泰坦尼克号》催得女人泪满面。丑话说前面，比起前作，结尾那句“家人是软肋也是盔甲”的台词是最好的总结，前作级对跨文化、跨物种冲突的隐喻和思辨基本被冷热和动物兵器交织的激烈海战给打光，也沉在了卡梅隆所构筑的潘多拉海底两万里与泰坦尼克号中（像《异形1/2》对比），这或是一种创作思路，Part One的副副标题要你自己感知。醉于细琢世界观的卡梅隆已不能自拔，买场面送文戏，但我佩服那些细到堪比出自造物主之手的机械与血肉设定，没有一个不服务于戏剧，没有一个不是视觉奇观。卡梅隆依然爱埋梗，什么越战美军内河舰队、日产捕鲸设备，凡此种种。感谢卡神为烂掉的2022画上美好的句号。
山东,9.5/10 美到震撼，每一帧都是视觉享受！让阿凡达系美学更加完整，而且有新的突破。相比1各方面都进步很多：画面更清晰，特效更逼真细腻，剧情更加老套。美学超前，剧情落后。憋了13年，卡神出手，依旧惊艳。
浙江,都能星际航行了，去外星采矿也就忍了，去外星捕鱼？？？糙到不行的剧本，花了三小时，最后愣是打了一场开局头五分钟就可以发生的遭遇战；手法也老套，观影全程心率异常平稳。
上海,这竟然是2022年的剧情 和十几年前一样oldschool 浪费特效
广东,这种复制十几二十年前的故事模式试图创造新的票房神话的做法显然已经行不通了，二十多年前大船的沉没不光是一个历史事件的奇观化，也是现实的复原，加上某些romantic的想法，因而给沉没划上了某种甜蜜的伤口，这种永恒的失去是占上风的，但在这部电影里只能看出无节制的奇观堆砌，没有与“水”产生真正的连结，而死亡的代价也只是让主角们激发出了必胜的决心，对于主角的世界观没有任何触动，如果说在前作中还能看到探索中文明的自省，那这里徒留一个没有尽头的cliche。
上海,剧情就是很套路化的美式家庭片，反派智商尤其捉急。
上海,充分彰显了老爷子的美国经典电影情结（发条橙、大白鲨、现代启示录还有一堆他自己的老片）、Moby Dick情结和伐木累情结，召唤闪光鱼救人那段有点意思（致敬米诺陶洛斯迷宫？），总体片子看下来不如《黑豹》。
北京,视效为王，剧情勉强。喜欢卡梅隆对整个潘多拉星球生态群落的完善，包括但不限于亚种“岛礁族纳美人”的适应性身形特征。如果未来还要继续拓展生态性的话，倒是希望卡梅隆能把整个IP游戏化，不然这么完备的世界观就用来搞“we are family”和生态保卫战可太浪费了。每天上线手搓亲密度养图鲲不香吗？
辽宁,昔日英雄如今只会东躲西藏，唯一反派打了半天毫发无伤，幸福就是不停做爱多生孩子。一看就是纪录片导演拍的故事片。
四川,要啥故事啊，请继续突突biubiu人类就好
广东,为什么要花这么多钱来拍一个老土得要死且没有智慧的电影？纯粹给后期公司增加就业嘛？IMAX版本体验佳，海洋段落的美术设计非常漂亮，确实建立了新的行业标准。
美国,好长，好直男。要素过多。
湖南,普通观众应该是不太买账，因为卡梅隆削弱了人物间的戏剧张力，不停的重复自己，三个小时不厌其烦的告诉你，无论科技如何发展，它始终敌不过自然，我觉得能做好这点就很不容易了，整个二三幕是把阿凡达1复刻了一遍，只能说old school有它的好坏，但整个海洋的质感是我见过最好的，最让我兴奋的还是人类装备和海礁族生物的物理细节，科幻看的就是这玩意。
美国,梦回铁达尼😂
北京,对这部续集想说的话已经和朋友们聊完了，也说累了，这里就只做打分和标记了。多提一嘴我认为的最遗憾的部分吧，就是这一部的反派直接被粗暴地和前一部反派在没有任何铺垫和描写的情况下被合二为一了，而这本来可以是一个相当精彩的部分，它会涉及到所谓合成体的“自我”困境，也涉及到寻找存在，更涉及到在前一部反派的意识成为一种外部装备即插即用时作为主体灵与肉的纠葛矛盾，本来这位反派与生俱来的在这个系列中的宏大悲剧命运感，在第二幕完全把人类方当陪衬装饰品来简单扫一眼的混乱剪辑节奏中都化为尘烟了。
内蒙古,"爸爸不好了：“哥哥被上校抓走了。”
爸爸不好了：“姐姐被上校抓走了。”
爸爸不好了：“弟弟被上校抓走了。”
爸爸不好了：“妹妹被上校抓走了。”
"
日本,论如何抑制女性角色的战斗力：1，女主弓兵无敌，百步穿杨，一发致命，却屡屡被以一家之主自居的男主拦下，男主同意行动了，她才能飞起来无双，近战也不在话下。2，琪莉有跟生物通灵能力，能操控生物干掉人类，但大部分时间居然都在自我怀疑和逃跑……如果女主和琪莉早点行动发挥战斗力就没事了，反派只是一心抓男主大动干戈而已，剩下就是男孩们幼稚的霸凌、吵嘴、自投罗网以及不知好歹。
贵州,有两个点和从前一样打动我：无与伦比的美丽大自然、具有灵性的生物们。万恶之源大概就是人类吧。
广东,詹姆斯卡梅隆带你看潜水，顺便回顾一下日本人捕杀鲸鱼和自己拍的泰坦尼克号。想去看海了。。。
加拿大,喜欢所有聚焦面孔的特写镜头、密闭空间内的景深镜头以及以水面为分界线的“淹没视线”的镜头，只有在这些时刻能够像个初识世界的孩子那般抛掉所有既有经验，但整体上不太能接受这片子，除了因个人趣味导致完全对视觉概念无感外，也不是很能看明白推焦镜头的使用逻辑和个别单场戏的剪辑逻辑。叙事策略反倒不觉得是问题，有问题的是剧作本身，毕竟以主线任务的羸弱程度来看，把更多的时间花在展现动人的“闲笔时刻”是充分必要的，同时在叙事格局缩小后重写正邪关系的做法也是正确的。然后，用一比一复刻第一部结尾的方式进行收尾十分愚蠢，真正能撑得起收尾的应该是那段主角一家人深呼吸然后潜入水底的平行剪辑（不是说这场戏应该被用作收尾，只是觉得这种对于影像的组织方法才是真正适合收尾的），或许卡梅隆在这十三年里想明白了很多，却也失去了很多。
福建,两星半 上一部我评论，“陈旧。一部十年前的电影，拍出了半个世纪前的感觉。”这一部确实有进步，卡梅隆花了十年时间，拍出了四十五年前电影的感觉。
北京,对卡梅隆的期待肯定不止如此，190多分钟，三幕处理得非常明确和饱满，一方面让整个世界观更完善，尽可能没有漏洞；另一方面也造成明明就很俗很简单的剧情非常冗长，更像是及格线的导剪版作品。当然，剧情表达和动作设计，依旧有很卡梅隆，以及卡梅隆作品的地方。
北京,【IMAX3D一代激光】影片和潘多拉的海洋一样，画面赏心悦目同时剧情充满水分，与前作一样。特效绝对是世界顶级、领先国内十年的水平。森林海洋与生物的质感达到新高度。在技术进步的加持下西格妮·韦弗能够神奇地返老还童，以近七旬的年纪和优秀的演技将14岁少女的状态演得活灵活现，是最大亮点。3D和高帧率对影片加成效果有限，也算值回票价。和《阿凡达3》背靠背拍摄的本作三小时篇幅似乎只是续作高潮的铺垫，男主只完成了由逃避到反抗的转变。管中窥豹地展示了潘多拉海洋的部分生态和景色。除了延续前作本就俗套的反殖民和环保主题，更拘泥于家庭亲情、父子关系等老套元素。人类养子角色尤其尴尬，除了致敬下《现代启示录》几乎毫无意义。最令人失望和出戏的是潘多拉的原住民都莫名地几乎不说纳威语而改说英语，仿佛已被人类殖民而失去了文化和灵魂。
天津,为了惩罚豆瓣上不真诚的人
江苏,卡梅隆为什么不直接去拍海洋纪录片啊？
山东,像看了三个小时的海洋纪录片，剧情真就是一坨答辩
浙江,"反派执着于抓小孩，为啥呢，星际人口买卖啊？
主角一家就是失败家庭教育的典型！
战斗后期海族集体失踪，真够义气。"
湖南,"特效还是真的还是无敌啊啊 啊啊，剧情还是老套路，结尾大战，不知道是不是有bug,水族不是一起参战吗？ 后面怎么就突然消失了呢？打累了提前回家了吗？"
北京,为电影这项发明的本身而感动。
北京,看完就觉得人类的存在就是毁坏众生…
广东,太美了，奥斯卡最佳视效预定
北京,剧情老套重要吗？节奏慢重要吗？特效绝了就够了！CINITY 4K 120帧真的太太真实了！3个小时看的全是高科技！
重庆,格局有些小了，地球都开始殖民了，还在描写个人恩怨……个别地方衔接有点问题，卡神终究也是老了
上海,画面再美，也掩盖不了剧作的傻气
湖北,72/100 重复、保守的万物有灵论；现代废铁的禁锢；异动的zoom-in(s)；对第一部英雄主角父亲领袖形象的轻微怀疑；与the way of Shakespeare. 世界纹理的设计上更像是美术装修的延展，而不是创作，缺乏灵魂和仪式感。第三幕在剪辑、情绪上仍有一点复杂性，不一定弱于第一部的第三幕。总体远不如《崖上的波妞》或《海兽之子》。
北京,中年男人请注意：保护家人最好的方法不是向公权力下跪，而是积极勇敢地抗争。岁月静好从来不是求来的，而是争来的。当成肥皂剧看，剧情硬伤好像就能忍受了哈哈哈。
上海,人类果然该死，不配得到一丁点救赎的那种该死。（看完评论吵来吵去的，这个感觉再一次加深）
广东,虽然没有09年的震撼，但当得起年度最佳电影。【家人是我们的软肋，也是我们的堡垒】 总看到大家拿复联4与阿凡达的影史冠军比，但复联系是商业爆米花-粉丝养成的极致，卡梅隆不在意这些，他的每一部都是开创时代的革命性作品，没有可比性。
天津,好美好美好美
江苏,有点失望，期待了10多年希望能像当年一样看到超越时代的大场面，结果你给我看村口械斗和烂俗美式family？！
北京,经反复实践证明，本人确实跟好莱坞大片八字不合，很难从中获得真正的乐趣。何况这么多年过去，来来去去还是铁爹捍卫家庭，一家人最重要的就是齐齐整整这套，真的非常boring。所以全片最喜欢的角色是鱼：大鲲，大飞鱼，各种鱼仔。心情就是看了一个有情节的海底世界超长剧场版。情节不值一提，只剩下奇观的看头，但看戏那天分外感受到北京正从疫情中复苏过来，影院里满满当当都是人，倒是分外值得高兴。
北京,剧作有明显的三幕结构：衔接前情介绍人物的第一幕冗长乏味，复刻泰坦尼克的第三幕落入流水线商业片的俗套，唯有第二幕的海洋驯兽和人类的猎鲲行动算是好看，让人想起宫崎骏幽灵公主中村人围杀麒麟兽的桥段。两相比较，卡梅隆电影文本的浅薄一览无遗。幽灵公主中人类破坏自然是一种无可选择的生存境遇，所谓“反派”女头领幻姬是一心保护村落穷苦百姓的豪杰（倒与水之道主角团的“为了家庭”近似）。人与自然的相处之道在哪里，阿西达卡和宫崎骏都没有答案，迷茫而悲伤。但这个难题却被卡梅隆彻底简化，人类单纯蠢而坏，所以观众只有一个期望：人类死得越多越好。他的主角也毫无直面根本问题的雄心，而是退回到保护家庭的普世价值，不断叨念家庭成员各司其职，儿子做好儿子，父亲做好父亲。何况那堆叠的视觉特效于我而言，感染力远不如久石让的音乐。
河南,"要剧情没剧情，要格局没格局
要画面没画面，也就节奏还可以，其实就一圈钱电影，花了所谓13年时间，三个多小时看的我犯困，真是浪费imax技术。中间旁边一小姐中途离场，后悔没和她一起。也就适合普通人看"
北京,看的cinity，我还是跟3D有壁。天哪，看这么长的3d电影太累了❗❗蓝人这么禁欲也太不应该了，就，他们身材健美，情感丰富，又有灵性，不得随时随地想亲亲抱抱举高高吗？ 🈶点磕到spider和他的人造阿凡达爹～那是父子吗，那是父子年上吧。取景地变成资本主义度假胜地马尔代夫，真的是非常非常大的遗憾！
北京,美到让人忘了这老套的剧情，连悠悠的全程舍不得摘眼镜，预想中半路上厕所也没发生。
英国,"看完阿凡达2了，太难受了。看的时候我想起来当初第一部没有反复刷的原因了。卡梅隆太懂人性了，看的时候NA&#39;VI是“我”，Sky People也是“我”。爱得感同身受，恨得咬牙切齿。NA&#39;VI所有的善良和纯粹，Sky ppl所有的愚蠢和丑陋，都是人类的过往和现在。尤其Spider那个角色塑造的太立体了，和很多少数族裔一样，文化内核和种族外貌的冲突演化为身份认同问题，还带着作为少年的天真。不知道多少人看的时候会经历“终究还是Sky People”“也还有NA&#39;VI的认知在身上”“只是个小孩子，甚至可以说是个善良的孩子”“但无辜却也可能造成恶果”这种心态变化。 

另外节奏掌握得太好了，电影结束最后一幕，我的眼泪啪哒掉出来🥲"
法国,天呐 这都不吹爆。人类真的毁灭吧
云南,就是发现战斗的时候，水族部落的人怎么就全部走了.剩主角一家子了，哈哈。这个算bug吗，笑死。就是还是好看的，没有办法，还是给五星吧。
中国香港,"第一个小时卡梅隆非常耐心地梳理着人物关系，唤醒久远的记忆，水之道的故事在一小时后才来到广阔无垠的海域。痴醉于眼前一片碧蓝，也感叹于卡梅隆依然讲述着这个传统带些过时的故事，到了高潮的第三幕，甚至直接梦回《泰坦尼克号》，岁月的跨度在三个小时里仿佛被瞬间抹去。
孩子是我们的软肋，也是我们的盔甲。是选择逃避离开，还是守护家园……一句句掷地有声的台词，如果十年前对其的理解只有三分，那么当荒诞苦楚在今天一一历尽，我们便读懂了十分……"
江西,纳威女性都好美；帕亚坎好样的；剩下全是《卡梅隆：爹之道》。
北京,阿凡达时代的卡梅隆似乎丢失了曾经拥有的叙事趣味性。这种趣味性，很大程度上是真人演员亲身参演的大前提下在选角阶段就已基本达成，因为导演一定是从其身上找到了足以胜任风格诉求的某种喜趣潜质才会选角这个演员。胖子警卫干掉了“自己”时的歪头、医生被惊吓到烟从嘴角滑落、T1000穿越铁栅时的卡枪、T800墨镜被推歪掉时的神情……上述细节刻画如穿越时空被置于水之道中还能如此生动吗？没办法！目前的面部捕捉技术确实已能在角色互动中呈现喜怒哀乐甚至羞愧嫉妒怨恨迟疑。可到底也都是些单一情绪指向的“重度”表情，即，能够表现得准确有力，却没法复杂模糊。而想要丰富叙事的情绪维度，使冷酷中见自嘲，暴力中显谐趣，还是得依靠那些身材相貌更为独特（一看就是这个人而不能是其他人）有趣、以眼神面肌为核心的微表情处理更为生动多变的真人演员。
江苏,剧情太老套了……情节基本都能猜到。支持男男互害放过大鱼！！！！！弟弟一直在闯祸哥哥却死了，真的拴q
上海,斥巨资看的激光imax，看了人生中视效最震撼的一场电影。现在完全能明白第一部出来席卷全球的原因了，第二部的清晰度和水中色彩的斑斓可以说是叹为观止。真的超级想看蓝皮人和蓝星物种的设计过程的，感觉不同族群的肌肉，肤色，生态都是考究的，就连手语也是新创的！三幕式故事基本1:1:1.2，残暴人类完蛋剧情虽然陈词滥调，但是谁要看人啊，看的不是水下世界旅游宣传片吗？？大鱼把船长手绷断的画面是可以播的吗？这以牙还牙也太爽了点吧，大鱼的家族真的头也不回地走了啊啊啊啊啊啊（回音）特效建模的片子真的想找哪个机位就找哪个机位，实拍画面还是有点点出戏，后遗症是打车回去一路以为看的都是imax 3d。
上海,确实在看的过程中生出了人类真的是垃圾，身而为人真耻辱的厌恶感。
北京,美国白左的环保宣传片，从《泰坦尼克号》到《海豚湾》全致敬一遍，本质还是中产阶级叙事那一套（家是唯一的城堡，一砖一瓦用爱创造）。三个小时的奇观轰炸，叙事节奏冗长无度，挺累的。建议卡导跟赵霁一道琢磨视效去，至于故事就别死抓着不放了。
云南,本来指着它续命的，大失所望。技术牛逼，故事傻逼。甚至可以说就没有故事，咣咣咣一通乱打，看，我的水特效做得多牛逼。3颗星全给技术。
北京,视效做到这个程度，剧情已经不重要了。以后这种三个小时的长片电影院能不能中场休息十分钟让观众可以上个厕所啊！
加拿大,卡梅隆把日本内涵成这样，这个电影日本能上吗？
法国,潘多拉星球一别十三年了！画面美不胜收，剧情一塌糊涂。男主Jack留下一个烂摊子带全家跑路祸水南引的行为我不是很理解，反派军官非揪着男主报私人恩怨毫无大局观也让我头疼。总的来说，情绪烘托是有的，但总感觉还没攒足劲儿就把包袱丢出来了，不管是大哥的死还是杨过救杨康（避免剧透），都来的有点莫名其妙。全片最爱的一幕莫过于暴力鲲哥跳起来砸船，鲲哥才是男主角吧！Jack可太让人憋屈了。他虽然是个好爸爸，我等了13年却不是来看爸爸去哪儿的。寄希望于下一部吧。
广东,看完挺想考个潜水证的，没别了。拟真技术全方位升级、世界观格局延拓的同时，核心的剧力冲突却仍在原地打转，仅有的新框架也进一步塌缩到了「家庭」，这个堪称万金油的好莱坞式表达上，看来不论在地球还是外星部落，We are伐木累才是最能化戈为犁的口号。
湖北,特效挺好的，观影环境也很不错。打两星是因为我能看见蓝色外表下或白或灰色的心，以及我老公是公务员的外太空演绎。没意思，连外星人都这样，不如全部去死。
重庆,比上次看1重映时的观感更好，imax才配得上卡梅隆。在看阿凡达时永远在心里咒骂地球人快点灭绝 。
浙江,说卡梅隆也已加入主题乐园套餐，并不过分吧？毕竟20世纪福斯现在就是迪士尼的公司。同样是拍水、动物和小孩，李安依然是最会利用3D技术来完成电影叙事的导演。
上海,烂的平平无奇，连反派的恶行都设计的小心翼翼。 还有一个槽点，人类都已经在太空殖民了，捕鲸的方式还真是够传统的呀
浙江,有一说一剧情真的太失望了，幼儿园级别，折磨人的三小时
北京,卡梅隆真有拍摄大自然特别是水系主题的天赋，3小时没有转移过注意力。一度被澄澈的海洋和精灵般的海洋生物震撼，同时想到了泰坦尼克和少年派。图鲲跃上船只的时候热泪盈眶了，只想电影里的人类都快点滚蛋。比1好看太多了（阿凡达不能没有IMAX啊）
浙江,ta的孩子是ta的软肋
北京,人类快灭绝吧
安徽,网络首播看了，唉，这种离谱的剧情，我无话可说，两星拿好。卡郎 终究是错付了。我要更新一下长评，不吐不快。
江苏,是我爸爸会喜欢的抗战片
广东,他的软肋是他儿子
上海,xs不愧是美帝传播新冠的武器，还一直念叨icu（？
浙江,"这他妈才叫3D电影！其他的所谓3D
片都是土鸡瓦狗！我们永远可以相信卡梅隆！
这么说吧，《阿凡达》系列可以继续拍下去的话，它之于电影的历史意义绝对不亚于托尔金《指环王》之于西幻的意义，卡神他妈的是在制定最高标准！"
黑龙江,"陈腐的中产阶级庸俗化叙事。
要特效有特效，要剧情有特效，要角色还是有特效！"
广东,更加无趣，前作是发现一个新世界，本作则是进入一个游乐园，没有新的事物可供看见，更没有需要适应的身体可供体验，沉浸感只是一个建立在游戏和视效上的伪命题，而游戏和乐园一样，只是由规则，掌控和奇观构成，人物也并非人物，而是编剧耍弄题眼以求拿捏观众的精准工具。 #KLCC Kuala Lumpur
山东,刷了两遍，一遍Cinity，一遍IMAX，更推荐IMAX观影，视觉盛宴。第二部的剧情可能是为了引出第三部，一直在铺垫没有完全展开，最后的大战变成单打独斗没有第一部过瘾。杰克最后终于知道一味忍让只会让自己更被动，唯有以战止战，估计第三部会很有看头，一代谢幕，二代登场。p.s.猎杀图鲲那里实在看得难受，这种屠杀现实中每天都会发生，人类的贪婪终会让自己万劫不复
上海,北冥有鱼，其名为鲲。
安徽,爆米花片，烂是原罪；观念腐朽，罪加一等。从头到尾都是看一眼就知道后面的剧情，特效是与时俱进了奈何卡梅隆非要停留在过去落灰…
北京,制造阿凡达身体的技术越来越先进，森林游民进入海洋部落似乎也没遭遇任何困难，于是我们就看到在地的经验越来越不重要。当杰克在女儿晕过去后找来医疗团队，我就知道他并没有真的变成一个纳威人，甚至在小的家庭共同体内部复制了战争的语言。看阿凡达的时候很想去到潘朵拉星球，看《水之道》的时候觉得一切都索然无味。
浙江,虽然票很贵…但是值得 捕鲲那段我差点哭死 心里默念新冠怎么还不战胜人类啊…
四川,干坏事还立牌坊。
英国,坐牢3小时😨。感觉腿都没知觉了。剪辑和摄影感觉挺烂的。剧情就更烂了。。卡梅隆拍这玩意完全就看着自己爽，海洋生物啊水啊环保啊之类的，管你观众看的时候啥心情呢，卡神不care😨
北京,如果說《阿凡達》呈現了一個逼真的新世界，那麼《阿凡達：水之道》則是將世界更真實的一面揭開，你知道一切都是特效，卻找不到它的破綻，看到的都是動態的、有呼吸感甚至紀錄片感的真實，特別是IMAX1.85畫幅的包裹感下尤其。故事層面表現一般，三個多小時的時長還是讓人覺得有點累，家庭親子戲份增加了，然而幾段親子關係刻畫得一般，父權味始終是重了些。
新疆,有种海豚湾的感觉…人类灭绝了该多好啊
北京,终究因为闭门造车而无法聚焦这个时代的爽点抑或痛点，追求技术是无止境的，走多远都没有错，但技术取代不了内容，就像糖霜取代不了骨肉，卡梅隆被自己的王牌IP耗住了，虽没任务但有包袱，大抵上暗戳戳换个系列轻装上阵，在几个世界观中左右横跳才是最安全的，当然我就随便说说
荷兰,I&#39;m so tired of this family bullshit 四星給視覺以及對人類的刻畫
北京,两个星完全给特效。剧情渣。明明男主知道敌人就是来找自己的，还时不时就来，不加固自己熟门熟路的基地和自己斗神一样的老婆击退敌人。非要带着孩子去给别人添麻烦。一开始说走的时候，我以为去外星球了呢。结果就是从一个村跑另外一个村，村长都说了，肯定会追来的害我们一村的人。结果女主说，我老公是英雄，你不能拒绝我们。我就？还有男主这几个倒霉孩子。从开始到结束的全程被抓，救出来再回去被抓。抓一个不够我再送一个。结局了，男主打算再去霍霍别人村的时候，海鲜村长没让走，海鲜村长局气！ 转阴了，居家一个月花了高价去看的电影。开始我就没对剧情报一点希望。完全冲着看特效去的。但，真你妈心疼我的钱！
湖南,剧情很一般，视觉效果真的牛
福建,老头说教，又臭又长。人类为什么入侵外星是个值得讨论的问题（地球资源枯竭），本片剧情走向就偏喜欢复仇追杀逃跑和家庭情感排解。潘多拉世界的生态统合没的说，可凭什么他们的箭可以轻松射爆各种驾驶室的玻璃？别说2170年地球的材料水平就这。
山东,虽然时隔十二年，当年初见iMax3D的震撼感已经没有那么强烈，初见阿凡达世界的新鲜已然没有那么神秘，但——这么用心的电影，感觉每一分钱都没浪费，每一秒都凝聚了极致的创作，剧情也没有很拉胯，伐木累的桥段也没有让人尴尬，这就足够给予敬仰和肯定了！作为过渡的第二部，引出了多部族概念，非常期待第三部的海陆空大集结的终局之战！
山东,四星全给海底世界特效 扣的一星给主角非要把战争带到无辜的海洋部落+飞机脆弱到一箭就能射穿+到底为什么要救蜘蛛 并没有人会伤害他啊
印度尼西亚,大型海洋环保及潜水旅游宣传片
北京,在接近全羊上北京值得拿命去看完的电影
江苏,剧透：   女主拿自己养子威胁反派，这特么什么脑洞？
云南,阳看还是有点治愈效果，虽然如此反人类。
坦桑尼亚,披着科幻外套，实际上讲的还是种族、复仇这种老掉牙的故事，内涵也无非是家庭、救赎、成长等好莱坞感情牌这一俗套，盛名之下，其实难副。
北京,剔除掉眼花缭乱的视觉效果之后，不可否认的是文本内容的乏力，重复性的情节也成了最大的败笔，文明之间的对垒，简化成为个人恩怨，这种处理实在是很难让人理解。
广东,戴着口罩看3D，半眼镜雾气。片子里面，最有感触的，是那段 捕猎图鲲和图鲲复仇，商业捕鲸是欧美人做过最罪恶的事情之一。
北京,What’s the point 看到头晕以为自己复阳
浙江,2023.12.17 IMAX3D。很蓝很暴力，世界观特效缺乏想象力，剧情几十年如一日，
广东,如果连导演都明确说纳瓦人只是比地球人更高，更快，更壮，更美，更蓝一点（以及更环保），那就不应该期待连稍微不一样的社会结构都发展不出来的潘多拉星上会发生什么出乎大家意料的故事或者命运😅
上海,终于赶在档期的尾巴看了海底世界，感觉是环保主题，人类不愧是星球祸害…
江苏,相比1，阿凡达2已显颓势（剧情老套无新意），3却还要再等两年，我想能得出以下结论，1.人类对卡梅隆太宽容了，2.人类社会太缺乏优质内容了，3.人类还是太无聊了，4.做内容还是要做得优质一点儿，5可以从全人类文明的成果里汲取营养…
广东,有剧透#估计几百年后大家还会为这场水战津津乐道 这个海洋世界真的太美太震撼了。相比硬件 剧情真的弱很多 小儿子最后和老爸的共情有点牵强 控制海洋生物（我想到了艾伦的坐标之力）这个不够精彩 小儿子和这个海兽的情谊也可以再燃一点 还有居然反派最后是被勒晕的 这也太普通了吧，最后来段泰坦尼克号就不说了 男主坑了人家海洋族 还一直躲躲躲不反击 反派又是矫情到死……最让人不满意的就是这些过渡转场真的太生硬了 我猜是为了减少时长乱删减了 有机会看看卡神导演版应该会顺畅很多。但 兄弟姐妹们 13年后呈现出这样的海洋世界你们不满意吗？同样是狂轰乱炸大行其道的好莱坞世界 这样的画面质感不棒到上天吗？反正我是很满意了。啊大儿子死的时候我猜他想说“爸爸 我保护住弟弟了” 这里很感人！
英国,剧情非常一般，还怎么都讲不完。但画面很美，友邻评论的“从张家界到马尔代夫”非常贴切。当作旅游宣传片看是挺不错的。后半段在海底的情节让我想到去年在加纳利潜水的感觉：怎么说呢，人果然是多经历才能多共情啊。
陕西,美轮美奂的代价是三小时时长里近半篇幅在玩儿水，故事中规中矩还是那套先憋屈再雄起。结局不像第一部那么干脆且明显没收完伏笔，毕竟是要拓展成五部曲，第二集侧重承上启下倒也不意外。战斗环节依旧老夫妻扛大梁，故事部分已然接棒给儿女辈，续集可期。最后的沉船戏颇有泰坦尼克那味儿，果然是老卡拿手领域。
辽宁,特效登峰造极，剧情cliché大合集
北京,卡梅隆拯救了电影院again 。2022年疫情的最后，我好像也被拯救了。
新加坡,当年第一部阿凡达我惊叹于技术和画面，但故事内核不喜欢，因为外来者娶了当地姑娘做了部族首领，完全是殖民者视角。但这一部，作者的视角是当地的，人类入侵者完全是邪恶的，即使那个抱有同情心的科研人员，也死不足惜。我很满意这个视角的进化。因为作者其实把他对地球尤其是对海洋的爱，放在所有诉求之上。这个故事没有主角，是个群像。剧情固然可预测，但剧情和角色都是为了作者热爱自然和强烈的生态平衡诉求服务的。这一部的技术更上好几层楼，但无意炫技。一切都是为了热烈地描绘海洋之美。只想看到新奇剧情的观众，完全没有get到作者的意图。而且，就算是桥段，它的悬疑渲染也非常娴熟，对它来说完全没有难度。没想到阿凡达续集可以超越第一部，我好安慰。第一部是2009年拍的，已经是上一世的事情了，今天却又触摸到了从前那个美好的年代。
河北,"剧情老套但是好看，奈特亚被包裹着长眠于海底看得人好难受，可以让他回家就好了
很喜欢图鲲截掉捕鲸人胳膊这段。希望可以尽快看到第三部"
河北,这大概就是美国对土著部落的侵略吧。
云南,我个人激进的意见，说难看么也不难看，说好看么也不好看，很尴尬，正如当时看狮子王真狮版，很多场面看动物世界也能看见，偏偏要花钱做。在很多不该笑的场景笑了，在中医赶走西医的场景爆笑了。好多人列举了好多有迷影色彩的地方，但归根结底这不是个速激指环王吗，一个家庭里有人后勤，有人带路，有人大儿子死了恨不得把自己和小儿子烧死给大儿子陪葬。
重庆,特效满分，故事一般，三小时有点太长了，剧情冲突稍显平淡。
北京,挺矛盾挺难打分的，一方面哇哇哇海洋真好看，一方面给我整阿凡达：爹道。分主要是给图鲲和海景的。
北京,给我灵魂看升华了
江苏,这边建议卡梅隆把雅克贝汉的oceans重拍一遍 就用这个技术 这个效果 应该比水之道好一万倍 在此许愿 希望卡梅隆看到
山东,十几年过去了，我终于明白，仅仅一句“剧情老套、情节无趣”，简直是对整个电影艺术、电影时代的污蔑和抹黑。
陕西,三半。包场得于城中将阳未阳的恐惧气氛。才发觉是20世纪电影公司不见FOX了。故事cliche 家人一套，哥哥一早埋下便当，少年英雄总比绥靖老父要意气风发。刚到水部落老婆之间郎君还自慢一番。丧子之母野性大发。“既是我们的软肋又是我们的盔甲”。人魔妖蛊无论中西，追求长生不老的都是反派的诅咒。个人虽是个旱鸡却偏爱水的视效。好莱坞工业化与卡麦隆真是天作之合。山中方三载，世上已千年。不觉为徐克生不逢地了一下。在叹慕这种技术之余，又反思其实观众“爽”的也恰恰是片中以“科技”为征服侵略的反派。反战难免拥战，谁会想当个风吹雨淋爬高下低的“蛮人”？投射的都是戴着太阳镜身披机甲弹指灰飞的制服人
上海,第一和第三小时主要是战争片的样态。这争斗让人心碎。想了想反应过来，这效果和情境使这争斗让我心碎（原住民可没有那些天海中的坐骑来抵抗火枪）。潘多拉才是真正主角，剧情在点滴透露最终解决的能量会来自树神依靠的星球智能。这个情境首先保证所有人类成为反派。萨利一家是导游，打开新的地图。智水仁山，图景和生物都更加原始，另一方面融合家庭也是无法分类者（虽然会被自我神话成异能者）迁徙和适应带来各种不适和新奇。入侵和反抗的冲突线，神话和生态的保育线，家庭（代替了个人）的成长线。作为系列剧的承与转，剧情要处理的线索太多了，也许要到第三部出街才能反衬它的吃重。换子和丧子也许都很重要。无蹼的鲛人，温和的翔鲲，海底的木神。美人真多，但奈帝莉还是绝世之姿。而卡梅隆真是狂人
广东,家人，虽是我们的软肋，也是我们的盔甲。看到最后二儿子安抚爸爸如何呼吸，大女儿安抚妈妈一起逃出去，突然很感动，这就是人类的生命传承吧。
江苏,和第一部一样四平八稳无甚新意，但或许在部分人眼中这正是它的可贵之处。
北京,第一部的剧情忘得差不多，所以去海岛之前的剧情几乎都没看懂。到达海岛之后的故事渐入佳境，但这段的文戏稍显拖沓，不过视觉效果极其出彩，图鲲更是一大特色，反派教导如何捕鲲的调度把握得很好。到了这个年纪，终于看懂了他们用头发与大自然交流的含义。头发与精神、魂魄相联系，联结头发也是互相信任的表现。原始，代表着与内心力量的距离更紧密，与现代科技的对抗代表了物质与精神的对抗，正如现代科技治不好女儿，却能够用招魂的方式让女儿苏醒。比较遗憾的是，女性比第一部少了更多表达的机会。整部电影生了这么多孩子，估计也是能在中国公映的原因。
上海,情节有些莫名其妙啊，为什么要用尽地球资源、变成敌人模样、最终追杀一个人？如果是爱，那可以理解，明显又不是，很是费解啊，什么仇什么怨啊？好好活着不好嘛。 ps，可以去潜水了。
北京,不值得花3小时去看，剧情缩短到2小时差不多。
法国,用任何人类的龌龊思维去揣测童话般美好的蓝星人的行为动机都不应该 他们已经简单得海水般透明了
英国,《阿凡达2》淡化了第一部作品之中关于“后身体”的设定，以及对于新保守主义的指涉，而是转向了2010s的身份议题，“何为共同体”的概念通过Spider（Miles）这个地球人身份的Navi土著孩子展开，并构成了父权色彩的影片冲突，双方均在争夺这一“父亲之名”。“水世界”的新场景再一次重演了第一部的主题以及宇宙学设定，但很明显，在漫长的漫改，3D影片内卷之后，詹姆斯·卡梅隆的影片除却审美水平在线外，文本的精细程度已经被温子仁，瑞恩·库格勒，甚至马特·里弗斯后两部《猩球崛起》远远落在了后面，与此同时卡梅隆所许诺的裸眼3D技术也并未实现，对于经受过特效轰炸的当代观众而言，《水之道》只能是一部自我重复，有史诗长度无史诗气质的影片，绝大多数的冲突最终诉诸脸谱分明的动作打斗，几乎是《异形2》的数字翻拍。
河北,激光iMax确实最优选，就是价格贵；财力不够的话cinity也可，都可以放48帧，只是在近景特写方面会有割裂感
北京,三个小时极其老套的剧情，极其简单幼稚的对话，也没有第一部里那些让人惊艳的画面了；阿凡达的森林很美，但是阿凡达的大海感觉没比地球的大海美多少，挺普通的；阿凡达海里的动物感觉像是ai画的，要么多出个眼睛、要么多出个翅膀、多出个尾巴；战争场面太多了，轰隆隆得一门打一门炸，整个一战争片，地球人和外星人交流可讲的那么多，非得从头打到尾，还打得贼老套；如果你刚阳过，想出去放风，那可以去看看，如果你是阴的，不想阳，那还是别去了。
英国,《蓝皮人2之决战马尔代夫》
甘肃,"0-1小时，张家界
1-2小时，马尔代夫
2-2.5小时，偷袭珍珠港
2.5-3小时，泰坦尼克号"
美国,这个故事真的值得拍它个十年讲仨小时吗😅中间一度以为自己在电视机卖场看索尼电视的宣传片（顶着大寒潮imax场都坐的满满当当（最后旁边的女士甚至啜泣不止😅😅😅
四川,22/1/9，剧情老套，内核空无，“为人父，为的是庇护家人”“一家人不能分开”通篇都是父权社会为维系权力的美化说辞，琪莉执意追问父亲是谁，可是父亲真的重要吗？（https://movie.douban.com/review/14830166）胜在特效、画面、情怀，还是震撼、刺激。
江苏,"无尽的蓝，无尽的生命。围剿图鲲那一段看得心绞痛 大哭准备回美国二刷✊🏻"
美国,卡梅隆你还我的钱！ 烧钱不要算我的一份！｜ 回来看到8.0的评分我一惊心想难道是我的问题么！刷了一下短评又放心了，为豆瓣网友自豪！
福建,万达要钱的垃圾夹片已经够无语的，片子更无语，十多年前还能靠3d特效唬人，现在还只靠3d特效，什么稀烂的剧情。
四川,伟大的游乐园主题电影（褒义），影院观影主义者们的一剂强心剂。
北京,如果不是因为太久没踏进电影院看3D，我是不会花200多看这玩意儿的。多一星纯纯因为庆祝自己还能进影院看大片。
浙江,爹味外星💙
上海,最无可救药的、最残酷的物种——人类。
意大利,前前后后折腾半天，租车半夜回家花了总价近100欧看了一个一星电影
陕西,他家老幺纯纯送人头啊
德国,又土又男又俗 郭靖和黄蓉当了父母 都是鱼眼珠了
河北,可能是不想把才华浪费在剧情上，让大家随意回忆一下大船就得了。但是水中画面值六星扣掉剧情还剩五星。
云南,特效没我想的那么惊艳，剧情倒是一泻千里的拉胯。
中国香港,这一天天的  我希望自己没阳
上海,画面效果牛啤，故事剧情拉胯，诺阿克各种败事推动剧情发展。
江苏,配合N95口罩一起食用水下效果更窒息
内蒙古,"图鲲是全场最佳，美好的生物。奈提利没有发挥出想象中的力量。还是很喜欢Grace博士和她的女儿Kiri，Kiri很美，力量也很强大，她与艾娃的联系，应该会在下一部更多的体现。
槽点在于男主和儿子之间的沟通，所谓的一家人，以及剧情上的可预知性。"
北京,本年度第二部短评已经不能满足吐槽的电影，希望别再有了，把特效的精力稍微分点在剧情上吧（而且特效也仅仅是好，完全没到惊艳的地步）🙄🙄🙄咱也不敢有太多要求，不求剧情多好，至少别智障的让人难受。心疼四个人花的快七百多元，鬼知道这三个多小时我经历了什么。。🫠🫠🫠
北京,阿凡达1的时候一票难求，10年过去了，剧情几乎都忘记了，这就是画面好看的电影，随着时间流逝也就不记得啥了。这次估计还是类似的情况，3个小时实在太长了，中间一度很想很想快进，但好在没有嗜睡的情况。当蜘蛛把老爸救起来的时候，感觉这三小时仗算是白打了，下次还得继续找地方打3个小时。
天津,"虽然没什么突破，但是全片特效时长最少够四五部商业大片用的吧。
拒绝捕鲸！"
河南,战斗镜头也太多了吧，让人疲劳，还是纯享海洋世界令人舒适。海洋部落就是印度教神明造型。主题又是殖民又是生态保护，还有浓浓的父权味儿。美式霸凌笑死。
四川,卡梅隆在创造一个新世界，不是简单地故事层面，而是像上帝一样地创造。
山东,这到底讲了一个什么故事？
上海,"#CINITY@橙天嘉禾上海世纪汇# 绮莉幻化水中天使，真叫《天神下凡》！无论高帧率亦或逼真海水视效，李安都曾先发制人。恰巧关乎家庭、父子构建的叙事主题实则李安的拿手好戏，让我相信本片若由安叔执导，在情绪脉络上会强于卡神。
上集忘却现实不济、步入超能梦幻的虚实转换在本集弱化，取之的是种群融入的生物特质。卡神还是非常厉害的好莱坞巨匠，能编制出三个钟头百般波折、高潮迭起的商业戏码，还私夹影射日本捕鲸的环保反省，说明优秀大片不光只娱乐观众，更要紧是兼顾思想性和揭示性。"
中国香港,家庭观真的好下头。。
重庆,故事不如一，有点拖沓的感觉。另外大家有没有觉得故事框架好像武侠小说的情节，想退出江湖，找到一个村庄隐世，但还是不被放过，被奸人找到还害了村里的人……😂
广东,看了开头就能预测到结局，只不过环境从森林移到了水下。画面特效好看，但是生物设定都不是很惊艳。比如说水边的红树林，看支柱根的形状原型应该是红茄苳。座驾鱼，融合了绿鳍鱼、剑鱼、鱼龙、裸胸鳝等几种鱼的特征。图鲲融合了座头鲸和一些古鱼类的特征。海底生物原型能看到珊瑚、海葵、水母、巨海藻、火体虫、裸海蝶等现生生物的影子。并不是说不能用已知生物去变形模拟科幻生物，而是这种变形没有超越想象力。同一个世界同一个软肋。人类别这样了吧，都这么想谁也不愿意生软肋了。当然，人类减少生软肋对地球是有好处的，两部阿凡达告诉我们，人类就是地球以及其他星球最大的隐患，人不灭亡，阿凡达这个系列就没完。
广东,截至2022年人类电影工业的结晶。
辽宁,剧情三星，那是真无脑！特效五星，那是真爽眼！综合四星。阿凡达1：森林（张家界拍摄）。阿凡达2：海洋（马尔代夫拍摄）。阿凡达3：沙漠（撒哈拉拍摄）。阿凡达4：草原（蒙古拍摄）。阿凡达5：太空（地月轨道拍摄）。阿凡达6：反攻（纽约拍摄）。编剧不用谢我。
北京,一家人在礁石上团圆，小蜘蛛不见了又回来了都没人发现，好心酸。更心酸的是我，一个人跟两对 Couple 一起看…
广东,虽说是在看电影 感觉更像是在看“电影技术”。未来的电影会变成什么样的呢。
河北,"阿凡达1我觉得挺好的一个点就是两边身体的来回切换，但在2里不能继续这样做，然后照着1的部分剧情点又来了一遍，换了场景，换了矿石，换了交通工具，依旧要学习融入新族群，依旧在跟地球人和科技对抗。
虽然男主戏份不少，但主角其实是他叛逆期儿子，他成了老是强调安全守规矩的老父亲，家庭成了2的核心。
看的时候总感觉像是个3A大作，新手教学，更换载具武器，潜伏战斗，地图找路，重温1的时候就感觉应该影响了不少游戏，像索尼的《地平线》之类的，到了2，就是开了新地图，特效虽然也是极好的，但已经没有1当时那样出彩了，现在特效大片太多了。
另外男主自己还依赖枪来战斗，为什么还执迷于跟现代科技对抗呢？
总之，1很经典也更好看，2也值得一看，毕竟旅游业冷清了那么久，能看一下潘多拉星球的风景也是不错的，但降低预期吧"
辽宁,"像在看神话版印第安人的战斗
帕亚坎切掉猎人手臂报复断鳍之仇时真的太爽了，为了这个镜头给了满分"
广东,好像初中语文老师看学生用华丽辞藻堆砌了一篇2000字流水账作文儿
北京,图鲲成就了我今年电影院第一哭！我爱Tulkun！图鲲已经晋升成了我最喜欢的虚拟动物！193分钟被分成3个1小时候左右的完整故事，每个小时内都有完整的起承转合，完全不会觉得拖沓或者漫长，电影院所有的小朋友都没有闹着要走的，全程跟着剧情一直在wow（我也是）。剧情方面就是看了开头就知道结尾，但是哪怕是我已经完全猜出来了接下来要发生什么，我也完全想象不到将看到的画面，视觉真的很震撼。硬要说有不好的话，配乐垃圾，甚至有点影响画面的美感。但是，200多看这样的3个多小时，真的挺值的～
北京,《深渊》海底逢巨兽，《异形2》外星拓殖计划，《终结者2》铁娘子救崽，《泰坦尼克》沉船逃生……看到这些熟口熟面的段子就知道卡神这回没把心思放在剧本上。如果说第一部还有点史诗气派，第二部纯粹就是一个支线小任务，把男主一家送上潘多拉星海陆空大统领之路上的一个铺垫而已。就这点小故事还留了个尾巴，反派死了两集还没死完，这尺度真的越来越迪斯尼了。最令人失望的是卡梅隆标志性的动作戏想象力也下降不少，那句“我们怎么又被铐上了？”真是尬到无语。不过好的地方是真好，所有海洋的戏份都赏心悦目，就当风光纪录片欣赏呗。
山东,"#《阿凡达：水之道》观影tips💧
1⃣️就……还好吧 别抱太高预期

2⃣️场面依然无与伦比 但口碑一定不会超过第一部 毕竟一个是从“无”到“有” 一个是从“有”到“更好” 后者难度更大些

3⃣️剧本终于不再那么单薄 开始讨论除环保以外的家庭、友情、生命等话题 但依旧十分冗长并且过度自我感动 后三分之一我就有点犯困了

4⃣️一定要选大影院、宽荧幕、靠前坐 沉浸式体验“水族馆＋潜水＋冲浪＋捕鱼＋海战”的视听盛宴

5⃣️结尾的高潮大战真的不是在泰坦尼克号上进行的吗？这布景也太像了吧……

6⃣️片子时长三小时多 看之前一定要少喝水并提前上🚾"
法国,视觉效果没得说，也确实值得去电影院看，但是这个剧本已经不能用“差强人意”“滥俗”来形容了，不但内核上重复第一部，而且好几处人物动机都显得莫名其妙，为进剧情而进剧情，好几个又是太明显的工具人属性，就说死的那位吧，总共压根没啥戏份，形象极其苍白，死的时候如何让观众共情？直接全部套好莱坞剧本标准桥段都不至于观感这么奇怪，而且角色形象塑造真的很陈腐。
四川,话题触及以及因时代背景所产生的新鲜性与独特性在十三年后的回归几乎看不到，稍微有些让人失望；但转而把想法以及体验都聚焦到更纯粹的“娱乐盛宴”，或许也是在这刻世界之下迫切需要的某种逃离。招牌式的鲨暴恐惧、依然如旧的沉船梗以及天人交战统统一锅端，佐以技术先行，很眼花缭乱也不容观者喘息。首小时是引领走进「造梦」世界，中段是场精心的游历，结尾则是终战——整体感觉是第二个小时最好，最后则稍微有些重复与打破这份体验带来的纯粹感受。人与水，水与人，人和这个星球；它拥有一些动容的讯息，朴素并且真诚。
广东,对于詹姆斯卡梅隆而言，拍成这样，也只能说是刚刚及格吧，跟他自己的作品比，真的很一般。
北京,"IMAX效果真好，摄制水平和付出的辛苦是成正比的，这也就是为什么《阿凡达2》用了这么长时间才得以和观众见面。也希望国内的《流浪地球2》，封神三部曲也能有这样好的效果和水准。
如果说唯一出戏就是小妹妹说，为什么又被绑了，情节推进靠孩子被抓，抓了放，放了抓，即是终点也是起点，也说不定是《阿凡达3》"
安徽,"1.上一次看这么俗套的续作是博人传，但比阿凡达燃
2.这种客场作战真犯不着武统，只需表面和平相处，建立经贸系统，帮助农耕社会的异族同帮高效生产，再用一些淘汰的落后技术交换他们的生产结果，用高科技的精神鸭片洗脑他们的后代，用发展的方式实现文化入侵，即可实现全面同化......怎么着对付黑种人黄种人有一套，对付蓝种人就不聪明了？
3.实在因为异族盗用武器而困扰的话，不妨试试21世纪初的一项落后技术:指纹解锁系统"
广东,就这特效就值20分，这几年的主旋律还没看够吗说阿凡达2不行的
山东,"lt&#39;s amazing!
卡梅隆果然没让我失望！
从没看过3D电影的我在影院直接被惊呆了！仿佛那些海洋生物就在我眼前一样！触手可及！
个人认为最后的大规模海战要胜过第一部的空战，在片尾字幕那里还看到了詹姆斯霍纳的名字，眼眶瞬间湿润。希望第三部不要再等那么久，十三年实在是太久了……"
广西,不一定要讲故事的，这个视听效果拍一个阿凡达24小时的生活我都能看的比这个爽
法国,看到如此美轮美奂的视觉盛宴便理解了詹导14年沉醉于深海的挑战，从宇宙到海洋的转向大概是我们这个世纪的母题。（的确梦回泰坦尼克号…以及Kiri太美了…
陕西,新年和喜欢的男生看的第一场电影😊
山东,"I see you again, Titanic!"
广东,看到电影院满满的都是人真的好开心好开心，其实剧作上阿凡达已经没什么必要拍续集，但这样岂不是浪费了这样一个令人叹为观止的潘多拉星球，所以能感觉到卡梅隆想让你看更多更多更多，但这些更多却每一个都不让人失望，能让人短暂忘忧，十足沉浸，真好
湖北,"好看！如果要去看一定要 IMAX 加多穿衣服，我全程发抖肯定是冷的而不是激动的（有点丢人了）。
 大家不要带入人类的角度，在电影里我们是阿凡达。"
广东,太快的镜头反时间，太假的场景反空间，太重的眼镜反观看。美术基本都是现代图像转译成另一套符号，不理解刻意做成特效的道理是什么。特摄片是以“假”逼“真”，特效片是求“真”成“假”，越刻意“真实”越显露“虚假”。说来挺有意思，所谓电影的“沉浸感”也算是阿凡达等3D视效片所宣传出来的概念，观众基本只能买票入场体验所谓的“沉浸感”为何物，继而将所见认作“沉浸感”，最后感叹道真有“沉浸感”！
四川,《速度与激情20-洋和蓝色family》，除了特效一无是处。
浙江,主角开新地图的逻辑没建立好，反派的目的没建立好，阿凡达建模太像导致快结尾还有点分不清大哥二哥，但真的是视觉盛宴，不去电影院看会后悔。
美国,剧情拉胯，无缘无故的恨还拉上一帮人…就当外星纪录片看吧
浙江,讲真，3小时实在有点长了，绝大部分人都要去一次厕所，当然海战场面绝对精彩，海底世界是纪录片的质感，但剧情实在是没有营养，大概多胎家庭管不住孩子是永远的痛吧，救一个又跑一个，不是在救孩子就是在救孩子的路上，中间有事出去了半个多小时，回来看剧情还是接的上（囧），剪到2小时内或者期间设置几个小高潮或反转会更好，海洋元素开场一小时后才出现，这铺垫也是长，以后建议阿凡达系列设置中场休息（囧）
山西,呼吸吐纳的时候我以为几个阿凡达在练瑜伽，船开始翻的时候我满脑子泰坦尼克号，故事平庸，甚至走向和我想的一模一样……可能就是为了看效果吧？八分虚高啊
山东,如果你从jack和lo&#39;ak在沉船里憋气的那一刻开始憋气，那么基本上刚哈可以憋到图鲲把他们拉出水面的那一刻。（这不算剧透……吧？还没看过的可以试试！p133）
江苏,每一次你想对这个世界怀抱一些期待的时候，总有一些糟心的东西给你搞得稀碎。这个剧本到底是怎么写出来的呢？哪怕是随便写个全家人日夜操练最终大战大水怪也比现在这个要脑子正常吧！特效我完全喜欢的，要么就搞个伪纪录片给我讲讲这些神奇海洋生物也可以！现在算个什么东西！
美国,好久没看到视效这么震撼的片子了！虽然剧情有点老套 jump scare有点烦人 但是还是要给五星！（我最窒息最难受的片段竟是捕鲸那段 谁懂）
上海,可能这套价值观叙事已经过时了
内蒙古,满足对大荧幕的所有幻想，话题触及和故事背景产生的新鲜感和独特性再次回归，没有特别大的撼动和惊艳，但把所有的想法和体验聚焦到更纯粹的娱乐享宴，或许在当下这个世界是种迫切需要的逃离，华纳环球索尼疫情三年集体摆烂的时刻，20世纪交出顶级水准的视听先锋巨人，直接让近几年的院线商业片都黯然失色，画面精致到每一帧都能被用作壁纸，想象力和执行力再步台阶，精妙且兼具神性。电影前一个小时是造梦的世界，第二小时是和煦的游历，第三个小时是炮火的终局，卡梅隆一直致力于倡导环保，人与自然和谐共存的画面，是潘多拉星球最核心的能量源泉，虽然炮火连天不绝，但反战的情绪也时时刻刻在满溢。相比第一部的反殖民号角，这部回归家庭的的文本格局缩小很多，但情感变得极具杀伤力，祭出《泰坦尼克号》，可完全看作爱情到家庭的接续，悠远而绵长。
北京,"“家人是我们的软肋，但是也是我们的堡垒”(台词大意)
IMAX电影🎦第一时间第一刷"
湖北,"看完只觉得人类很讨厌 
我讨厌人类 也讨厌没完没了的战争
感觉要出第三部
惊叹于自然的神奇与美丽"
江苏,被那只图鲲感动到了。
浙江,和北欧人异曲同工，视效技术和见仁见智的美学体系致力露骨的炫技以文本的极端退守和想象的停步不前为代价。潘多拉脱胎异邦他者意淫的天堂图景小到家庭单元大如天地万物实则是人类世界最为陈旧破败的商业叙事模型完全镜像的搬演地狱。于是本应构建海洋文明奇观的保底任务迎来彻底溃败，而所谓我看见你的前作返顾之下空无一物的连锁肉躯与阿凡达，观众与银幕的链结唤起只是印证了重复自我复制创造的增殖不仅不会质变为奇迹升华，而是将被剥削吞噬的虚构异星版图包裹的白人中心父权制核心的反殖民口号虚伪性暴露殆尽。创作思维的山穷水尽而无耻的惰性肆无忌惮，让这一仍具有系列野心作品的电影性也随之锐减至无，毋宁说是主题公园的特效影片或是贩售电视的必备测试。水之道，勾兑的是导演用自己最赤裸的保守价值和恋物癖好灌满的每一帧顶配制作展陈的间隙。
北京,综合7分吧，特效超赞，剧情拉垮。最后的水上战斗场面很赞很美。两个星球种族的战斗变成两家恩怨了？服了，格局太小了，为了炫技剧情都被抛弃了啊。人物失去了魅力，都沦落为家庭打闹的工具了，蜘蛛这个人物也很bug，为了下一部铺路做的太明显了些。
山东,剧情才应该为王，画面和特效创意在我看来也并没有加冕，三小时时长总有人觉得是史诗，也总会有人认为是屎，我是后者。
广东,所有人都是编剧的工具人，哈哈哈，这电影居然还需要3个编剧？
北京,画面美是真的美，但是剧情垮也是真的垮。三个小时我不知道看了个啥剧情，就感觉四个孩子没一个省心的，然后你明明知道对方是冲着自己来的，躲到哪里都会被找出来，还最后才意识到，真是无语😓
福建,"如此烂俗又如此精彩，
如此虚幻又如此真实。
这是一部只属于电影院的巨作，
在这个寒冬来得恰逢其时。

用十三年等待一部续作，实在太久。
用三小时领略一个恢宏的世界，
又觉得太短。"
河北,铁道游击队？…海洋场景好看。…捕鲸真讨厌。…哪来的什么水之道，有水无道。我喜欢第一部天上飞，不喜欢第二部水里游，我阳康本就憋气，潜水更憋气了
北京,虽不如第一部惊艳，但仍属一流，绝对值回票价
北京,特效做到了真假难辨了，实在太长了就是，大白鲨泰坦尼克号都看到了，反派动机莫名，音乐太满太满。点映@英皇Imax4K48帧
澳大利亚,挺好，前面节奏稍微慢了一些，大白鲨+泰坦尼克号
加拿大,中间那一幕因为过长，感觉像是参观了一小时的外星海洋馆。
上海,点映场，4.5星，视效不是当年的划时代，但依旧是顶级！作为次要的故事本身，节奏不错，不疾不徐，三个多小时都扎实的讲下去了。内核不新颖，但好在也没有一味地上价值观，有点道法自然那味，商业大片做到这个程度，值得去影院贡献票房，必须是杜比数字厅才过瘾啦。
广东,sky people是真的可恶
河北,完全不顾及叙事节奏的疯狂炫技，故事与特效完全游离在两个不同的世界，本来期待着如同《海王》一样的海底大战，最后沦为游泳池火并，滥俗的美式家庭至上，蓝精灵伐木累！
广西,"三个钟屁股都坐麻了，也想念万达vip厅的芝华士沙发座。
画面真的好美，第二部分海景和海底奇观赏心悦目，平静却震撼人心的美，卡梅隆用水之道阐述着天人合一，人与自然和平共生的思想。第三部分致敬了泰坦尼克号，二十多年前也是导演的这部电影扣开了许多国人对西方电影认识的大门。
剧情不是卡梅隆的长项，他又不是诺兰不会弯来绕去，恢宏的画面讲述一段狭隘的私人恩怨和家庭守护故事，部分地方逻辑有些疑惑，表述能力也在一众导演之上了。"
江苏,2022.12.25 纪念下第一次自己看电影&amp;Merry X&#39;mas
北京,满级特效 美轮美奂 看到中间的时候 我在想 他们还打仗吗
广东,肯定是没有第一部来的震撼的，但在如今这个比烂的世界里真的是良心之作。水下画面比森林更美轮美奂，高帧率加持下的高速运动画面也更真实，值得大家在这个疫情可能将要结束的时候，去重新拥抱正常的美好生活
新加坡,视觉效果挺好，剧本胡乱写了写。
广东,"3个小时完全没有觉得无聊
高潮时甚至会心情澎湃
伤感处也会想落泪
但是看完之后还是会吐槽下剧情

震撼宏大爽就够了"
广东,卡梅隆 全球最大i鲲
福建,画面五星，剧情真的一星。莫名其妙，非要到别的部落让别人被打…
北京,视效体验近年最佳，大概是用领先时代20年的技术讲了一个20年前流行的俗套故事。武侠叙事感极强，所有人物指向性的行为语言都准确昭示了后续走向。长子沉稳背锅注定牺牲，逆子被误会忍辱负重，险入陷阱死里逃生结识高人因祸得福，明朗而老旧的成长线，亲情爱情友情一条没落下，玩了三次还不累的软肋梗巧妙致敬了天通苑会议现场（。总之看着傻乐挺好的，也想去海底世界戴水母，等我学会游泳的吧
上海,"特效是没得说，不管是森林还是海洋，生机勃勃，物种丰富，光彩夺目。故事是真心一般，完全就是靠孩子推动，父母就是不停的找孩子，管孩子，救孩子，没办法谁叫这就是软肋呢？是软肋也是堡垒，既然成为了父母就要为孩子遮风挡雨赴汤蹈火，被庇护的孩子们会长大，会成为新一代的力量。
这片子还得有三，第二部这就是拖家带口到处逃难，个人恩怨，家庭矛盾，亲情羁绊，就看个特效和热闹吧，这么折腾对抗的不过就是基地派出的一小股力量，想想那个巨大的基地，真正的对抗会在第三部，森林和海洋部落联合起来，海陆空三种力量都齐了，善恶美丑的终极对抗，真是人类永恒的主题。三个小时实在是太长了，我从一个小时左右开始晕。最大的惊喜是里面的将军Edie Falco，黑道家族里老大的老婆，监狱风云里面的狱警，印象深刻。"
江苏,好看！好美啊！比海更美的是真挚的感情！
吉林,承认吧，这才有想去电影院看的电影的感觉，像风一样自由的运镜，镜头内干净，镜头语言干净不冗余，就是故事有点一般
北京,男主的性格变得像神雕里的郭靖黄蓉一样讨厌，夫妻俩去生命树探望大儿子那里泪目了。
北京,"非常纯粹的商业娱乐片。虽然放在外星的设定上，本质讲的还是一个非常“小”的故事：家庭、青春期的烦恼、对新学校的融入、和几个小坏蛋的冲突和和好，也就是可以发生在任何地方的故事。加入了当下流行的灵修概念，但过于浅了。
某种程度是科幻外壳的塞德赫巴莱，但去掉了那种文化冲突的两难的深度，简化成了单纯的正邪对立。
忽然在想，十八九世纪的欧洲文明充满自大式的自信，坚信自己的殖民是带给当地人文明；而现在的主流，则是完全反过来，一味的美化“高贵的野蛮人”，虽然反思的姿态是好的，但某种意义上也带有对不可能回到的过去的一种比较廉价的叶公好龙的成分。"
北京,忘记标记了，寒假看的，其实剧情逻辑比1好很多了，水的效果做得也很好，故事虽然俗套但整体和谐还是不错的。
四川,为什么这些大片总是讲不好故事？特效确实好，但是特效不是电影本身
上海,初中时看的阿凡达第一部，确实是跨时代电影大作，3D效果巨爽，非常震撼。
上海,画面可以，剧情是真的无聊+一塌糊涂，分多次看完，每次都看的想睡觉，地球已经寿终正寝，地球人却依旧我行我素，看的让人既失望又无趣，这种观念其实已经过时，没有任何意义和新意，卡梅隆已经老了
辽宁,很少看特效片…的最大原因是没有这么精彩的特效片
广东,这剧情是什么鬼哦
北京,没有第一部好了
广东,剧情有点蠢 但特效画面真的很牛
福建,膀胱局，感觉泰坦尼克号乱入了。
湖北,确实比不了第一部
北京,"不如一惊艳。
主题较一缩小了。
人类捕鲸的细节呈现，确实叫人不寒而栗。"
四川,这个放在20年确实高水平，但是现在大家都进步了吖，阿凡达2确实和1的水准差不多。
山东,剧情感觉有点拉
福建,非要救反派……
四川,喜欢kiri小精灵！！（但打戏太多了看得眼睛疼）
陕西,剧情中规中矩，传统模板，但卡梅隆的想象力还是可以的，尤其对外星生态的塑造上
安徽,特效满分，剧情老套
湖南,一般
黑龙江,还可以，太久没看了剧情真的忘了
福建,编剧给特效美术组磕头、看完就觉得我们人类反战片、环保片拍的也不少了、世界有变好吗？要是人类提早灭绝那就是报应
贵州,终于补上，没有大家说的那么不堪嘛～估计特效公司被坑得较惨🤭
江苏,画面可以，剧情弱智。
广东,期望很高，但情节老土，没有惊喜。种族斗争，环境自然，十分十分老土。
重庆,比之看第一部时带来的惊喜和感动，这部相对平庸吧。喜欢图鲲，它让我感动了。
吉林,有什么理由不五星？
广东,就感觉这个创造的世界没什么特色，比如阿凡达们就是人类换个颜色少根手指；图鲲就是鲸鱼，人类捕捉是为了油啥的；各个不同的部落也是以人类为原型；感觉身体涂成蓝绿色是为了穿成那样不至于太色情。杰克毁约2次，完全可以杀掉他子女以示之前的威胁都是真的，结果主角光环就是没让坏人下手。反派有点弱感觉，就是个平凡人。差点以为Kiti要带着圣母来救所有人，消灭坏人了。
北京,有一种自己抄自己的感觉。
四川,这辈子就没见过这么好的视效
上海,场景制作还不错，但是剧情感觉有些bug哎
湖南,买了但看得很无聊，没有第一部的震撼之后就纯看特效了
河南,泯然众人
湖北,略显无聊，太过冗长了。但是画面确实一流。细致入微地展现了这个世界。
陕西,没我想的那么丑陋，还可以，能看，可能是看网上差评多，心理预期比较低
湖南,视效无敌，海洋部分跟实拍一样。赞同女主说的，这是家庭，不是军队。另外女主是本作最强战力吧。。。
江苏,阿凡达系列最大的优点就是呼吁保护环境，这稀烂的剧本…
四川,西方文明与土著的战争2 秀特效2
云南,看之前被评论影响还以为不能坚持看完，然后很流畅的看完了，虽然老一套的故事看头知尾也没什么感动，但是水准绝对在八分左右，故事虽老掉牙但是总比故事都讲不好故弄玄虚强。起码还有超强画面加持
安徽,如果不是特效还可以，真的3星都不想给
重庆,每个星球都有伟大的智慧和愚蠢的杀戮。敌人学习进步时你就会学习进步，敌人杀戮时你也不得不杀戮，但同样的，你爱自己的亲人，敌人也是。
上海,剧情有点不顺，但特效很强
浙江,一般般 没有达到预期，特效还行，剧情好俗
广西,3应该好看，如果有的话
浙江,好看的不错呢，现在两只眼睛偏差大。看3D会晕会重影
青海,1带给我的是震撼，2带给我的是失望。
山东,勉强四星，下一部剧情还这么敷衍的话，那就对不起了。
江苏,血缘关系还是有影响的吧，虽然被自己父亲抓了，但是彼此之间的那种矛盾的心情可想而知。
江苏,大儿子有点可惜了。是不是还会有第三部？
安徽,没有剧情，来看杰克萨利打新的副本了，第一次看这样的电脑科技有多惊艳，第二次看就有多傻逼，兩星全给电脑科技。
山东,跟第一部一脉相承。
广东,爆米花水准
天津,这都啥玩意阿jesus
河南,因为旁边有爱人陪着一起看，就觉得这片很好看，设定奇葩的地方也忽略了
陕西,冲着视觉特效看的，只是没想到这个剧情。。。。如果是国产片，这个剧情绝对会被喷死！美国白人在别的星球爹味也这么重吗？！还搞父权压迫那一套。。。
上海,特效炸裂，剧情普普
陕西,作为潘多拉星球的记录片倒是不错，哈哈
美国,视觉效果满分 故事编排不及格
山东,还不错，比上一部差一点但看的不就是高科技吗，可以看起来
北京,其实可以更好的是不导演
福建,"喜欢科幻大片 但没1好
核心矛盾不如1有意义、站得住脚 人物光辉没表现出来
而且一开始以为想表现男主和家人们沟通上的转变，结果男主就这样啊……好烂……能不能拍点好的"
英国,💩一样剧情
河南,除了特效一无是处，剧情太傻杯了
加拿大,先和孩子们重温了十三年前的第一部，再看现在的第二部，想想，老大都十四岁了，时间也真快啊
广西,我不理解
湖北,水里的世界还是很美 打斗场面太让人讨厌。
江苏,真没必要讲这么长的 不然还能多一颗星
广东,这一部看得是真窝囊啊，丢了一个儿子才明白不能通过逃避来保护家人……一个看过电影的地球人都懂的道理，拍了三个小时，虽然很多人都是冲着画面特效来的往往会忽略剧情，很抱歉这一次我有我的坚持。
河北,画面有多美，剧情就有多烂，迎合了所有人的口味，看个热闹吧
四川,中规中矩的片，特效华丽，剧情没什么惊喜，答应我，下一部时长缩短点好吗
陕西,特效炸裂，剧情略老套
广东,"三星半，有点无聊，和宝宝看了三次才看完…
剧情真的太老套了，基本上每一步都走得那么套路化
一开始就知道哥哥会为了救弟弟死

爹真的太爹了，大家长做法看得有点烦

男女主都没啥魅力的感觉…海洋部落的大祭司是美的
为啥大部分脸都有一种黑人感

最精彩的也就是最后的战斗片段了，很热血，海洋部分的设定也有点绮丽，其他就真的没啥了

这意思是还有第三部？"
山东,非常精彩！！！
江苏,再牛逼的特效也不能掩盖剧情的逻辑硬伤，优秀的电影首先要讲好故事
陕西,实在理解不了明明知道是祸还留杰克一家在潘多拉 和杰克逃跑存心把敌人引来的脑回路 森林拍完了也该换海洋了 不然多没有新鲜感啊 （特效仍然是华点） 
江西,看的网页在线版，无法欣赏到画面的美感。纵使剧情俗套，但胜在关注个体、关心人、回到生活本身！有人批判说这部电影依旧充斥着浓厚的男性色彩，这其实有失偏颇。剧中岛礁族首领的女儿以及琪莉都在不同程度上体现了女性力量，尤其是琪莉在关键时刻找到了妹妹和妈妈。以后影院重映了，一定去看！就算不为了色彩与画面，为了那句“一家人要永远在一起，这既是我的软肋，也是我的盔甲”。
湖南,还行
广东,一般，时代变了，已经不是特效好票房就好的时候了
黑龙江,看了好几天终于是看完了，说实话我不太喜欢看这种哄小孩的电影，电影诚意满满，但是我不太喜欢
四川,看到后面有点睡着了
山东,我觉得剧情有点国产剧感觉，个别没有智商。阿凡达一家为了躲避人类跑到了水世界，这里是大力水手会游泳。结果小孩人类带着地球人找到他们了，水里面鲸鱼很聪明，最后一家人打败了地球人却被小男孩偷偷救了，然后他们的儿子死了一个，他们也变成了海洋部落
北京,卡梅隆的实力在于能够构筑起一个足以自圆其说的架空世界
福建,很期待的一部剧，特效很棒，就是时间太长了，还是值得看。
北京,"太长了，看了三次才看完。但凡能减掉一个小时，剧情都不至于这么水。特效依然惊艳，但剧情实在乏善可陈。画面也好，特效也罢，到底谁才是核心呢？如果不能为剧情服务，那不如看纪录片咯
"
北京,没有大家说的那么烂啊，还不错啊
四川,挺垃圾的电影。特效不够好看，剧情更是狗血bug满天飞
浙江,感觉剧情挺一般的，男主的好多行为很不理解，不过特效很棒
广东,什么时候变成复仇电影了？这又打的是哪门子架？
江苏,十几年一点进步都没呀  还没09年那部剧情好
上海,7分吧   一句话能讲完的事情硬是讲了3个时，遮住名字还能再降一分
河北,分了好几次终于看完啦，故事完整性可以，潘多拉星球也很新奇，大战开始也很燃，但也中规中矩吧，没太多惊喜。
浙江,感觉又臭又长
北京,经典3D电影里程碑的续作，此部将潘多拉星球上，纳威人和天空人的战场由森林转向了大海。有一说一海洋水下特效真的太美轮美奂了，完全达到天花板级别，让观众有如身临其境的真实感，视觉效果爆棚。但故事脉络看起来却比较简单，相比于第一部，情感重点聚焦在家庭上，使得剧情整体缺乏新鲜感，节奏过于冗长。总的来说是一部叙事平淡的视觉盛宴。
西藏,画面没得说，但是能短一点就更好了。我记得当时屁股都坐麻了。
福建,特效是真的好棒，剧情的话就有点拖了
上海,电影院看的，好磨人啊。太拖沓了这剧情
云南,特效真的很赞，仿佛自己置身海外之中！剧情牵强！曾经的魅影骑士，现在的软蛋？
上海,不如第一部，但是把海拍得真美，印象最深居然是小“泰山”，下一代的感情刻画得不错，整体还是略遗憾。
江苏,"延续了第一部的烧钱大制作，看了下高科技技术幕后花絮，对于导演的艺术追求和演员的信念感很感动。但剧情就是像3D生态景区的宣传演出呢，以后有小孩会带着看的，只是暂时不符合我的口味。
尤其在连续看完它和哈利波特系列第一部《魔法石》以后，一群小孩也可以很有信念感，但成就一部高分电影真的需要剧情逻辑在线/灵魂演绎/线索起伏共同成就啊！"
广东,合格爆米花商业片，仅此而已了。还能成为票房巨鳄，是第一部的影响，这部的影响会让第三部会暴跌。第一部一切都是视效、画面、3D等都是开拓性的，内核是印第安人被征服历史，也是优秀的。这一部要啥啥没有，主题变成家庭、环保主义……要征服星球当人类新家园，结果反派全程私人报仇。人类孤儿一下就叛变了，一下又反水了，一下又父子情了；第一部宣称找了多少专家用了多少时间，专门研发了纳美人语言（那时候翻纳美），这一部就英语＋几句吼叫当土话了，然后跟动物手语……剧情无聊、拖沓，硬造矛盾，随便找个地方就能安全隐居，为了拍海洋部落硬去投靠。2小时还嫌长。3星是公平分，按个人失望甚至想打2星
河南,笑死了
辽宁,其实剧情还可以更好的
四川,给四星的原因是导演表达出了人类的贪婪，恶心，愚蠢，自大，心狠手辣。同时在电影里大规模的屠杀人类，是被逼无奈的复仇。
浙江,佩服卡梅隆的想象力，创造了这么多外星生物，虽然皮肤属性限制了我认人，但剧情还是流畅精彩，鲲鹏真的太震撼了，万物有灵。
四川,讲了一个莫名其妙的故事
湖南,深林，水上，决战三部分。故事没第一部精彩。为下一步做铺垫。
江苏,更像前传，不像2，立意感觉完全偏了，没有必要。
北京,看不下去。。。 时间又长真的耗不起了
北京,当用 2d 看这片时就知道是全靠特效糊弄人了
河南,故事中规中矩，潘多拉星球依旧让人心驰神往，海洋部落的大海很治愈
广西,四颗星给到特效，因为剧情太垃圾倒扣一分
广东,除了特效，什么都是下水道，毫无创意
广西,再一次被画面和场景惊叹到!!!
上海,视效太好了，好到不禁疑惑有必要为这么个故事做到这种程度吗。
上海,7分差不多， 主要给的视觉效果。这电影就是换个场景把1很多东西再走一遍。故事老套，青春期的孩子与同龄人相处，与父母相处的矛盾，成长的困惑。好莱坞的本子也是很不行了，佳作难觅。
江苏,场面宏大 可以
重庆,人类你真该死啊
北京,"保卫家园
一家人不能分开，
这即是我们的软肋，也是我们的盔甲"
山东,这特效太他妈牛逼太他妈美了，直接给我震撼了
北京,就只有画面了，但是已经没那么惊艳了
广东,泪点还是有的。儿子与父亲之前的矛盾和彼此的不理解很真实。但是最后太突兀了吧？水之族的人突然就全消失了？？？
广西,画面挺好看诶~没想到还有第三部哈哈哈哈到时候看看
北京,剧情有点尬 等了这么多年 也是期待太高了吧
江苏,1 2连起来看真的很爽 肯定会有3的吧
湖南,剧情老套，但至少没有恶心的政治正确倾向
福建,虽然是美式经典爆米花式剧情，但依然可以给潘多拉星球上梦幻世界观打四星
江苏,前半段有点无聊，毕竟1的故事实在也记不得了，从举家来到reef之后渐进高潮。故事很简单，场景如梦似幻，可能也是唯一看到人类被杀还想拍手叫好的系列。但与看1相比很深刻的变化：那时看阿凡达是那么遥不可及，现在看甚至还会觉得有的特效挺假
上海,当主题从家园变为家庭，从反抗转为逃避，注定格局小了好多，特效依然牛逼，然而故事没怎么讲好。。。
新疆,2009-2022视听盛宴
安徽,剧情混乱，逻辑不通，男主一会怂一会勇，对于反派来讲，情绪不可控的人太可怕了…
浙江,果然很水
广东,海洋生物好美，最爱图鲲和二儿子在水里遨游的镜头，可恶的人类！
山东,如果没有小孩的话，给3星
上海,画面五星剧情一星好吧 人质知道怎么用吗？
辽宁,一般，特效不错，世界观逻辑有点难以推敲
黑龙江,殖民童话之海军篇（第三部只能拍陆军了昂）
辽宁,卡梅隆也开始玩zzzq了，但他这个铁直男又没法真的相信什么girl power，尤其作为导演这一行女性就从来没出过真正的大导，他看得起才怪。无论是终结者，泰坦尼克还是阿凡达1，女性都是被拯救者，而男性则是拯救者。到了阿凡达2突然换立场对他来说实在是太为难了，只能强行给女主加个超能力就算了。看明白了吧？在卡梅隆眼里女性想拯救世界没法靠力量和智慧，而是得靠超能力
山东,超级无聊无语的垃圾剧情，永远没有子弹的男主，永远嚎叫的女主，一心一意的反派，突然消失的海洋人，也就是画面值个二星
江苏,视觉特效没得说，剧情拉胯经不起推敲
广东,大型沉浸式“海洋动物世界”
四川,真的拉，这部格局没有打开。水下世界《海王》已经拍过了，所以并不觉得有多震撼，反而这部电影糟糕的角色设定成了最要命的东西，每一个角色智商都不在线
四川,还是好看
北京,剧情真的不行，全都无脑
北京,单从影片品质上来看，确实还不错，特效的感官又上了新高度，但从情节上，却有炒冷饭的感觉，没有任何新鲜的创意让人耳目一新。
青海,反派永不死是个bug
广东,特效硬是要得
湖南,美轮美奂
北京,跟1差不多，所以也就没有看1的时候的惊喜感。故事中规中矩，或者说还是那么俗。
内蒙古,惊喜不算多，但耐看度还在。杰克一家繁衍能力真的强
广东,异域风景不错，打斗场景也还好。但是时间太长，剧情一般，分了几次才耐心看完。放了上校是为了下集咩？
安徽,"①蜘蛛你妈必死，你怎么有毗连得，我tm恨不得邦邦给你两拳，你妈必死，你还他妈靠在一起，要是主角知道了你把杀了他这么多亲人的人救了主角都戴捶死你，你他妈必死
②主角你踏马十几年干什么吃的？？？按照设定你比他们更聪明，学习科技打上地球啊，把地球炸了啊，你踏马十几年干什么吃的？？？下一年换个场景踏马再来打一遍是吧，你踏马狗屎。"
浙江,"只能说，还是1经典啊😂
特效还是很震撼的！海洋部落的刻画超级美，看的人想去海岛了！
就是这剧情，我迷惑脸…经过一整部1，男主你还没明白逃避是没有用的，只能硬刚吗？而且不想连累森林部落为啥转头就霍霍人家海洋部落啊喂！
打来打去总之核心思想就是为了family✊略略无聊了…"
广东,好看吗？
广东,真的还行 特效已无感
广东,特效很美。没看过第一部，不知道为什么上校一心只想找杰克报仇，要杀他全家。难道天空人不是想在潘多拉星球占有领土和资源吗？
上海,3.5，剧情真不行，画面是真美
辽宁,景挺好看的
福建,大概能看出来，导演认为陆上和空中已经开发完了，现在开发水下。跟第一部一样，让主角们重新学习技能凑时数，然后再打一架。感觉还不错，问题是接下来开发哪里？地底还是宇宙？
福建,画面顶级，剧本普通。
上海,也没有辣么烂吧。。8分是差不多的，卡导这个调色和场景的审美嘎嘎的
海南,场面好看，剧情一般。制作的太美了。
安徽,海洋啊 
安徽,看了三个个多小时美轮美奂的奇景，就是剧情不能带脑子观看。
广东,从文明冲突变成了个人恩怨，大国变小家，很立不住脚，格局小了。跟第一部比起来主角一味的避嫌看的着实无聊，打斗场面也没有第一部过瘾。
,把文明冲突变成了个人恩怨……格局小了😂
广东,太流水线了，半年后就会忘记的剧情，第一部惊艳了我，多少年后没啥长进，特效进入瓶颈斯了。
安徽,剧情太冗长，直接上特效
广东,第一部的杰克可是魅影骑士啊！！！！这部面对旧仇都不先想着怎么反抗，而是想着退位让贤，带着一家人躲避。剧情注水很多，也有一些经不起推敲的地方，但是视觉特效方面绝对没得说。
上海,很失望 很无聊
广东,蓝星人版猩球崛起
上海,没看过1直接看的2，看的时候偶尔被朋友科普，特效的确很好，剧情稍微有点弱
上海,就这样吧
福建,特效+2分，剧情属于是潘多拉版家人侠
上海,希望越大，失望越大，只能说还行。
浙江,缺乏想象力了，也没好故事，特效值票价但浪费时间。
澳大利亚,依然是那个脑洞不大、但一点想法就可以做到极致的卡神。
四川,人类也太弱鸡了，而且拍的像局部战争，第一部的那种大场面和史诗感荡然无存啊
北京,"在08年横空出世的阿凡达确实不得不让我承认它的视觉特效炸裂
但在2022年的今天视觉特效做成这样我是真的不觉得它有多牛
剧情更是烂俗狗血
再一次让我体会到了续集要想拍好有多难
真的还要继续拍下去吗"
江苏,特效画面特别唯美，很有意境和想法
湖北,画面质量还是一流棒，剧情上感觉才开了个头，这是要来阿凡达续集的节奏。
甘肃,与自然共生永远都是很值得深思的问题，人类永远自私，为一己私欲残害其他生命，大哥死了真的太刀了！
安徽,老套
上海,很一般的故事情节，剧本太拉垮
江西,"男主算什么英雄？一直在逃避问题！离开森林部落，给海洋部落带来了灾难，害得无数图鲲惨死。这就是他保护家人的方法吗？我的沉默震耳欲聋……
全剧就男主大儿子死的时候忍不住痛哭T﹏T，他死前就是想回家看看啊😭
还有那个反派，会在乎不在身边长大的儿子吗？？冷酷无情，突然就在乎了？？"
四川,画面真的美
山东,看了，大儿子死了我接受不了
湖南,美景
北京,这才是电影
上海,和第一部一样，首先表扬就是片子里的特效，各种外星生物的想象天马行空，场景很好看，不过剧情就一般般啦，作为全家休闲一起看的电影还是不错的
江苏,视效一流
山东,"硬的能力还在，软的能力下坡。
……
纯粹图一个视觉体验。
经不起细想，细想到处是问题。"
广东,效果大片，剧情拉胯，明明是文明冲突，却只看个人恩怨，莫名其妙。
广东,看完了，怎么说呢，少了一些但是看1的那种惊艳，但是画面还是很美的。尤其是海底世界那里，真的很美很美，最大的硬伤我觉得应该是剧情吧，怎么说呢，就是让人看起来有那么点“不爽”，不喜欢一定要有人牺牲来升华故事这种设置，真的让人看的有点难受
广东,剧情真是无语，弱智情节打斗戏
重庆,还蛮喜欢日常的。剧本有点俗套。大儿子一出场，我就知道这人必死。为二儿子献祭的。
福建,充满恶臭的昂撒种族主义，换成印第安人也没问题
北京,可能比北京动物园植物园好看一些吧
克罗地亚,boring
上海,没有第一部好看，海底特效还是做得特别漂亮，大片感很浓，感觉蜘蛛这个角色真是很矛盾，把祸患带给主角一家，还害死了主角的大儿子，最后他还救了大反派，大无语，感觉就是为第三部伏笔吧。
新疆,"依旧惊艳绝伦 美 确实太美了 最具有穿透心灵 的永远是来自那自然的磅礴之力 透过另一个世界分享最值得保护的一定是自己的家园 珍惜眼前 万物有灵 人类与其他生物们共同只享有一个地球 和谐共处 才是未来
水之道 深含寓意 名字起的真好 水 生命之源 无穷无尽 无始无终 海洋包围着你充盈着你 海洋是你的家 见证你到来 目送你归去 我们的心跳在世界的子宫中跳动 我们的呼吸在黑暗的深海中灼烧 海洋给予一切 也夺走一切 水连接着世间万物 从生到死 从黑暗到光明 一下格局就打开了 由此也看本片的内涵文化底蕴还是相当深厚的
ps 本片里竟然没看到有黑人 确定这是美国拍的吗？哈哈哈哈哈"
山东,吹的太过了
黑龙江,丛林和海洋，下一部一定是极地
上海,《阿凡达2》：从张家界到马尔代夫
湖北,迪斯尼可以上线新的游乐项目了。
四川,提心吊胆地来看这等了十三年的《阿凡达2》，要是阳了就变成真正的电影发烧友了。
北京,第一个小时：我们来讲讲《阿凡达2》的故事；第二个小时：给你们看看我的新技术；第三个小时：我曾经拍过一部片叫《泰坦尼克号》…
福建,girls help girls，boys 坑死 boys
加拿大,我的膀胱里积满了从剧本中拧出来的水
北京,你也想起了25年前的那条大船吗
浙江,怎么潘多拉星还有美式霸凌 哈哈哈哈
广东,电影品质堪称顶级，但没有了领先世界的震撼感。能够在这样一个漫威大行其道，华纳索尼全部摆烂的时刻，看到这么一部用心制作的电影，绝对值得一颗五星，能够让我在三个小时里忘掉疫情和工作，那就值回票价了
北京,如此老套，却又如此好看……神奇……
湖南,虽然比不过横空出世的第一部，但必须承认卡神再一次用精彩的视效和丰富的情感元素告诉年轻一代观众和电影人你大爷终究还是你大爷，在密闭的N95和逼真的海洋效果双重buff下有时真的会让人不自觉的屏住呼吸。孩子是软肋，这话是不是不久前才听过。
美国,失望 故事情节糟糕的一塌糊涂，完全能预测，老套。角色集体没有智商，只有自我感动。
陕西,俩干亲家有啥可打的嘛，不如坐下来聊聊彩礼的问题。
湖南,载入史册的第二幕！求大家给给力贡献票房，还想看3.4.5呢，4据说是剧本巅峰，5是回到地球，无比期待！20230107影院二刷，感谢再次延期，20230218三刷，0223四刷，0226五刷，0312IMAX告别场六刷，兴许3看不到2一样的水世界了
湖南,上一部砍树，这一部炸鱼。
新西兰,为大银幕而生的视听享受，海洋特效杀疯了。卡梅隆的环保主义无处不在，包括将1的所有角色回收再利用。剧情没什么特别的，摆明了是给3铺路，最意外的是观感超像武侠片，把杨康杨过（上校父子）、郭靖黄蓉（萨利公婆）的设定代入竟然毫不违和...
云南,关于阿凡达系列电影不能只谈论电影人物或者故事背后的时代隐喻，阿凡达系列对于影史有更重要的意义。回到1895年吧，电影诞生的那天，第一块影幕降下的时候，第一部默片开机的时候，化妆师第一次给演员戴上皮套的时候，第一个石膏模型出现在摄影机面前的时候，CGI技术开始崭露头角的时候，第一部3D电影出现的时候，直至如今，我们正经历着这一切，从黑白默片的大都市到美轮美奂的潘多拉星球，这一切的一切只为实现光与影交织的电影梦想，致敬每一位伟大的电影人。
广东,跟我看第二部的那个人和第一部的是同一个人
北京,在不稳定环境里，每少生一个小孩，就少一个人质。
山西,let’s 摘掉老白男滤镜去承认卡梅隆的土和过时
上海,就不提复刻泰坦尼克号了；巨兽追逐、生存学习……和第一部都搞起了太多复刻😂我有和小妹一样的疑惑，“我怎么又被绑在这了？”
浙江,图鲲的镜头出现就情绪就忍不住了，什么叫大道至简，就是用最顶级的特效做到看着没有特效，用最俗套的家庭故事让你看的泪流满面，用最浅显的对照告诉你什么是人与自然。天神下凡，期待续集
贵州,视觉天花板，比1更有深度，不过元素太多了不好驾驭，很多坑留给了3，希望3更上一层楼！！
四川,此起彼伏的咳嗽声可比电影刺激多了！！！
四川,"视效顶级，剧情piece of shit。逻辑bug就不说了，所谓的“关于家庭”be like:难沟通但具有绝对话语权的阳刚父亲与爱惹麻烦的叛逆男宝矛盾颇多，父亲甚至规定男宝跟他交流只能说yes sir；容易情绪激动但讲话没有人在听的母亲，看起来跟家人不熟，但与另一部落首领妻子初见时立马暗暗较劲。经过种种，男宝与父亲得到了成长，生死之际，男宝救出父亲，父亲说出“I see you”，两人深情对望，沉浸在父慈子孝的幸福中，同时胆怯的养女化身神女/圣母，救出了被遗忘的母亲。大家聚到父亲身边，听这位家庭的主人说：“家人是我们的软肋，也是我们的铠甲。”最近看多了2020s的东西，今天看这部冷不防被老白男熏到了。在一个想象出来的外星社会依然父权文化深种，角色男女分明，老爹们真是土得吓人🆘"
上海,看完心凉了…和米国在电影上可能要差一两百年的水平了😭😭😭前几天看被吹爆的三体，那人讲话都不利索，再看看阿凡达怎么那么牛逼😭😭
江苏,从开头到最后大战刚开始都很好，大战后半段满脑子都在想一开始的队友怎么都莫名消失了，怎么都不来帮个忙啊
四川,"蜘蛛猜测琪莉的父亲是第一部的诺姆，我觉得可能性更大的是纳美人的神，爱娃。
《阿凡达1》杰克将格蕾丝连接到灵魂树后，爱娃让格蕾丝怀上了琪莉，格蕾丝和爱娃都是琪莉的母亲。
琪莉是爱娃的女儿，就解释了她为什么这么特殊，为什么她和潘多拉星球有着强烈的联系，并且可以控制星球上的动物。
她还说她能感受到爱娃，爱娃是她的一部分。
耶稣是圣母玛利亚的儿子，爱娃相当于圣母玛利亚，琪莉就相当于耶稣，未来她可能会因为纳美人或地球人的罪牺牲自己，然后再次和爱娃合而为一，就像格蕾丝那样。
《阿凡达2》最可怕的是人类可以克隆自己，克隆体有本体的全部记忆，相当于实现了永生。
死亡是避免贫富差距不断扩大的终极防护措施，现在这个终极防护措施不存在了，有钱人可以永生，财富可以无限制地增长，成为类似于“神”的存在，而穷人都是他的奴隶。"
安徽,都准备星际殖民了，能不能把直升机驾驶舱玻璃换成防弹的啊！！！！！尼玛，一箭一个。。。。。。
四川,太丑了，剧情稀烂，毫无记忆点，n年后和看一一个样，什么都没记住，浪费时间和金钱
云南,"讲真，我不明白为何很多人喷阿凡达2是个家庭片。家人是永恒的主题，亲子关系是每个人都应该学习的。
中国很多父母是不合格的，很多家庭关系也是剑拔弩张的。中国的父母大部分是无知的，上世纪50、60年代的父母大部分也没有接受过良好的教育，自己也是被稀里糊涂拉扯大的，所以他们属于爱无能。
你可以喷阿凡达拍的不好看，但你喷阿凡达讲述了家庭的故事就很无理了。没有一个个健康的小家庭，这个世界毁灭了也无所谓。很多中国人接受的教育太沉迷于宏大叙事，却无视个人的成长和小世界，看不上家庭琐事。中国人的语境是大禹治水三过家门而不入。看似胸怀大爱，但这样的宣传叙事是毫无人性的。
家人是每个人的软肋，也是每个人的铠甲。"
四川,《阿凡达2：少生优生，幸福一生》
北京,流着泪看完，三个多小时的观影体验，就如同被片中暗流涌动的海水所包裹，一口气潜到水底，睁大双眼尽享器官，却沉浸其中不舍得露出水面回到现实世界。
广东,海洋部落咋个打着打着人没了。。。
广东,三星半，技术上还是强，但视觉上的震撼一定不如第一部，这是观感的问题，因为第一部是从无到有，第二部是从有到更好，震撼度还是会减弱的。好处是，这一部真的不会在意3D这件事了，会更熟悉这个视觉世界，并专著于剧情本身。只可惜，这剧情实在是有点太拖沓了，真的是每部分都可以大删大减，但估计卡梅隆自己也舍不得吧，结果就是，越看越累。就像那个小纳美人图克说的似的，我怎么又被绑了？是啊，怎么又被绑了，反反复复，一直被绑。这桥段都用重复了。
北京,格局比第一部小。不如叫《阿凡达·爱鲲》
美国,可以说是沉浸式体验！影院的空气里都是COVID-19，我也一直在憋气。
广东,第一次看到人类被杀那么痛快
广东,"父权制下的环境保护题材电影，厌女感溢出屏幕，jump scare用烂了，可能怕太无聊给你突然来一下提精神吧。很多人物不知道为什么要存在，后面看到人物作用时也在想真的需要这一剧情吗？
看完be like：该死的人类把父权制带到宇宙每个角落！"
上海,卡梅隆太坏了，时不时吓一吓观众，完全是那种没必要的惊吓，像是给走神的观众叫魂。
广东,真的觉得特效上的巨人，剧情上的矮子。高帧率和3D感无疑是区别于其他片制作的高水准呈现，但是不论特效画面多好看，震撼也就是十几分钟的事，剩下三小时看着如此降智的剧情真的是如坐针毡。从人物塑造，剧情结构，世界观塑造，大决战方面全都不如上一部，再加上如此高的票价，如果体验工业进步可以去试试，真正看电影的建议别碰。
瑞典,在瑞典刚刚看完首映 有太多想说的点 绝对值票价 特效真的是无以伦比 我感觉每一帧都在燃烧经费 一定要看IMAX 故事虽然老套 但简单一些才好操作 观众不至于太疲惫
广东,2022新片TOP3！看完呆坐在原地真的不想回到现实世界，反复在心底感叹为什么我们的世界如此荒谬，电影的存在大概是我族精神文明最梦幻的救赎。还记得片中有一句话（大意）：“不管用多么正当的理由实施暴力，都是不可饶恕的罪孽。”全片最不敢看的片段是捕鲲，最难忘的名场面是洛阿克跟鲲在海里遨游——啊！这才是电影院必须存在的意义。还有太多的感叹道不尽......图鲲的生命精髓被吸出，生物学家说他们的神经腺体比人类大多少倍，他们有自己的哲学、数学、音乐、艺术，而黄毛反派只想着这一小瓶精髓可以换钱，当时我真的......觉得身为人类真惭愧。而卡梅隆居然站在动物视角把这一切都讲出来了！现实如此，作为渺小个体有心无力，而电影的力量是无限的，电影的美，永远没有边界。
北京,下部再也不想看《他的软肋其实是他儿子》了，想看《潘多拉之神奇动物在哪里》《潘多拉脉动》《图鲲日记/图鲲王朝/迁徙的图鲲/图鲲之碧海蓝天》。
北京,故事一言难尽，多胎还是不好，这个救完救那个，那个刚救出来上一个又被抓了。还不如纯介绍潘多拉星球的生态，展现海洋部落的片段最有意思。
上海,电影饥渴果然不能只靠一部电影来解决，或者说只有特效的电影本来也解决不了真正的电影饥渴吧
澳大利亚,地狱般的观影体验一边惊叹一边恶心一边崩溃，这套核心家庭的烂调唱得没完没了了，制作和剧情可谓一种鲜花插在牛粪上，感觉像一部斥巨资拍摄的核心家庭&amp;多生多育的宣传广告片，剧情唯一可取点是对人类在自然面前的自大的嘲讽。人物塑造一塌糊涂，不知道从何骂起。另外别说什么血缘亲缘的了，核心家庭和亲缘这两个不同的概念经常被混淆就是文化殖民遗产，想象个外星还是一父一母小单位family stay together拜托真的不要这么无聊
海南,第一个小时：🧐 第二个小时：🤩 第三个小时：😱😭🥳😭🤩😍（60分钟的高潮戏把这十多年的好莱坞无数漫改电影踩在脚下蹂躏
中国香港,特效其实没有超出认知，新登场的角色太多了，想兼顾每个人，导致前两个小时无法找到恰当的视点，于是感觉在看大型自然纪实片。最后一幕力挽狂澜了，可能卡梅隆也不知还能咋拍，于是祭出超级大杀器《泰坦尼克号》，杰克这回没沉下去，但是情感极具杀伤力，尤其女性角色依然保持了卡梅隆电影里惯有的强悍、愤怒、伟大特质，以至于最后看哭了。“家人是软肋，也是盔甲”，这句台词出现时我表示震惊。
北京,不要靠近人类，会变得不幸。
江西,同一个沉船，同一个杰克，同一个卡梅隆。
上海,印象最深的是围猎图鲲妈妈那个场景，好痛😣😣😣😣
江苏,3.5，当好莱坞编剧不知道干什么时，就会扭头制造“父子问题”。被大大小小的身份认同搞得疲惫不堪，血缘、部落、家庭…天知道我更愿意看成为阿凡达的上校的自我身份危机，可惜卡梅隆不愿搭理恼人的哲学，它在对白里一闪而过，然后被掐灭了。睽违数年，这部救市片不再带来新的东西，纵然有五光十色的视觉，这个腐朽的造梦世界也已失去魔力，我们都知道，它如此容易被自我“超越”。奇观使影像和观众的距离更远，阿凡达不再是关于新生和选择的叙事，而是保守主义的赞美诗。去掉它的蓝色外皮：一个中年男人遭遇事业变故，带着全家老小从头干起，内外交困。和朋友说，我早就知道这家伙会死，因为这个角色没有个人（成长）戏份，就像这个ip一样。
陕西,美国人现在是离开family就不会拍电影了是吧？
北京,剧情愚蠢一大堆，最蠢的是如果把阿凡达看成纳威人的三体，他们明明知道地球人会回来，却完全没有做任何准备，只会生娃和打猎。动作场面也挺敷衍的，只有局部冲突，没有全面战争，打着打着部落人就消失了，全靠独行侠family。最后还忍不住致敬了一下自己的铁达尼号，沉船拍摄技术回收再利用。当然视效确实了不起，水底世界美到无法呼吸，看完很难不想马上买张机票去海边潜水冲浪。。
上海,剧情土得上头，就当沉浸式潜水了
广东,要特效有特效 要剧情有特效
福建,总有一些自媒体懂哥要批判一些东西显得自己与众不同
广东,"普通3D没必要看，IMAX坐大牢。我活像是买100块的票去了趟水族馆……
剧情……已经不是俗的问题，倒像是2010年就写完了剧本此后一直在做特效……父权语境和自以为是的男人们，父与子的拉扯，背景板的女人们，“一家人就要在一起”……我只想说不要过来啊啊啊！
尽管剧情不是唯一标准，但我仍认为技术是手段，而一切手段都应当为了剧情服务，电影也仍是讲故事的艺术。"
中国香港,第二代们个个长着蓝皮，但不管语言还是行为完全就是白人（熊）孩子…
海南,观后感：人类赶紧毁灭
四川,这剧情尽毁三观……男主保护自己部落的方式是把敌人引到别人部落？……二儿子在无数次擅自行动不听劝之后，终于把自己哥哥给害死了……男主的人类养子被坏人抓走后，虽然嘴上说不愿意但身体却很诚实的教坏人如何了解阿凡达，还顺便教会他们骑飞龙……最后，男主的大儿子牺牲掉自己救回了人类养子，然鹅人类养子报答的方式是把男主拼命干掉的大boss给救活放走了……什么鬼，三星都是看在情怀上
河南,"我没那么多废话，卡梅隆只不过和无数的创作者共同再次证明了一件事：
这个时代的电影，音乐，书等等艺术全面衰落。和疫情有关，但无关。"
北京,看完破口大骂，营销号是疯了么？什么卡神才尽，什么大失所望，你们也真有脸说！这T M难道不是疫情三年观赏性最强的影片么？就你们懂得多，就你们会说，就你们能看出“天才跌落”。绝壁值回票价，都给我去电影院看！
江苏,别的不说了，发现自己对阿凡达有性欲，知道为什么我对人类男人不感兴趣了，人类快灭绝吧，好让我实现跨物种恋爱。
上海,一想到美国人搞的也是这种傻卵电影那我可太放心了
湖南,特效不足以掩盖是屎一般的剧情，美式家庭的烂俗人物设定看的人犯困，不服管教的闯祸精老二果然活到了最后，听从命令的工具人老大果然牺牲掉了，三妹神神叨叨，四妹不管跟到那里反正没事；主角跟个软蛋一样说要保护深林部落，结果离开了去霍霍海洋部落，果然不是一个部落就不管对方死活，结果从人类的战力表现来看，主角需要逃个鬼，个个跟超人一样，子弹永远拐弯，别说人，鸟也打不中，弓箭一射一个准，完全可以杀到人类基地，原始部落虐杀机械部队才是导演要表现的主题吧；做无法理解的bug，最后大战，打到一半全村人集体掉线，变成了主角和反派的1v1，最后两人还一个不死，票价这么贵看到最后发现是个儿童片，简直诈骗。
福建,大寄特寄，美式家庭陈词滥调，主要角色没有一个写得明白，反派直接从上一部回收利用可还行。最后那场戏莫名其妙的，《阿凡达之铁达尼号》吗？这也要消费自己？那下一部是不是要《阿凡达之终结者》、《阿凡达之异形2》？
广东,塞尔达传说第二场景：卓拉领地
上海,"阿凡达2剧本崩坏到已经无法挽救的程度，连杰克的女儿都吐槽“为什么我又被捉了”，真的，十年磨一剑就这水平这质量，还不如去晚上磨个枪。

都说阿凡达2的主题是家庭主题，但我却是皱着眉头看完的，他们一家子对从小养在身边的人类小蜘蛛弃如敝履，简直叹为观止。小蜘蛛被抓的时候，杰克第一时间没想去营救，而是担心会被出卖，他老婆更现实了，直接要用蜘蛛的命换儿子……这个故事更通俗来说，就是“外地人刚变成新上海人，就开始排外”的故事，可怜小蜘蛛还一直热屁股贴冷脸[怒]。

三个多小时的电影，完全可以压缩在一小时以内，莫名其妙的故事推进，匪夷所思的逻辑关系，微妙的三观，都让我觉得这系列电影真的不用再拍下去了"
河北,其实《阿凡达》系列的意义根本就不在于剧情了，这就是部奇景片，只是为了展现电影技术所能创造的异世界，在这个年月还能在电影院里做三个小时梦，其实就已经能让人满足了。
广东,我真的谢，潘多拉这个星球挺好，别拍杰克一家了，故事太脑瘫了，不如拍个图鲲纪录片得了，比他家人好看。
四川,怎么在另一个星球还有石光荣式军事化管理的爹系家庭啊
湖北,"人类确乎已经彻底丧失想象“另一种生活”的能力了。
把美式霸凌、捕鲸船和泰坦尼克号放在潘多拉星球也依旧无趣，把迪士尼级别的通俗家庭叙事移植到纳威人身上也不会更加动人。除了上一部遗留的一些文化遗产还剩下些什么呢？哪还有一丁点属于阿凡达的崭新想象呢？
甚至，比之上一部构建出的完整可信的异星社会形态，本片中我们看到的堪称主角带给纳威人的父权文化殖民。怎么都移居异星了还这么喜欢传统父子关系？
片中的每句“yes sir”都让我白眼大翻。

给人类那么多戏份是想对同为人类身怀原罪的观众们施加精神酷刑吗？一度看得我想在电影院就地开展大屠杀然后自杀谢罪。
纳威人的身体比例真的好性感……"
广东,问：为什么去看这部电影？答：卡梅隆就是问题答案本身啊！
福建,为什么要花几百块钱，看一个披着科幻外衣的殖民片呢？三体都什么科技了？这些人还骑龙，冷兵器和热兵器打得有来有去
山东,"好看到浑身酥麻，但能理解不喜欢它的观众。阿凡达IP所承载的，是近十年已经绝迹的“超级大片”，它不是漫威DC那种嫁接而来的复合类型片，而是单一叙事、单一内核，靠大开大合的调度张力和烘到极致的情绪感染力来征服观众。它本该和《指环王》是同一级别的，奈何生不逢时，而前者去年重映时遭遇的舆论窘境，正对应它的今天，20世代观众已经很难去适应它了。
不过缺点也很明显，卡梅隆很想矫正1里激进的反殖民主题，所以2旨在探究“身份认同”：萨利一家试图融入水族、被放逐的图鲲想要回归族群、还有那个游离于人类与纳美的真·小蜘蛛。只不过导演本身也是纠结的，致使部分人物动机很难立住，最终将答案诉诸“血脉”也是无奈之举。不过也罢，卡子哥本质还是搞热血漫的，特效就是他的作者性，想看同题材优秀文本，建议找《猩球崛起》三部曲互补。"
英国,画面绝美，心情是希望人类灭绝
江苏,这么说吧，披着精美的视觉效果的烂俗故事。金玉其外，败絮其里。把观众当作皇帝的新衣，愚蠢而可笑。
新加坡,卡梅隆用三个小时就为了拍这一句话：孩子是我们的软肋，也是我们的铠甲。
重庆,3.5 
加拿大,导演对外星世界的想象力限于一堆脏辫光屁股蓝巨人在马尔代夫骑鱼，这也好意思叫科幻电影吗
湖北,在潘多拉星球面前，一切2012都是尘埃。
内蒙古,如芒在刺，如鲠在喉，如坐针毡
上海,看了。阳了。
意大利,每一个人类死亡我都想鼓掌
加拿大,好像看了一部BBC拍的纪录片，不如改名叫Planet Pandora
北京,Kiri晕倒了，科学家的检查和大祭司的施法，仿佛上演了中医和西医的斗争。
浙江,3.5，有种坐长途飞机经济舱的感觉😅
云南,现在网上的人太喜欢装逼了，好像要喷一喷才有逼格，这剧情还叫差吗，三个小时的剧情能做到自然流畅没有漏洞已经是很棒了。再说这电影的看点本来就不剧情，顶级的3D画面和特效才是让人忍不住说一句“卧槽”的点，我必须说，这就是最好的3D电影！
福建,图鲲长在我泪点上
上海,边看边觉得人类应该灭绝
湖北,显然我已经被successfully mindfuck了：看这部片的时候脑子里全是建设生态文明——要像爱护自己的眼睛一样爱护自然、走纳威特色生态文明发展道路、绿水青山就是金山银山😇
广东,很难相信2022年，啊现在已经2023了，还能看到如此典的美国大片……责任重大爹+情绪化保守妈+稳重保守哥+冲动幼稚弟+通灵小女孩+负责被掳被救小女孩，当然少不了跟爹敌对的反派，太典了……主题就是together啊family啊duty巴拉巴拉，整点危机战争啥的，最后男主aka大爹恍然大悟！拯救家人！世界和平！至于电影本身有多大比例能和“the way of water”扯上关系已经不重要啦。
上海,"在这个节骨眼上，给出中差评感觉也稍微需要一点点勇气。尤其是我又是一个如此看重产业意义的人，或许预期偏高了。

先说优点，我觉得联合国宪章甚至可以立法规定全世界只允许卡梅隆才能拍3D电影，只有他的阿凡达才是真正的为3D而生。视效层面，卡神的确是历史断崖式第一名！其他3D电影在他面前就像杂耍一般可笑。水下部分，其丝滑惊艳所带来的感官刺激足以带来颅内高潮。卡神再次拓宽了电影的边界！

再说不足，我很早就反复强调说第二部带来的震撼度必然逊色于第一部，也体现了在视效提升所带来的边际效应递减的问题。于是剧情的槽点就成了明显的拖累：①故事整体格局太小，远不如第一部恢弘，最终落位到了私人恩怨；②为了续集做铺垫，使得第二部成了序章，不够独立完整；③反派的行为逻辑匪夷所思，我恨不得成立一个阿凡达反派动机研究学会去研讨了。"
广西,"看阿凡达2阳了——电影发烧友；
拍阿凡达2阳了——为艺术燃烧；
一部电影，两场战争——奈威人为生存，天空人为荣誉
  
“家人是软肋，也是盔甲。”
这银幕内外的相互呼应把第四第五第六面墙都打成飞灰，然后砌成了属于卡神的数字墓志铭。"
江苏,信了什么邪教能写出这种剧情
美国,久违的可逃避现实的大片，感觉自己迅速退回一个想要冒险的孩子。前作从无到有，让涉世未深的我们领略了潘多拉奇景，也从根本上将纳威人与人类区分开；续集只好让见多识广的我们由森林望向海洋，并将纳威家庭人类化，这是物种的融合，包括观念、价值观和青少年问题（也用两代人输出新老观众，迅速代入不同视角）。剧作有几部分复刻了前作的模式，又套用了导演其他片的影子，还要趁机将世界观补全和为续集铺路，好在这些看起来相对和谐。卡梅隆对海洋的迷恋无人能及，模拟出各种水的形态，拍出一种律动，并始终带着悲悯之心看待海洋生态。
上海,视听效果上无疑登峰造极，达到一种奇观-影像的极致，此前还从未能在电影中创造出一个如此逼真细腻的虚构海洋世界（一个可信而自洽的幻想异域，大部分“神奇生物”都能在地球物种谱系中找到原型）。但是叙事相当薄弱，第二幕与第三幕的转场动机比较牵强，私人恩怨与家庭团结的落脚点格局偏小，决战中莫名失踪的岛礁族大军是一个太过显眼的漏洞，交换儿子的高潮戏略显狗血。涉及基因工程、神经科学及虚实结合的后人类想象的“阿凡达”概念不再被探讨，万物有灵式的生物互联与艾娃相沟通的图景也没有进一步展开。对族群身份认同、反殖民与环保主题的呈现也并无新意。换句话说，尽管影片造了一个华丽炫目的幻梦，但几乎难以探进内心、深入灵魂，亦没有卡梅隆过往商业佳作中那种真实而汹涌的情感力量。（7.0/10）
上海,"奇观叠奇观，看得眼花缭乱兼视觉疲劳，单薄俗套的家庭故事和被过度开垦的“纳威人”概念无法撑起海洋史诗的野心格局，救与被救、逃与不逃，都局限在个体行动的纠缠里，已然失去原有的升华立意，借人物之口反复点题的金句也不足以挽救全局。所以，我们看电影时究竟是在看什么？

极为美丽的水下世界之主角是鲲，几个感动点都是它们带来的，母子情深的绝望嘶鸣，知恩图报的冲天一跃，心灵相通的高配情感区分布，“人”这种生物的确黯然失色。"
北京,"看的是 12 月 14 号的 IMAX 点映场，算是先睹为快了。很好看，3 个小时一晃而过，恋恋不舍地告别了潘多拉星球。
我觉得比第一部好看，这个太难得了。原来担心好莱坞续集魔咒，后来一想，卡梅隆是谁啊？他就是专门破除续集魔咒的人啊！（异形 2、终结者 2 都是成功的续集电影，第一滴血 2 他是编剧）"
英国,画面绝美，心情是希望人类灭绝
新加坡,卡梅隆用三个小时就为了拍这一句话：孩子是我们的软肋，也是我们的铠甲。
重庆,3.5 
浙江,看完不想做人。
江苏,卡梅隆不愧是卡梅隆，仨小时不仅请我再看一遍阿凡达1，还请我看泰坦尼克号
荷兰,第一部分《星球大战》，第二部分《人与自然》+《海洋》，最后《泰坦尼克号》。3D技术是更新了但是部分近景无3D且掉帧，有种游戏CG的错觉，一到中远景又变回3D大片，有种山寨和高科技来回切换的感觉。当然不得不承认水下的部分都花了钱，千金一掷。剧情则真的又拖又俗套，本来以为是星球大战最后变成亲家恩仇录这种家族斗争，绿人没打完就全撤了说好的一起战斗呢？第一部张家界第二部马尔代夫那么可以猜到第三部会去撒哈拉或者青藏高原公费旅游，看来阿凡达的神话已降落凡间。
上海,看了。阳了。
内蒙古,如芒在刺，如鲠在喉，如坐针毡
河南,人类电影水平的巅峰作品，代表了电影工业的纬度。卡梅隆算是把水和船玩透彻了。上次看到这么美的电影画面还是少年派的奇幻漂流。另外，那些吐槽剧情简单的人，我发现剧情片你们也没看过几部啊，不装一下就痒的厉害是吗？
加拿大,好像看了一部BBC拍的纪录片，不如改名叫Planet Pandora
广东,很难相信2022年，啊现在已经2023了，还能看到如此典的美国大片……责任重大爹+情绪化保守妈+稳重保守哥+冲动幼稚弟+通灵小女孩+负责被掳被救小女孩，当然少不了跟爹敌对的反派，太典了……主题就是together啊family啊duty巴拉巴拉，整点危机战争啥的，最后男主aka大爹恍然大悟！拯救家人！世界和平！至于电影本身有多大比例能和“the way of water”扯上关系已经不重要啦。
日本,裸绞断气几分钟也能活，强行给上校续命，闹半天最后就是个私人恩怨... 格局咋越整越小了呢
湖北,This is what we called CINEMA.
北京,Kiri晕倒了，科学家的检查和大祭司的施法，仿佛上演了中医和西医的斗争。
江苏,信了什么邪教能写出这种剧情
湖北,显然我已经被successfully mindfuck了：看这部片的时候脑子里全是建设生态文明——要像爱护自己的眼睛一样爱护自然、走纳威特色生态文明发展道路、绿水青山就是金山银山😇
河南,海洋族有鱼，其名为图鲲，图鲲之大……头铁的很。
黑龙江,差不多得了，那么喜欢从电影里找逻辑怎么日常还跟弱智一样
上海,特效牛逼，剧情稀烂。一部电影孩子总共被绑了三次，还有男主一家跑路是为了不连累自己部落，但你连累其它部落啊。
江苏,父慈子孝的负分智障剧情，全靠画面和节奏hold全场。全程无什么尿点，但是全程也无什么爽点（因为剧情原因难以与人物共情，所以本该爽的地方也爽不出来）。真的发自内心爽到我的，就是鲲鲲爆杀捕鱼船那段。
山西,阿凡达爹之道，一星给特效，一星给鲲
上海,很多友邻不太欣赏它，但我真的很喜欢这样的反人类大片，看得直教人想穿越到影片里杀几个人类才解恨。
广东,"海洋特效杀疯了，但没有感受到电影带来了什么新的叙述——拥有话语权却不容质疑的父亲，不听管教叛逆到最后始终会活下来的弟弟，乖乖听话依旧逃脱不了为家牺牲的命运的大哥，实力超群但讲话没人听的母亲——美式家庭标配。
看来不论去到哪个星球，人类都要带着父权制称霸世界。"
河北,把简单的故事情节拍得高潮迭起，这才是真绝活，真好莱坞大片，在好莱坞也没有几个导演有这个能力，最后一小时碾压一切超英电影。卡梅隆的故事一直都是英雄的目标旅程，这种故事的讲法如果能用的好，可以让受众群体无限大，而且永不过时。这部在视觉效果上有了全方位的升级，技术上实现了沉浸式的体验，是那种需要大银幕加持的那种奇观电影。看完电影，你忍不住会想，有朝一日一定要去阿凡达的主题乐园体验一把。
上海,特效再好也没用，人物的动机太让人出戏了，思路就和尿路一样。怕老婆小孩被报复所以抛下部落逃了，敌人会因为领导跑了就饶了这个部落？这是不是在搞笑？那你一开始拽个什么劲。跑就跑吧，找个深山老林这么难吗，口口声声说着家庭，别的部落不是自己的family就可以祸水东引祸害别人？然后小泰山被抓了居然能放在舰桥里？这么大的船就没空房间了？船员们以礼相待小泰山，小泰山把船毁了，对方不仅不计前嫌还帮忙检查设备准备一起撤离，这小子居然反手就把对方宰了。这集里反派阿凡达可是连一个人都没杀，全是主角团在杀人，到底谁才是反派。主题叫水之道，最后主角居然还得儿子教腹式呼吸，早干嘛去了。大决战也牛逼，一村子人直接看完戏跑了。感触最深的其实莫过于一群留着辫子髡了头发的人举着长矛弓箭冲向敌人的坚船利炮，卡梅隆是懂我大清的。
北京,最好的特效拍了个最无聊的剧本，卡神可以的，孩子还是得少生点
浙江,反派抓了无数次人，一个都不杀到底是什么意思？
北京,当身为观众的我亲历了时间，才知道十三年真的太久了，久到影坛新王几度易主，久到商业片逻辑被漫威重塑，久到新冠给影院降下灭顶之灾，又让流媒体摧枯拉朽地席卷全球。《泰坦尼克》和《阿凡达》背负的重担，都不会有《水之道》这样艰巨，这绝对是一场硬仗，但不一定是又一场胜仗。事实上，这一次卡梅隆确实没能带来丝毫革新，人们无法像第一次进入潘多拉那样进入水下世界并感叹造物的神奇；三幕被均匀分配进三个小时，情节行进却像走过场一般陈旧。曾经他让《异形2》和《终结者2》大放异彩，而《水之道》不过是降维的自我重复之作，显示出一代续集圣手的衰老。卡梅隆一直走在技术的前沿，却又停止在叙事艺术上继续精进，这有点像如今的李安，他们都以超前于这个时代的方式落后于这个时代。
湖南,"视觉效果拉满，剧情一言难尽，勉强只能3星半。
本来一出“占领潘多拉”的大戏硬生生变成了私人恩怨追击战就不说了，杰克那“一切都只是因为我”的自信，还有杰克带着一家人为了守护自己的部落而逃跑，转而舔着脸为别的部落带去了灾患，以及一家人总是整整齐齐遭遇敌人，这些我都不想多说了。
我最想吐槽的是，全片几乎有个把小时剧情都是在岛礁族学习水之道，但最后还要给我上演泰坦尼克号的戏码，一家人看到水面上起火转身冲进船里就十足离谱，还要营造泰坦尼克似溺水的紧张氛围，水之道真的是学了个寂寞，还有岛礁族打着打着就没了影，后面看着看着还以为是一家几口出海游玩遭遇了船难的悲情戏呢……
杰克最后决定保卫别人的部落，真的是很会落地生根了，你死去的儿子还想回家呢，而你们却把他葬在了他乡。"
北京,三个小时，不能快进，我真的吐了。所有碰到男主的人都降智，男主family还开金手指。太破了。这需要三个小时吗，直接删掉直接海底世界宣传片+打架就好了呀。就这还碰瓷漫威…真的这电影就是拍给阿凡达看的战狼
广东,如果这部电影可以称得上经典，那一定是父权制男性本位思想之精致陈列的经典。最最经典的展品，就是上一部已经把“对方拒绝就是想要”的“驯服”飞龙术演过一遍了，这一部竟然还要再演一遍，旁边再安排一个儿子的角色对“驯服了飞龙”的父亲一脸崇拜，把强行“驯服”一只拒绝你的女性动物设置成这个儿子对父亲态度的关键转变点，没有比这更精致又糟糕的展示了。
山东,技术上毫无疑问是最顶级的，但想象力上持保留意见，可行性论证优于幻想的创作态度或许成为构建这个庞大系列的阿克琉斯之踵，潘多拉上从生物种类到自然景观，从地域文明到工具载具，均太过迷恋且刻板的依据于地球上的种种现实，因此片中的震撼或许并非来自遥远的宇宙，强大的技术支持带来的沉浸感早已越过了虚构与非虚构的分界线。于是用九十年代好莱坞A级动作大片的打开方式进入也许是最恰当的，而随着大战到来，宏大叙事的假象也确实崩坏收束为一个英雄家庭对抗反派的单纯情境化的营救故事，岛礁族大军不知所踪，世界观的连结无从感知，此时杰克·萨利甚至说起了施瓦辛格干架时常说的那类俏皮话。最为遗憾的是第一部强调的观众与电影、技术与电影等“阿凡达”式的类比升华更是于结局再度睁开的双眼中荡然无存，“我看见你”仅成为一句空洞的戏中台词。
安徽,疫情突然放开了，风声鹤唳的，到处都有，秉着如果必然感染，不如是因为看《水之道》而感染的。
上海,用最吊的视效讲一个最屌的父权故事。不比泰坦尼克，卡梅隆二十年后拍出来的爹味杰克令人生厌。
上海,戴着N95真是有4D体验，真的喘不上气。最后20分钟真的有点坐不住想快进。
北京,激光IMAX48帧打卡，流畅度清晰度细节呈现无与伦比，前一个小时甚至还有些疲倦，进入水世界后基本上就处于全程wow的状态，那种影像的流动感太醉人了。整个故事是比较典型的三幕式结构，但即便俗套却依旧能给人感动。尤其是这一部的主题，水是故事的背景，也是整个立意能够成立的前提。万物有灵，从羊水中来，到海水中去，水是连接生物与世界的媒介。它无形无状，前一秒将你温柔包裹，后一秒又将你疯狂摧毁。这种沉浸感和窒息感也是我在观看本片中最大的感受。而当万物归宗，万灵归终，连接彼此与世界的纽带依旧落到了情感上。你是谁，不仅仅源于你来自哪里，更出于你要到哪里去。陆地上，无论是地球，还是潘多拉星球，战火滔天，生灵涂炭，贪婪愚昧，邪佞仇恶，宛如当下的现实；而只要你深吸一口气，潜入水底，或许就能探索到深邃壮阔的浩瀚未知。
浙江,《他的软肋其实是他儿子》
浙江,剧情俗套，内核洗白殖民者，
陕西,No.10下水道，全员降智，三个小时折磨人。还是盎撒殖民那一套，对波利尼西亚人的文化借用，日式捕鲸
中国香港,足足花了两个半小时铺陈世界观，最后对决却回到传统的灾难片套路，我还以为在看蓝脸人搬演铁达尼呢！而且，小孩在闯祸，妈妈在发飙，爸爸在逃避，全宇宙都只能是这个家庭模式了吗？
陕西,"顶级的画面，俗套的世界观，和垃圾的剧本。
创意不够，换场景凑。林变成海，反倒开始出世界观悖论。
在一个生物电信号连接一切的巨大意识共同体世界，自然和协调融为一体的大环保主题下，演了三个小时的家庭复仇……
散架的主线没有起到引导世界观的作用，反倒让人意识到，道路不同的天然合理性：
生物电连接的意识共同体，天然有融入自然的优势。而人类这样的劣势的独立生物种族，确实得靠改造自然啊。

即便是为下一部铺垫，松垮的节奏和低智的人物塑造也是不及格的。
枉我宁可变身发烧友也去支持它（也没有，没人看电影，没人出门，我们包场了）。"
北京,电影和电影院存在的意义-Дуг-【アゲ】
江苏,看完心情就是想杀光所有人类，特别是所有爹们，先把男主和反派杀了。感觉这部剧本十年前写的吧，familyfamily听的我殺心四起，女主在这部完全沦为一个标准的被男主或是主流电影塑造的母亲形象，失去自我，明明第一部是多么闪闪发光的纳威人
河南,特效100星，剧情扣97星。
江苏,全片看得最顺眼的是那只鲲
北京,被点亮的双眼，被解放的双眼。从视野中心向视觉边界扩张，直至铺满银幕，这样的过程往往只发生于一瞬。一些南辕北辙的特质在人物身上显现，又共享着同一份朴素的唯物主义自然观。谈动机显然偏了，依然是神启在引领叙事，它说物竞天择，它说众生平等。智者乐水，仁者乐山，我不是仁者，我喜欢海。
广东,9分，那只落单的图鲲找到它的同伴了吗？
北京,一个环保主义者，动用他所能调动的全部资源，拍一部美轮美奂的记录人类罪行的电影。这件事本身就太酷了。这才是想要改变世界的偏执狂，这是所有理想主义笨蛋的榜样。希望卡梅隆能一直拍下去，拍到潘多拉反攻地球。每一部我都去看IMAX版，还要带上孩子去二刷。
宁夏,三个小时，九十块的票钱。边看我就想吐槽了，能不能好好写剧本啊？这什么破剧情。举家迁徙，你害怕连累自己的部落，就不怕连累别人的部落？弟弟总闯祸，最后死的是哥哥。蜘蛛两面三刀，还带着反派去驯服龙？特效和画面确实不错，但这故事，我不理解。
福建,视觉上的巨人，剧情上的庸人。此起彼伏的咳嗽声比电影刺激
河北,时隔13年，阿凡达让我更加深刻地意识到为什么要在电影院看电影
河北,阿凡达2:家有儿女
福建,我就是这么肤浅的愿意为美丽的大屏画面买单的普通观众。
福建,少生一个小孩，就少一个人质
北京,去死吧，人类
贵州,这种大便也有人五星呵呵了！看这种大便还不如看纪录片！
海南,3.5 阿凡达2: 双塔奇兵，但最后一个小时岛礁族人都上哪儿去了，打着打着咋都没了。视觉效果没有太多进步的前提下，编剧肯定要被拿到台面儿上来狠狠说。然而且不说想要超越第一部难度有多大，单说它连岛礁族消失这样的低级错误都能犯得出来，也是没法让普通观众满意。无论对标的是教父沙丘还是指环王，阿凡达到这里最缺的还是一个强大的文学基底，缺乏一个主要的深入方向（真的要五部曲吗），东拼西凑是很难解决问题的。漫威化是一个很无奈，但真的很无聊的选择。
浙江,我人生第一次体会在电影院坐立难安，感觉几个主角蠢得我头疼，永远是坑别人坑亲爹坑孩子，太头疼了，而且最好笑的是，明明设定是，地球快没了要用潘多拉作为新的人类的生活地，那就算男主他们几个逃跑了死了，又不是代表不会继续被侵略了，那一开始不是逃跑祈求庇护，而是来了外敌我们一起努力打仗，可能还比现在看的不那么憋屈一点。而且父子亲情的线我一点都不觉得感动，太标准模板了。整体而言，他作为一个潘多拉旅游宣传片我可能都比现在看的开心一点。
上海,不如拍成水之道纪录片？可以不用加剧情的
上海,美式废话裹脚布  唯一的一星打给特效
北京,真诚发问：帕亚坎（断鳍图鲲）吃同类、杀纳威人的谣言是谁传播的？
英国,为什么都变成纳美人了还要这么爹啊…………这个世界还能不能好了…………
江西,杀图鲲那里看哭了
中国香港,整個故事就真的⋯⋯很土⋯⋯都在阿凡達星球了，你爹卻還是你爹⋯⋯再次深深感受到了人類想像力在情感維度的狹隘和局限性。看到後面一直在想如果用這個技術拍個純海洋（偽）紀錄片就好了，劇情反而成了累贅。
北京,为什么要高低帧率切换啊？加上这个影像质感，就跟玩游戏配置不够掉帧一样。这部影片至少需要用半个电子游戏的标准去判断，甚至可视为一部去掉了所有游玩过程的B站游戏剧情剪辑，也再次证明了当下对电影美学的考察离不开游戏影像这个重要的坐标系。所以，如果你是游戏玩家，前十分钟就能看透这部电影的本质，就能辩识出它的软肋和优势。对我个人来说，它的视觉奇观越华丽，就越暴露其贫瘠的想象力——无论是剧作上的还是创意上的。所以当年第一部我也只觉平庸，这部依旧与其不相上下。一包昂贵的垃圾食品，可以但没必要。
广东,没曾想纳美人也学会了美式霸凌……
云南,特效太美了，巨大的鲲却那么温柔智慧，太美了
内蒙古,承认别人优秀有那么难吗？
美国,好久没看过这样的传统大片了，早上九点半电影院竟然快坐满也是没想到。阿凡达系列核心：人真的该死。
江苏,激光IMAX太爽 
广东,看到奈特亚死前坚毅的眼神，真的很怕他说这个月的党费还没有交。有一段配乐听出来是《我心永恒》的变调。但凡双方的杀戒开到上作的一半，都不会将续集拍成《国家地理：水之道》。
浙江,这是一个抓小孩救小孩抓小孩救小孩抓小孩换小孩救爸爸的故事
澳大利亚,鲸鱼切手臂那段简直解恨
广东,卡梅隆把人类造梦的能力提升到一个至臻的高度，拍摄这样一部电影的技术含量无异于阿波罗登月，它带来的沉浸感仿佛一场阿凡达深度游，真是奇妙的体验，它只属于大银幕。电影并非只停留在感官享受，故事将万物如网般依存而生的道理进行了深度的拓展，所映射出的人之性劣，比上一部也更尖锐和残酷。有观众诟病是第二幕在我看来却充满了灵性，能感受到卡梅隆对海洋的深度眷恋和对生态的无限关怀，很多画面都像是奇迹。高潮戏也给的足足，复仇女神杀疯了看的实在过瘾，找回了学生时期看戏叫好的激动。对于剧情实在不能苛求太多，纵使环保、家庭都是老生常谈，但这些的背后却是被世人忽略的生命智慧和迫在眉睫的醒世寓言，是卡梅隆给地球的礼物。
山西,换成国产，它连七分都到不了
上海,拍的最好看的是认识海洋生物学习海洋知识那里，阿凡达之水族馆之道。但电影整体还是令人失望的。视觉效果虽然大体不错但出现的帧率问题很煞风景，不是这个级别的片子该出来的问题。剧情老套且结尾莫名其妙海洋部落的人集体蒸发变成两家人的泰坦尼克号也非常无语。
山东,没有一点让我意料之外的东西，这让我很意外。
浙江,强特效，弱剧情。但是13年过去了，经过各种各样的刺激，特效已经不能使人坐着体验3个小时了。这种两男过家家似的私仇玩闹，还要拉上2个工具人种族参战。再来点经典美式家庭温情和高举环保大旗呐喊。算了就让别人感动去吧。再顺便一提，男主的存在只会影响女主的拔箭速度
北京,画面及世界观仍然是蓝星顶级，远远高过其他所有导演、制作方。剧本70分，节奏把控和角色情绪铺垫依然是卡梅隆的水准，但情节及主题呈现确实过于保守和平庸，过多角色的群戏也显得不够凝聚——看内部材料分析，多年前卡梅隆想按《教父》来拍阿凡达三部曲未果，后来改为五部曲，剧本大改多次，显然对其有很大影响，加上米老鼠你懂的……说明顶级大导有时也无法如臂使指地把控项目。这部显然有为345做铺垫的意思，有点不上不下。期望从第三部开始，故事和角色真正渐入佳境！成就一个伟大的系列电影！
上海,"羊群里第一个站出来反抗的羊，
会被群体视为异类所驱逐。
图鲲群们拥有高度智商却只甘被戮，
图鲲的线在明确传达一种观点：
在温良难以为继的时候，要奋起反抗。
庞量的商业片最难在人物和表达，
卡神解决起这个难题却来的得心应手，
故事上大道至简，兼顾表达游刃有余。
清晰传达出普世价值下的家庭理念：
家人是我们的软肋，也是盔甲。
每个人物都有立体的性格、小传、伏笔，
以至我们看异族生命的时候更能共情。
比起东方文化里爱大儿子的保守听话，
西方更看重老二的冒险精神和成长弧光，
这当然取决于民族性格。
我想我们有时错把冒险精神当成闯祸，
我们不鼓励抗争，更打压冒险精神的人。
猎杀何其对应西部开拓猎杀野牛的场景。
一部阿凡达，半门仿生学轮番登场，
感叹人类虽造不出未见之生物，
但想象力之下也万类竞自由了。"
天津,本片最大的亮点就是那只独自战斗的图鲲。
安徽,5星给特效，IMAX极致的享受，相比第一部，剧情确实是弱了一点。
黑龙江,整体特效很美也很震撼，放大了期望失望就很大，这个全家在一起的设定真的是傻啊，救了这个又救那个，二个星球的战争变成了个人恩怨，岛礁族这么大篇幅最后草草了事，卡神是不是没预算了？大面积的战争戏和新鲜的东西都没拍，翻来覆去就这几个人和漂亮的场景与海底世界，唉！有空冒着风险再去刷一遍吧！
广东,我只是受够了主旋律烂电影
上海,故事6.5分，画面8分，平均下来7分吧。这片子看下最大的感受，就是Cameron像个小孩，对于自己拍摄的内容非常满意，这也放不下，那也放不下。最后把明明90分钟可以说完的故事拖长了一倍。真是太过冗长了啊。整个故事里一堆槽点，男主的剧情被孩子们分掉太多，搞得存在感不足，儿子出门可以捡个鲲，精分的人类蜘蛛，以及决战打到一半消失的海洋族，Cameron已经放弃讲一个完整故事了是吧？第一部反派好歹还是支突击队，这次直接降级成捕鲸船了。。。当然反过来也要说点好的，画面真的是美轮美奂，最强水下拍摄的确不是吹的，中段故事当成环保纪录片一点问题都没有。如果没有大屏幕加持，这故事评分估计还要再降不少。。。说管说，如果第三部来了还是会去追吧。。。
北京,白男无处安放的荣誉感。。。到最后男主大概也很后悔，这还不如第一时间，他和那个老对头，俩人直接打一架你死我活分出胜负，不要伤及无辜，不是干净利索吗？儿子也不会死了，后面人家寨子也不会被烧了，甚至动物可能也不会死那么多了。图什么啊，这都是。。。一家人跑哪祸害到哪。最后本来又要继续跑了。然后老对头说，你跑我就追，你跑我就一路追杀你和你的家人，杀光你的家人。男主想了想，那干脆干一架吧。。。。所以早干嘛去了？这部的动捕我其实不太喜欢，韦弗的很多人夸，我怎么觉得别扭，太人化了，然后男主的下巴很多时候有点怪怪的。
上海,you get your gf，i get your gf
宁夏,看的imax特效真不错！看完最大感受就是： 别生孩子，孩子就是最好的人质和trouble maker
辽宁,"如果卡梅隆不能把电影时长缩短，我希望影院可以中场暂停几分钟给我们上厕所。
2022.12.23"
福建,想看一百集纳威人的日常，人类太没意思了，滚远点。
安徽,"捏着鼻子看了两个小时，实在忍无可忍，所谓卡梅隆的family，就是永远拒绝交流无法交流，强硬要求一切的爹味白男sir，母亲说不上话，而孩子永远被误解被伤害，这就是所谓的family，比9部《速度与激情》都让我恶心想吐。
故事逻辑更无可救药，人家来抢夺潘多拉的资源，来侵略，来殖民，而男主觉得只要自己逃走就可以了😅真的吗？真好奇白男脑子到底是怎么想的，两部都是一样的逻辑，美化殖民，一坨屎也配8分。"
浙江,期待了半年，看完有十万个为什么。比如，为什么他们连日常都说英语？因为美国观众不喜欢看字幕吗？
重庆,#Cinity点映# 视觉上的冲击和震撼和第一部一样强烈，4K画面加上48帧确实清晰又流畅。整部电影完美地契合了片名“水之道”，来到新的世界就要学习新的生存之道，也要对新环境心怀敬意。家庭，是我们的壁垒，也是我们应当坚守的地方，但一味迁徙与逃避并不是出路。（不过感觉Cinity的整体效果还是不如杜比和IMAX，建议想看的朋友还是去后两种特效厅）
中国香港,卡梅隆造价高昂的自我重复。《阿凡达》系列的魔咒在于“炫技”（电影工业的硬技术），大家谈起它时，拷贝制式、影院设备、放映条件等技术指标优先于情节和人物出现，我们对后者缺乏想象，卡梅隆也一样。当观众不再是那个初入异域凝视奇观的闯入者时，续集必须开辟新异域、编造新奇观才能让人保持专注，却不能在此基础上输出更多内容，这无异于饮鸩止渴。如果说第一部我们还可以和Jack视角同步完成老套的殖民地寓言的书写，续集在剧作和文本上的缺陷是显而易见的：仇恨源于未解的仇恨，获得救赎的是传统的部落家族价值观。资本和技术是有原罪的、是生态的天敌。但且看这每一秒成本都在燃烧的制作，简直如外交部答记者问般令人尴尬。我为他们杀了图鲲而难过，也可以为他真的拍完了《阿凡达2》而难过，同源同理。
陕西,大陆电影院终于有适宜人类观看的电影上映了…
安徽,"卡梅隆一旦稳定发挥，就特效上而言很难有人与之匹敌!就是电影票贵了点!
第一部是震撼，第二部可以用壮观来形容!水族那一段栖息地美到窒息! 还有海底巨兽，满足了我的深海巨兽的想象，太带劲了!"
福建,猎杀图鲲那段看哭了，人类灭亡吧。
江西,"你过来啊，你不过来就杀你儿子！
你放了他，否则我就杀你儿子！
你投降，否则我就杀你女儿！
来来去去就是这个情节，6分给中间1个小时。"
北京,观影计数#9494. 卡梅隆走下神坛之作……真想打个动画片tag。真想给个不及格。剧本基本是胡编，这种程度的剧作特么的是怎么想的，真是看得要骂街。写成这逼样至于花那么长时间写剧本吗？？？？？没逻辑得都要看笑了……视效……还挺好，尤其3-D看得相当舒服。不过最后TMD又来一遍《泰坦尼克号》是什么鬼？图鲲复仇那段还挺不错（不过这难道不是又拍了一个科幻版《白鲸记》吗……）。
上海,2.5 / 额。甚至会有点让人怀念《海王》。唯一有趣的点大概是对重力的操纵，或者说是对水下与空中两者边界处重力的形塑，这种技巧造就了第三幕开头那一连串内爆式动作的连贯性。其他不管是对家庭、种族、自然、技术的思考，都没有任何新颖之处。以及，如此人类中心的环保想象也算环保？？？
贵州,對toxic masculinity過敏，看jack家庭戲的時候只想快進，這種傳統家庭的相處模式以及價值觀讓我生理不適，劇情的話更是槽點一大堆，大戰也缺乏爽點，一個出色的配角都沒有，上一部還能記得一些，這部看完只剩水世界好美，人類還是一如既往地惡心。
澳大利亚,"有句说句，电影本身算是好看的，第一次看到水下世界那里我都哭了，大自然太美了。但是杀了条“狗”之后的剧情，后面的杀戮对我来说就是完完全全地折磨和痛苦，整个精神处于相当崩溃的状态，堪比当年看life，非常恶心，甚至想吐。【剧透】上面这段是看到还剩三分之一我在电影院里非常崩溃的时候发的，后来全部看完之后，我必须说，电影也不好看。

铺垫两个小时与其他种族的友谊和联结，还残忍的杀了动物！我以为至少是阿凡达联合起来爽快复仇天降人，结果最后变成私人恩怨的肉搏，那你前面何必又烧森林又燃海又构造整个水种族的世界观呢？"
贵州,"卡梅隆的这段采访让我给他五星：“在我看来，纳威人不仅仅是外星人。他们是对我们的隐喻，一种更高大的人类。他们对自然充满尊敬，代表了我们的良知，代表了曾经的我们，我们渴望回归的样子。也许他们还代表了我们小时候的模样，那个可以与自然、动物和植物产生共情、热爱森林与大自然的我们。问题在于，我们都忘了这一切，只有在看到它们的时候才会想起来，让我们回到从前的自己。”
"
浙江,唯一的优点恐怕是他们的子弹会打完---这很真实。但我这下明白为什么好看的电影子弹都打不完了，三小时电影里你看阿凡达换子弹都换了5分钟
广东,阿凡达2：守护最好的鲲鲲！！
加拿大,2022年了，白男影人还在写《风中奇缘》的后续《水底奇缘》，旨在从一个善良白男的角度告诉大家原住民多好殖民者是坏的以及大家要环保啊！视效做的那么好，剧情却如此稀烂，最后还是要靠美国蓝人爸爸拯救家庭/和星球。一个这样的鬼电影拍三个半小时真的是犯罪。唯一的长处是这片是个不错的潜水模拟器。
四川,感谢卡梅隆还在坚持做这样的内容，为我们展示自然生灵的神奇美妙，提醒我们作为人类的残忍丑恶。
北京,阿凡达2的存在让人觉得世界多少还有些希望     而不必大过年的反智看太空战狼2
江苏,上一个十年，观众对“大片”和特效的热情基本被漫威提前透支光了，阿凡达2拖到现在势必会成强弩之末，虽然看得出卡梅隆花了很多心思很多钱，但观影全程竟没有一处让我想“哇哦”，一处都没有，真的不是多苛刻，而是这种“奇观”已经看过太多了，少年派，地心引力，复联4，已经将人的“哇哦阈值”提到不能再高，如果说阿凡达开启了电影的“特效”时代，那么就让阿凡达2终结它好了，今后的电影会被迫重返故事还是走向其他的新路子呢，目前还看不到有什么新方向。但能够再次进电影院看电影就已经很好了啊!
广东,看完达成一年份的恐育。
上海,看到会攻击的图鲲，真的太爽了，就是要以牙还牙，以眼还眼
江西,每次都看成了 阿凡达2 下水道。。。。。。
北京,The way of Family！应该请范·迪塞尔出演比较有说服力。
北京,3.5星。转阴之后，拎一瓶干白，穿越北京几乎无人的深秋萧瑟街道，来到人山人海咳嗽此起彼伏的电影院，看完了。1，主要是情节太拉跨了，从森林转向海洋，突兀，角色们单调乏味，宏大叙事背景下只盯着美国中产多子家庭的家长里短，拜托这是科幻大片啊。而且爹味特别重，正反派爹味都很重。2，imax效果还是比较满意的，只觉得太少，人和海洋生物的互动太少，海洋生物多样性的展现太少，海洋部分还可以更科幻些，海洋纳威族的表现也可以更多些。3，全程大家看的都很开心是真的，可能都憋太久了吧，最后一句台词：“孩子是我们的软肋，更是我们的盔甲”一出，全场爆笑，散场。
河南,中午看完回家，下午就阳了。大概是特意洗了个头出门的缘故。也算值得了。🤷🏻‍♀️
重庆,纳威人实在不像外星人，只像是被美化的高级人类。而且电影里的人类似乎都这么觉得，所以他们小心翼翼、不厌其烦把那些被俘的纳威人拷起来，一个也舍不得杀，而纳威人杀起人类像杀蟑螂一样痛快。既然人类贪婪、残忍、邪恶，那就不该这么卑微，这么小打小闹，你们到底在这里干嘛？地球能源危机解决了吗？能不能干点正事我真的替人类着急。
北京,很好地说明了什么叫孩子是软肋。相当于看了一部大型文旅片吧，爹味十足的那种。
上海,"pros:
1.特效不错。
2.人类道具设计不错。

cons:
1.剧情太土鳖了，简直俗不可耐。
2.价值观过于白左，设定上十恶不赦的人类实际上只干了两件坏事，补了头鲸鱼和抓走了男主的孩子，结果被蓝皮黑哥屠了个精光。
3.逻辑漏洞多的数不过来，男主明明战力堪比兰博，为啥第一时间想到的是跑路?你跑了人类阵营也不知道，不还是会去找森林部落要人?为啥人类都能星际航行了，直升机装的还是塑料玻璃?还被拿着长矛的原始土著杀鸡一样的杀?"
北京,卡梅隆你就是只拍他们在森林里在水下的生活我也是非常愿意看三个多小时的，不必为了吸引我的注意力就往里加这么多矛盾，我真的被愚蠢又自大的人类气到在电影院里挥拳，而且这种突然出来吓一跳的桥段真的让我心脏疼。看完最大的感受是，潘多拉好美，人类该死。
北京,想来想去最喜欢图鲲那一段，所有画面都是有呼应的。剩下的都又臭又长又爹。
江苏,一块普通的五仁月饼，用金箔纸包上，装在檀香木盒子，再用羊绒的袋子套上……
甘肃,大家都说一般般，我反而看着还行，综合来讲就是一部潘多拉旅游宣传片，自由潜水教学推广片，bbc无偿合作宣传片，环境保护教育片以及家庭和谐展示片。虽然不知道他想讲什么，但看着还是挺享受的。
广东,你问我视效好到什么程度？每次纳威人下水，都不由自主跟着深吸一口气。
浙江,这什么狗屁剧情，完全配不上它的特效；好几次被这剧情惊到白眼乱翻。
广东,要说主角跟水族没仇，我绝对不信，他肯定是想利用敌人铲除异己。
广东,前面1小时在过家家，中间1小时给你秀秀我的新技术带你游览潘多拉，最后1小时未来水世界+泰坦尼克号让你爽个够
北京,实在太土了，土到我了。
浙江,反派领导还没开除他也是神奇 公款私用公报私仇 不好好开发新大陆 就天天盯着男主一家 挑起种族矛盾 非常zz不正确 / 特效一如既往很秀 尤其和图鲲畅游海底世界时 但剧情依旧很老套 / 想问为啥最后大战只剩男主一家了 其他纳威人是打到一半跑路了？？不严谨
福建,1.不是很理解杰克一家爬山涉水离开族人的逻辑，不符合人设且有点蠢 2.水世界像海王版的生态纪录片，但系统不够完善，还是森林的想象力最棒 3.水族人战斗力好弱哦除了会游泳没看到一点利用环境的谋略，图鲲除了服务于熊孩子的b故事，实在有点多余 4. 侵略的野心被个人的复仇掩盖，反派和儿子这条线有点费，不如让他意识到非我族类的残酷性跟爹一起离开 5.反讽的是，不管多么具有完备信仰的族群，在现代一条塑料制品的面前也只能在甲板上等待拯救 6.没看到反水的海洋学家有点失望  7. 泰坦尼克号 ps厦门寰映影城激光imax3d版，眼镜8块
上海,期待着院线被拯救，却迎来旧工业垂死；第一部有多先驱，第二部就多过时。导演讲故事的方式比他想传达的主题更令人绝望。
山东,太久没有让我想去电影院看的电影了，特效依旧很棒，剧情三个小时反正我没有觉得无聊，有一些情节甚至还让我不停掉眼泪（直接闷在口罩里的感觉谁懂！！！）杀图鲲和烧森林烧无辜部落的时候我牙都咬碎了，感觉人类真该死啊。后面帕亚坎复仇看的很爽，果然是高智商的图鲲。一家人就是要在一起，家人是软肋也是盔甲。就是最后上校被他儿救上来了还清醒地逃走了让我有点心梗。
北京,两次大的冲突都是因为孩子，让人觉得这片子宣传的有点割裂：一边男女主生了三胎+领养二胎，一边“坏事”的总是孩子，让人觉得不想生孩子。另外，片子是以男主为主视角的，总是在讲当一个父亲怎么样负起责任，我想说女主也担当了不少啊，但是什么都没说……
美国,五毛剧情，十亿特效。
北京,海底世界部分视效确实惊艳，高帧数版本的水下绚丽丝滑体验应该没有深潜爱好者会不满足。遗憾的是卡梅隆大概是太想让观众梦回大船，把最弱的沉船动作戏放在压轴，难免有些泄气。
北京,幸运的是，你知道这些惨剧是剧本。不幸的是，这些惨剧真实发生过。
北京,与其做成电影，不如做成游戏和主题公园
福建,还可以
广东,跟10月份在澳门看1代4K高帧率重制版后的预期差不多。在这个浮躁、癫狂、焦虑的时代，还有人坚持用现实事件配上好莱坞八九十年代经典科幻造梦电影手法抚慰人心。卡梅隆就好像那个只存在于观众想象里充满人性和父爱的T-800，“孩子，这13年辛苦了，你一定很累了吧。来潘多拉见见老朋友，看看蔚蓝色的大海吧”。多行不义必自毙，少有的看到人类被干碎我能看得酣畅淋漓的电影。一想到3只需要等2年而不是13年就安心。
广东,非常标准的三段式，主题很小气。海洋老丈人一家真的不仗义，孩子救出来就全跑了，留老杰克全家上阵，你这以后婆媳关系咋处啊。
上海,童话故事的结局：一个被父权全面压制的长子，一个有middle kid焦虑的反叛次子，缺乏身份认同的养女再加上天真可爱的幺儿，哦对还有蜘蛛这个仿佛来homestay的“外国留学生”……我们地球人就像没训练好的狗子，哪怕到了外星都要播撒点恶臭的“原生家庭问题”。
广东,除了追着jack sully杀这个逻辑硬伤，其他满分，整个电影是由内而外的美学享受。
辽宁,"啊啊啊为什么要刀大哥，最好的大哥555，坑比弟弟...
男主也坑比，自己跑了不嚯嚯森林了嚯嚯人海边的..."
德国,好美的特效，好离谱的时长，好无聊的剧情，好偏执的反派，好明显的“泰坦尼克号”。PS鲸鱼看得我想哭🥲捕鲸船上的日语汉字，真的很内涵。卡梅隆真的是个过于好懂的男人了，剧情平铺直叙，想法怼脸输出。
广东,精彩就是精彩，这哪有电脑特效的痕迹，这简直就是在潘多拉星球实拍！
天津,不懂敬畏的人类是多么可怕又可悲，一味地征服和杀戮，最后必定被惩戒。片子拍得真美，一定要看imax，之所以这么长的时间是因为支线太多。大海是看不腻的，尤其是海底。二儿子与鲲牵手的画面足以显示大自然的伟大与人类的渺小以及跨越种族的爱。不过，在不敢开空调的电影院坐三个小时还是挺难受的。蜘蛛这孩子不错，有点可怜，似乎从来没有被萨利一家接受，被抓走就被遗忘，一家人抱在一起也没他的事，着急了还被当人质，心疼。但是他也和主角一样恰好说明人类基因里没有刻着邪恶，是意识形态的错，只要清醒过来，站在正义的一方，就能够做正确的事，期待蜘蛛在第三部的人性抉择。总之，人，一定要学会敬畏。举头三尺有神明。还有人因为剧情的“老套”而给差评，这种人就像是吃完东北菜说“这个菜在摆盘上跟法餐比差远了”一样，就是又沙比又爱装。
广东,卡梅隆根本不想拍什么阿凡达2，这就是他的海洋爱之歌，你们这些愚蠢又作孽的凡人。
中国香港,水之呼吸之：男人的职责就是保护家庭🫵
英国,中国电影再过一万年也拍不出来一半的阿凡达😂
广东,"2.5星。
图鲲是懂古琴行动的。"
江苏,三星都给特效体验，建议编剧跪谢特效团队。剧情里最感人的不是所谓的家庭情感，而是鲲一跃而上的复仇。
上海,环大陆上映，笑死。剧情有硬伤，节奏也不如第一部
湖南,"剧情弱到类似于博士的特效给幼儿园小朋友到故事添砖加瓦还站不住……
究竟是为啥一点故事情节都不愿意追求啊……"
山东,2023.1.05青岛万达CBD，我真吐了，这需要三小时吗，整部电影充满了卡梅隆自恋的逆向民族左逼表达，一提为什么左逼就是一套为了伙伴为了家人为了去死的狗屁葫芦娃救爷爷说辞，本世代最佳的视觉和特效以及很好的选角，搭配本世代最弱智低能的剧情和内核，再加上青岛万达cbd这狗屎的音响和要杀猪了似的，每一次一上文戏我就犯困，一上打戏我就觉得降智，卡梅隆你真别拍了吧，如果是黑豹2拍成这样那很好，阿凡达就算了吧。我实在想不明白拍成这样用三小时来拍的意义何在，不停送人头加葫芦娃救爷爷水时长，真别炒作我卡弟了，一股子蜘蛛味，智障责任爹加黑化婊子妈外加低能哥哥和郭楠弟弟，还只会发出迷一样的狗叫声，用来表达出十几年前的狗屎价值观，我再看一遍泰坦尼克号也比这强，这种狗剧情也只有蜘蛛能喜欢了，纯纯蜘蛛审美
福建,这片居然8.2分？除了特效一无是处
北京,"第一个小时：张家界旅游依然欢迎您。
第二个小时：《白莲花度假村》第三季。
第三个小时：今天就提醒提醒你《泰坦尼克号》到底是谁拍的！ "
广东,卡梅隆神一样的导演
辽宁,特效真好，除了特效空无一物。只有图鲲聚会一个地方有上一部的感动。其他都浅得要命。还是老白男的那一套“家庭必须在一起”“我是爹都得听我的，我会保护你们”“不听我的儿子说的任何话”“你们爸爸说什么了？”“我老公是谁谁谁”，呕，最后保护了个寂寞也在意料之中。真的厌倦了这套父系家庭叙事了。女性永远是不冷静的，妈妈只有儿子死了才能发挥作用，不然只能窝在老公怀里，就算开大也要靠丈夫劝一句“冷静”。累了。
辽宁,本来只值三星，但是如今能在电影院看到一部正常人类导演拍给正常人类观众看的电影，光这份难得，它就值五颗星。
重庆,... ...感觉比吃猫屎还难受...什么玩意儿...
安徽,上集讲砍树，这集讲捕鲸，都是老美资本积累时期的支柱产业。卡梅隆是铁了心要把美帝的建国发家史黑一遍了，可惜胆子还不够大，要是第三部拍人类抓那威人种棉花，那才够劲。
北京,国难当头，国家领导人举家出国度假去了！
吉林,你记住卡梅隆，泰坦尼克号的票钱我还你了，算五十，现在你赶紧把剩下的八十还给我！！！
北京,用最多的钱讲最无聊的故事，看到半个小时我就持续在问“就是你这个浓眉大眼的把鬼子引到村里来的？”要是少一个小时说不定还可以多一颗星，看得我又晕又累又上火……至少值回了水族馆门票钱吧！朋友说过十年是不是要有土之道，我说那不是沙丘2吗
英国,我没有那么多不满。全心全意的感激，就好像见到情深意重的老朋友。
陕西,"逻辑有毒
画面绝美
老套，但还是会哭"
瑞士,"＃Real D HFR 3D
5-
回想起14年在影院看了《深海挑战》：卡梅隆为了实现个人梦想的同时顺便为了打磨《水之道》潜入马里亚纳海沟的事迹，为我提供了高考作文素材的同时顺便造就了本部作品。还会回想起21年3月一片苍茫的雾霾里在南开大悦城二刷IMAX《阿凡达》，还会回想起10年我爹提前去百货商场万达排队给全家买票看的《阿凡达》。
剧情固然是老套甚至有一些重复感，但对于重在提供视觉奇观与最为普世的价值的顶级工业产品，能在区隔略明显的几幕戏间寻得流畅的故事衔接，以及人物塑造和剧作任务------家庭群像的丰满与各个人物情感动机的萌生、发展、服务于剧情拐点和收束------与“炫技”任务之间的平衡已然算足够优秀。高低帧率的切换没有明显异感，3D与高帧率技术的结合明显提升了cinema的沉浸感
"
北京,想不到最後變成了tvb「一家人最重要齊齊整整」，保守到令人訝異。結尾救爹大賽有點沒想到，爹被救完後才終於「看到」了兒子，想翻白眼。
浙江,不听话就把你尾巴剁了（阉了）！
云南,真就是部三星电影，不要觉得卡神是神就不会翻车，剧情冗长，人物杂乱，不是一句特效牛逼就能掩盖的，第一部平衡得完美的商业片节奏被拓展的世界观彻底打碎，新鲜感也就维持了三十分钟，后续数度犯困，相信我，如果二刷或者未来上线流媒体，你一定会快进的，卡神除了技术之外，来来回回的套路就这些，用的也差不多了。
海南,好莱坞教科书 这tm才是电影院应该上映的片子
广东,影片的最后，在沉船的海面，火光冲天，男主趴在图琨身上气喘吁吁，这时他赶来的老婆突然喊了一句“杰克”，我直接在电影院笑出了声……梦回泰坦尼克号……
广东,不理解将军儿子的反复横跳，但依旧大受震撼。
上海,这该死的宿命感配上好莱坞经典音乐，即使此刻双方拿出激光剑也好不违和。另外，没有人比卡梅隆更懂怎么搞沉一艘船了。
浙江,"非常失望，电影的本质是讲好一个故事，然后本部剧情尴尬得一无是处；
反派强行降智，求求你有点志向啊！
你醒来看到整个美妙未知的星球，你不想着征服这世界就单单针对主角这渺小的人类，有没有出息啊，学学隔壁灭霸好吗！
主角搬离部落是害怕连累他人，那搬到新部落就不会连累了吗，你这逻辑不通啊大哥！！而且新世界了亲，你还不知道直升机已经实现全球联网了吗！竟然求助人类科技，是觉得一家躲猫猫的技术屏蔽全星球覆盖的wifi了吗？
二儿子也不知从何而来的青春叛逆期，莫名其妙觉得孤独，拜托，海洋部落的公主殿下对你一见钟情和你缠缠绵绵你孤独个P啊！
最让人失望的角色是蜘蛛，看到父亲违背价值感仍然选择救他，为什么，当然是源自詹姆斯比钢筋还粗的亲情啊！2023年还在讲强行捆绑的亲情，你让第一部背叛人类的主角怎么办！"
广东,"船翻过来 水漫进走廊的时候
卡梅隆：这题我可太会了"
山东,靠小儿子惹事来推动剧情给人感觉太难受了
德国,是我太久没去电影院了吗，这还不好看？？
江苏,"好吧说下电影优点吧:特效又是跨时代性的一流水平，卡梅隆从来不吝啬用先进的技术引领潮流。说完了，接下来说故事缺点:作为所有续集的通病，阿凡达完美的避开老套续集的缺点，又踏进了新的误区:杰克萨里从来不担心计生委，所以他生了四个孩子。第一部的森林部落直接被男主抛弃，至于那里的居民最后生死如何显然编剧告诉你这并不重要。杰克逃到了一个美丽的阿凡达版的马尔代夫。他的小儿子在摸一只他不该摸的鲸鱼，所以你懂的，鲸鱼就是秘密武器。出于某种原因，人类竟然不趁机占领森林部落，毕竟上一部说好的采矿也不香了，开始几万人地毯式搜索杰克一家六口，金主要知道你们这么任性也要哭死。对了，他们还复活了第一部的上校反派，人物塑造和第一部有可比性？
对于一部三小时的电影来说，阿凡达2的问题在于故事无继承性，主角太多导致蜻蜓点水。"
四川,【4】#IMAX with Laser 2K48FPS# 某种程度上像《终结者：黑暗命运》的完美变体，卡梅隆仅需简明的情节就能带来宫崎骏电影式的质朴美好，同时兼具“传统巨制”的宽广：海洋学、社会、家庭、契约以及酣畅淋漓的对抗。在这背后，所承载的多条叙事线皆指向拯救动作，回归相连的血脉，于是最终知晓，是爱让我们延续，无数的奇迹因而闪耀。
四川,花钱找精神受辱，坐牢三小时和银幕里一群蓝皮假福瑞大眼瞪小眼，脑子里想的是法国和阿根廷几号打决赛。
北京,希望能出一版把人类的部分截掉，只专注潘多拉美景的纪录片版本。
浙江,阿凡达之灰太狼又回来了，更恐怖的是结尾告诉我灰太狼还能再来最少一次
安徽,"旁边坐着一个两三岁的小女孩儿 太小只 腿直着坐在座位上 可爱极了。看完问坐在旁边的爸爸：“这个星球真的存在吗？在哪儿啊？”
“当然存在啦，在宇宙的某个地方，等你长大了自己去寻找吧”

感触很深的是阿凡达世界里万物的联系，想到德国纪录片《我们的森林》里提到的森林里各种植物通过根部绵延几千公里的细小菌丝在不停地传递信息，比如哪里长出一颗小树，旁边的大树让一让地方；哪里雨水多；哪边着火啦……交流的内容和速度超过人类对语言的认知，像是最近看的一本书life on the edge里描述的量子力学的世界
所以啊，于我而言，并不想找寻阿凡达世界，因为我们的这个世界有着更大更美的宝藏，等着我发现和融入

从影院出来天空飘起了今年第一场雪，没过多久阳了，想起索德格朗的一句诗：我是冰与火无限忠诚的结合"
北京,IMAX体验是近乎完美的，这并不是在说电影完美，而是那种纯粹的、久违的观影感受。我很喜欢此次宏大华丽背景下的“小”情感核心：家庭、亲人、爱，而不是执着于不说人话的宏大叙事。
北京,"视觉震撼若奇观，如听仙乐耳暂明！
卡神，世界上唯一自驾潜艇触达10000多米深马里亚纳海沟的导演探险家，愣是带着观众花买白面的钱看到了他眼中的海底奇观！
故事不用太苛求，还是城管强拆钉子户的事儿，这次搬到了水下讲，咱就说是花钱体验3个小时颅内高潮这一点，就比看“我和我的…”系列要纯粹酣畅的多！"
浙江,卡梅隆：没人比我更懂沉船戏
广东,【前所未有的震撼延续！想共同呼吸那一片海！】还记得13年前坐在银幕前，居然愚蠢到伸出手去触碰吗？很好，13年后这一次你又能体会到。卡梅隆就是“续集之神”。卡神再一次告诉所有人，超级大片应该怎么拍！
辽宁,说实话 看到最后我以为我在泰坦尼克号上....
广东,此动作长片可以说是集美利坚合众国建国二百五十年全部刻板印象之大成。。。。。。。！建议直接命名：阿凡达2 美利坚之道！ 
广东,"卡梅隆对潘多拉星球的探索又迈进了一大步！水特效叹为观止，视觉上跟泡水里一模一样！后半截更拍出了让人目瞪口呆的潘多拉版《海洋深处》或者说是《白鲸记》，顺带又拍了一回大船倾覆。“图鲲”代表海洋生灵的愤怒，跃出水面砸向“海龙号”的镜头看到直接飙泪。《阿凡达》里的所有cgi生物都是有生命的，有灵性的，直击心灵的，上一次看到那么震撼的鲸鱼出水画面，是《少年派的奇幻漂流》，然而卡梅隆的视效已然更加出色。

不要因为一个破病毒而错过这次极致的观影体验，《阿凡达2》不应该被浪费在非imax影院的观影环境中，用手机平板大电视和家用投影都是  暴殄天物！"
湖北,用十年前的特效讲了一个三十年前都显得俗套的故事，不如看与狼共舞……在只有纳威人的情况下都还讲英语不知道算不算是殖民主义的偏见呢
广东,善于发现美，而不是在一部伟大的电影里挑刺
北京,阿凡达 2 = 阿凡达 1 + 泰坦尼克号
德国,3.5 森林和水底都美，一逢开打我就去上厕所。没有第一部那样主角蹒跚学步揭开的惊艳世界观了，好像只是换了一个星球演（美国）人的情感和故事。
广东,"印象深刻的两处：
1、帕亚坎超可爱，在水中看到朋友被抓，上岸报仇之前先去撞击岩石：我有一个脾气要发！
2、萨利夫妇从灵魂树中见到战死的大儿子，他是小时候的模样，抓到鱼开心地和爸爸分享，爸爸说再次见到你真好。我已经刻意不去看屏幕，还是热泪盈眶。"
陕西,喜欢看外星生物屠杀人类的场面！
澳大利亚,人类真可恶，恨人类。看到人类被虐杀好高兴（？
福建,1.视听效果依旧震撼，感谢卡神，再次把我们带到惊奇的星球环境，遨游大海。技术革命，身临其境；2.猎杀图鲲一段令人动容，图鲲的哀嚎恰似海洋的悲鸣，亦是导演一如既往在为环保呐喊；3.为家人而战，是永恒的主题，第一集因为反抗损失惨重，到这集明白逃离也只会失去挚爱，终而醒悟只有反抗到底，才是最后出路，加油阿凡达，干掉那些贪婪、邪恶、暴力、愚昧的人类。
美国,"As simple as water, as deep as sea. Myth jacketed with scifi, wish you appreciate the beauty of seeing. "
广东,只能说那些打低分的都是弱智
北京,观后感：生而为人，我很抱歉。
四川,太喜欢图鲲洄游的那一段了，满足了我对深海传说的终极浪漫想象。天人合一，万物共生。为了衬托宇宙间流线形自然生物的美，于是将人类的机械刻画得如此丑陋、僵硬。结尾沉船逃生的一段，梦回《泰坦尼克号》，卡神真的很喜欢把船搞沉啊……
广西,视觉盛宴。将近十四年了！当初的感动和激情早已经烟消云散。也是讽刺，2009年伴随着它见证了08奥运后最繁华的一年，而2022年也随着它见证了衰败的开始。
广东,对《阿凡达》的期待在于通过戴上 3D 眼镜的仪式、在 VR 的想象力下进行一次“异世界穿越”，真正生活于一个客体独立的世界。可是到了第二部在新奇之后又完全倾倒于人类的故事，阿凡达就是另一种人类中心，另一种主流父辈家族叙事，《铁达尼号》《异形2》的复刻戏码完全就是关于人类和人为的灾难了。
广东,1.上一部还在学纳威语怎么这一部就默认海洋部落也会说英语了啊？2.怎么打着打着海洋部落的人就不见了只剩下男主女主在打啊？3.看到哥哥中枪：“我就知道他会因为他弟死！”4.上一部是要掠夺资源这一部是为了啥？就为了报仇吗？？反派为啥不换人啊？相比第一部的主题格局大大降低5.新地图做的不错啊！儿子的cp线也是老爸那一套哈哈哈哈
上海,《阿凡达2》：男主守护土地和家人，美剧《黄石》：男主守护土地和家人。《阿凡达2》：大儿子完美士兵死了，《黄石》：大儿子完美士兵死了。《阿凡达2》：浪子回头金不换，《黄石》：浪子回头金不换。《阿凡达2》：女儿有超能力，《黄石》：女儿有钞能力。《阿凡达2》：养子帮他爹，《黄石》：养子认他爹。总之，主角带娃很累但很开心。
北京,又臭又长，为了逃避追杀去另一个部落，这是啥逻辑?
上海,已经过了喜欢看动物世界的年龄
北京,是照顾家庭的男的就别这么复杂，约个野湖茬架不就完事了，三个小时天空大海鲸鱼的，多悲壮的场面最后还不是就为了给你俩打个架。卡梅隆真是毫无长进
北京,没有第一部好看，剧情略单薄～但一起看1的人还在，爱还在，感恩这种羁绊～
北京,明明没剧情 可就是看的很爽 是太久没进电影院憋的吗
浙江,当这片土地上的创作者和观众迷恋于宏大叙事、个人英雄主义和民族主义的时候，大洋彼岸的卡梅隆却在一部最大投资的电影里把视角对准了最被我们忽视的家庭：爱抽象的集体，不如爱具体的家人，为了保护家庭，英雄可以变成懦夫，懦夫也可以变成英雄，每个人都可以成为自己家庭的英雄。此外，对于潘多拉的自然风物的刻画既富有马利克般的视野，又不失宫崎骏般的想象，如此无懈可击的视觉呈现离不开细致入微的洞察能力，更离不开分毫毕现的技术实力，使观众无时无刻不沉浸其中，卡梅隆用真切的情感、真却的细节和真实的感觉，缔造出了潘多拉星这个比真实更真实的世界，一个更加令人信赖的虚拟世界。
北京,探索世界观时有趣，展开时却有些无聊了。朋友看完回忆这三个小时的内容，好像只有不断的「你待在这里不要动」和「I&#39;m coming」……我的总体感想：不如拿这钱拍阿丽塔2……
广东,感慨万千，卡梅隆也有拍剧本电影的一天。套用前作的公式展开的不是对新世界的探索和对技术的回应，而是辩证的人物写作，于是潘多拉世界完全变成这种辩证关系的参照物，被彻底对象化了，人物与大地（海）的联结和信任也不见了。强目的性的写作扭曲了一切，最直接的体现就是我们不再相信人物做出的行动，不再相信世界是在自行运转的，也不再能够“单纯”地欣赏不再美丽的剪辑和大全景运动镜头，因为世界和电影的全部重量都坍缩在两组血缘关系的循环论证上了（为什么《一一》是循环自足的而《牯岭街》是世界的）。13年过去卡梅隆的创作观的确发生了天差地别的变化，但我很难说这究竟是倒退还是进步，因为这部的道德立场实际上戳破了前作的美好幻梦——我们开始意识到一个单纯“世界”的建立是有代价的。
广西,看似是潘多拉星球的生活，实际上是美式霸凌😅
甘肃,很多人不满意阿凡达2的故事，但我个人觉得，这是一部伟大的电影。
上海,"没有第一部那样惊艳，剧本完全配不上特效。
还不如干脆不要剧情，拍一个阿凡达的自然环保纪录片，会更有意思！"
日本,视效没得说，但找爹这事过于陈旧了。戒爹才是真理。
上海,诶呀这个剧情放20年前都会有人看不下去吧 给自己补一个小时候没看过的特效 / 中医针灸治疗癫痫 / 水族馆多逛可以了解动植物 遇到危险的时候可以控制他们保护自己:) / 捕鲸小队的亚裔女面孔有必要吗？
