,贾玲：我给你们讲个笑话，你们别哭。
,有笑有泪的，不明白陈赫这个人物有什么作用，完全多余
,"国产+喜剧+催泪＝烂片，这是豆瓣一贯的风气，因此我知道自己的评分一定不会公允，这里有掺杂太多我的主观感受：有生以来第一次在电影院哭得泣不成声。
昨晚是除夕，我和妈妈大吵了一架。她气得直骂我没良心、白眼狼，我爸也心寒地把我妈牵到楼下，说不指望以后让我给他们养老。
凌晨的时候，我给我妈朋友圈的拜年视频点了个赞，并发给她一个拜年红包，和她说“今晚我脾气不好，你别往心里去”我妈收下红包，给我发来好多幸福快乐的祝福。
今天看到这电影，许多情节点都让我泪眼婆娑，直到女儿明白真相后，一路奔跑的那一段蒙太奇，我极力掩着眼泪，把哭声压到最小。
观影是一个创作者通过作品感染观众的过程，无论它是否合乎艺术规律，只要能让观众感动，它就值得那个观众为它叫好，不必因为它是国产片就舍不得掌声。"
,"这次感受注定是感性压倒理性的，所以就不打分了。
贾玲还是适合做小品，她的表演方式、她的叙事能力都更适合能和观众互动的、短小精炼的舞台而不是要被观众一帧一帧检视的电影。更何况她非科班出身，参与电影项目也不多，要执导筒讲故事就更是自曝其短。
这是一部非常开心麻花式的片子，如果你喜欢《夏洛特烦恼》那么可以去看看，如果是抱着宁浩电影的期待那就赶紧睡个回笼觉，或者喝杯咖啡把瞌睡醒醒。
但说一千道一万，《你好李焕英》只能是贾玲来演、贾玲来导，它是贾玲自己的情感寄托和内心牵挂。哪怕在我觉得很尬的场景里，她对母亲的爱意和思念都饱满到要冲出屏幕来逼我落泪。我也确实掉了眼泪，在大年初一这天。
这种情绪不是浓汤宝能兑出来的煽情，哪怕我和她的人生轨迹并不相同，但我也在电影院里体会了一把贾玲的过往青春。"
,贾玲水平有限，奈何感情无比真挚。虽然结尾让我哭的稀里哗啦，但也没能改变前半段就是个低配版夏洛特烦恼的状况。
,跟唐人街探案三的分数相比，很明显观众们评判电影的标准不仅在于你拍的好坏，而更在于你拍的态度是否真诚
,这完全是贾玲拍给自己的作品，不是拍给观众的，充满了个人的执念。
,前一个小时强行塞包袱，后面干嚎占二十分钟。。。
,感谢编剧没有让李焕英以少胜多赢下排球赛。这个剧其实好就好在它的质朴情感上。没有什么输赢胜负，也没有什么人生逆袭改变命运。穿越回来只为了让你开心。不完美的小人物在闪闪发光。
,我以为是我在为你圆梦，其实还是你陪着我做了一场好梦。
,笑后有泪，温暖感动却不过分煽情，它正是这个春节最需要的电影。期待贾玲和沈腾这两位喜剧界扛把子的合作已经很久了，这部终于让愿望达成，两位除了保有鲜明的个人特色外，还催出了不一样的化学效应。尤其是沈腾，这次塑造的角色非常另类。最难得的是，本片还塑造了一个独立而自强的母亲形象，也在提醒我们：她是母亲，但她更是自己，身为儿女一定不要忘记这一点，在她们对我们有求必应的同时，我们更要尊重她们作为一个独立的人的存在。而对于今年过年不能回家的我来说，看完后更加想念母亲了，她也是从片中那个时代的国营单位走出来的，想要回家陪她再看一次，她一定会觉得像回到自己的年轻时代，希望还能赶得上！
,"7分。豆瓣8.2分过分了，就电影论电影的话，贾玲这部作品最大的问题在于它不太像电影（但也确实比小品形态提升了不少）。如果无视这一点，主要凭是否感动或者哭了多少眼泪来评价它的优劣，那就好比让情色片与AV同台竞技，主要凭观众生理反应的指标来评价优劣。 
同样是女性导演的亲情题材，许鞍华《桃姐》8.3分，张艾嘉《相爱相亲》8.4分，就是把贾玲纪念母亲的真诚用心全算上，它跟蒋雯丽《我们天上见》——同样演员出身的导演处女作，同样纪念自己至亲——也差了几条街，后者的确是一部电影，蒋雯丽之后没再做导演让我觉得可惜，而贾玲如果之后再做导演我只会觉得她是飘了。
如果你只是把它当成一件商品，那么眼泪的容量可以跟商品的质量成正比。如果你还把它当成一件艺术品，那么真诚只是优秀艺术品的要素之一，技巧和手法同等重要。【仙桃金逸】"
,8.3分绝对是太不正常了。《李焕英》你不能说它差，但也绝对称不上好，只是前些年综艺大电影版的变形罢了。主题选择了“子欲养而亲不在”，表达上却仅限于一味的情感宣泄，里面其实你很难找出一个完整鲜活的角色，母、女也只是传统文化几千年来堆砌出来的固定形象，除了伟大和孝顺找不到更多的形容词。
,真诚打动内心，没办法客观评价
,你以为你已经很爱很爱妈妈了，但妈妈远比你想象中更爱更爱更爱你
,这扑面而来的复古系笑感啊哈哈哈哈哈，感觉是属于母上大人的时代精彩~~片子笑点暖点可可爱爱，冷不丁就还让人会鼻头一酸。不得不讲啊，old school还是很触动我的。这亲情治愈系的喜剧是妥妥符合春节档可以约上爸妈一起看电影的了，毕竟给爸妈安利贾玲&amp;沈腾真的毫不费力哈哈哈~~然后更重要的是，贾玲镜头下的张小斐，灰常美啊，不单是女儿滤镜，这个女性视角下的女性，让人觉得是这般温暖且充满力量呢
,贾玲哭的时候很明显没有在演戏，这是最让人伤心的。
,"贾晓玲撮合李焕英和沈光林这段有很多笑点，但内核是很扎心的。
因为它体现了贾晓玲的自卑和丧，她觉得自己活着什么用都没有，她凭借自己无法让母亲过上更好的生活，所以她才想出这个办法。
很多人看了《李焕英》后都说：如果母亲生的不是我，她是不是会过得更幸福。
但这并不是电影想要表达的主题，电影想表达的是，你的母亲觉得有你这样的儿女，就已经很幸福了。
贾晓玲说她会看相，她看到李焕英未来的女儿会出国留学，而且收入很高。
而李焕英说，我的女儿，我就让她健康快乐就行了。
其实天下母亲都是如此。
如果我们能功成名就当然更好，但如果我们没有功成名就，难道她们就会觉得我们不配做她们的儿女吗？
事实是无论我们贫穷还是富贵，成功还是平凡，她们都会以我们为傲。
因为重要的不是我们做出多大的成就，重要的是“我们”。"
,把二十多分钟的小品拉长到两个小时，没有好导演和好剧本还是省省吧。
,其实还是小品段子电影，最大的梗电影看得稍多些的观众一早就能猜到，但胜在有真感情，没有绝大部分国产喜剧那股鸡贼味。这片或许确实只能由贾玲自己来拍，换别的导演，就算拍得更成熟、更电影，恐怕也达不到现在的效果，或者说，就会是另一个故事了。
,我要强烈批评影片最后刻画母亲买票又退票在大雪天中一个人走回去的镜头，我不接受，母爱不是因为牺牲才伟大，爱与关怀本身就是伟大。
,在电影院哭得稀里哗啦。隔壁座的小姐姐也在哭。她问我：想妈了？我说：嗯！小姐姐：你也春节没回家？我指了指前面：我妈坐第三排，我俩没买着连号的座。这下小姐姐哭得更凶了。
,最戳我的就是在知道了48岁的李焕英是穿越回去的后，想起那句“我这一辈子过得挺幸福的，怎么就没人相信呢。”
,我不喜欢，我不觉得好笑，也不觉得感动
,意识到妈妈什么都知道的时候，我哭到抽搐。贾玲太有才了。在读你和我时就在想，逝去的父母是靠儿女的记忆继续活着，而如果你可以写作，或者像贾玲一样用一部电影来纪念，那他们就一直活着。他们的精彩也都没有被忘却。这是贾玲给自己的交代。我不停的想，到底我不能接受的是什么，如果她的一生在自己活着时就去全都熠熠闪光，那死去时也不能称之为遗憾，只是命运。
,贾玲说她把心掏出来给观众看了，我想说，我看到了。
,看到8.3分才决定去看的，看完了，就这？是我要求太高了吗？很多桥段感觉很刻意和做作，张小菲的假笑只有我感受到了吗……最后的反转的确有感动到，但也不至于如热搜所说湿了两个口罩吧，我还特意有所准备，我的感受是这部剧营销过头了吧
,这是今年春节档，我最最想看的一部电影。《你好李焕英》的小品，是千禧年之后我心目中最佳小品前三，即便珠玉在前，当得知要影视化的时候，依然期待爆棚。作为贾玲的导演处女座，这部作品是值得肯定的，笑点泪点恰到好处，没有硬搞笑也没有刻意煽情。子欲养而亲不待，她在讲一个珍惜亲情的故事，也在讲当代女性意识的觉醒，不鼓吹生育，不鼓吹婚姻，而是让我们看到，任何一个女性在成为妈妈之前，第一个身份首先应该是她自己。祝天下所有“李焕英”永远快乐。
,为什么表妹撕了你刚拿到的结婚证你都不生气。因为那是你女儿啊。
,以为穿越是为了改变她的人生轨迹，竟然只是了却自己的遗憾。原来从天而降的大胖妞无论有多重，她都会毫不犹豫接住她的宝儿。裤子无论多破，她都会缝成小狗。今生母女一场，只能化作目送。以为她希望我有出息，原来她只需要我平安。以为她想换个女儿，原来她从没后悔。以为多了解她，原来还是误会了她。
,最让人泪崩的是，我知晓未来所发生的一切，依然选择你这件小棉袄来陪我走过一生。
,有一种“上当”了的感觉，第一次觉得豆瓣评分不可信
,值得一看，但没有你想象中那么好看，尤其是当你带着豆瓣8点多高分期待去看！都说哭的稀里哗啦，但我确实没有哭……
,吹的太过了，6.5分顶天了，整个就一个小品，这样的画质和声效离影院标准差太远了，网播就行了。据说投资3.8个亿，少两个0都不影响效果。要不是我的免费票没别的看了，真不会看。
,这个底太好了，比起以往穿越片的个人救赎迈的更深了一步。本以为影片会如同以往的俗套一般会终结在「希望孩子健康快乐」上，没想到结尾以针线为引，将「无论你在哪里我都会找到你并且保护你」的母爱穿进了观众的心里，以个人故事为本，动了真情的贾玲担得起导演的称呼。在喜剧元素上，影片也做的十分自然，不刻意不尴尬，更是在演员的选角上玩出了花，乔杉和贾玲的父女堪比去年黄渤和彭昱畅。
,2.5 穿越梗是人家三十多年前玩剩下的套路，拍得也很糟糕（导演问题），全程味同嚼蜡，直到最后那个反转。这是皮克斯式的情感/视角反转（参考瓦力、玩具3和Coco），学到了精髓而奏效，可惜又处理得过于繁重拖沓。当然电影之外的真情实感的确很动人。
,好看，这是一部贾玲送给她妈妈的电影，也是一部充满女性意识的电影，你可以带着自己的妈妈去看，绝对能够从其中获得很多感悟。贾玲也是一个非常有才华的演员，整部片子非常搞笑，很多地方都非常戳我的笑点。但也是泪点笑点兼具，有很多让人意想不到的细节，尤其是结尾，神反转。所以不要被剧透，一定要亲自去看。春季档强烈推荐！
,到底是一种怎样的执念，让焕英这老母亲，在人生最后的回光返照里，在明知晓玲的破洞牛仔裤是流行的情况下，都要把那洞给缝上？
,"不是我拉男女对立啊。当屏幕上出现 “贾玲 执导”字样的时候，就比起那些拍了几个直男癌片子就写“××× 导演作品”的，要真诚多了。
“作品”这个词是自己叫的吗。。"
,散场以后我挎着妈妈散步回家，我想着她，她应该想着她妈妈吧。
,笑的不尴尬，哭的脑壳疼。
,"观感有些复杂 哭了
但你又知道这个哭是生理性的，被煽动的
你不太确定那是不是感动，你为这样的自己感到厌恶"
,实话实说我哭抽抽了  看见张小斐想喊声妈的程度
,感谢贾导。感谢李阿姨，是您的女儿在开局落后15亿的情况下，阻止了《唐3》这种烂片成为2021年春节档票房冠军，她永远是您的骄傲。
,贾玲昨晚的喜剧已经尴尬到我了… 这个导演的电影真的更加尴尬… 还是好好当个综艺咖吧！电影就算了…别伤害影迷的眼睛了…
,大家来看这一部吧，别看唐3了
,是不是被隔壁唐3给惯的了，明明也就一般的片子，怎么一下就彪到30亿了，贾玲真应该感谢一下陈思诚
,打着亲情牌圈钱  说难听就叫消费亲妈
,这并不是一个穿越的故事，而是是一个母亲在弥留之际创造出来安慰女儿的梦，真的特别特别特别好，贾玲值得。9/10 
,不想在大过年的接受情感强奸。
,让她再选一次，她还是义无反顾的选择了有你的人生
,张小斐还行，整体观感就像看现如今强迫你笑你哭的春晚小品，对不起我真的入不了戏。
,咋说呢，贾玲太牛了，不玩梗的那种搞笑，一点都不低俗，但是笑点通俗易懂，演员也都特别好，而且有一个点很戳我，就是后面暗示了王琴的发达不是因为靠男人，中国就是应该多有这样的思想纠正啊！！催泪的地方也容易产生共情，后半段我一边哭一边骂：这特么咋没完没了了……然后继续哭....好了好了，我爱我妈妈，虽然我们也会吵架，但是我很爱她，一直爱她
,"电影有一种聪明的真诚，可是这种真诚并不新鲜，每隔一长段时间，从让人疲惫的视效大片出来，你都能找到类似的感动，在国内电影市场上成为黑马。我们被这样的片子感动过太多次了。创作者不能老是这么拍电影，观众亦不能老是做煽情大保健。

它起了一个坏示范，无法从沉湎于悲伤中，走向理智，走向探索生活本质，因而它用冗长的煽情，绕开了现实的复杂。在某种程度上，它绑架了大多数母亲，建立一种刻板的母亲形象，抹掉了母亲形象本身的丰富，也绑架了身为子女的观众。

从技巧上，即使对比《相爱相亲》情节剧，它也缺乏力量，就更难对比类似《痛苦与荣耀》里母亲和子女作为独立个体相互平视的亲密关系。真的，我们不需要黏糊糊的中国式不分你我的亲情，我们不需要下跪父母，我们更需要在这种亲情中，走向人格的独立、人的平等和思想的升华。"
,贾玲好棒 抢结婚证那里 结婚证被撕坏了 小斐眼里含泪的说 我这一生真的很幸福 你为什么就不相信呢 当时看的时候觉得很奇怪 后来全明白了 剧本好棒 拍的也很好 不过李焕英不管票房多少 她应该只想让贾玲健健康康 开开心心吧
,"“我的女儿，只要健康快乐就行了”
神不能一直在，所以创造了妈妈"
,催泪神器，给四颗星五颗星都可以理解，毕竟大家都太想“让妈妈高兴”了。
,感谢贾玲，我们太需要女性视角的影视作品了，在女性眼里，女人不和性挂钩，不被凝视，所以不需要少女，不需要磨皮，滤镜，让人看的非常舒服，今年春节最佳了
,我最忘情的哭声有两次，一次，在我生命的开始；一次，在你生命的告终。第一次，我不会记得，是听你说的；第二次，你不会晓得，我说也没有用。但两次哭声的中间啊，有无穷无尽的笑声。一遍一遍又一遍，回荡了整整三十年。你都晓得，我都记得。——余光中《今生今世》
,一开始觉得冷特的角色多余，晓玲总要回来的，这样留下一段感情对冷特来说很残忍，后来反转了才明白根本不是穿越，是妈妈为晓玲创造的梦境，在妈妈创造的梦境里，为了抚平晓玲的自卑而创造了冷特的角色，妈妈想告诉女儿 她也值得被爱。
,那句&#34;我宝&#34;真是让我眼泪都要下来了
,说实话吧，这要都算电影，电影的门槛是太低了点。
,如果你要陪长辈看电影的话，那就看这部吧。基本上就是贾玲版的《夏洛特烦恼》，完成度很好，笑点和泪点都到位，感觉会是春节档期大众口碑最坚挺的一部电影。一开始你以为这是一个熟悉的穿越设定，最后一反转，你会发现这不仅仅是一次穿越，而穿越的背后正应了母女情的主题。完了结尾的字幕又补了一刀，原来这是贾玲自己的经历，用这样一部电影去追忆母亲年轻时的样子。穿越回八十年代，从工厂记忆，女排比赛，黑白电视到祖父悖论，都是能引发几代人共鸣的设计，以前都是看贾玲笑，这次是看贾玲哭，很多人却是跟着她笑着哭。
,"挺细腻的一部剧吧。
以为是帮妈妈圆梦，其实是妈妈陪女儿回去帮她圆梦。
我这一辈子过得挺幸福，你咋就是不信呢？"
,从妈妈张开手喊着“我宝”去接人那瞬间开始，哭到停不下来。你以为自己已经很爱很爱妈妈了，想尽办法让她开心，其实她更爱更爱你，她包容你、守护你，甚至下辈子也舍不得让你当妈妈。笑点有，泪点足，反转到位，其实剧情的反转就是感情的反转，因此带来的触动是极大的。除了陈赫这个角色以及这条感情线略鸡肋，其他我觉得都很好。真诚永远是最打动人的，这部电影真的很用心、很真诚。【8.2】
,````最讨厌这种电影！！
,"贾玲第一次当导演就能拍出这水准的片子，可见用心和不用心做事的区别到底在哪里，我觉得做春节烂片的导演们真的该好好反省反省。故事虽然有点像某个电视剧的剧情，但也不全是一样，加上看得出来贾玲确实放了真情实感，后面的回忆杀真的让人泪目。前半段的笑点也很多，划船那段真的笑到打滚！沈腾贾玲真的是喜剧质量的保证。而且演员们的演技还是都不错的。值得去电影院支持。"
,看评论时有人说了这样一个观点，我特别特别赞同：“看这个片会哭地很惨的人都是特别幸福的人，因为能和贾玲产生共鸣说明有一个爱你的好母亲，一个只想你幸福快乐无私付出的母亲，但现实中也有一些人不那么走运，ta们的母亲可能自私，也会让孩子寒心…因为不是全天下的母亲都是合格的母亲，所以看哭了其实真的是一件特别幸福的事，这足以说明你幸运地拥有一个好妈妈。”
,笼统的看下豆瓣评分就去看了，真的很失望，感觉评分是刷的，不值票价和时间，贾玲值得尊敬，母爱更值得赞扬，但这种形式，就像小学的感恩大会，有一个人拼命的在台上讲，拿出各种故事拼命的渲染，好像不感动不哭就是不合适宜。
,"看完之后感觉可能是春节档最好看的吧……
有泪有笑，这不是一个人的感觉，是整个影厅的反馈"
,贾晓玲从天上掉下来李焕英“我的宝啊”小小瘦瘦的冲过去一下子戳到我了
,贾玲你这样算不算恰烂钱？我就想问这个电影要干嘛？你要煽情没问题要找人客串没问题，要搞笑都没问题！可你什么都来一点。大杂糅无非就是要保证票房而已！
,真情动人
,看哪，贾晓玲考上了艺校，打铁娘子队赢得了新的搪瓷杯，王琴靠自己的努力过上了更好的日子，而李焕英，她得到了一次重返青春的机会，真好。这些女孩都有光明的未来，而这也就是中国电影需要更多女性视角的原因。（理性角度来看，这部电影自带的一些争议以及很多稚嫩的处理手法，确实不应该拿到五星。但是揉揉自己哭肿了的眼睛，我确实没办法公正的打分。一颗心都捧出来给观众看了，这不叫技巧性煽情，而叫真诚。）每位演员的表现都让这个剧本变得更加熠熠生辉（包括热评里觉得多余的一些角色的演员），而这部电影也证明了，不用一些带有性别倾向的梗（无贬低之意），也能让人发自内心地笑出来。最后表白结尾的文字：每个母亲，都曾经是少女。而在母亲这个身份之前，请不要忘记她是一个独立的人。
,“你以为自己已经很爱很爱妈妈了，妈妈却远比想象中更爱更爱你。你以为自己是在为妈妈圆梦，没成想只是她陪你做了一场好梦。”
,"“我的女儿，只要她健康快乐就行了。”本来以为只是贾晓玲穿越回了1981年，没想到原来2001年的李焕英也穿越回了20年前，这里真的设计得太巧妙了。重来一回，李焕英还是会选择当玲儿的妈妈啊。开头李焕英看见从天而降的玲儿，下意识地就要去接住玲儿，这就是母爱吧。这种感情可能真的只有母女会懂吧。
前半部分贾玲沈腾真的好好笑哈哈哈哈哈哈哈。
贾玲在影片里用了好几次华仔的歌，不愧是华仔的真爱粉。
啊对，通过黑白照片染色这一方式呈现画面也蛮有创意。
哭笑交叉的一部电影。"
,前面一个半小时三星，后面半小时五星，眼泪水真是摥勿牢
,“可是我妈还不会缝啊” 自此开始眼泪止不住。
,"新年第一部觉得最值得五星的片子，很好笑也很好哭。阳光下张小斐穿百褶裙真的漂亮，打排球真的飒。
另，沈腾叔叔的表演让我相信雪姨阿姨是靠自己让她女儿去米国念书的。
"
,贾玲和他爸的乔杉真像啊！
,承认是贾玲的真实感情，但仅限于此。
,被捧得很高的贺岁档 感觉剧情有点俗套 全片唯一的亮点大概是她妈也穿越了吧
,歌颂母德，令人不适。如果一个创作者的私人情绪泛滥成灾，那么最终成品也只能是一个灾难。
,题材很容易共鸣，不代表就拍的很好，就很中规中矩，甚至不如唐人街
,“你以为你已经很爱很爱妈妈了，其实妈妈比你想象中更爱更爱你。”
,以为穿越是为了改变她的人生轨迹，竟然只是了却自己的遗憾。原来从天而降的大胖妞无论有多重，她都会毫不犹豫接住她的宝儿。裤子无论多破，她都会缝成小熊。今生母女一场，只能化作目送。以为她希望我有出息，原来她只需要我平安。以为她想换个女儿，原来她从没后悔。以为多了解她，原来还是误会了她。
,这么说吧，带了很多纸巾，没用上。
,千万别和你妈一起看这片，特别是知道你妈当年有的选并且选错了而且你现在不太行的情况下，看完我只敢聊去哪吃饭
,多一星给最后的反转
,有时候不需要太深的立意，故事流畅，人物真诚就很足够了
,什么电影手法，在真挚感人面前不重要
,80年代性转夏洛一点不烦恼，从头到尾的无聊和尴尬，贾玲说说是讲述自己和妈妈的故事，其实真的和妈妈一点关系都没有，尤其是李焕应这个角色，就是一个工具人而已。一个小品撑长到电影长度已经很勉强了，结果还在小品里面套小品和段子就更让人难以忍受了。整个故事真的可以说一马平川，没有真正的人物矛盾，没有真正的情节波折，甚至，连整个故事的情感支点都是虚的，剧本的堆砌感实在是太强了，结构散得一塌糊涂，观众是真的好骗呀！
,作为一部电影来说，是不及格的，严重过誉。剧情结构太弱，逻辑基础混乱，表演舞台化严重。强行抖机灵的台词和用力过重的表演，都让人尴尬得出戏，反而掩盖和混淆了剧作本身表达的内容。前半个小时，我深刻自我怀疑：就这？中间一个小时我满心期待会有更好的编排，却越来越失望。最后半个小时，我感觉被捏住脖子摁在地上强行质问：你哭不哭？体验极为不好😞
,完虐隔壁姓唐的好么？
,你好李焕英或是春节档最佳
,从片子本身来说，算不上优秀大作。许多人抹着眼泪给出了春节档高分，一方面是其他对手太不争气，另一方面，最重要的原因，大家把高分投给了全天下所有人的妈妈。
,"我未来的女儿，我就让她健康快乐就行了。


"
,贾玲现在不仅健康快乐，还出息了，焕英阿姨你看到了吗
,建议以后的导演处女作学习一下，老老实实讲一个发自内心的故事。
,得知两个人一起穿越，很催泪，想要用手接住从天而降的女儿那个画面也是泪点
,题材很容易共鸣，不代表就拍的很好，就很中规中矩，甚至不如唐人街
,这么说吧，带了很多纸巾，没用上。
,千万别和你妈一起看这片，特别是知道你妈当年有的选并且选错了而且你现在不太行的情况下，看完我只敢聊去哪吃饭
,如果没有最后二十分钟，这部电影也就是一般只能打五分的程度。贾晓玲吃着包子忽然意识到什么开始哭，然后前几十分钟铺垫的情感一泻千里，哭得我撕心裂肺。结构能让内容翻倍地表现出来。另外，女性视角的女性真的太美好了，不只是张小斐，中年妈妈和阿姨也很可爱
,其实影片前面部分很一般，最多3星，但确实最后情真意切，加一星
,作为一部电影来说，是不及格的，严重过誉。剧情结构太弱，逻辑基础混乱，表演舞台化严重。强行抖机灵的台词和用力过重的表演，都让人尴尬得出戏，反而掩盖和混淆了剧作本身表达的内容。前半个小时，我深刻自我怀疑：就这？中间一个小时我满心期待会有更好的编排，却越来越失望。最后半个小时，我感觉被捏住脖子摁在地上强行质问：你哭不哭？体验极为不好😞
,终于有一个女主角，或者说是妈妈形象不再是人忍气吞声，忍辱负重的了。就喜欢焕英的洒脱和大气。
,没想到这么好笑，非常北方的本子放到极其南方的环境里，也是全场嘎嘎乐，旁边大哥捂嘴拍腿地笑，都听出了颤音。我要是贾玲，肯定特有成就感。15分钟扩成长片，注的都是实实在在的梗，很多时候节奏故意错拍，一个个却又回马枪似的戳人笑点。贾玲真是个可人儿，带着一群喜剧人、老戏骨，还有张小斐这对我而言的小黑马，整个故事都活泛起来。笑够了，又没有那种尴尬的廉价的煽情堵着，只觉人生一场，能有这么通达的母亲，不求增光添彩但愿健康快乐，怎么都会心头一软。其实一开始很感叹，曾经阳光灿烂的青春少女，怎样被生活磨成孩子眼中疲惫不堪的中年妇女？但慢慢更会觉得，不只是人被磨损，还有两代人本难靠近的距离，把许多视角都给折射出异样角度。趁时光还能好，希望大家彼此都能享有这许多喜悦。好了，我要跟家人吃午饭了。四星半。
,诚然这部电影有很多不足之处，但它是唯一一部后劲大到让我看完还哭了俩小时的片，我中途还纳闷过为什么李焕英脾气那么好，晓玲把她的结婚证撕了她都不生气，后来揭晓原因时我已经泣不成声。对于电影，技巧只能加分，真情才最动人。
,从片子本身来说，算不上优秀大作。许多人抹着眼泪给出了春节档高分，一方面是其他对手太不争气，另一方面，最重要的原因，大家把高分投给了全天下所有人的妈妈。
,"玲啊，真好，真好啊。

妈妈飞扑过去接住女儿时喊出地那句：“我宝！”直接让我在电影院把眼泪流进了衬衣。
真诚的编导才能换取观众的真心，打动观众的故事才能称得上好故事。中国喜剧能拥有这样一群创作者实在是非常幸运。"
,大过年的，一家人看一部有笑声、有泪点的电影，出了电影院还能一起开心地聊聊，还有比这更适合过年的吗？
,这是这几年看到的国产影片中，从头到尾让人感觉最舒服的，这应该和导演及编剧是以贾玲为中心的女性团体有关系，在脱离了男性凝视，在不用女性当工具人的电影中，女演员的魅力被无限放大，不知道男观众如何想，但是作为女观众完全感受到了，那种仿佛闪着光的被超放大的魅力，把李焕英不只是作为母亲，更多作为一个飒利的女性的角色呈现在观众面前。
,太过个人化了，贾玲哭了太多，纪念自己的母亲没问题，但是拍成电影给观众看，能不能考虑下观众的感受？一味宣泄导演的个人情感，拍成家庭录像自己纪念不是更好？
,镜头像微电影的质量，几个穿越情节设计得毫无新意，甚至俗，立意容易打动观众，但没有任何艺术感。评分这么高票房这么高，说明中国观众的艺术审美落后。
,女导演太棒了，喜剧并不是一定要黄段子！！前面合家欢喜剧尬点很少，后面猝不及防的高潮呜呜呜呜呜呜，世上只有妈妈好。
,前面笑到人仰马翻，结尾哭到无法呼吸。贾玲对妈妈的爱在电影里淋漓尽致的展现，忽然觉得拍好一部电影或许真的不是那么难的事情。你看贾玲就做得挺好
,谁不想去父母年轻的那个时候看看呢？！老生常谈的故事，司空见惯的段落，有些笑点，有些泪点，但大部分是挺无趣的。放在春节档里，倒是有挺好的宣传口（带着父母等等）来吸引观众入场。
,要说贾玲才华横溢那肯定是没有的，这部电影也确实像一个大型小品。但是以近年的喜剧片横向比较，至少这部基本没有那些低俗笑话。虽然离高级幽默还有距离，但足以为同行表率。在悲剧内核里嵌入喜剧是本片成功的重要前提，而这悲剧不仅在于对主角的同情而更多是共情，就再给影片增加了后劲。结尾显得长而直白的煽情是减分项，我想说导演不要太低估观众，最好的表达方式不一定要说出来，让悲剧在喜剧性之下涌动可能更好。
,仅强于《囧妈》，结尾不错改分了
,“观众已经笑得不行了”
,女性主义的电影，描绘的每一个女性角色都很可爱，我喜欢王琴阿姨，看到电影最后她是靠自己的努力工作抓住机遇才得到后面富裕的生活，就很庆幸贾玲没有让这个角色流于俗套。整部电影最巧妙的地方就是在于最后一部分——双穿越。确实催人泪下。但是父母真的对孩子没有要求吗？我想并非天下父母都是如此。但是真挚的感情可以打动人。
,没有想象中的好看，中规中矩，评分虚高。
,额… 电影不差 ，但也没有那么好吧… 8.1过誉了 ，6.8分差不多了
,从前有个女儿，为了让妈妈长脸，宁可让别人家的孩子代替自己的位置，结果呢，妈妈从一开始就知道她的小心思了，默默地陪她玩这个游戏。因为，妈妈只想要女儿健康快乐。
,我们都想为所爱的人做点儿什么。有人写书，有人弹唱歌，有人拍剧。如果这个人不在了， 更想好好明证他/她曾在这世界认真用力活过。贾玲选择了留下这一部电影。我喜欢贾玲身上有一种破裂和恸哭之后重新缝补起来的浑然而豁朗的快乐感，这种“笑着活下去”的乐天姿态渗透在电影里，就是你即使知道它的结局是伤感的，依然为过程中那些欢乐的时刻而真的开怀。它温暖，治愈，真挚，哀而不伤。而无论是小品还是电影，都让我在欢笑时眼眶湿湿。贾玲在电影里，终于与她的母亲偿还了一场重逢的梦——这便是世间文艺作品的力量吧，让我们与我们生命里的“李焕英”们都能有一个机会轻轻道念一声：你好啊，我很好。
,前面100分钟笑点密集，笑得人仰马翻，后面从贾玲奔跑那里没忍住看哭了，全片没有拉垮的演员，满分好评。
,带着口碑去的，有点强行感人的味道，评分高可能都是同行衬托得好
,"真的很好哭。
脱离了男性凝视，镜头聚焦的胸和屁股。我只记得李焕英的每一个漂亮裙摆，被风吹起来露出一截细长的小腿，原来每一个妈妈都曾是美丽的少女。"
,结尾给整部电影涨了分，前半部分的笑料设计其实很一般，处于也可笑但又确实又有点勉强的线上。
,“人在委屈的时候就会想妈妈”
,故事说不上新颖，可是母亲这个点总是能打动人，希望每个做母亲的女生记得对自己好点，不要牺牲不要伟大，让自己开心快乐很重要。
,3.5，之前从来没觉得乔杉和贾玲长得这么像。
,前面这些天听够了大家的笑死哭死等夸张评论，眼瞅着春节档这唯一的8分电影满怀期待，看完后内心一片狐疑“就这？？？”不管是造梦还是穿越都特别偷懒，甚至编剧都没想怎么去说服观众，只想我逗你们笑让你们哭就行了，然而这电影既不好笑也不好哭。一切都特别矫揉造作，甚至还不如当初的小品好笑，也不如贾玲在综艺节目里回忆自己妈妈煽情。沈腾的出现就好像贾玲需要一个拉票房的演员，然后靠友情求过来硬塞进来。你以为这就够工具人了？那么陈赫的出现让你无比困惑，他存在的意义是什么？
,哭瞎了，啊，女孩子真好啊，又甜又暖
,好真诚 诚恳得不像一部电影 像是一首散文诗 
,看电影最厌恶的就是电影里的人强行煽情哭了但是看的人很尴尬。喜剧部分也做得不怎么样，沈腾说是男一的戏份但是存在感比陈赫还弱，更看得人难受了。
,这片子好时机，能这么高分，只能说明人民群众的情感匮乏到什么程度了
,在贾玲说出对啊，我妈怎么会缝的那一瞬间整个电影在这里开始反转，从这里开始显得不一样，我爱这一瞬间！！！！
,有一个影评人说过，其实好作品没有什么标准，只要她打动了你，就是好作品。张小斐那句“我宝”出来我都哭抽抽了，无论在哪里，妈妈的本能就是保护孩子。BTW我真的无法正视沈腾了，他不说话站在那我就很想笑
,“打我有记忆起妈妈就是个中年妇女的模样，所以我总忘记妈妈曾经也是个花季少女。” 
,熟练地搞笑，稚嫩地煽情
,3.5  贾玲以年代穿越设定+温情喜剧的形式，为自己离开的母亲打造了一场缅爱的仪式。笑梗包袱，不仅是裹住内在情感的调和剂，也是一种回望心中伤口时的疗愈方式，对创作者与观众之间有着双向互通的意义。时空错位的背后，是已然失去的遗憾。唯一一部带妈妈看的春节档电影，确实是个应景的选择，她全程情感代入到了跌宕起伏的地步。
,"想让隔壁唐探3编剧瞧瞧  
什 么 T M D 叫 反 转"
,贾玲最后干吼的那一段太尬 ，有时候悲伤真的不是靠哭来让别人有共鸣
,让这部电影挂在中国影视的前列，告诉所有电影人，电影是抒发自己情感引起全国共鸣的好办法，质朴的手法、真挚的感情就能获得观众的理解。
,戴口罩看这种电影太反人类了，哭得口罩都湿了，糊在脸上好难受
,诚意之作，希望往后能多一些这样的电影，少一些圈钱工业垃圾，没错，说的就是陈思诚。
,最美好的一幕是贾玲在山坡下，看着她爸骑车奔向她妈。我就想着，我也愿意去我妈的年轻世界里走一走。
,"好好笑啊！
而且没有令人不适的颜色笑话，女性视角就很棒👍🏻
虽然有点煽情但是不妨碍好笑"
,所有人都把它吹上了天，但这就是一部笑点低级强行煽情的小品式电影
,上映前评价不好，我就觉得就当爆米花搞笑剧图一乐吧。看到一半觉得这绝对算搞笑剧里的一流作品。看到最后，我错了我全错了，这一流喜剧啊，好笑但又戳泪点，而且这泪点真的不是一哭即完。还有片尾那些话让我回顾起剧情更难受了，说贾玲靠妈赚钱的能消停会儿不？
,李焕英阿姨 您女儿可太棒了 她真的好爱您 也真的很遗憾妹让您坐上敞篷车 看着她现在事业有成 我也好爱我的妈妈 希望您保佑所有妈妈都健康平安 长命百岁
,没有想到这么好。一开始笑死，后来又哭死。结尾尤为动人。
,不太是电影的视听语言，像是抻长了的好几个小品，但沈腾贡献了很好笑的表演，以及妈妈对女儿的爱永远比女儿对妈妈的爱更多这个题眼还是很动人的，是强烈的抱憾的女儿视角。在穿越回去的那场母女对谈中，双方都心知肚明，但都打着哑谜。女儿希望母亲幸福，即便这样的幸福图景中没有自己。母亲希望女儿健康，即便时光倒流也从未对当时的选择感到后悔，从未想过没有这个女儿的人生何以可能。希望这样题材的电影越来越多。母女之间的共情和联结，是一个眼神，些许沉默，无数眼泪和一声叹息。
,得比唐3低两分
,"就这破电影，一堆人哭的稀里哗啦，还觉得自己倍有欣赏能力，还觉得自己共情。打个三分不吹不黑，但硬要把他推上45分我就不敢苟同了。
摊手。打个两星凭着我的权重把分拉下来。

我又回来了，改一星了。什么鬼剧情什么烂演技，这玩意有脸刷8分？？？？？恰烂钱？？？

来杠我！三无小号尽管来杠！


……3月16日更新
听说这玩意还能出口国外，真把自己当啥了"
,我求求这群演员了，真不是是个人都能当导演
,“可是我妈现在还不会”这句话出现后的转折是我怎么也没想到的 一贯的思路都以为只有晓玲自己穿越回去希望能让年轻的妈妈更加高兴 谁可知母女两人一起穿越回去了 这是这部电影最大的转折 也是全片泪点开始 让老套的穿越剧更加新颖 挺中规中矩的一部片却也很特别 母爱一个讲到烂的题材 可是这部电影还是刷新了大家的印象 妈妈怎么会不爱自己的孩子呢 
,"生女儿的妈看不了的电影
眼泪哗哗的
但是还是推荐阖家观看
贾玲说了这片“我把心都掏给你们看了……”
任何时候真心都是最打动人的。"
,提前看影评说会哭的稀里哗啦 所以看的时候我一直在憋着等最感人的时候再哭 结果憋着憋着就结束了……
,有的人见妈妈坐飞机，有的人见妈妈要坐时光机。
,知道是煽情，却没有被冒犯的感觉。我们每个人都有妈妈，在跟妈妈道别时我们都会哭得跟贾玲一样...
,"其实如果从电影的角度来说，五星是肯定不到的，四星顶多吧。但从整部电影的情感来说的话，真的太真挚了。我相信贾玲一定是把那个充满了遗憾的自己刀剐了千百遍，抚慰了千万遍，把见母亲最后一面的一幕想象了无数遍，才能产出如此真诚的一部电影

当然，导演水平挺普通的，艺术性也基本没有，但真的就胜在了真诚，嗯。

确实很好哭，也挺好笑的（但有些笑点还是比较冗杂）"
,这应该是贾玲作为一个女儿最极致的浪漫了。千千万万走到电影院的人，去了解李焕英、纪念李焕英的同时，想起总是被我们忽略的母亲。
,&#34;我宝&#34;那一句真的泪奔了，五星好评，前面笑点不尬，后面反转真的流泪了…
,缺点：1、诉求和故事主线不统一不连贯，主角不够聚焦，故事成了拼盘一会儿是张小斐的戏一会又成了沈腾的戏(在这点上同类型的影片《夏洛特烦恼》就要比这部强，主角欲望强烈，诉求明确，主题突出，当然夏也有很多问题)；2、情绪缺乏克制，没有留白，这是无法成为经典影片的最大障碍。优点：1、女性导演女性视角，难能可贵(当然并没有突破男性视角)；2、结尾处理很好，催泪全在这段，准确说是104分钟到110分钟；3、笑点设置比原版小品好，尤其沈腾在舞台上演出那段设置特别巧妙，打破了荧幕，直接和影院观众互动那种。影响：好的影响是未来大概会出现一批女艺人来做导演拍自身故事，这部片子8.3的评分说明我们影视欣赏水平稳步降低，良好的市场表现会引发大量模仿，咱国影视质量又将大幅下降。
,大型欢乐喜剧人小品一则，胜在感情真挚。张小斐可以的。我和我妈全程无表情看完，无情母女。
,这分数真是绝了，太虚高了。没啥笑点也没啥哭点，唯一感觉演员演的都不错，尤其是张小斐。全国人民给贾玲的情怀买单……还把全国人民都感动了……好无语……
,不至于不至于，逻辑都没有，从电影层面来说问题太多
,6 看简介以为是女性版《乘风破浪》，其实是80年代版《夏洛特烦恼》。细节工夫到位，OST有流行音乐，也有真正属于那代人的《年轻的朋友来相会》！情绪处理得挺好，也善于营造气氛，很让人感动。尤其处于疫情背景之下，“亲情”与“告别”很能令人共情，更何况是“妈妈曾经是少女”引发的女性意识呢？到了最后20分钟左右，很多人都在抹眼泪😢 影片不乏许多问题（尤其是剧作结构），但作为贺岁片，绝对及格了。PS：场下UCLA毕业生一脸辛酸笑。
,张小斐喊出哪句“我宝”的时候
,2.2 真的太无趣了，根本不配称之为电影，贾玲的导演成分只有小品式的搬弄翻版，表演只会大哭和傻笑，每当镜头从近景zoom in至脸部特写时，失效的脸部浮夸表情与镜头的运动衔接此刻极其地不匹配，还在拿舞台的思维进行电影表演呢， 而且这个镜头在全片还有滥用之嫌，一股狠不成熟的视听手段暴露显现，可见当下院线电影的导演门槛有多低。如此老套的穿越梗情节，黑白到彩色普普通通低级的设计真的不是大一编导学生想出来的吗，尤其那几段剪辑太差了，几乎每一段情节都是如此尴尬拖沓，况且连处于时空错位之下都不会有效设计笑点，《乘风破浪》处理得都比这好。非要说真诚，全片唯一真诚的时刻只在片尾对于电影之外真实人物的致敬。
,宛如某晚小品，前面不管咋地最后反正都必须给你一个煽情。感觉前面拍那么多有的没的都是为了那个煽情结尾，可是你起码也把前面故事编圆了好吧？真要图个感动就拍最后十分钟足够了
,"贺岁档基本都看过了，怎么说呢，这部片子的口碑真得感谢同行，不差，但也没有特别好。
从另一个方面来说，真正用心用感情去拍一部电影，真的是可以弥补专业水平的不足，甚至可以打动观众的。相比之下《唐人街探案3》就输在这里，陈导很傲慢，砸钱就完了；贾导很真诚，只想记录一段平凡的母爱和想念，人民群众真正喜闻乐见的是什么，答案已经有了。电影不过是影人和观众的交流，真诚的情感可能不会被所有人接受，但空洞的生意不会被任何人共情。
我也曾想过，如果母亲不用为我牺牲，会不会成为更伟大的人；或许会吧，但她就不会成为一个伟大的母亲了，我又何必帮她做出选择，我能选择的只有如何回报她"
,"因为在隔壁唐探3的对比之下，我必须给李焕英一百零一分。
当然这个电影很多笑点是有点像小品，但是这不比隔壁屎尿屁好看多了？我就踩一捧一了，我就要高举李焕英大旗，赶紧给我冲冲冲！票房超过隔壁吧，要不然我会气死。
“妈，你怎么那么爱笑啊。”
“因为妈生了你啊。”
“你以为你很爱妈妈了，但其实妈妈比你想象地更爱你。”
（另外建议陈思诚来学习一下什么是母爱，学习一下人家最后半小时是怎么升华怎么反转的。）"
,如果结局不反转，这电影真的就是小品的延长版，撑死三星，但是它反转了，反转得还不错。哭死我了，四星好评。
,其实故事本身略俗套，但胜在有真情实感
,"太意外了，意外的好看！影片喜剧成分的编织就不多说了，这本来就是贾玲的强项专长，不过在剧情的伏笔和安排上，却让人看到了真诚的真情，真挚的真实。
影片取材的灵感来自于贾玲和母亲李焕英的真实故事，贾玲正是为了怀念因为去世的母亲，才有了做这电影的冲动，结尾的处理真的让人破防，这是一部不能剧透的电影，推荐去影院感受那种笑中带泪的氛围，相信能唤起大家的家庭共鸣，尤其是带着父母去看，效果倍佳。
贾玲作为一位新人导演，这次成绩单交得真的棒！"
,没有预料到的剧情，大年初一大家一起在电影院哭一场(⸝⸝⸝ᵒ̴̶̥́ ⌑ ᵒ̴̶̣̥̀⸝⸝⸝)所以她妈到底有没有想过走另一条路呢贾玲不知道也没人会知道了。
,5分。低配版《夏洛特烦恼》，二者相比，贾玲几乎没有拿‘回到过去’这件事做文章的野心，更多的只是想写好这封弥补曾经遗憾的给妈妈的情书。它很走心，比去年的《囧妈》更适合讲母亲与下一代关系的这个议题，结尾也努力营造了上佳的催泪效果，但从电影这个维度来说，只靠最后那一重（立意很好但实际上与情节可以贴合得更好）的小反转，还是远远不够的。多1分给沈腾这回还算配得上男演员一番的戏份。
,在某部自以为是地讨好观众贺岁片的对比下，显得情感尤为真挚
,口罩都给我哭湿了。
,去掉后面煽情的感觉会更好点，另外贾玲不应该自己当女主，看着她的脸实在是不像刚毕业的高中生。。。
,知道妈妈也穿越回去的时候，脑子里只是反复闪过她攥着被撕成两片的结婚证说“你怎么就不相信我觉得我这辈子就是很幸福呢”，原来这句话不是23岁的英子说给19岁的晓玲听的，是43岁的英子说给自己女儿听的。我妈也是这样，一直把健康快乐放在嘴边。我多幸运啊，我是我妈妈的女儿。
,观影全程的感受就是完全感觉到了贾玲的一颗真心，这颗真心真挚到几乎完全掩盖了影片本身的一些不足，果然不管做什么事情真诚都很重要。
,本以为是女儿为母亲造的一场梦，却原来是母亲为女儿造的一场梦。我个人比较难get到贾玲的笑点，但是后半段一直哭到最后一张照片和字幕。妈妈也曾经是少女啊。
,年度最佳电影。我并不想为了体现自己严格、有水平，就强行扣一星打四星，这电影不打五星，对不起我自己的良心
,在夏洛特烦恼的穿越梗用得已经烂大街的时候，贾玲用亲情再次焕发了生机
,比预想中好太多。架构铺排疏密有致；节奏把握也特别棒，结尾戛然而止好评！既没有脱离现实，迁就春节档给happy ending，也没因悲剧结尾，而脱离全片氛围。看过贾玲几次采访，她都提到母亲的骤然离世对她是过不去的坎儿。这里头有女儿对母亲来不及说出口的爱，也有想为这人生巨大遗憾做些什么，好为这段母女之情画下一个标点以慰母亲与自己。从知道她要拍这部电影后，我就有这种感觉。影片上映，作品不俗，我们虽不相识，但我由衷为她高兴。无论从故事本身还是商业角度来说，影片的表现都非常优秀。悲剧内核，喜剧做皮很容易生硬做作滥情，但贾玲和团队非常完美避开了大部分此类国产类型片很难逃过的大坑。也很正常，这就应该是现在国内顶尖喜剧团队之一应有的水平。搞笑太自然，水到渠成。真心希望这样自然流畅的喜剧片多一点再多一点！
,新年里，全中国那么多人陪贾玲缅怀她妈妈，她妈妈在天上应该能很开心了。也愿天下父母都能健康长寿。
,可是我妈还不会缝啊，这句话真的爆哭
,其实一开头假证暴露妈妈却一点都没有责怪晓玲，妈妈的自行车载着晓玲这里我就哭死了。对这种无条件的爱和信任泪点很低。
,打我有记忆起，妈妈就是个中年妇女的样子。所以我总忘记，妈妈曾经也是个花季少女。
,贾玲表演有些过了，虽然真挚，但无法让我入戏，确实妈妈很伟大，但是这是贾玲的妈妈，不是我们的。我还是想说，如果这样平淡的电影都能进影史前三，那国产电影还有好长的路要走。
,要是我就选择沈光林了
,很温暖。导演能力一般，但感情无比真挚。我几乎觉得这并不是在演戏，而是完全打开式的在分享自己。看到贾玲在电影里失控般哭泣，我无法不流泪，热泪盈眶。
,小斐边喊着“我的宝儿”边双手张开朝着贾玲奔去那一幕哭得我可大声了……女性导演镜头下下的女性都好美啊。
,我就纳闷了，说哭的稀里哗啦的人泪点是有多低？
,是我泪点太低了吗？一直哭一直哭，最后那一段哭疯了，唉我的眼泪真不值钱......本片重点不在于子欲养而亲不待，而是即使重来，依然是你。
,最后反转的后劲太大了。
,笑点密集，女导演和女演员证明了喜剧不低俗也可以很有趣。真情动人，明知命运结局已定还要义无反顾地奔赴，可能这就是妈妈的爱。
,妆容风格和调色是比较不喜欢的部分，陈赫的角色稍显多余。除此之外，我个人不太喜欢这部电影，女儿的主旨是看看妈妈少女的时候让妈妈做个快乐的人，但是这个电影分成了两个我尤其不喜欢的剧作容易写到部分，一是女性内卷，在厂里李焕英和王琴几乎是全方位的比较，如同职场撕逼；二是认为女性改变婚姻即是改变人生这样的表面观点。这里的李焕英实际上是空洞的，是贾晓玲一厢情愿的徒劳无益的自我救赎，而李焕英是什么样的人仍然未知，连最后那笔三年地下情的心意，都在这场闹剧中变得无影无踪，属于李焕英的部分有哪些，这才是出去了母亲身份的她，无论是少女的她，还是穿越回去的她，她是作为爱贾晓玲的人而在于过去，而不是作为成为母亲而爱贾晓玲，尤其贾晓玲从头到尾都在撒谎，自己在这份爱中就是重复的再见到了妈妈一次，但这欲望确实是真诚而质朴的
,春节档第一部，十分惊喜。喜剧桥段拿捏精准到位，不是为了搞笑而搞笑，而是水到渠成、自然而然，整体风格搞笑幽默诙谐有趣，逗乐不停。当然，喜剧只是外表包装，内核依然是个温情走心的母女情深故事，笑点与泪水齐飞。在很多我们不曾留意的角落，都隐藏着母亲无穷尽的呵护和关爱。尤其最后的反转更让人动容。
,逻辑很差让人无法共情，前面笑料勉强可以，后面哭得可尴尬了，作为导演，她想导观众的是，看我都哭成这样了，你们快给我哭！
,自我安慰式小品
,真以为最后二十分钟会很感人，结果强行煽情，前面也就沈腾的场面比较好笑吧。好像没啥主线，结局反转算不算的上高级不知道，但贾玲演技不如张小斐倒是真的
,大失望，甚至不如《乘风破浪》！能把沈腾拍这么无聊的人还真少见。穿越喜剧本质上是时代和身份的错位，引发不同语境的碰撞和误解，从而制造幽默，最后再走向种种动人时刻。这个基本逻辑因节奏和时代元素老套的表达，在片中无数次断裂。继歌厅KTV后，女排、爆米花机成为新的怀旧标签被滥用，这两年已经看吐了。电视、球赛、影院、划船、演出等几乎每场戏的笑点设计都很平庸，又被拙劣的视听浪费了，以至最后的煽情完全无法达到扭转情绪击中心灵的效果。结尾转折可能是最巧思的部分，但显然没精彩到让人忍受前期漫长的无聊。我曾说过小品电影也会是种不错的路径，但影像小品可就过分了。本片有太多舞台小品的痕迹，不仅是因为从小品改编，也是因为导演跳不出小品思路。但艺术家的责任之一确是汲取自我生活的养分和疼痛并表达给世人，仅有此点值得肯定。
,被贾玲的真诚打动了，如此真挚的情感令人觉得温暖舒心。非常适合带全家老小一起观看，每个年龄段都能找到属于自己的感动。尤其是既做了妈妈，也同为女儿的人会更有感触吧！第一次做导演的贾玲用最简单真诚的态度为我们带来这部电影，也是想告诉每个观众，珍惜亲人还在身边的日子，不要让她所经历过的「洗欲养而亲不待」这种悲伤发生在我们的身上。
,内容还是比较空洞的，最后以妈妈的视角叙事时也很遗憾不够深刻。能感受到贾玲对她妈妈真挚的爱，但作为一部电影其实不算合格，三星鼓励。
,"2020年，妈妈永远地离开了我
2021年，李焕英让我觉得妈妈始终没有远离我"
,注水严重，5分钟的小品拖沓到俩小时。感觉就是一大堆喜剧明星的拼盘电影，夏洛特烦恼+中国女排的升级版。最后强行煽情，不知所云。
,豆瓣也开始水了
,哭得稀里哗啦，男朋友在一边无动于衷，好吧，这是拍给女儿和妈妈看的电影。
,座中泣下谁最多，江州司马青衫湿
,我懂贾玲心里的遗憾 但贺岁档最佳还算不上
,剧情感情不落俗套，但煽情手段太落俗套，为什么国内电影都是这种【外放】的形式来煽情升华啊！！在影院里一边心里吐槽一边忍不住跟着哭的心情真的好崩溃
,"1.5。喜剧元素出众，笑点属上乘。靠细节抓住时代感，通过时代落差反过来促进笑点
&#34;自我记事以来，母亲就一直是一个中年妇女，但是我们却容易忘记她曾经也是一个花季少女&#34;。说得很好，可惜没有任何意义，在鸡汤里都算下流水平
电影很好地完成了风格的转变，至少效果是达到了的，电影院里前半段笑声不断，后半段鸦雀无声，真正地做到了&#34;有笑有泪，喜剧的内核是悲剧&#34;的大众低俗标准，可惜转场的生硬导致全片漏洞百出，然而这些都在观众的哽咽中抛在脑后
贾玲的确用心拍摄了这部电影，真情实感在影像的流动间溢出屏幕，对母爱的赞美让我们感同身受，很好地做到了共情，可惜这不是电影的评判标准
&#34;献给所有伟大的母亲&#34;，主题一下子升华，电影结束后观众的赞美声再次证明了煽情永远是电影最低级最取巧的表现手法。片中的母爱远没有达到伟大的地步"
,李焕英看晓玲的每一个眼神都太好哭了
,当你以为自己和电影中的贾玲一样拥有一个全知视角时，可能正是你要被这部电影深深催泪的时刻。电影最后，当另一个我压根就没有预料到的视角被打开的那个瞬间，我的眼泪就止不住了，真的太感人了。
,多久没在屏幕上看到没有大浓妆的脸了
,倒有点像是大陆版那些年我们追过的女孩，纯真情感、纯真年代的想象性投射。想象中母亲、女儿关系的从头再来等价于政府、人民关系的从头再来（改革开放），都算两厢情愿。选角、包袱、节奏明显都经过反复计算，成功击中春节档观众。算合格商业产品，但谈不上高级。
,"感情上到位了，可以理解子欲养而亲不待的心情。
但是作为电影来说，基本上就是抖音小视频的水平。
打三分纯粹是道德绑架，都有妈，颂扬母亲主题下，谁也不敢低分……
拉着进度条快进之后，只希望贾导演以后愿意放过电影圈，享受她五十亿票房带来的美好人生吧。"
,我来你高兴么？我高兴啊！
,7.8/10，强烈推荐！片子拍的真好，真正意义上的笑泪齐飞，超出预期太多。贾玲的情感太真了，看小品的时候就哭的稀里哗啦的，没想到看电影哭的更厉害，看的时候想起了我的母亲，共情力太强，最后一幕眼泪根本止不住，现在想起来心里还酸酸的。故事改编自贾玲亲身经历，当你带着诚恳的真挚的感情去拍片，观众一定会找到共情。相比那些带着虚假情感强行煽情的作品，贾玲的真情实感最打动人！
,一般，故事老套，范式表现，穿越梗用的生硬，复古情调模板痕迹严重，就像点了一键滤镜，观影全程很努力去感受了，但还是没法共鸣，贾玲哭戏那段彻底出戏，再没进去。衔接和感情比较突兀，隔靴搔痒没搔到痛处。
,现在的喜剧已经不是喜剧，都是让你一会笑一会哭的，pua套路
,从电影层面来说，这片子也就值两星，没有导演思维，没有剧作逻辑，甚至可以说不算个电影。但是它胜在真实的情感以及强大精准的催泪点（母爱的早逝），观众的情绪完全被这个带着走了，压根顾及不到其他方面。原以为豆瓣这里是最讲究逼格以及聚集了最多深度影迷，打分会比较讲究，然而从评分结果看，其实大多数人还是吃这种情绪大补汤，理性在感性面前啥也不是。希望以后不要招来大片模仿，这样的整体电影审美又下坡路了就，这样就比较可惜了。
,贾玲是有天赋的，角色选得也很绝，包括年轻和中年李焕英，还有爸爸。最令人感动的是表演的那一场戏，从来没有一部电影是两位女性在这么浪漫的镜头里，互相心里只有对方，灿烂笑容和眼中的点点星光，她们只和对方共享。
,"最后的那段反转是真的戳人，原来李焕英一直都知道，妈妈一直都知道。
其实电影很能让人带入，我也知道母亲都是伟大的。但是生活中还是难免有冲突和矛盾。这部电影对母女之间温情的A面描写得很好了，有笑点有泪点，笑点的梗都很能让我真心地发笑，泪点也不是生硬的，贾玲一直都在真情实感，看得人好想上去给她个拥抱。
母亲很伟大，她很爱我我也很爱她，但是我也希望我们之间多点理解，把问题都解决了。而不是一边争吵一边自我感动，这样太割裂了，问题也解决不了。温情下的问题冲突总得要有人提出、有人解决。"
,8分？是因为我没看过开心麻花，对这个体系的喜剧存在一些误会吗？我以为自己对贺岁片已经够宽容低期待了，唐探，飞驰人生，流浪地球，都是手松一松能给4星的贺岁片，但李焕英是真的不行，毫无新意，所有的场景台词都是能找到一百八十个前辈的陈词滥调，听听你妈年轻时候的故事都比买票跟着别人哭强啊，脱离不了屎尿屁和融梗的国产喜剧，太廉价。尊重贾玲的心意，但不认同这是一部值得被夸赞至此的电影。
,没有刻意的笑点，没有刻意的煽情，淳朴自然。最后的反转锦上添花！我哭的一塌糊涂😭😭😭😭 好喜欢贾玲张小斐！我宝！
,如果你看过《信条》，你就会明白这部电影不应该是4星，而是5星。当你在结尾知道了“配角”的隐情之后，再从头以配角视角去看整部电影，你才能明白他/她每一句台词、每一个抉择，都是在告别啊。
,女性导演还是会更细腻一些，结局并没有刻意要所谓的“圆满”，贾玲第一次导戏非常成功啊👍
,故事其实只能算是合格，“姑且算个电影”的程度（当然春节档还有不算电影的），但是视角太难得了，社会发展到现在，我们是应该有一部以母亲或者说以女性为主的现象级电影了，何况，它还那么真诚。结尾确实好哭，很狡猾了，这么写没什么人能不哭吧，就像对大部分人来说，你妈确实是真的爱你。
,一个小品的体量抻到俩小时，低配夏洛特。
,真诚有余，技巧不足
,“我把我的心掏出来给你们看”——贾玲。
,打从记事起，妈妈就是个中年妇女的样子。我妈妈也一样。她也有她的青春啊，只是她为了我们不再顾忌她自己。
,那个缝破洞裤的反转简直了，不愧是贾玲。
,《请回答1988》里的一段话：听说神不能无处不在，所以创造了妈妈，妈妈这个词，只是叫一叫，也触动心弦。
,这部电影不差，但成为春节档票房第一。。。只能说明这个春节档真的没啥好电影了。个人认为电影停在年轻的母亲的那个转身刚刚好，后面的回忆真的过度煽情，把本可以给每一个母亲和女儿的电影，变成了献给一个具体的人的电影。不过贾玲的本意也许就是如此。
,好哭不等于质优，但汹涌的真情让故事的动人量级无限拔升。我深信无数背负心债的儿女被李焕英震碎了泪水阀门包括我，哭的不是母亲大爱也不是时光逆流，梦可补圆，而是有这么一次释放来填充现实对母亲的亏欠，对本我的埋怨。裂痕终无法缝补，矛盾也无法被偿还，我们心里都知道。这不妨碍冷酷的我们偶尔被染一点点温情之色。就这么一次也好。
,【电影水军骚扰，一星】没有最后二十分钟的话是个三星的加长版小品，但最后二十分钟让我很难受，这个难受同时来自我既是妈妈又是女儿的身份。子女感动的点在于母亲为自己无条件的付出和爱，但这种单方面的感受加入了很多想象，甚至有点自私；做为妈妈，我不认为爱是无私无条件的，也不觉得希望孩子出息或怎样是自然的，母亲不应该只因一种亲子关系歌颂，甚至父母的爱无需被歌颂。我们这种彼此期待又彼此憎恨和痛苦的家庭关系可以稍微松绑一点点，大家共同走了一段路，就轻松些吧。母亲不平凡也不伟大，卸除上价值吧。
,"金靖那句话是对的，“没有一个人能完整地从电影院里走出来！！！”我已经很多年没有看哭了，我特喵刚在电影院里差点哭出驴叫！！！特别是那句，“我宝！”直接泪崩当场！！安利，疯狂安利后劲有点大，特别是对于过年没有回家，然后跟老妈关系很好的小伙伴们，真的是太好哭了！！！"
,希望大家少生孩子
,"大家有多喜欢贾玲，就有多喜欢这电影。
今天大年初一带我妈一起看的，不出所料很多人笑着笑着就哭了，我是看到最后一秒的敞篷儿车泪崩的。我妈说这片子老少皆宜呀，勾起了她很多年轻时的回忆。谢谢贾玲，让我妈好开心！"
,如果不是亲情打动人，不是最后一个梗，那这个电影真的没啥亮点。好笑吗？梗都像小品，强笑能笑得出来。算是导演自己给自己的一场心理救赎和安慰吧。
,长达100分钟的劣质小品，无聊的笑料，蹩脚的剧情，最后20分钟硬生生戳人心窝。要是问我有没有触动，自然是有的，但是仍然不妨碍我认为这不是一部好电影。
,我们尊重贾玲对母亲的爱，可谁来尊重电影呢？
,"是我近几年看到过的最好的喜剧电影之一，看到导演是贾玲的时候震撼了一下，前面的笑点很密集，有很多谐音梗。后面更是直击我内心，没有近年喜剧电影结尾必备的尴尬强行煽情，但是后半段的时候真的很好哭，眼泪完全停不下来。后面的反转很自然，一点都不僵硬！从姐妹情一下子就升华了，有空一定会二刷的。
“天要下雨娘要嫁人”这句话挺讨厌的，但是在这里面配上那个BGM真的很催人泪下。
"
,了解了贾玲的过去效果更佳。泪点在于妈妈其实明知道这一切但是依然不改初心，依然以甘之如饴的态度迎向命运、从始至终都在陪伴和配合女儿。希望以后能有更多优秀女导演的作品，也希望男导演能明白搞笑并不总是和油腻与恶俗梗有关。
,她们也曾在我们看不到的地方年轻过，灿烂过，耀眼过。
,演员演的是挺好笑的 但实在不想再看到这种一味鼓吹母爱伟大的主题了 孩子真就没爹了？
,"看完真是气死了，求求中国的导演了，拍喜剧就纯粹点吧，咱别煽情别拔高别搞低级催泪行吗？我花了比平时贵的票价是来寻开心的不是来哭的啊喂。
本来前半部分还算是精致轻松的风格，后半部分就又往煽情的低级趣味上去了。对，亲情确实很容易感人很容易把观众弄哭，咱们能不能选个难点的level,把它拍成云淡风轻，春风化雨好不好？
真TM妥妥春晚小品风。躲过了春晚，却没躲过这货。"
,平凡的作品撑不起伟大的主题
,喜欢最后的反转  李焕英看着从天而落的贾玲奔跑过去  宝儿！这是一场他们共同缔造的梦  贾玲想要改变李焕英的命运 李焕英是在温柔地和贾玲告别
,都说前半段搞笑，而我从一开始就在哭
,年度催泪大品，笑点哭点都很密集，实在太煽了。
,每一帧都写满了真诚。绝大部分笑料停留在春晚级别，基础的预期违背以及偶尔的body shame和屎尿屁，最高级的算是二人转舞台的沉默，沾了点时代性差异和人文气息。我最喜欢的包袱是王小利宋晓峰的内部梗。整体观感如友邻言，看情感力量的冲击是否大到让你主动忽略诸多作为一部电影的不合理。恐怕是我到了一事无成、对家庭愧疚的年纪了，太容易对这种反馈亲情的作品共情，那句“我的记忆里我妈妈就是中年妇女的样子”一出来直接给我整破防了。btw，贾玲的导演之路就止于此是最好的选择，毕竟这种老天爷给的题材不会有第二个了
,7分，比起夏洛特烦恼还是差点意思。对于我这种笑泪点都很高的全程无表情，喜剧部分甚至不及格。
,實際上，這只是一個很感人的小品。我能感受到賈玲的那份誠心，但是離電影還是差遠了。不知道電影什麼時候也開始用背景虛化了，看著好難受。
,我也哭了一會兒，然後忽然又冷靜下來了。對呀問題就是為什麼我們總會覺得母親不快樂？而又為什麼會覺得如果當初母親嫁給的是廠長的兒子會比嫁給工人幸福？細想其實是可怕的，代表我們從小就意識到媽媽总是在犧牲，媽媽在成為媽媽後就再不是自己了，就必須要犧牲，像電影里自打孩子生下來沒買一件新衣服，在大雪天里捨不得坐車。母親無法前進把缺口轉向了孩子，所以我們明白了只要有出息母親才會快樂。可是什麼叫有出息啊？電影里又給了答案：有出息就是名和利啊，上名校，一個月賺9萬，開敞篷車。我哭著哭著就明白了我就不該再支持這些鼓勵女性自我剝削的電影，我的眼淚到底沒價值，但把我們從這些母親=犧牲/兒女的人生最大價值=要給父母長臉/成功=金錢地位這些陳舊價值觀解放出來有價值。媽的。
,基本上和夏洛特烦恼一个套路，穿越过去弥补现实生活的遗憾。但剧本比不上夏洛打磨的千锤百炼。能看出贾玲对母亲的真挚感情，但不足以撑起一部电影的篇幅。
,果然女性导演的镜头下才最懂得如何刻画好女性角色！！我太喜欢沈腾了 腾叔一出场我就想笑哈哈哈 张小斐真的好适合拍电影！！！电影里的音乐配的也很不错！唯一让我觉得有点尴尬的是后面贾玲一直在哭嚎 持续的时间太长 ！但还是很值得票价～推荐
,不管是亲情题材、穿越题材还是喜剧题材类电影中，这一部都算中规中矩，这个8.2实在是夸张，我很喜欢贾玲，但这和电影本身好不好没有关系，这届豆瓣已经不是我当初看电影前必来做功课的那个豆瓣了
,什么是打动人的好故事？贾玲做了一个很好的示范，故事本身永远大于技巧。
,如果是献给李焕英 我打五分 如果献给观众 我打三分
,厄长，刻意，逻辑不通，有钱了阿猫阿狗都能当导演了。
,编剧到底参考了多少韩片，最后知道真相哭着跑的一段也很《开心家族》。以及看完结尾想想前面，破绽多的都提剧本难为情。以及再说一遍，强行煽情不光荣。
,看到妈妈的其实早就知道的时候，我真的哭了
,"高级，从影视的任何一个角度评价都很高级，镜头运用高级，从黑白润色到色彩渐褪将年代和人物的代入感应用的非常自然。两处伏笔应用很高级，前后反转突如其来的切中每个为儿女的“我”心中担心会来不及的愿望。结尾也很舒服，拉回现实的结局引发思考。演技也很棒很多时候让人感觉贾玲面向的并不是小斐而是她内心的遗憾。年代应用也很贴切，文艺汇演拉出了那时的社会情境有些黑色幽默。节奏很棒，两小时度过的非常充实，很多场景在上一秒泪水打转下一秒欢笑度过。
很难不夸的一部电影作品，有着儿女的心愿，更有为母的满足，最后引用一句台词觉得很意义。
雨下的大就分不清哪是雨水，哪是泪水。"
,穿越实在烂大街了，再加什么花样也是烂大街；非要搞喜剧最后是悲剧那套，那干脆拍个正正经经的电影多好，喜剧元素剃掉不完了；演员实在太熟，跳脱不了以往的印象；剧情有的地方过于尴尬... ...整个片子就像一个个小品合起来的冰糖葫芦，但最后几个放的都是苦瓜。另外，平心而论，冲着前期的笑料，片子可以勉强给及格。但是，这个片子放春节档就离谱！！贾玲最后几分钟就不停在哭，还要勾引你也跟着哭，大年初一的，看这玩意儿图的啥？像我这种母亲已经过世的更看不了这个，气
,电影有时候很神奇，真诚比技巧重要。观众往往能因为真诚而选择性忽略导演匮乏的技巧，剧作上的漏洞，甚至人物上的仓促和单薄。
,太碎了，一些喜剧情节倒是可以接受，毕竟是春节档。但是从发现到反转那段，明明几个镜头就能表现的事硬塞了一堆回忆，过度消耗观众感情，削弱了反转应有的冲击感，有些失败。
,贾玲妈妈喜欢幽默的人，所以贾玲……
,贾玲用实际行动证明。把心掏出来的真诚是有回报的。笑点不尬接地气，后半段哭的崩溃。
,影片没有教育人，也没有强行升华主题，只是贾玲在寄托对母亲的思念。从我记事起妈妈就是一个中年妇女的样子，所以我忘了，妈妈也曾是一名花季少女。
,诚然，贾玲的技法上有很多问题，作为导演还是太稚嫩笨拙了。但光那句“我的女儿健康快乐就行”，反观隔壁消费女性作笑话的《唐探3》，回望前几天春晚的催婚小品，对比此前开心麻花的作品，就已经足够让人神清气爽了。
,口罩哭湿了，今年春节档最出人意料的黑马。贾玲的异军突起在商业逻辑之中，但她没有滥用这次表达资源，以女性视角入局之后，终于扭转常年被开心麻花以刻板印象垄断的喜剧电影市场，足以和大鹏一道让所有专业导演自惭形秽。当叙事回避了《回到未来》的穿越铁律，甚至完全背反了它的故事核时，《李焕英》就放弃了科幻的规律，拥抱情感的浪潮。当徐峥在《囧妈》里只肯用一点笔墨去理解母亲，贾玲却利用《夏洛特烦恼》的机会来让母亲高兴。当她诚挚地剖开内心最隐秘和柔软的地方，释放出的力量丝毫不输于《妈妈和七天的时间》，只不过是两种抵达的路径——克制并非唯一的美德，我们反而要思考：是什么让一个喜剧人在镜头面前近乎宣泄地展览自己的眼泪？电影的悲剧内核是毋庸置疑的，借助结尾的巨大反转，它让自己摆脱了消费陷阱，实现了对母亲的顶礼与奉献。
,老实说没有带期待去看，但没想到看完还蛮惊喜的吧，不谈那些技巧性的问题，至少贾玲的这个故事有真实触动到我，最后也看哭了，可能是想起我自己的妈妈了吧。不过，看的过程中也在时刻告诉自己，要警惕这种所谓的歌颂母爱奉献精神牺牲自己幸福来成就他人的价值观，尤其是影片一开始父亲的形象始终是隐去的。当然了，我愿意相信这只是贾玲写给她逝去母亲的一封告白信，并没有过多其他的诉求，但最终那句“献给所有母亲”让我觉得片子的立意其实可以更高一点。女性可以选择成为母亲，也可以选择只做自己。片中的母女俩都在替对方考虑，我希望现实生活中的女生们都能自由勇敢的选择，不把“为了别人”当作自己的价值。你的人生不需要“成为谁”才算有意义。三星半。
,没有什么落入俗套不落入俗套的说法，观众买账就好，连近年来越来越不爱哭越来越铁石心肠的我都泪眼婆娑地和我妈一起看完了并惊呼真好。每陪妈妈看一次电影都感慨又少了一次。我觉得李焕英阿姨不幸却又幸福，养育了如此出色的一个女儿，在2021年年初让全中国人知道了李焕英，知道了李焕英和她的女儿，我相信李焕英阿姨一定在天上看得到，贾玲也相信她的妈妈在天上看得到。
,"2021.2.16看完豆瓣评分虚高，我觉得也就值6分。相比之下，反而觉得唐3更好看一些。李焕英真的太平淡了，全篇无记忆点，无高潮，泪点是有，但只有共情，而缺乏故事的内核。莫名其妙的穿来穿去，毫无预兆的反转，没有伏笔。深究下去逻辑也有问题。一个刚拿到中戏成高证书的人，张口闭口谈演技；排的二人转像赵本山又像尼古拉赵四，这基本上是贾玲导演水平的反映了；全篇父亲角色的缺失，以及并体现不了母爱的年轻母亲的形象，成全了一场自我感动。全片演员的表演呈现出小品式的喜剧，一切都太用力了，就好像主角穿越回去一样，一直在刷存在感，她太想让李焕英高兴了，太想让观众感动了。刻意的处理，缺少了生活平淡的真。"
,一开头我就想哭怎么回事……
,太好看了😭😭😭，最后不刻意描写死亡，就在旁边静静显示心电图的机器，中间努力摆脱黑色世界就像是和时间赛跑，呜呜呜呜呜呜呜太感动了
,电影结束之后，我妈从我手心里扣走被我哭湿的纸巾扔进垃圾桶，那一刻我真的特别特别幸福。
,真的再次看不懂豆瓣评分，就这8.1？母女情刻画有细节，但也没多细腻，全片无高潮，笑点也比较low和过时。都说看完哭的稀里哗啦，我却没看出任何煽情的点，反正撕妈妈结婚证这点让我对这片太无语了，你可以表达对妈妈的爱，但你不能无视你妈妈的感情，你爸爸更不是透明人。
,这仍然是国内主流价值观，我仍然与它们格格不入。
,有三类人特别能被带入感动：妈妈、女儿、失去至亲之人，刚好三者我都占据了，几度哽咽。身为女儿，特别能理解贾玲对“有出息”的执念，就是想让妈妈开心，让她有面儿；身为母亲，特别能理解李焕英，只要孩子健康快乐就好；面对亲人离世，无力、无助、无奈，唯有回忆。必须五星支持。
,说实话.....不看影片背景不说情怀，这片子确实拍的很一般，笑点不密集，也不是特好笑，小品里一些比较有趣的梗反而被拿掉了，很多地方处理很尴尬，节奏也不好，有些情节和画面 表意不明，逻辑上也不够顺。陈赫这个角色也很尴尬，没结果也没未来，不了了之....应该是不会再想起的电影了....不过是和某人看的第二部电影了~他从刚开始搞笑就开始哭了（猛男流泪....）
,沒看過原來的小品，大概猜到了是給媽媽遲來的情書，但真的特煩這種以私人情感綁架觀眾的片子，說白了就是導演的自我感動。在小品中插穿越梗就很離譜，何況你才從天而降剛醒凳子都還沒坐上張嘴就來句“現在是哪一年”我就真的很想罵人了。小品梗都好過時很爛俗，張江的演員一張嘴真的很想讓他出門直走上春晚，大哥這不是你的舞台。最後日劇跑眼淚直掉強行煽情影廳裡前面笑得有大多聲的觀眾哭得就有多難過，我真的全程白眼，累了。一星給你媽吧，現實中的那位。
,平心而论，是一部不够专业，不够电影质感的电影，也有夸张到出戏的桥段，是我见过的最不艺术的蒙太奇，却因为过分细腻的片段而被深深打动，影片对母爱的表达可以说柔情到极致了，融化在贾玲对母亲无处表达的爱意和思念里，“我宝”让我在电影院泣不成声，我这辈子最大的幸运就是成为我妈妈的女儿。
,吹的有点过了
,这不是电影，这是小品，虽然哭了，但它就是一个一个段子凑的。
,也就还行，能看，作为喜剧是合格的，理解评分为啥这么高，大众的情感软肋并不难抓，精准投喂的最优结果。除了最后视角转换后的催泪反转之外，剧作真没什么出彩之处，这些年什么夏洛特烦恼什么乘风破浪已经把此类题材能拍的都拍完了，原地打转可不是国产电影前进的正确方式。
,不敢相信这是贾玲拍的，前半段令人昏昏欲睡，但在小玲发现李焕英给自己缝动物时剧情开始推向高潮，在这个节点推翻了观众对之前剧情的所有预设，并不是女儿回到过去成就妈妈，而是妈妈为女儿书写最后一封家书。整部电影也是贾玲对母亲的纪念。
,"前一个半小时我心想就这就这
后半小时在电影院哭成狗
脑洞很绝"
,不完美，但无比真诚，四星半。
,他們說這只是一部電影化小品 並不能算得上是電影 我覺得賈玲也沒有在乎去追求什麼電影的高級品味吧 她給媽媽的電影 我們又不是她媽 那麼理智客觀好高層次喔 啊阿姨說了她有出息的她就有出息的！
,你连你爸是烧锅炉的都不知道？
,张小斐真的太适合大荧幕了，作为贾玲的处女作，这部电影完全合格，最后的反转我竟然没猜到，前面三分之二都在笑，后面三分之一整个电影院都是哽咽声。
,剧本很聪明，圆得也很巧妙，几乎找不到这个类型以往存在的问题。一是怀旧年代戏不塑料的美术，没有美化修饰那个年代的物质匮乏。这个故事从头到尾和贫富有关，是想要过上好日子的念头驱动；二是人物选择上，女主是遵从自己内心去选择了自己喜欢的。完成了一部女性题材应该有的尊重和关怀。以前的院线片看不到，因为女导演太少了，有这个意识但能把电影拍给全国人看的女导演也太少了；三是这个故事设定，穿越过去弥补遗憾的模式塞进任何一个类型里都好看，它很容易找准情感点。但不是每次类型都匹配对细节，放弃科幻细节是最聪明的一步；四是在煽情之余巧思依然在线，结尾那辆破车紧紧回扣开头的要出人头地，非常好的反成功学反类型。哪怕导演本人现实里早就出人头地但结尾这一笔的价值取向，你可以是个普通人，感受到了来自导演的一种平视视角的尊重。
,跨洋对标无意义，但近年来活跃的Nisha Ganatra、Elizabeth Banks、Niki Caro…证明女性导演在商业功课上遇到的挑战和取得的突破难而且珍贵；更加凸显了Olivia Wilde与《高材生》的叫好叫座是多么不容易。贾玲选材和运作这个故事的触觉、多年来累积的口碑或是处女作所展露的潜力配和她们比吗？未必或者也不配。但是，在片中某些时刻，也看出了些她或许能在未来获得的“上限”。前提是，不再仅仅依附于小品文化的层次和获得，也可以超脱个人生活之外的观察；那么她将创造和积累的，也就更多更多。同样可以展望这个“上限”的还有张小斐，从来没有对她小品之外的尝试有过任何怀疑。这是一个得体的开始，也算是让人充满期待的开始。
,somethoughts：现在中国电影里对官僚主义的嘲讽都集中在喜剧片了，虽然被强力稀释在穿越、段子和反转里，被缩窄在一个小地方或小单位，但深入毛细血管的权力同构性依然让人立刻会心一笑。李焕英厂子领导们的喜剧效果很棒，而领导意志也是这片的叙事动力之一。《夏洛特烦恼》如果还能留下什么有价值的东西，就是那句“《我的区长父亲》”。
,很好笑，笑点完全不尴尬，结尾虐死我了
,实属不行……球球了，别在喜剧片里自我感动了……真的，连喜剧部分都做不好……沈腾给你你也不会用啊……而且这宣发真的不涉及欺骗观众么？搞得跟沈腾是主演似的，沈腾戏份还没陈赫多……
,我愿称之为今年春节档最强
,小兔子跟大兔子说我爱你从这里到月球那么长，大兔子等小兔子睡着了说，我爱你从这里到月球再折返回来。
,不好看，好尴尬喜剧。。。
,在赢得大众上，质朴的情感永远是第一位的，创作者尊重自己才能赢得观众，赢的多少就看你与多少人契合。从电影层面，于己不满足价值观上的单一和情绪的过于满溢，但谁受得了母亲拿票又下车。还要夸的一点是演员表演好，张小斐好，大家都从小品出发，但离电影还是挺近的。陈赫沈腾特别适合九十年代复古风。
,这个问题我很早以前就想过，如果我回到妈妈的年代，我想和我妈成为好朋友，然后阻止她和我爸相遇，这样我觉得我妈应该会过的比现在幸福的多……
,若要问《你好，李焕英》是「穿越剧」里的哪一种，我会答，是最简单粗暴的那一种。从电影角度来讲，这几乎是一把必输的烂牌。但贾玲的这套「愧疚」组合拳打得又准又狠——完全命中华夏儿女的泪腺和痛点。以至于，无论是投在「春节档」这个没有硝烟的战场上，还是扔到「女欲养而亲不待」这个语境下，都是「王炸」效果。我们随着这位「不成材」的女儿以脱离科学轨道的意淫大法绕了一大圈，最终发现，导演是在借能造梦的时光机分享了一个注定会碎的梦。如何与注定要「嫁人」的妈妈告别呢？答案想必是，一千个观众会有一千种方式。从「天要下雨」的角度来看，一个《亿万富翁》的私事儿就这样顺其自然地成了大家的私事儿。试问，面对父母的养育之恩谁不是带着亏欠的呢？面对这笔根本无法还清的债，希望我们不是只有「以泪洗面」后「掏钱买单」这一种补偿方式。
,贾玲一战封神
,本妈宝看不得这样的电影，眼泪流成汪洋大海，与其他观众的眼泪汇成银河
,如果你会写作或者拍电影，你就能用自己的方式去铭记不想失去的一切。
,一度非常出戏摸不着边 全靠最后的标准程序式煽情告白拉回 哪怕贺岁档也请主创走点心吧；当然母亲最真挚也最朴素的愿望是希望下一代健健康康开开心心是没错
,中规中矩的喜剧片，带有温情的旋律，没有像网上说的那么好。
,结尾真的很难不让人流泪呀！尤其是现在上了年纪以后，这两年又经历了太多变故，也就更加容易多愁善感了，看到贾玲哭成泪人，再看到用蒙太奇展现的母亲对于女儿那份深沉浓烈的爱，实在是没料到会有这样一个反转。虽然前半部分显得有些过于冗长，且部分笑料也比较俗套过时，电影展现的技法也不够娴熟，但是这份对于母亲的真诚确实太戳心窝子了。有点遗憾，今年第一次在异地过年，没法带妈妈一起看这部电影。贾玲说自她有记忆起，母亲就是中年妇女的模样，而我还有幸记得妈妈年轻时的样子，长发、白裙，瘦瘦的，下次回家我要把妈妈年轻时候的照片带在身边，我要永远记住她美丽的样子。
,没办法理智的给这部片子打分。跟成熟的导演比起来，还是有很多地方有些稚嫩，许多角色的演技也略有瑕疵，但一切都瑕不掩瑜，感情的处理绝对满分，感受到的那份亲情已经溢出到屏幕外面了。感觉贾导是个内心极其浪漫且温柔的人，用一部电影不仅缅怀了自己的母亲，还温暖了每一个善良观众的心。或者说，贾导深情的给自己的母亲创作了一部电影，同时也让每一个观众因此受益。
,如果你看过足够多的电影，那你在新片里总能找出过去经典老片的影子，但只要足够真诚，我还是不会吝惜自己的钞票和掌声，去影院迎接这熟悉又新鲜的感动。
,感觉是三星，但市场上太缺女导演和女性视角的作品了，鼓励一下
,"    看过小品版李焕英的朋友都知道，这是一部女儿穿越到80年代和自己妈妈成为朋友的温情故事。改编成电影后，女儿与少女时期妈妈相处的情节更添丰富、细腻和搞笑，片尾新增的小反转（女儿发现不只是自己穿越回来）更是令人泪目。很多质朴的台词尽管早就看过，听到英子说“我的女儿，我只想她健康快乐就好”还是又掉下了眼泪。
    打我们有记忆起，妈妈就是个中年妇女的样子，希望各位父母子女都能来看看这部片子，想起自己的妈妈曾经也是个花季少女。p.s.提醒大家一定要重视片中的小狗元素，贾晓玲的白T恤和英子给玲破洞裤补上的小狗花纹。"
,"这不是一部优秀的”电影“，但却是一部足够真诚的”电影“。虽然本质上只是小品《你好，李焕英》的扩写，但是第二次重构是情感的升华，尤其是电影最后的反转所带来的情感更加击中人心。
英文片名《Hi,Mom》，中文片名《你好，李焕英》，多少青春的少女因为“Mom”，放下了“李焕英”。"
,挺好。就是因为怕后面哭太惨，前半段一直保持防御姿态，没怎么敢笑。结果后面还是哭成狗……现在的喜剧对我太不友好了……
,靠，傻逼了!把9：25开场的李焕英看成10：25。唐探结束就换厅，纳闷就错过1分钟，怎么情感情绪就完全不明白了。煽情高潮我还以为是贾玲作为新人导演的实验手段，把尾声挪中段，没想到真是结局啊！估计不会再看一次，那么为了对只看了不到一半的导演处女作保持善意和片面公平，四星吧
,我哭得稀里哗啦，我妈反而平淡地说：“哪个当妈的不是这样”，我觉得那么那么伟大的东西在她看来是最平凡的、是她“应该做的”，认识到这点我哭得更大声。
,两星半，合格的处女作，有笑有泪，但整体冗长单薄，属于90分的想法，60分的呈现。全片最好的片段就是片头，酒席的表演节奏、分镜设计，行云流水。1小时以后突然疲软，完全可以剪掉很多不必要的升格回闪，观众有脑子，能自己看明白，真不需要每一步都回闪提示！最后的反转就是强行反转，反转不是一个混剪回闪就完事儿了的，前面草蛇灰线了吗？有表演细节吗？没有呼应的反转就是耍流氓。最后，张小斐没有赋予李焕英血肉，张小斐还是张小斐，如果换一个有演技能支撑的人来演，我愿意给三星半。
,贾玲的妈妈一定好到值得这部电影。但个人真的不喜欢由这部电影发酵出来的那种“天下父母无不如此”的氛围。贾玲没煽什么情。她在电影里完全是她自己：一个傻乎乎的大胖丫，嚎啕着属于她个人的眼泪。但惟其如此，也才感人。是评论区的观众在煽情。他们没意识到，“天下父母无不如此”这种话语和叙事背后，那套几千年来吃人的东西。
,难看，逻辑无内容粗糙无笑点强行煽情，这部电影请问除了立意好之外还有哪里有可取之处？人物塑造失败，陈赫这个角色和感情线有啥必要吗？看的稀里糊涂，打排球那里前后拍的又臭又长有啥必要吗？沈腾文艺汇演那里我的表情就和台下观众的表情一样…还有从头到尾一直在强调你妈妈希望你健康快乐就行了，也没挖掘母亲本身作为一个少女一个独立的人的思想，本质还是中国式父母，以孩子为中心。不值得高分也不值得这个票房
,为什么豆瓣不能打0星？
,3.5吧 我准备好了纸巾却没用上 
,二星半，前面还行，怎么后面崩盘了，太消费情绪了吧，完全就是贾玲在换不同的场景不停哭，几乎看不到啥导演技巧，可能这部电影真就只是拍给她母亲看的吧。
,"前半截是个二流小品！
后半截走《艺术人生》煽情流！
好好演小品、搞百变大咖秀，不好嘛！
五十二一张票我干点啥不好！
为贾玲挺尴尬的！
——
贾大玲成了影史之最。
我觉得她自己也挺心虚的吧！
这个心情大概类似于我小时候抄的作文被当成了范文！
你心里有数下面是嘘声一片的。
有人拿好莱坞的票房之最也没有艺术性来说事。
可是《李焕英》能和《阿凡达》、漫威宇宙这些相提并论嘛！
不好和烂是两码事啊！
可以不谈电影审美，但必须要有基本的审丑能力！
最糟糕的事情是啥呢！
是广大投资人惊觉原来钱还可以这么捞！
那大家就一起捞吧！
【2021.3.26补记】


"
,贾玲不懂她妈，也不懂母爱，好像更不太懂自己
,很真诚的电影。“你以为在帮妈妈圆梦，其实妈妈在陪你做梦。”
,不止一次想过我妈年轻时候是什么样，看到张小斐想可能我妈也是这样吧，大厂里的飒爽女工，性格跟训我的时候声音一样，都是脆生生的
,放过喜剧吧，真的厌恶了强行煽情升华硬灌毒鸡汤非把观众“感动”（膈应）哭不可的“喜剧”，又不是聊斋，整什么“笑中也有泪乐中也有哀”？近几年甭管相声小品电影通通都是这个套路，想无脑哈哈哈咋就那么难捏？
,看哭，“妈妈希望你健康快乐就好了”，比春晚的立意高太多了。女主不是人见人爱的大美女，还比较胖，但是因为活泼幽默热心而受到大家的喜爱，这样的作品请给我来一打！贾玲棒棒哒！女主妈妈能为她原本的样子而快乐，真的特别感人。曾经我和我妈最大矛盾就是她老想改造我，希望我成为主流社会认可的完美女性形象，比如瘦，甜美，不要太大大咧咧没心没肺，结婚有孩子……看完我觉得贾玲很优秀，完全可以让那种“瘦点就能当女主了”的论调闭嘴。
,贾玲这个片子在春节档其实还蛮能引起中老年观众的共鸣的（我妈就抢着要看这个片子）食堂、电视机、工厂这些元素都是他们记忆里元素，也能理解贾玲对于她母亲的情感，但是这个片子实在是有点无趣。
,微博上发不出负面评论，怒打低分。浓缩成一出小品 或者 拍一个短片，也许会不错。作为一部电影，一塌糊涂。难过。
,从第一秒妈妈出现就开始哭了，足够简单也足够真诚，好羡慕贾玲，有这样纪念母亲的才华和方式
,“等你也当了父母，你就会明白爸爸/妈妈的良苦用心了”，“非得等到爸爸妈妈死了，你才会懂事”——李焕英之所以成功把大家都弄哭了，是因为中国式亲子关系的痛点，就是在做这样一种徒劳的挣扎，试图在三观截然断裂的两代人中，触发一种身份互换的共情（aka 绑架），也就是李焕英结尾里经由电影视点完成的反转。
,我大过年的去电影院哭？
,贾玲心里会有多痛啊，自己导自己演，一遍一遍在自己伤口上撒盐，看得是真心疼，她肯定很思念自己的妈妈。最后十分钟哭得我快被口罩窒息了，我想家了，想我妈我奶奶。我奶奶是世界上最疼爱我的人之一，没事就给我零花钱，塞给我好吃的，出国前还给我包红包，什么都给我留着想着我，怕我饿着自己，怕我亏待自己，她已经85岁了，我这出去一年半的巡演不知道我还能陪她多少年，见多少面，想想眼泪就下来了。如果我失去了奶奶可能我就真的要垮了。祝我妈我奶奶身体健康！！！！
,佩服贾玲，用理想站着把钱赚了
,因为被剧透了结尾，我从开始就在寻找线索，从片头哭到片尾。技巧不足，但感情真挚。另外女性叙事真是太舒服了，没有刻板印象、没有颜色笑话、也没有常见的用歧视某一方面的弱势群体来做笑点。每个人都那么鲜活热烈，我真太喜欢了。
,个人情感宣泄大于影片本身质量，个人说的是贾玲也是我自己。的确好哭，口罩哭湿+1
,朴素真诚，李焕英像曾经的春晚，唐探三大概是这两年的春晚（疯狂拉踩！）
,我实在是无法理解这部电影票房为啥会五十多亿，大家都被下降头了嘛？剧情无厘头莫名其妙，后面的煽情生硬。贾玲也不知道是在哭还是在笑，表演完全没有层次。烂片一枚～
,好看，适合陪家人。看完以后，觉得贾玲好了不起，可以为母亲拍一部电影，纪念过去，也成就未来。
,过誉了真的。。。大概就是贾玲小品集锦+王牌对王牌煽情套路。
,太狗了，电影院哭成一片，太过分了，大过年的。怎么可以这样。
,看懂的人是幸福的。
,"不止这个分数，有笑有泪。确实也有不足的地方 但是我觉得8.5分完全配得上，但这种电影有一部算一部，确实很不错，推荐大家去看看，对国产电影少一点偏见和挑剔"
,卧槽，就这？50多亿？不是咋骗就是洗钱。
,妈妈坚定地再一次选择了女儿，但作为一个女儿的我，真的祈盼从未被选择过。
,正如贾玲自己所说，她把心都掏出来了。
,我是很少给国产喜剧打高分的。老实讲里面的笑料也有很多不太高级的元素，但就算屎尿屁少了那些油腻男导演的猥琐视角感觉都变得淳朴了。贾玲30多了演高中生确实也没什么说服力，但她说起母亲那种包含爱意的感情可以弥补其他不足。张小斐的表现也很出乎意料，那几个她的好姐妹也都很可爱。贾玲一直是个脚踏实地的姑娘，希望以后在导演的路上能越走越远，就是别再找陈赫这种男演员来膈应人了。最后再推荐一下大家在春节假期带妈妈一起来看。我和我妈看完走出电影院，两个人拿纸巾擦着眼泪鼻涕，还假装没事一样商量去哪儿吃饭。这就是最真实的母女了。
,过年的时候跟爸妈一起看的。我哭得稀里哗啦。回来我爸举着手机高声朗读网络段子：有人看李焕英哭得稀里哗啦，回家连一只碗都不愿意洗...
,7分，制作的方式还是太小品了。但胜在感情真挚，是真情实感的
,实际上三星都很勉强的……豆瓣分太高了8.2，好吧2星……没有任何创新，剧情拖沓，强行煽情……
,这是一部缅怀母亲的电影，它用喜剧的方式讲述了一个平凡却又感人至深的故事。贾玲为此不惜使用了穿越的方式，让观众更加感同身受于李焕英的性格和成长经历。但这也是一次冒险之举：一来因为穿越题材的影视作品屡见不鲜，已有近乎泛滥之势；二来作为一名初出茅庐的导演，贾玲能否独立驾驭一部商业电影也都是未知数。但她却交出了一份令人满意的答卷，她设置了一次出人意料的反转，把先前留下的伏笔全填完了，人物性格也都说通了，让观众顿时有一种拍大腿般的惊喜。这个反转可谓画龙点睛，不但让全片格局更上一层楼，还把李焕英和贾晓玲之间感人至深的母女情做了一次堪比“跳楼机”般的高度拔升。让电影院里猝不及防的观众，就这样哭成了泪人。
,悲剧，喜剧，贾玲母亲好可怜啊，消费了这么多年
,"看哭了。
《回到未来》的动机，《夏洛特烦恼》的梗，怎么看也只是一个质量尚可的老套故事。母女关系也只是女儿让妈高兴，妈对女儿不多苛求，母女间从一开始就没有价值冲突。
但是贾玲的创作是真诚的，摔倒了被妈妈笑，对妈妈直呼其名，比班上同学的年龄小，这些不那么普遍的经历看起来就是真实的，反而更让人共情。集中在那段可能有点长的煽情混剪里，真的让人对“健健康康快快乐乐”的简单生活有了向往。"
,电影的前90%我都以为是女儿穿越回去改变妈妈命运的故事，结果最后10%突然发现可能这只是一个母亲弥留之际创造出来安慰女儿的梦
,看唐山大地震没哭 看个李焕英哭了 我可能没经历过大灾大难 但妈还是有的
,本来想打三星，但是国内电影一旦是穿越剧就完全不管逻辑性。这样一部平平的电影竟然收获五十多亿票房，蛮荒诞的
,贾玲自我感动行，想推己及人，这么简单生硬可还行。陈赫可太油腻了，受不了。
,不知道有多尴尬 全程尬笑
,导演拍这部电影的那份真诚，就是这电影最大的闪光点
,"胜在真情实感。电影本身在情节推进、逻辑处理上是有瑕疵的，但对大众而言，影片的感染力与观影时的共鸣感是直接而强劲的。饱满的情感比叙事的技巧更易打动人。
我和我妈虽然都没有哭的稀里哗啦，但是回家路上我问她，你今天高兴吗，她说，小棉袄陪我吃饭逛街看电影当然很高兴啊。我看她把电影票收藏起来，看她发朋友圈说幸福满满，我觉得好像，这就够了。"
,即使到弥留之际，妈妈还在保护女儿的梦吧
,贾玲将私人记忆升华成为大部分观众的共鸣，算得上是很真诚也很投入的电影了。
,多一星是给贾玲的。电影是爆米花电影，煽情也是爆米花式的，如果单独拎电影出来看，发现它只有段子式的笑点，对母亲角色的理解，也囿于“母爱无私”的讨论，李焕英变成了一个抽象的母亲，而不是形象丰满的李焕英。但是我不觉得这个电影是毒鸡汤，我理解是贾玲自身的局限。她所处的相声行业缺乏对女性“母爱”之外的叙述，她自身对母亲的印象可能就是停留在她刚大一的时候。贾玲自身的经历丰富了这个故事，我完全相信，她多年来对母亲的情感就是如电影所展示的，愧疚、深情。这些情感促使了电影的诞生，也让电影中对母亲的认识无法再进一步。换成其他人拍这个电影，都可能是煽情媚俗的，但是贾玲让人相信，她的情感是真挚的，不是自我感动的。
,放在大过年，大年初一给老子哭？？？？为什么喜剧一定要哭！不哭不行嘛？？
,前面一直笑，后面眼泪不住地流。知道是真实情况改编后，觉得贾玲在片中的眼泪都是真的。
,有时候，真诚就够了。
,好笑，好哭，哪家的妈妈又不是这样呢？影院里到处啜泣声。珍惜当下，多去关心自己的妈妈吧。几年前看过《你好，李焕英》原版小品，这次拍成电影，重写剧本，重塑人物，贾玲还身兼主演和导演。沈腾的国民喜剧号召力不在话下，张小斐美丽中的亦庄亦谐也有口碑，片子在人物和故事上面，最大程度保留了小品的精髓，母女成闺蜜，我为母亲做红娘，回到过去取暖这个通俗易懂的故事，完成度挺高，过去不可逆转，未来不可更改，由亲情这个母题穿针引线，在热闹、逗乐之间也有凝视，最后的转折自然贴心，可能会让很多人热泪盈眶。
,前面100分钟的小市民喜剧说实话没太看进去。除了演员超龄带来的违和感之外，我一直在琢磨几个问题：1.李焕英的家人在哪儿？2.晓玲这么着急让她妈开心，可她问过妈妈想干什么吗？3.为了买电视机出风头值得这样吗？这家风是不是有问题？靠段子和节奏强行推进的剧情背后，根本就看不出有什么非解决不可的矛盾和事态紧迫性，难怪让人出神儿。最后20分钟的“哭拉ok”母女情挺动人，贾玲全程领哭太过火。看在情真意切，反转有新意的份上加一星。最后自我反思一下：指出被捧为女性主义神作制霸春节档的本片片尾曲“生是你的人死是你的鬼”政治不正确会被打吗？
,敢问谁看完不想喊张晓斐一声妈妈
,这部电影对观众最大的意义就是反思自身，朋友之间聊天，我们达成一个共识：不带妈妈去看。原因很简单：怕妈妈会想起她的妈妈，大过年的，不想惹哭她们。没有了妈妈的妈妈，需要女儿来疼。而还有妈妈的我们，从这部电影中学会了珍惜，我很爱很爱我的妈妈，尽管我知道我无法像她那般爱我，但我会尽力让她过好日子。
,这种电影能有50多亿票房简直是对电影的奇耻大辱！
,真的是大惊喜啊！影片的喜剧部分其实就非常讨巧，像是近几年麻花的笑点与贾玲春晚小品笑点的结合和集中展现，虽然较为零碎和耍嘴皮子，但是因为密度之大所以并没有影响观感。在故事上则非常令人惊喜，我本以为会是那种套路的穿越题材，但当最后展开抒情时才惊叹于影片的野心，故事的编排绝对比近几年国内的主流喜剧要强。但是影片最为难得的是情感的真挚，没有去用廉价的笔触去强行换取观众的眼泪，而且贾玲把自己真真切切的对于母亲的感情融入到影片中去展现，像是纪录更想是抒怀，这一点就让影片的抒情很高级。这应该是一部我个人认为近几年国内最好的主流喜剧片了。
,#电影院# 跟《乘风破浪》《新难兄难弟》都是《回到未来》的徒子徒孙们。本来以为很有把握老妈会喜欢这类温情题材，结果她觉得不好看且回家后我俩就为鸡毛蒜皮的事大吵一架😩真是幸福的家庭各有各的幸福，不幸的家庭也各有各的烦恼啊。在看电影时涌现的各种立志要为家人争气争光的情绪出来后就烟消云散，本来以为这部电影会让我们母女感情好点儿不过这才是真實的人生不可能通过一两部电影就可以改变的
,这可算不上什么好电影。
,片子最动人的还是贯穿始终的来自创作者内心的真情，那些爱与悲伤都如此真切可感。所以即便在大设定并不新鲜的情况下，影片的真情依然让人感动，不觉得俗套。电影中还是有不少小品式的处理的，但大都比较顺畅，不会觉得刻意。把私人记忆转化成电影故事是一件既幸福又痛苦的事情。幸福在于，自己的记忆可以在电影中重现、扩展和封存。但自己那些曾经的遗憾和悲伤，如今重拾起来会有着自我剖析般的痛苦。这部电影作为贾玲的导演处女作，是一次比较成功的私人记忆到电影的转化，这其实还挺让人羡慕的。恭喜了。
,我流泪了。如果没有“还不会缝”引发的反转，就是一部无聊的穿越，剧本上根本不及格。但是反转后，就和穿越无关了，可以理解为母女共同穿越或者弥留之际母女天人永隔之前的互相安慰，直接封神。此非叙事，乃有叙事结构的抒情。哎，太费纸巾了，不可不看，不可再看，贾导威武！
,共情在于自己 而非电影
,"这个故事告诉我们，真诚的创作可以弥补其他任何不足。
很可惜真诚的创作太少了。"
,贾岛三观有点不太对劲，不止这一次电影里体现出来的。相信她的哭喊是发自肺腑的对母亲的思念，但电影本身的质量其实一般也是客观事实，一码归一码
,还可以，但不至于8分。如果拍得再荒诞一些，结尾李焕英能醒过来煽情的部分点到即止，不搞那种套路式的硬煽情，大概能再好一些吧……
,下辈子 我当妈 你当女儿
,言过其实 这样的电影如果冲击全球票房前五十的话 是喜剧的悲哀 只有诚意 欠缺专业 和《我才不要和你做朋友》中间差了《夏洛特烦恼》加《芳华》的距离 不能说是老梗堆积 但抓不住心绪 忙碌工作中途的喘气 被强行塞了呼吸机 大概是这感觉
,贾玲太可爱了 看后半段哭到头疼…一个普通人写给自己母亲的诗歌 纵使有瑕疵也不必苛责 字里行间饱含着最真挚的情感与思念
,我只能说，真的很好哭。从贾玲发现妈妈为什么会缝裤子开始，就戳中了我的泪点。穿越回去的妈妈看到女儿也掉了下来，第一反应是伸手去接；总是那么开心温柔的对女儿，说我女儿怎么总是拉裤兜怎么这么好骗；为了省钱，等女儿走了再退票走回家；最后跟女儿说，你要健健康康快快乐乐的，贾玲哭着说我不行，妈你别离开我。大家都说，只有自己做了母亲才会懂母亲的伟大，身为女儿，身为妈妈，才真的明白这句话有多么的正确。父母是拦在我们和死亡之间的一堵墙，只要他们还在，就总还能把自己当孩子，能觉得背后还有依靠。年纪越大，越害怕衰老，害怕总有一天会到来的离别，然后懊恼自己还不够优秀，没能让父母过上无忧无虑的晚年生活。每一天都是在和时间赛跑，希望自己能跑的比父母的年纪更快一些，我不希望最后只能在梦里做让他们高兴的事。
,因为足够真诚，所以那些瑕疵变得微不足道。眼泪莫名的多，直到后排一个女生发出很大声的抽泣，才松了一口气：原来我还不是哭的最夸张的。
,平心而论，这部片子有的地方像小品，有的地方衔接有问题，有的地方处理得太简单，但是，这些都掩盖不住这部电影的真诚与真心，真是熠熠生辉，灼人眼睛，让人反复落泪。尤其是电影后半部分的那一处反转，反转得非常高级，熨平了前面不顺畅的一切。
,贾玲演得有点尬，不过李焕英可真漂亮
,"“打有记忆起妈妈是个中年妇女，所以总忘记，她也是个花季少女。”我也想回到过去看看那时年轻的妈妈梳两根大辫子的模样。
多一颗星独送给贾玲！"
,"《蝴蝶效应》中男主回到过去为了让爱的女孩和母亲生活得更好，尝试了各种方法，最后决定将自己扼死在胎中，不让自己给她们带来痛苦。《李焕英》里晓玲为了让母亲能像琴姨一样有优秀的丈夫和女儿，以及优越的生活，撮合英子和厂长儿子。但英子说“其实我真的很幸福，你为什么总是不相信” 。
看完回来看到一个帖子“如果你能回到过去和你妈妈成为闺蜜，你会劝你妈妈远离你爸爸不要嫁给他吗？”几乎80%的答案都是“会”。我想，对于我而言，我也会。如果能让妈妈嫁给更好的人，我也愿意选择没有出生。
全片最泪目的点是英子看见从天而降的晓玲，她本能性地冲过去接她，喊着“我宝”，听见这两个字我眼泪啪一下就滚下来了。
"
,3.5 哎后半段太拉垮了，结尾碎片式的回忆私人断裂而泛滥，但前面真的是绝好的喜剧啊！创作者还是要跟自己的经历拉开一定距离才好
,单纯对穿越梗感到反感与厌恶。
,感觉一般般
,情感真挚，胜过了一切技巧。
,能为自己妈拍这样一部片子算是顶浪漫的了
,一个人去电影院看的，忘带纸巾了，一直在用手抹眼泪。如果没有最后的反转最多也就七八分，但最后从李焕英的视角重看这个故事，我觉得一下子就升华了，值得8.5分。好久没在电影院一直流泪了，无比真挚的电影，张小斐真美，年轻真好，感情真动人。
,本片由UCLA成人教育冠名播出——学小品电影舞台剧电影就认准UCLA
,贾玲在用这部电影服丧，完全能理解它为什么爆，足够真挚，特别是当保护者成为被保护者的刹那，确实很催泪。没哭，鼻子酸了一下。
,"上映之前我也想大多数人一样对这部作品以及导演贾玲充满了不信任，但贾玲很快就用成片表示自己和岳云鹏，郭德纲，小沈阳他们不一样。
一开场是十分狗血的车祸加穿越，并且在玩文字游戏，段子，场景也很单一让我以为是在看舞台剧。
但后面逐渐佳境，节奏也逐渐开始变得明了，笑点穿插的非常密集，并且恰到好处。各种反套路的情节也比较惊喜，尤其是结尾部分更是将整个故事的主旨推翻并拔高，有了自己的深度。
《李焕英》并不是一部简单粗暴的纯喜剧，而是一部悲喜剧。贾玲在悲与喜之间找到了非常好的平衡，用密集的笑点和反套路的情节带动整个片子的节奏和气氛，又在结尾给观众狠狠一刀，主题自然的便流露出来。"
,有点粗糙，但太过真挚。放在精致的春节档里显得凝练质朴，洗尽铅华。看完在电影院哭抽了，没有带纸，只好出来之后用口罩擤鼻涕。感受到贾玲的母亲是一个特别特别美好的女性，希望她此生的遗憾能少一点。散场后把提前回去的高铁票退了，决定在家多呆两天。。
,一般，感觉各方面都缺点什么，另外这电影不适合过年看。
,最佳观影搭档是 女儿+妈妈+外婆 这样绝对哭死你们
,亲情固然感人，我也感动的哗哗的。但电影我觉得更应该带给我们的是思考，沉淀，和心灵上的震撼，而不单纯是哭哭笑笑而后忘的一干二净的感动。
,躲的了初一，躲不过十五，躲的了去年院线，躲不过今年六公主
,真诚真好
,这个电影的商业喜剧形式与情感内核有强烈的分裂不兼容感。贾玲对她母亲一生的愧疚，不甘，意难平太过于浓郁真实，导致完全无法走向商业喜剧所追求的那种合家欢正能量结局。而正是在这种持续到影片最后一秒的，强烈的，痛苦的，无法消解的所谓“负能量”，几乎让所有对女性广泛的生存现状怀有不满的女性观众产生了无法遏制的共情，因此也有了超越甚至批判其俗套外壳的女权主义潜力。这种潜力主要体现在两点：1. 因为无法以正能量收尾，这部电影在各种烂梗铺垫之后仍无法将母亲的牺牲简化地歌颂为理所当然的伟大。“她的人生本可以更好”，这样的意难平永远是为女性生存权益抗争的起点。2. 电影难得的构建了一个从“女性内卷”到“女性联盟”的清晰反转。能让母亲的人生变得更好的永远不是“赢过其他女性”，反而是女性之间的情感联结。
,贾玲演高中生好可爱啊，沈腾演的官二代也挺可爱的，是那种有冲突但没有坏人的温情喜剧。主线看哭。
,妈妈原来知道你是为她而来🥰喊着我宝跑去接住的时候好感动 有时候哭也不是感同身受，而是有点难过自己好像未曾拥有过
,"《你好，李焕英》看了以后感觉不是特别好，但也不是很差，所以我给三星半的评分。最后反转的时候，确实感人，如果没有这个设定，我恐怕只能给两星的评价了。因为主体上有很多尬剧情，可能是我笑点高尬点低，于是只看到了尴尬的情节。能让我笑起来的笑点不多。。。想起多年前因病去世的亲人，想起自己没能尽职尽责督促她吃抗压药，导致的脑溢血去世。想起来，就能与剧中那种不舍的感情相同起来。不知不觉眼泪流下来了。经历过失去亲人，才知道珍惜眼前人多么的重要！
"
,"《你好，李焕英》看完了，哭是肯定的，剧本也确实不够好。可想说说在故事里看到的一个题目，就是如果我们长大后发现没有变成小时候所期望的人中龙凤，还能不能让母亲高兴了。我想电影最后也给出了答案，时光倒流，李焕英仍然会义无反顾地选择爱情，选择能逗她开心的男人而非厂长的儿子，也不会生出那个考上UCLA导演系月收入八万的女儿。

在物质匮乏的80年代，人心是明亮的，大家活在激情岁月里，时代的滤镜充满希望，国家日新月异，家庭日新月异。80年代的母亲能工巧匠，在手头有限的物料里，给孩子最好的生活，连破洞的裤子都能缝补出花样。
既然母亲能在匮乏中让孩子快乐，为什么平凡的我们非得等到拥有什么才去回报，让妈快乐是很具体的很眼前的事情，不要让它变成遗憾。
妈妈，我爱你，爱你的青春，也爱你的白发。谢谢你给我补裤子。"
,"Q:贾玲的第一部电影，完美吗？
A:不完美
Q:为什么给满分?
A:没有低级煽情，却让我哭的不能自已，就凭她让我痛快哭一场。何况前半段还让我哈哈大笑不止"
,能把自己的心掏出来给别人看，有时候是一件幸事
,抱歉，一部喜剧电影，基本笑不出来，实在没办法给高分。两位男演员，一位的角色莫名其妙毫无作用，另一位都这模样了还演厂长儿子呢？小品式电影，各种拼凑。小品更合适，本身也出色太多。
,“下辈子还是我做你妈”
,结尾反转的时候，发现好的演技 好的剧本 真的可以骗到观众，明明有那么多蛛丝马迹，但是 英子 带着光芒的女性 把观众统统吸引了。 我妈妈也很喜欢，她觉得不做作，不为了让人笑而笑 哭而哭。
,“但是我妈现在还不会缝这些啊”，那一段也太好哭了吧😭
,"张小斐演的真好 感觉比贾玲好
结尾的反转真的升华了 或许很常见 但是不俗"
,情感充沛，技法稚嫩。贾玲太过想把自己内心的情感呈现给观众了，以至于全片在喜剧这个层面的表现都很是乏善可陈的，这可能是沈腾演过最不好笑的一部电影了，这种悲情向一边倒的安排在我看来是不可接受的
,五星感人，最后反转不生硬，春节档最佳电影，真的没有之一。
,敢于真诚袒露执念，这是一种商业稀缺，远远被低估。
,贾玲喝醉了在妈妈背上说“来世我当妈妈。”她妈妈说“还是我当妈妈。”这一段要哭死了，想妈妈了～
,有点吹过了，就一标准7分片。两个年龄段的“李焕英”都演的特别好。
,段子有点小品有点割裂，但妈真的买过第一台电视，真的打过排球，能把这些融进来，还是很用心了，真诚应该打败鸡贼吧
,真诚是最动人的东西了
,甩唐人3好几条街。
,没有感觉特别好，如果撇除十几分钟的泪点，其他部分都是很平庸的电影。这部电影最大的特质是真诚，还有最后打在字幕上的“从我有记忆起，妈妈就是中年妇女的样子”，这句话太动人了，太发人深省了。
,笑点还行，剧情逻辑很一般，大型小品。
,这是近些年来献给妈妈最好的电影
,集体尬演，强行煽情。
,让观众笑的同时还能笑中带泪，这不是靠技巧能做到的。贾玲在《你好，李焕英》里也不是靠技巧去和观众交流的，她是真掏心掏肺，心无杂念。这真的是她的人生，她的遗憾，她的渴望，普通观众在电影院里看到这种故事，根本抵挡不住，笑着笑着情不自禁眼泪就下来了。80 后也到了开始怀旧的年龄了，美好的 80 年代在好几部电影中都带着暖色滤镜出现了——不是那个年代真的有多好，那只是一代人再也回不去的理想国。光滑洁净的回忆，必定映衬的是坚硬冰冷的现在。为什么都开始怀旧了？因为意识到自己面对生活已经逐渐无能为力了。虽然可以刷抖音快手的短视频来暂时地麻醉自己，但你放下手机的同时就会忘记刚才自己在笑什么。真正能让一代人同悲共喜还走心的，还得是「电影」。
,3.7星。完成度颇高的导演处女作。1.贾玲打破了内地喜剧演员的导演处女作必扑街的魔咒。2.每个演员都展现了自己的喜剧实力，包括路人缘散尽的陈赫，好笑真诚不油腻，自带观众缘的沈腾浑身是戏。3.“打我们有记忆起，妈妈就是中年妇女的样子”这句非常抓人，击中观众心坎。4.笑点密集煽情适中节奏顺畅，最后的反转收割一波眼泪，这是贾玲送给妈妈最好的礼物。5.哪个妈妈科普下，9斤8两的新生儿大概是什么概念？6.有一句关于1和0的台词出现，全场响起一片女性观众的笑声，这是腐女的盛世。7.从演员阵容你就看得出，贾玲人缘挺好的。
,贾玲是动了真感情了，感人毫不费力，蕴含了80后对自己50后父母辈的歉意，感激以及遗憾，还有对80年代的怀念。笑点，泪点转化节奏很好。表演和情节上，也许感情更克制一些会更好，但是谁又能苛求在自己母亲面前克制住感情呢？非常出色的喜剧影片。
,张小斐特别好，贾玲的真诚太打动人了。看到结局再回去想那句“我说了我很幸福，你怎么就不信呢？”我的泪又憋不住了。如果是和同学看这部，我可能不会这么喜欢，但是我的李焕英就在我身边。珍惜每一秒，每一秒。
,太尬了，哪里好笑？哪里好哭？啥也不是
,好久没看到笑点这么密又清爽不油腻不自以为是的了，妈妈那条线也是给的出乎意料，有打到泪点
,看李焕英是不用动脑子的，因为母爱是本能，对母亲的依赖也是人类最原始的情感。眼泪就没有停过，贾玲真的是一个内心相当温柔的人，谢谢你和我们分享李焕英的故事，也谢谢李焕英带给大家贾玲这个宝藏女孩。
,万万没想到，春节档最大的反转剧情来自一部关于亲情的喜剧。
,还行吧，同样题材感觉没有重返二十岁，乘风破浪拍的好，想看也是因为有沈腾
,四分是为了最后20分钟的惊天大反转，也许整个影片想表达的就是妈妈给自己的永远比自己给妈妈的爱想象中的大。
,喜欢开始的时候，张江背着贾玲跑，背景由黑到彩，还有一家三口看日出的时候。在母女二人喝酒的时候，笑着演出悲情，在最后的高潮反转，令人太惊喜了，“你怎么就知道走老路不幸福呢？”张小斐的演技给了我很大的期待，笑着演完全场，想和家里人一起再看一次。    补个后评：在网上看到的，我理解孩子爱妈妈的心，但是我做不到像妈妈一样爱孩子，我最爱的还是自己。
,情感上想给五星，但是我好讨厌掉进情感漩涡和陈赫
,"走出影院泪流满面，没想到让我哭得最凶的居然是春节档唯一的喜剧片。整部电影情感起伏非常强烈，笑点与泪点齐飞，尤其比较感性的观众，根本招架不住影片结尾那个堪称催泪绝杀的反转情节。这也是为什么这部电影绝对绝对不能剧透，因为毫无防备的情感爆点力量才最强大，前半段笑得有多狠，后半段哭得就有多凶。《你好，李焕英》优秀得完全不像一部非科班出身导演的处女作，贾玲用自己对母亲李焕英的一腔真情，泣写了这样一首献给天下母亲的赞歌。它精准地击中了中国观众的情感点，描绘出了一代人心中独有的八十年代，更打动了人人都有的母亲情结。别的不说，春节档如果带家人一起来电影院，这部电影绝对是最合适的选择。"
,导演手法有很多力不从心的地方，八十年代太崭新了，好在真诚，看得到对母亲的爱。最后的反转是全片重点，但前面铺垫太少，导致后面的反转有些生硬。我没有那么感动，可能是因为“我总以为我妈是个中年妇女，却忘了她还有少女的时候”这样的叙述触动不了我（我妈太特例了），但也理解这样的叙述会触动很多人，某种程度上来说这可能确实是建立在某种中国家庭生态上的喜剧/悲剧/家庭情节剧。这个喜剧/哭点的背后，是一代代母亲奉献/削弱女性特质/为孩子付出所有铺下的情感基础。我们看完片子后希望自己成为穿越后的贾玲，但在现实生活，大多数人都是另一个贾玲，或者在努力在靠近穿越版贾玲的贾玲吧。
,哭死我了呜呜呜
,"看了一半 太难坚持了，好无聊。。。又尬又不好笑，坚持不下去了。最后20min强制煽情。说难听点，就是：贩卖亲情的道德绑架了。
往常贾玲的小品都好无聊的，电影一直坚挺在8+，以为真因为自己对妈的真情实感，拍啥惊艳作品了。结果，，实在能力有限，天花板在那😐。
8.1分真的太不客观。"
,立意、创意都好，感情很真挚，作为喜剧，包袱也足够密集，但作为一部两个多小时的故事片，依然存在严重的缺陷。它的故事情节是散的，人物除了两个女主角，其余全是功能性的，打酱油的，与主角之间缺乏深层次的连结与互动，以至于使两个女主角之间的连结与互动也失之浮浅。给人的感觉是，创作者一直在四周热烈试探，却始终不敢步入中心。或许，这是人在面对无法释怀却又不忍面对的记忆时的本能反应吧。
,贾玲和乔杉怎么那么像
,两个小时的电影，90%的时间在狂笑，几分钟一个包袱，后面的突然转折，意料之外又是情理之中，让人潸然泪下。很好的一部电影，推荐大家去看。
,对贾玲没意见对张小斐没意见但是电影是真难看
,看完感觉参加了一场葬礼
,8.0/10，胜过夏洛特烦恼，有泪有笑。相比同期唐人街的毫无节制，这部电影克制的非常好，笑点不闹腾，泪点不刻意。
,劇作有不少偷雞的地方，但基本的結構都碼齊了。疏漏好像也不太重要了，敵不過情感真摯，尤其看賈玲哭成個淚人時很難不觸動。
,不要忘了 每一位妈妈都曾是花季少女🌹
,作为子女，能如此用心地为父母拍一部影片，这说明贾玲的内心是一个情感丰富，懂得感恩的人，她火是有原因的。
,D / 整体编排仍显局促，但好多场戏都捕捉到了人物视角与叙事视角的差异来制造细微且沉稳的幽默感。这种双重构造更是直接作用于人物的选择，并在叙事者的角度为身处诸多“命运”中的人物打开缺口。哪怕“天要下雨”仍能投入雨中背对背相拥，哪怕是“厂长儿子”仍有可能在表演中博得欢笑——但这种矛盾只是被暗示，从未被解决。因而最终反转的力量绝不仅仅在于加深人物情感关系，更在于提升李焕英这一核心角色所处的叙事层级，从而让人物自觉揭示这种分裂的悲剧性：为何“健康快乐”的理想与追求“长脸”的成功学法则愈发无法摆脱地纠缠在一起？如此一来，影片并非没有看到前后两个母亲形象的断裂（或者说这种断裂可能只有在极度纯粹的怀乡病视角才成立），而只是在一个相对凝定的历史节点试图描画这种分裂的图景。至于更深的回答，它只能沉默不语。
,并不是剧本好或者摄影手法好，整个拍摄内容最多三星，但结尾确实太好哭了，谁不想跟年轻时期的妈妈见一面呢，哪个妈妈没年轻过呢，哪个妈妈不是曾经也拥有梦想呢
,"7.0/10
同《夏洛特烦恼》互为优劣，若论喜剧感和年代元素的运用，《夏》是比《李》强很多的，对比之下，后者反而显得生硬稚嫩，甚至与主线脱节。可前者的成功，更多来源于数百场话剧的敲敲打打，是对得起价钱的商品，却也只是商品。而本片赢就赢在情感真挚上了，看得出贾玲并没有照搬原作小品取巧，而是很用心地串起母亲生前事迹，就连广受好评的《依兰爱情故事》都没用，足以看出贾玲铁了心想做的只是精神改编。另外本片还有两个高明之处：一是真正学会了用反转作戏，让煽情段落与剧情推进紧密联系，而不是简单粗暴去挠你哭点；二来电影感很强，几处视听小创意属实惊艳，剧组里应该有不错的人才吧。
另外感慨一点，李焕英这名字现在真的家喻户晓了，贾玲让妈妈活在了千万人的心中。整个大华语区这么幸运的母亲，除了她，也就只有叶惠美了吧。"
,啊，贾晓玲的妈对她也太好了吧，如果我拿假的录取通知书骗我妈，那我妈就会让大家知道什么叫血溅当场，而明年的今日自然就是我的忌日。
,看到结尾电影院里哭成一片，后排一个男孩子不停抽泣。真实的故事最感人，真实的情绪最动人，在我也即将成为妈妈的这个特殊时间里，旁边坐着妈妈，肚里揣着孩子，这场电影我大概一辈子不会忘。
,"搞笑是真搞笑，感人是真感人
整个放映厅都哭惨了，一时分不清是电影里在哭还是观众在哭…
可能因为之前看了综艺里的宣传，知道贾玲的故事，就更有感觉了…"
,今年春节档最好看电影，笑点真的很密集而且不是那种是尿屁段子，全场基本都在大笑中度过的，剧情不复杂但是最后给人带来的感动就像前面的笑声一样，能在这样一部真正有笑有泪的电影看到真诚。张小斐演得真好，贾玲第一次当导演能导出这么高好的片子真的很厉害，用心又真诚
,有人说作为一部电影拍很烂，但是电影的本质是什么，不就是传达信息吗？贾玲能够沟通这种方式把对母亲浓烈的爱意和遗憾表达得淋漓尽致，作为观众我感受到了。这部算是春节档唯一合格的影片了吧。
,韩寒上个电影是儿子回去见爸爸，贾玲这个是回去见妈妈。估计很快就会有电影是女儿回去见爸爸，儿子回去见妈妈的电影。我最后也哭了。贾玲没让大伙失望。看的时候还在想，这个表妹认得有点儿突兀，原来是为了成全女儿，很酷的点子。用心了。
,看完不得不再提起周杰伦的高光作品：双人穿越+反转剧情 再度证明单线时空旅行是最能让人共情的 / 当然破绽也很多 尤其不克制煽情 很希望结尾停在张小斐刚穿越落地时的回眸 / 但作为贺岁档且贾导非科班出生 能拍到这种程度也算很真情实感了
,是很多导演一辈子也没法用学院派或旁逸斜出的技法与才情堆砌出的一部电影。挺俄罗斯文学的。我们心中都沉睡着浪费妈妈一生时光的愧疚，不配感，和很难言说的侥幸。耶稣是神化的圣子，而玛利亚却是近在咫尺的普普通通的母亲。
,好小品 张小斐在河堤上走的镜头好美
,"笑点挺多，而且不是段子合集。
穿越设计也不落俗套。
春节座无虚席的影院有恍如隔世之感。

影片最后打动我的竟然是最后的字幕，尤其是那句
“打我有记忆起，妈妈就是个中年妇女的样子。”

这穿越，终究是好梦一场。


"
,只有一次的随机分配，我怎么就这么幸运遇到你们做我的父母呢？来到这个世界，谢谢有你们收留我。
,既没让我笑也没让我哭，每个“爆笑”段落都尬出天际，最后又来一个大型煽情。片尾曲第二首是啥玩意？第一次遇到这么赶客的片尾曲。还有那段女儿撮合妈妈相亲的戏，跟这个年代催婚的母亲们有啥区别，约等于把“时代倒退”几个字打在了大银幕上。唯一让我共情的点在于即使是有李焕英这么好的妈妈，做女儿的也一直一直在努力想让妈妈高兴。这说明大多数母亲都让孩子感到亏欠，而孩子却在无条件地爱她们——宁愿不出生，也希望妈妈能过得更幸福。
,被真情实感感动到了就没什么理由不打五星了。
,我想起了最后一次见我爸，他拿着一袋用塑料袋装着的杂牌绿茶饮料来奶奶家看我，他那天喝了一点酒，和我奶奶说他想接我回家住几天，奶奶不太放心，拒绝了他，然后，没有然后了。我爸42走的，脑血栓，10多年了，今天有点想他，特别想他
,最后还是去看了。女性视角，女性反思，女性互助各一星。但作为一个小品很合格，作为一个亲情电影真的有点按头问你“你怎么还不哭呢？”的压迫感。
,"母亲是什么时候成为母亲的？“你”无从知晓，因为你无法经验没有你的世界。
“车里闷”，好，那开敞篷的。只不过是一个人了。"
,喜欢贾玲，但是电影导的真不行。 拥有所有烂片的共同点:故事的推动没有核心逻辑，纯粹的段子拼凑，段子还都俗套的要命。最后还要强行煽情，贾玲的演技也崩了。
,打动我的是贾玲本人，而不是电影本身。
,笑料是尚可费，感情是真挚的，价值是陈腐的。希望有天母亲不必伟大，儿女也不必长进，也能放过彼此，问心无愧地得到对方的祝福与爱。
,没有必要抬这么高……
,前面笑成傻逼，后面哭成憨批
,"2021年的第一部电影。四个人看完，只有我一个人落泪了。最戳我的是&#34;我来不高兴吗？&#34;&#34;高兴。&#34;&#34;我还能让你更高兴。&#34;
&#34;妈，下辈子我来当妈 &#34;&#34;下辈子还是我来当妈&#34;
身为子女，我们能理解父母的付出与无私，但是却无以为报。

"
,就，为什么伟大的妈妈一定要在下雪天走路回去，小学作文用烂掉的梗啊。多一星支持女性导演。
,我没有能力让我妈的名字像李焕英和叶惠美一样响遍世界，我只能永远把她记住。
,"虽然“天上掉下个妈妈的宝”这样的穿越方式有些拙劣，但如果要写全天下父母儿女一场的感情，拍摄手法和技巧完全是次要的，重要的是真情。《你好，李焕英》最不缺的，就是贾玲对早早故去母亲无法投递的真挚的情感，以至于我感觉她特别渴望去参与每一场哭戏，通过大屏幕把情感传递给更多的人，好让人替她承担点过于沉重的爱意。

前半段女儿独自穿越时，她努力想让母亲活的更好一些，后半段母亲跟着一起穿越更让人泪目，她想让母亲知道和亲历她对妈妈迟来的爱。但在真正的世界里，早早去世的母亲，她已完结的生活既不会更好，也不会知晓自此以后女儿一辈子的遗憾。

父母子女一场，感情是有方向的，长辈的势能总比晚辈高，感情就从长辈流向晚辈。所有人在任何时代都莫过于此，正因为大家都经历过类似的遗憾，所以才能在电影里得到慰藉，并哭了出来吧。"
,未来可作为中国版“是电影(Film)也不是电影(Cinema)”的绝佳例证。
,看过小品但依然被惊艳到了，对妈妈最后的部分简直是神来之笔
,前期特别搞笑，乔杉骑自行车出来那个镜头绝了！后期看的我哭的，眼线都花了！5555！我决定了，接下来两周会好好听我妈话的！
,我始终相信，不管技巧高超与否、表达形式如何变迁，也不论古今中外、时空转变，打动人心的永远是最真挚的情感。
,贾玲在王牌说：我把心掏出来给你们看了。呜呜呜呜呜呜呜，你确实是，这么多年第一次在电影院哭到抽抽
,这完全不像是第一次拍电影能拍出来的作品，太让人惊喜了，年代感很足，代入感很强，细节考究，最重要的是这些跟剧情非常搭配，完美的跟剧情融合在一起，情绪渲染饱满，竟然一点都不尴尬，一点都不尴尬，竟然一点都不尴尬！
,哭完了，还是要知道，这个世界是机会主义者的，片里的人一旦没抓住机会，人生就废了。。。
,为贾玲成为中国票房最高女导演以及瘦成一道闪电出力。导演处女作真的是掏心掏肺了，最后哭湿口罩完全没错，谁知我妈最后却犯困快睡着了…作为导演的起点略高，不知还会继续导演之路否？
,除了二人转那段开头感到尴尬以外，后面半小时隐形眼镜都给我哭掉，突然想到了电影的最基本的作用，圆梦、完成纪念的使命。
,可以感受到贾玲的真心，贾玲的处女作是及格的。但是，剧情真的很常见，没有讲出新意。电影的立意也不高，贾玲穿越回去想让妈妈过上更好的生活，竟然是想通过嫁给厂长儿子这种方式……最后的反转是很感人，我也看哭了，但是一直强调妈妈的付出真的好吗？妈妈就不能做一回自己吗？我希望妈妈能从母亲这个角色中解脱出来，先做自己，再做母亲，不做母亲也没有关系的。中国母亲被社会压迫太久了，不要再为家庭为子女付出所有，甚至牺牲自己。无私奉献太久，再加上整个社会都不允许母亲寻找自我，势必会希望从子女身上得到回报，也就是想要子女有出息，子女也会感到窒息，恶性循环无穷尽矣。希望以后多点母亲活出自我的电影吧，母亲只是一个身份，而不是被定义的角色。
,同是长矿子弟的我在电影院哭湿了口罩，这些年因为种种原因对母亲的抱怨在观影中释怀，好想回到小时候，妈妈年轻壮实的时候，在大雨中背着我上学，清晨手忙脚乱的给我穿衣做饭，傍晚厂区宿舍里她声声唤我回家吃饭，在医务室里紧紧抱住哭喊的我让医生打针，一个月几十块钱的她给我买了一块上海产的梅花牌手表……记忆里我儿时的世界全是她的身影，可我不但资质平平从未给我妈长过脸，成年后还让我妈操碎了心，把自己的无能转化为对父母的抱怨……一夜未眠，除了好好生活好好工作之外，无以报答母恩。
,虽然非常抗拒情感炸弹，但看着贾玲从心底涌出的泪水很难不被打动，整部电影就是一场私人祭奠，她做这些不是为了让你笑让你哭，也不是为了成为什么票房冠军，她只想宣泄再也无处投递的不舍爱意
,确实是非常出色的一个小品
,《你好，李焕英》满满的都是贾玲个人的生命体验和人生感悟，特别的朴素真实，它的情感力量大于故事，贾玲的人格魅力也大于故事，这是电影最大的优点，也是电影问题的根源，它造成了电影的叙事太零碎，节奏慢频率还低，出场人物太多，主角不聚焦，甚至可以说是没有真男主，本质上还是个“段子电影”。
,很成熟的包袱频出的喜剧电影，贾玲的处女作很成功！此外摘一句傅首尔的影评：时光倒流毫无意义，因为那些至关重要的决定，重来一次，也还是会那么选。
,贾玲这女子，有点东西
,电影纬度肯定不及格，粗糙的视听语言和“非电影叙事”的小品拼凑感都很扣分，可依旧被结结实实的击中了，触动点不是反转后的煽情（因为当你意识到这是有意煽情后它就基本失效了），而是作者真挚的自我解剖和完全剥离“男性凝视”的女性之美，张小斐的一颦一笑胜过千言万语；所以啊，贾玲几乎是凭借一己之力打爆了春节档其他中年油腻男导演的狗头，绝对值得被鼓励
,"情感真挚，演绎动人，剧本有创意有细节，意外的反转情感冲击力巨大，击溃了所有人的泪腺。
妈妈再来一次还是坚定地选择了那个他，生下她的宝。不求大富大贵，不需要更好的选择，只要是你们陪我，就是最幸福的一生。无论我们有多么普通，都是妈妈心里独一无二的宝。
最后的回忆是像是妈妈生命力耗尽前的走马灯。“李焕英才是这个梦的创造者，在弥留之际抚平女儿的自卑和自责。”"
,"口罩都哭湿了
妈妈真的伟大"
,"作为电影完全不及格，就是一个最低级的烂小品，所有编剧方法都老到死并且无趣并且完全无效。
造成我人生中哭得最不行的一次看电影体验，就是可以哭厥过去的地步。
今年的票房这么高完全可以理解，观众并不是为了一个成熟的优秀的电影产品在买单，而是为了一种情感在买单，这就是中国电影市场的财富密码。贾玲吃包子哭加上张小斐回头的那五分钟戏就是中国人对自己母亲的共同视感，中国人的情绪死穴，观众走进影院只买了这五分钟值六七十块钱。"
,的确是一部只有女儿才拍得出来的电影。与其说献给了每一位平凡的母亲，不如说是献给每一位不大愿意接受平凡真相而又蛮需要哭一哭的有（过）各种情绪的女儿，比如我……
,好看没有办法用理智评分
,是一部足够真诚的电影，从头到尾都承载了太多贾玲对母亲的情感寄托。真诚是这部电影最大的优点，也仅此而已。
,给贾玲的真诚五星，非常私人的影片。重返十七岁颠倒版，亲情穿越梗和时代滤镜讨喜。意外的是官僚讽刺和最后的小转折，认出母亲之后开门的那一刻期待影片在这里结束。
,全程边哭边笑，女性导演的视角真的太细腻太能引起共情了
,哭到头疼😭 看完以后躺在妈妈肩头说 妈妈我爱你 我很幸运有你；妈妈说 我也是 有你做女儿 这辈子很幸运。
,它的成功喜闻乐见，但过后不妨也想一下，影片除了真诚还留下了什么？就像我们的母亲，除了&#34;奉献&#34;她还有别的展现姿态吗？
,可能很多人眼里妈妈都是中年妇女的样子，但别忘了，她也曾是花季少女～
,赢在真诚
,作为一部电影，它的节奏有很大问题。可是它的感情又太真挚了，让人无法客观给出评分。
,贾玲放了真感情进去，但导演技术还是稚嫩的，看到了不少影片的影子。还好是沈腾救了场，那个角色他演起来观众也还买账，但凡换个人演，就垮掉了。
,在电影院憋着哭好难受，如果可以我想嚎啕大哭。
,最后10分钟这劲儿可真大，周围都是擦眼泪的；小段落节奏有一点点问题，几乎可忽略不计；沈腾的表演克制了许多，刚刚好；太有诚意了，纪念自己的母亲、新人导演处女作，我不听我要给满分
,本以为是加强版《夏洛特烦恼》，但结尾可真是大催泪弹，瞬间显得唐探3的煽情更low了
,笑料设计挺勉强，沈腾加盟也还是不够。讽刺领导那段是华彩。最后的反转很加分，煽情力度略过，但好在情感真挚。贾玲也许无意创造什么奇迹，只求与妈妈的和解，或者说是与自己的和解。但因为真诚，所有人都愿意挺她，希望她能让妈妈高兴一次，好好赢一把。
,😭我算是懂了什么叫真情实感的创作了，哭稀了，多的不说了。
,太刻意了，结构方面甚至可以说还是个小品
,三星半。感动，不是电影层面，而是故事本源渗透出的母女情，真诚到令人泪目。能看出贾玲为这部电影做了大量的功课，里面有《请回答1988》、《奇怪的她》、《阳光姐妹淘》的些许影子。魂有了，可惜还是一则升级小品。
,放在春节档可以说非常合适，贾玲一直是个非常真诚的人，这种真诚也反映在电影里。最后的部分让整部电影从单纯的搞笑与卖情怀得以升华，逝去的80年代和去世的母亲，已经做的很合理了，有笑有泪，也有艺术，春节档看的第一部还是比较满意的。
,感觉一般吧，就是哭哭哭的电影，太煽情了，拍摄表现手法感觉也是有些稚嫩，片尾曲不错
,其实看得出拍的比较稚嫩 但是题材很好 谁不爱自己妈妈呢？后面反转是意外之笔 没想到是一起穿越回去的 五星吧没的说
,这反正不像是个电影，但是太真诚了打动人心，最后贾玲哭起来的时候心都揪起来了。
,唉，感动是感动的。但是母女关系搞成这样，实在是让双方都太累了。
,贾玲用心了，真的用心了
,"小品变得电影，母亲题材。
一看沈腾贾玲他们都在，第一反应就是喜剧，但总体真的不错，喜剧+煽情同时存在，切换得当。
剧情也是不错的，穿越的真真假假当中，突出主题"
,哇不知道是怎么了，现在这种平平无奇的烂片居然可以被大锤特吹，票房可以大卖特卖。
,比春晚好看，真情实感足以弥补结构上的不足，肉眼可见的满满诚意
,看完我只能说中国的电影业没救了……
,"笑点非常密集，从头笑到尾，特别是划船那段（而且居然有点磕晓玲和冷特的cp哈哈哈）。最后结尾非常感人，在电影院默默流泪。一句话来形容最贴切不过：妈妈明知最后奔向的是死亡，却还是选择了你做她的女儿。
她奔向的不是女儿，而是死亡啊(๑•́ωก̀๑)这个电影真的值得二刷，因为可以从妈妈的视角再次解读一些话和一些事件行为，比如结婚证那么重要的东西，为什么一个亲戚给你撕了你一点都不生气。真的很棒的一部片子，值得满星！"
,前面一直都在想这片为什么有8.3，后面二十分钟明白了。母女关系讲完一层表面的弥补亏欠，还能再反过来讲一次亏欠不可能弥补，这个不新但是挺有效的。真诚最动人，贾玲每一滴眼泪都是发自肺腑。希望女导演们能更类型、更完整地表达情感。
,30/100 俗套至极的剧作本就奠定了不佳的观感，而后大篇幅的自我感动更叫人尴尬得无地自容。也许贾玲真的把电影当作了小品，如乱炖的类型语气割裂了所有闪光点，却依然妄图用“真实事件”来掩盖除了俗套的情感升华什么也不会的事实，并且前者早已在矫揉的煽情桥段里被消弭得一干二净。在影院看纯粹浪费票钱。
,虽然说最后反转当下没想到，但想想都是那个套路，可只有反转没用啊，前面都散架了。
,从电影开头我就一直在想什么是她们说的“有出息”，结尾处我终于明白了，哦原来开着敞篷车过上好日子就是有出息。“大好事”是“嫁对人”，母亲最终的选择则被归于母职。虽然但是，我还是哭成了个傻b
,重来一次，我还是会毫无犹豫的选择你。
,欢乐喜剧人大电影，就这种把小品拍成电影的片子都能卖出50亿，我只能说是因为很多人屎吃多了，偶尔吃到点土就觉得很香了。
,结尾反转太好哭了 感情过分真挚 没法客观评价
,文无第一，武无第二，打死我我也觉得好看，我认为艺术最基础的就是情感，你就算技巧用得再好，没有情感，那也没什么用，反正这部电影触动我了，我就认为这就是一部好的电影，反观春节档其它几部电影，我就认为人潮汹涌还不错，唐探拍得没法看，刺杀也get不到他的点。总之，我觉得这部电影用心。
,可能是宣传导致期待值太高了，看完很失望。整部电影给我的感觉就是粗糙版的《夏洛特烦恼》+《重返二十岁》+《我和我的祖国》。在妈妈说那句“我觉得我这辈子过得特别幸福，怎么就不相信我呢”的时候，后面的“反转”剧情差不多就猜到了。整体的原创性不高，前半段笑点也很尴尬，过于直白外放，剧情设置也有点生硬，部分画面甚至有些恐怖诡异。
,吹过头了吧
,感人是真感人，好哭是真好哭，真挚是挺真挚，但是镜头语言和调度也的确不行。让我无法从电影的角度给出特别高的分数。还是推荐去看的。看了第二次还是能哭到浑身发抖，和母亲有关的电影果然是我的死穴。
,不好吃，但美食一条街只有这家店了。感谢吧。。
,2021年2月5日，妈妈永远离开了我。直到现在都感觉很不真实，这个新年过得太难受了，多么希望只是一场梦。选了这部电影，想给自己找个情绪出口，确实很好哭。总说要不留遗憾，但真的只有人没了，才知道自己真正失去的是什么。
,母爱的伟大不是情节刻画出来的，是观众自己想象出来的。搞笑的对于逗乐观众很成功，但对于一个完整的故事来说，情节过于散，包括假学校，抢电视，五个女排员，划船，演小品，还有不明所以的贾玲陈赫cp。但这一切可能贾只是为了尽可能还原母亲的生平，才做了这样平淡简单贴近事实的处理。所以加半星吧
,生姜对生发屁用不顶
,就算考虑到处女作的友情分，最多也就三星。人物塑造地非常纸片化，一点也不丰满，笑点俗套，穿越过于生硬，最后强行煽情看着尴尬。而且我反对最后那行字幕，因为把母爱伟大化是对女性的道德绑架。
,作为电影还欠火候，剧本也不丰满，价值观比较主流，但是笑点不断，泪点饱满，反转有力，看得人情绪跌宕。有沈腾这成功经验，想必做到这一点不算太难，我更感动的是，能以这样的方式，成功的作品告慰自己的母亲，贾玲很棒。上一次有印象能吸引巨量大众去关注自己家人的明星还是周杰伦。
,贾玲表达私人情感的电影，共情点不多。
,挺好的。所有俗梗都找到了合理的情感位置，真诚得让人无话可说，虽然是简单的段子编排，但这也是一生只有一次的作品。
,看之前：让我瞅瞅老百姓爱看的能是啥货色。看的过程：果然笑料好尴尬特效好廉价煽情好肉麻。看完了：嗯，票房冠军就应该是这样的，中国老百姓就应该爱看这个，我就是个老百姓。（抹了把眼泪）
,水平有限 赢在导演流露真情引发共鸣
,观众是会被真诚与爱所打动的。（2022/M1）
,开场十分钟就打响了流泪的第一枪，最后就一直哭，唉，我也知道我做不成什么事了，但是起码活着我爸爸妈妈就开心，不能把这点都拿走，我真的不希望她伤心，如果不能做什么让他们开心，不让他们难受就行，说不定以后会好，一家人一起看电影就很好，以后可能也会有很好的事发生，对吧
,从头哭到尾，全程暴风哭泣，哭到无法呼吸。这不是对电影的评价，这是一种极其剧烈又私人的共情体验。
,按照一般套路跨界导演，还是春节档大都是烂片，结果着实被贾玲打脸了，后半段坐在影院里哭的快赶上泪奔嗯贾晓玲了。三十岁了没有什么让老妈骄傲的地方，还让家里操心，别人家的孩子都是结婚生子买房买车了。我何尝没有她的想法呢，如果换一个孩子老妈会比现在幸福吧。这大过年的，笑着笑着就哭了。
,不想打五分，但是真情实感不得不给五分
,这特么不比“唐探3”还难看啊。。动情的友邻真心推荐原小品《你好，李焕英》，当年确实让我稀里哗啦。小品有四两拨千斤的力量，电影则笨拙无比。诚然可能面对同样的故事，贾玲的情感当然还是无比真诚的，但她真完全不知道如何在电影表达，全片都充满蹩脚的尴尬。
,"得，今年春晚没看，这部超长版小品找补回来了。前面搞笑老套（没笑），后面强行煽情（没哭）。
有了贾玲的这份孝心，她的妈妈一定会倍感欣慰。"
,哭死我了，拿了一包抽纸，用了半包。我左手边的我妈哭得比我还凶。她说“每个人看这部电影都会想起自己的妈妈”
,本来没觉得够8分，7分合适，但看看唐探3，还是给8分吧，全靠同行衬托。
,春节档电影票价很贵，选来选去还是看了这部，倒不是喜欢沈腾和贾玲，而是抱着宣传的噱头:喜剧片才带着爸爸妈妈去看，看完之后只有一个感觉，喜剧片不是各位的噱头，特别是春节元旦这样的档期，还有希望各位对喜剧演员的包容度稍微减一减，沈腾贾玲尴尬至极，还有一个要命的陈赫。。。。
,树欲静而风不止，子欲养而亲不待。对于大多数人来说，可能前一句说的是人到中年的处境，后一句则是永远抚不平的心情。
,中国式情感绑架的畸形关系，在不断的互相亏欠里自我感动，的确真诚但不该仅仅是这样。
,妈坐在旁边，不敢哭出声。
,觉得感动的点是 焕英在重走一遍人生的时候选择了同一条路 “一箪食 一瓢饮 在陋巷 人不堪其忧 回也不改其乐” 电影四星 第五颗星是他对我的意义
,喜剧小品+煽情mv，根本没有电影感，一如开心麻花的舞台剧，笑点很多但是大部分很尴尬。制片人看到了小品竟有如此巨大的市场潜力，以后估计会有更多小品被搬上大荧幕了。
,视角没有偏颇吧，李焕英的形象本就来自女儿对母亲的记忆修正，实际上，所有的电影都只关于局部。
,mv级别的电影
,"整个电影院都在哭。每一个人都在哭。每一个。

贾玲厉害。"
,"为母则刚
天要下雨  粮要解营
题外话：这个比唐探3笑点更高级、更多"
,羁绊，故事很烂，最后结尾被迫加分，看到这样的结尾谁都很难不动情但又十分不情愿，感觉又是一场被迫参加的表彰大会
,"很稚嫩的导演，很真挚的感情
事先知道贾玲的故事，看到电影里她的再次讲述就觉得她是把自己的心剖给观众看
李焕英妈妈，贾玲真的成功了！"
,这五十几亿来得有些未解之谜的意思
,实在不知道如何看待这种粗糙的表达。感觉过于依赖硬设定了，一旦稍有偏移整座大厦就会轰然倒塌，贾玲没有为自己的眼泪留下任何余地，自然也意味着李焕英很难能有别的选择。为什么要给黑白影像上色？就为了最后那个美丽而虚假的特效夕阳吗？就为了给“母亲”打上圣光？最后与“母亲”相认了又如何呢？当“父亲”和“80年代”一并成为可更替的背景板，这一切都是架空世界的凌空舞蹈。它其实更像是拍给姐妹的电影，而非母亲。
,哭之笑之，是可以沉浸的情感体验，所以给到四颗星。但是一切的感动建构在死亡之上，就像泰坦尼克号沉没才让爱情显得伟大，李焕英的去世才让亲情显得伟大。如果船不沉，杰克和露丝可能会为了孩子的学费吵架；如果李焕英不出车祸，可能现在正催着未婚的贾玲找对象。但凡活着，万事归于俗套。所以我很不同意用死亡的逻辑争取活人的感动。如果可以，我更希望李焕英为自己活着，我希望他花钱坐了那趟公交车而不是省钱走路过得如此苦情，让大家少一点亏欠感吧。
,还是超出预期的，因为我不是很喜欢小品。结尾双穿越的设定很巧妙啊，但感觉结尾还需要再打磨一下，有点突兀。喝酒那场戏简直可以提名影后，是我看过最逼真的演出，实在太真挚了，根本无法抵抗。真诚的力量太强大了，完成度也还比较高，有笑有泪，三星打底一点毛病挑不出。作为粉丝多给一颗星，贾玲第一部电影鼓励一颗星
,少林足球变中国女排，最终仅化为“相亲厂长儿子”的激励事件，留之事倍功半，弃之笑料不够。玲为妈好的战略的合法性始终未解释，跟了沈光林，“就没我啥事了”，角色却并未因此纠结；本来该幕的功能是，攀官二代还是顺从本心，究竟谁为正道、影响几何，既可深入了解母亲少女时代，亦可弘扬正能量，但因沈腾太出色，此价值被掩埋后转移。突然冒出来秘密情人，完全颠覆之前玲的主动性的价值铺设，导致焕英的改变（省悟）跟玲的闯入完全无关。正因为玲的穿越为妈好的策略的合法性和效用完全没扯清（或者说，在穿越里为妈好本身就是幻象且虚伪，跟死后哭孝一个性质），才将价值转移为，妈懂女儿的为妈好即为好（陪你玩一场游戏）；实质是，对如何讲述一个普通的失意的对家人有愧的人的人性闪光点束手无策。比如，考上省艺校，顶个球用？
,嗯，观众们对喜剧的包容度挺高的，小品版就没看出个所以然。
,我全程无动于衷，旁边两个大妈也没啥反应，倒是听到前排年轻人抽泣~能感受到贾玲用心、真诚，但感人的是母亲本身，而不是电影。这种煽情porn真的对观众的成长没啥好处。中国母亲已经很苦了，虽然她们自己并不觉得，“牺牲自我、为了孩子、绝不叫苦”仿佛是中国一代代母亲摘不掉的标签。这些形容词已经常常让人们忘了母亲首先是一个人。真的很希望电影作为一种媒介，能够引导我们走出这种传统的畸形的亲子关系。
,笑点流畅。哭点不刻意。贾玲。真有你的
,看了影评后，特意约妈妈一起看的。可能因为被一定程度地剧透了，所以前面很多暗示的小细节哭得比较厉害，发现妈妈也穿越了那里反而平静了许多。看完后跟妈妈散步回家，聊了我和她，也聊了她和外婆，算是成年后聊得最深入的一次。妈妈为了这个家庭真的牺牲了很多，希望自己以后能尽可能地让她快乐。
,这也能拉到钱还能挣到钱，真是行业和市场的悲哀。
,真挚的情感是没办法表演出来的。贾玲是在掏心掏肺的展示，演不出来这个效果的。反转设计很巧妙，沈腾乔杉是点睛之笔。
,"中规中矩，但影片中流露的真诚打动到了每个人内心最柔软的部分，加上扎实的喜剧效果，整体观感对于大多春节档观众来说无可挑剔也可以理解。

贾玲多场戏都特别真情流露，她对母亲那份沉重的思念很难不让人鼻子一酸。电影角度也看得出她的认真对待，不难想象她为这部电影付出了多少。果然一个人认真对待一件事，是会发光的。

即使影片本身存在很多问题，但大可不必质疑它是否值得如此高票房。多多反思背后的原因，中国电影自然就会进步。

电影是和妈妈一起看的，我在异地住院，她从家里赶来照顾我，见到我说，不知道怎么，明明是离开家，但见到我就有一种回家的感觉。
"
,沈腾真是绝了，我笑的最开怀的情节都来自腾哥。所以小斐是为了把贾晓玲生下来才没选择沈光林吗？放弃了已知的更好的未来，选择一条老路，只为了还要这个女儿。咋说呢，虽然不认同，但是很感动。哭主要是因为贾玲，演的太好哭的太有感染力了。
,后劲太大了
,这年头，有一部感情真挚的电影真难呐。
,是在贾玲跟妈妈说她以后会有一个考上UCLA大学 月薪8w的女儿时破防的 当妈妈跟玲儿说“我这辈子很幸福你怎么就不信呢”时 听到坐在我后面的小女孩问她妈妈“妈妈 你幸福吗”...
,一开始还以为是韩国小说改编，误会这部电影了。 很成熟很稳得片子，从英子伸手去接我的宝儿开始一路哭到结束，讲了一个好故事，希望贾玲可以弥补一份遗憾，妈妈一定为她骄傲。
江苏,虽然有些俗套，但那句“她还不会啊”真的泪奔~
江苏,温情
黑龙江,看电影的时候哭了好几次，特别想我的妈妈，张小斐演的真好，母爱是伟大的，是细腻温柔的，不过沈腾闹肚子那一段真的是让我笑到不行了，太搞笑了
重庆,这电影非常一般，不知道当时为啥那么火。
山东,能感受到对妈妈真诚的 爱
福建,沈光林划船那段可太乐了呀，沈腾演得很细致真实，主要就是为了看这段二刷了这部电影。第一次和小伙伴一起去电影院看的时候，觉得很多情节是故意煽情，我全程是个看同伴流泪的没有感情的菠萝头；这一次母亲节刚过，和妈妈一起看了这部电影，突然也好想回到过去看看父母年轻时，风华正茂、高大如山的模样。
北京,还不错👍
湖南,补录。一般
河南,有些人很多余
山东,"张小斐在电影里看贾玲的神情真的很动人，喊“我宝！”的时候我也忍不住流泪。
最后结尾的时候，现场有几个孩子和着电影里插曲一起在唱：
遥遥的天之涯 萱草花开放
每一朵 可是我 牵挂的模样
让它 开遍我 等着你回家的路上
好像我 从不曾 离开你的身旁

孩子们的妈妈就在她们身旁，这是最幸福的事。"
广东,挺好的 有笑有泪 后面哭的稀碎 
福建,有笑有泪，值得看。
山东,妈妈的爱是最伟大的，没有之一
贵州,就冲贾玲的自知之明也值得7分了
广西,致敬母亲的电影，是有深度的。但有些画面看起来就像二流电影的滤镜加成➕稀烂的特效堆叠。陈赫很出戏，演什么都像曾小贤。咱们贾玲姐拍的第一部电影，总体来说还是不错哒。所以女导演们要站起来，多多使用女性视角叙事，体现咱们女性的细腻。电影中不足的今后多加学习，这样瑕疵更少就更棒啦～
江苏,从坐下就开始想哭了。
浙江,"杀我别用亲情刀😭
最后发现妈妈也穿越了真的哭得稀里哗啦
在真挚的情感面前，剧情的好坏好像已经不那么重要了"
浙江,没哭，但我觉得还可以
广东,催泪
上海,沈腾的那段最好笑，最后反转最催泪，昨天母亲节看此电影，泪更多了。要对自己的麻麻更好一点！
广东,三星给贾玲和张小斐 两星扣给陈赫
山东,还不错，笑点和泪点兼具，很有诚意的片子，虽然票房高的让我惊讶，就是感觉这种以感情为主的片子不至于，也算是特定时期的现象吧
山东,看完很感动，但记忆点有些模糊
美国,妈妈，母亲节快乐！
山东,挺不错
湖南,高高的萱花草，这首歌原来不知道有这么好听。适配这个剧情，不一样的情感递进，虽然是很常见的穿越题材，但是娓娓道来的母爱故事，以及演员们的细腻演绎，温情和搞笑穿插，是一部不错的电影，值得五分。
浙江,一般般，很过誉
江苏,一般
江苏,7
湖北,重刷这部电影，还是看得直不住眼泪。看到很多批评电影歌颂母爱自我牺牲，而我只看到了贾玲对母亲的思念和遗憾。我的妈妈也是这样，从来对自己都不舍得但都舍得给我，外婆也是。我教我妈要自我一点、自私一点，她只是会落寞得说她学不会了，时代进步的太快。我狠不下心，我觉得她开心就好。不能想象终有一天我可能会生活在一个没有我的妈妈的世界，很想念我小时候她很年轻的时候，我围着她当她的小尾巴。
江苏,那個寒假去影院看了好多電影。
浙江,看过，挺好的
广东,母亲节看的，很感动。这次是真的有笑有泪，剧情流畅，沈腾是笑点担当，泪点集中在最后二十分钟，没有辱没了喜剧片。最难得的是穿越了也没有强行改变事件和结局。最后玲儿恍然大悟的时候真的是哭的我稀里哗啦。
吉林,"有笑有泪
贾文田的参演很细节"
湖南,补
四川,搞笑、催泪，触动人心
北京,从艺术作品角度来看，这部电影有点单薄和单纯。但是感情真挚无人不为之动容。
天津,瑕不掩瑜，值得推荐，笑中带泪
广东,感情真挚，选角用心，特别是贾玲跟爸爸，真像。好好珍惜有父，母的日子，不要等不在了，留下更多遗憾，现实中没有穿越，没有圆梦
江苏,有些小感动
辽宁,你可以说剧情老套，但是哭的稀里哗啦是真的，亲情永远最感人。
河北,着实不值这个票房，慕名而来失望看完，前面没什么可笑的，没营养，也就最后有点亲情还有一点感触
北京,贾玲的人缘是真的好
广东,母亲节看的很有感触
陕西,张小斐演技还可以。
江苏,在母亲节看母女向电影
中国台湾,"好看,又好笑"
河北,贾玲 你的心情 我相信看过电影的都感受到了！
安徽,7/10
浙江,很搞笑，也抓住了那个时代的特点
安徽,挺好的，剧情不错，主题也很好。但是就像好多人迷惑的一样，陈赫的角色是为了什么呢。如果说是想说感觉对母亲愧疚，没有尽到责任，那这个角色其实作用也不太行啊。还是有点突兀的感觉。
四川,很好看很感人，带我妈弟弟去看的，结果妈妈不适应，说看的头晕，中途闭眼睛睡着了
贵州,在院线哭得稀里哗啦的
黑龙江,还算感人
广东,爱妈妈
浙江,今天母亲节，虽然我妈看着睡着了，没有看到剧情反转，拙劣的冷幽默，再差还是被贾玲真挚的情感和美丽妈妈动人的演绎给破防了，那一刻我不知道是因为电影感人还是这么多年我也跟贾玲一样认为自己成为她的累赘和包袱，对自己无比的愧疚和自责，但是妈妈永远都不会改变爱你，永远爱你，哪怕你给她捅再多篓子，再不争气，再没给她爱脸，她们都不在乎，谢谢贾玲，好久没这么哭过了，感恩妈妈。
安徽,电影院，和LJ
北京,希望女性主导女性中心的中国电影，越来越多越来越好。
北京,2023.5.14 母亲节 请大龙哥、东亮在柳泉居吃饭后，和蛋宝逛了逛，回家后蛋宝打开电视CHC家庭影院正在播这部电影，基本看完了，很感人。
广东,挺不错的
湖南,以前的老电影是真好看呀，现在还能拍这种吗
浙江,【2023】29:高点在后半部，用心了。
吉林,感觉有些过誉了
湖北,我真get不到
上海,80年代的时代气息，80年代的工厂女性。如果能穿越回过去，身为女儿的你愿意付出多少努力让妈妈高兴？意外结局设计感十足，煽情也好催泪也罢，陡然提升了情感分，母女牌打出了王炸。
江苏,2023.5.14母亲节，无锡锡东九里仓广场露天电影
甘肃,看第二遍还是看哭了
日本,嘻嘻，喜欢歌颂母亲的电影
湖北,笑后有泪，却不过分煽情，这样电影可以多多来。
浙江,玲姐真的非常优秀，影片有笑有泪，最重要的是制作电影和团队都带着真诚 。和那些纯粹圈钱的电影不一样
广西,最朴素地表达最饱满最真挚的母女情
湖南,"英文译名《hi，mom》
刚好母亲节这一天看了这部电影
贾小玲一直想着给妈争气，让她高兴，
而妈妈李焕英只想让孩子健康快乐就行

看到后面才知道是妈妈的角度，
穿越回过去的回顾
孩子依旧是妈妈的骄傲"
上海,现代穿越剧，也是有一定构思了，喜中藏悲。泪点集中，回不去的亲情是一条主线，结构与情节不必多讨论，看完让你想对母亲好一些了，那也就够了。
上海,呜呜呜！我永远爱妈妈！
山东,最后一段反转将情绪拿捏得精准至极，煽情片段选取的极为精彩，配乐恰到好处，刚煽情的时候哭得我面部扭曲，情绪稍微恢复一点的时候恰好切到母亲背影而bgm无声，真乃沉默震耳欲聋。
安徽,影片结尾部分的处理真的很感人
美国,贾玲第一次导演，表扬一下。电影里的感情太浓郁了，特别真挚，我真的哭死。一开始以为是女儿穿越到过去想要改变妈妈的命运，她和妈妈一起经历了母亲的青春，但后来发现这又不是一场真正的穿越，而是一场梦。我不剧透了我真的很喜欢。希望以后中国电影多多探讨真实的母女感情。
山东,好看。张小斐演技真好，妈妈泼辣温柔明理又可爱。
四川,其实挺一般的……胜在是真情实感 创作者如何将个体私人化情感引起集体共鸣 
广东,给感情。
四川,真实，温暖又搞笑
辽宁,笑中带泪，温暖感动！
辽宁,感情上我会打五星，内容上其实还是差一点，但我很喜欢
山东,我爱妈妈，我也感谢她比我爱她更爱我。二十七岁，极度叛逆，身上所有的刺都扎向渐渐老去的妈妈。在她面前我任性地做着颇不懂事的坏小孩。有自省，有愧疚，可更多的还是想要独立和自由。我爱她，可是我还是希望，辛苦了一辈子的她，能够多爱自己一点点，不要再为儿女过多的操劳。我希望妈妈不再只是“妈妈”，而是做回一个独立的个体；也希望女儿不止是“妈妈的女儿”，而是一个独立的生命体。
广东,好看的，和家人一起在影院里看真的想哭
浙江,目前唯一影院二刷的电影，第二次是带妈妈去看哒，妈妈看电影的时候在哭说贾玲都为她妈妈拍了电影全国人民都在看，自己什么都不能为外婆做，但其实妈妈最好啦，总是为我们担心做事太多。
上海,母亲节这一天，再看这部电影，自己的感受是：一个好故事，会让人忘记逻辑是否严丝合缝、音乐是否最合适、演员是否每时每刻都演技完美、置景是不是不够精致还原。
陕西,挺感动的
上海,我问自己如果穿越回妈妈年轻时候还会选择让她嫁给爸爸吗 想来想去我觉得我还会🥰
北京,母爱啊
北京,對不起啊實在不喜歡😭對喜劇有點接受無能 尤其是太drama突兀的笑點
浙江,还行的小品式电影，就这票房高到不匹配
安徽,这部作品是值得肯定的，笑点泪点恰到好处，没有硬搞笑也没有刻意煽情。子欲养而亲不待，她在讲一个珍惜亲情的故事，也在讲当代女性意识的觉醒，不鼓吹生育，不鼓吹婚姻，而是让我们看到，任何一个女性在成为妈妈之前，第一个身份首先应该是她自己。祝天下所有“李焕英”永远快乐。
辽宁,整体很好看前面很有趣，后面就开始煽情
重庆,故事简单，贾玲确实路人缘好，看到她就想笑，可以看的。
云南,在电影频道看过了，很温暖的一部片子。看了后很感动！
中国澳门,太仓促
陕西,感情很充沛，但是没干几件人事儿。编剧的格局不高。
广东,剧情笑中带泪，充满温情，很好看
广东,有笑点有泪点，张小斐很好看演得也好，一直很喜欢贾玲
广东,母亲节看很感动 和妈咪
福建,没有想象中的那么好  可能期待值太高了吧
河南,母亲节到来之际补上此片，每个子女都可能早已忘记自己的母亲曾经也是花季少女，为了家庭无怨无悔奉献一生，致敬每一位平凡而伟大的母亲。
山东,平凡的亲情最动人。本以为是女儿穿越回去孝顺母亲彩衣娱亲，谁料是母亲编织梦境宽慰女儿解开心结。喜剧之外立意提高了一个层次。
湖北,母亲节前夕看的这部电影，“打我有记忆起，妈妈就是个中年妇女的样子。所以我总忘记，妈妈曾经也是个花季少女。”我的妈妈很好，是最好的妈妈，她也只希望我健康快乐，我很爱我的妈妈❤️之前看到一个小女孩说：“妈妈，我比你爱我跟爱你。”妈妈：“为什么啊？”女儿：“因为你到我出生了才开始爱我，而我一出生就开始爱你了啊😘”在此祝全世界伟大的母亲，节日快乐🥰
广东,我更喜欢原版小品，但是电影双穿这个设定真的很戳我😭
湖南,很一般 不是很理解这部电影票房的成功
陕西,挺朴实，很感人。
浙江,贾玲哭的每一滴眼泪都不是因为演技
山东,哭的稀里哗啦
浙江,补 居然忘了标这部
浙江,喜剧里面我个人而言，李焕英这部的确还可以
上海,催泪弹
广西,当初看小品就给我感动到了，看电影又哭得稀里哗啦的，我对母女亲情永远没有抵抗力。本来就是贾玲纪念母亲的一个作品，每次贾玲一哭就感染到我，太真挚了，这就够了
英国,可能上了年纪，妈妈成了生命中最大的软肋。
重庆,早就知道这部剧是催泪神器，还是哭成泪人。可能没办法太客观评价这部剧，因为过于共情剧中表达的情感
湖北,这是双方的救赎啊，女儿穿回来是为了让妈妈高兴，妈妈回来是为了让女儿心中觉得圆满！
广东,飞机上哭成泪人
江苏,相互为了彼此穿越真的很感人
四川,质朴的感情非常喜欢
江苏,母爱为主题的电影，有些感动，但没有特别出彩，不知道为什么评分这么高，是因为张小斐呼应了很多人妈妈的形象？
重庆,有笑有泪，亲情对于我来说永远是大杀器
安徽,好久以前看的，忘记打分了，看到最后挺感人 ，全员演技在线。
福建,在这个母亲节来临，让我们再次重温一下这部具有时代感的亲情片，
辽宁,有笑有泪，玲姐加油
广西,挺感动的
上海,“可她现在还不会啊”
上海,是很难得两次走进电影院看的电影第一次和朋友看第二次带着家里人去看两次都哭得很厉害 但是妈妈反而没有太大的情绪波动 爸妈反而是对80年代约会的场景比较有感触
河北,没想到我现在才看这部😂
四川,可以
重庆,搞笑且感动
江苏,说实话，给我感觉就是卖情怀，里面很多段子无趣无聊，唯一的卖点就是贾玲对她妈妈的想念吧
河南,贾玲处女座还是可以看出有所欠缺，煽情有些僵硬
上海,大前半程以为又是一部夏洛特，一百分钟时候误过来是埋的线开始大哭，剧情六分段子三分但真诚的情感有着压倒性的冲击力，妈妈到底为什么会对孩子这么好啊😭
广东,少有的精彩的女性电影❤️
北京,缺点还是很明显的，但胜在很情真意切。前面的节奏不太行，比如贾晓玲穿越那里有点突然了，对比一下夏洛特烦恼的穿越部分就能发现过于仓促了。后面的节奏就好很多了。可能因为拍这部电影的时候贾玲压力真大太大了吧，看着面容很憔悴，因为是纪念母亲，太过于悲伤了导致她精神状态也有点低沉，搞笑的地方一直没活跃起来。张小斐演技确实不错，我觉得贾玲随便挑一个自己的拉郎配男演员，都要比现在这个看着有cp感
上海,希望可以借此离妈妈的心情更近一点
广东,好看
上海,哭死劳资了
福建,李焕英，别太好看，看了快三遍了
江苏,还不错，搞笑中带着温情
四川,催人泪下，后天是母亲节，突然想起看过的电影，只能说祝所有的母亲节日快乐
湖北,足够真挚胜过一切
广东,我能说不是我的菜吗
云南,非常感动，结尾流了很多泪。
上海,还不错，有笑有泪，轻轻松松的氛围
北京,设定在当时看比较新颖，剧情也很流畅。煽情点足够多。
山东,之前在阿卡西中探索过和母亲的因缘。很多世她都是我的母亲，我也曾做她的母亲，她是个调皮的小孩，和这一世她偶尔说起的小时候很像。亲人之间，动辄百世因缘。无法想象你我都重复了多少回。那些眼泪，不是只为这一次你我是母女而流，那些似曾相识是真的曾相识。我们是互相陪伴的灵魂伙伴，多少次我心痛难息，多么希望这一世我们可以一起解脱。我知道这些强烈的愿望也是我的执迷。我会继续清理。尽我所能，放下我们共有的“记忆”。
山东,搞笑的时候挺好的，我不喜欢既搞笑又赚我眼泪的
山东,感情就是最珍贵的，有共鸣的作品就是好作品，不需要以“专业知识”来打分。
山西,后天就是母亲节了，和我的妈妈看这部电影，代入感很强，哭了！
广东,每个人的新妈妈——张小斐，旧妈妈——李焕英
江苏,真的很感动
上海,用戏谑表达对母亲的思念
山西,不是自己最欣赏的类型，电影本身也不是特别深的或者有特别出色的技巧，但是真情的表达深情的爱表达的太好了，太好的电影了。在教室里面看，躲在口罩后面泪流满面。当时电影刚出的时候就去看过，并没有现在这样感动，这两年更爱妈妈了，没有妈妈自己怎么能活得下去，看到这样的作品共情更深。
河南,不同于以前一味讲述母爱的片子，这部电影更注重刻画深深的母女之情。这种亲情多么令人感动。电影结尾的悲剧令我心意难平，也启示我要更加珍惜当下与亲人在一起的温馨时光。
福建,贩卖情怀，一直不明白为什么那么好票房
辽宁,不错，搞笑有感人，值得一看
云南,笑中带泪，贾玲第一部导演的戏过关了，现在时不时还会看一遍
甘肃,一个搞笑的爱情故事
辽宁,这部电影讲述了一个乐观开朗但并不优秀的女儿，和一位一心只为女儿着想的母亲间的故事。
北京,情怀，贾玲的情怀，成就了张小斐
上海,补标，之前在电影院看的，哭的稀里哗啦
北京,太个人化的一部电影
福建,很合格的春节档影片，喜剧＋亲情，老少咸宜
湖北,看着很欢乐，后半又感人，穿越年代有那个年代气氛，不错.
四川,感动，还是感动，本人泪点低。
浙江,都说好看 票房也高 我真的不知道是不是我的问题 我真的get不到这个电影 
上海,感人的
甘肃,讨厌
山东,喜欢贾玲，演的很好，导的也很好
上海,看哭我了 虽然没有在影院看的 但真的好后悔当时怎么没去看这部电影
福建,我认为是真诚的，但的确太多刻意处理的俗套，母爱这个题材成为了集体情感泛滥的理由，试问谁不会产生共鸣，但更喜欢自然无痕的表达，那种感动和力量后劲会更足，目前来看喜剧➕催泪的现场气氛不错，但精神内核还需要更大气的表达。
北京,小品式电影吧
湖北,支持老乡贾玲，很有才的一个女子，第一部电影票房口碑就这么厉害，拍得很不错
广东,我宝😭😭
安徽,看完特别想做一个好妈妈😅
河北,其实挺老的套路，但是对贾玲挺有好感的，喜欢里面喜剧的情节
四川,可是我真的觉得很一般
瑞士,“我以为是我在为你圆梦，没想到还是你陪着我做了一场好梦”😭😭😭
北京,特别特别感人，好爱我的妈妈呜呜
重庆,怎么降到7.7了。支持贾玲导演！特别好，想和父母一起看但不敢看第二次的好片。非常的富有感情。
北京,电影院看的，当时哭惨了
福建,挺感人的
河北,有一种看他们小品的感觉 故事倒是感人的
广东,故事真的一般，还好有沈腾要不真的没有多喜剧。
安徽,故事很套路，但情感很动人。
江苏,小品感比较强，后期还算感人
陕西,情节确实不行，但爱又很真
江苏,前半段叙事一般，笑中带泪，感情真挚。
江苏,当我有记忆开始，妈妈就是中年妇女的样子，但我不知道，她也曾经是少女。
广东,亲情很多时候还是很容易感动人的。
天津,还行
浙江,跟她爸同框那段全片最好笑哈哈哈哈哈
江西,质量和票房不成正比
广东,挺感人的
湖北,笑点能把我逗乐 还不错 主要是为自己涌上来的情感打的分 扣分点：有陈赫
江苏,平平常常的情感电影
内蒙古,还行吧，有一段挺打动我滴.主要还是搞笑的片段多一些
湖北,补标|去院线时，妈妈还在封闭治疗，从反转哭到结尾，没有办法客观评价。
