,未必有所成才算活着，梦想也不是什么了不起的东西，只喜欢看天、走路、吃披萨的人生也很好。（皮克斯送给社畜社恐的一记摸头
,"一部极有可能拿到奥斯卡最佳动画长片/最佳原创配乐的电影；
一部迪士尼皮克斯近乎满分的作品；
一个出品23部长篇动画电影，拿下10个奥斯卡奖杯的工作室；
排片2%"
,理发师用剃刀也能救人危难，造型师用针线也会缝补梦想。枝头掉落的树叶，街头鼓起的排风，地铁里忙碌人群中的歌声，角落里饥肠辘辘时的披萨，当你爱上生活的一刻，就找到了激活生命的火花。原来每天有那么多灵魂经历个体的锤炼，性格的塑造，奋力冲向地球。也会有无数灵魂被生活压垮，迷失进漠漠荒野。
,你以为所有的故事都被讲完了，皮克斯给你讲一个所有元素都见过但前所未有的故事。终于梦想和目标都不再重要，feel it
,"高纳终于实现了梦想，但他突然发现，他追求了一辈子的东西并不是他想象中那么高大上。
他突然发现，他为了他的爵士梦，错过了太多太多。
他错过了和母亲相处的机会，错过了丽莎……错过了除了爵士之外的一切。
很多电影都是给我们灌输成功学、心灵鸡汤，讲述主角努力追求梦想，最后就实现了梦想。
仿佛在说，只要你努力就能成功，如果你没成功，就说明你还不够努力。
皮克斯却告诉我们，并不是一定要有多么伟大的成就才算活着，就算没有成功又怎样呢？恰恰相反，一味追求成功而忘记了享受生活，这才是最遗憾的。
无论是看天空、走路，还是和家人相处、和爱人看海……只要你用心去感受，这些微不足道的事情其实都十分精彩而美好。
生活的真谛不是什么宏伟的梦想，恰恰就是那些生活中平凡的小事。
追求梦想是最不重要的，看天空、走路、吃披萨才是正事！"
,又挤又破的地铁，黄色的出租车，雄壮的布鲁克林大桥，哈德逊河上远眺万家灯火，曼哈顿的秋色，小酒吧里的爵士乐，这就是纽约啊。理想如果都实现了，那然后呢？你会继续问自己，人活着最重要是什么？不是爱，不是恨，不是痛，也不是成功与失败，而是感知，有些人把它看作是庸俗的生活，有人却认为它是活着的全部意义。两首歌太好听了，听完瞬间觉得生活美好了起来。
,因为Disney+Pixar这样的存在 才使我对现代动画充满向往  我不仅向往那每一帧的画面 更向往那群创造奇迹的地方 
,“灵魂不会被压垮，压垮你的是生活啊。”三十岁的社畜看的内心澎湃，但为了维持成年人的体面又要在黑暗的影院里哭的默不作声。22迷失后，黑暗内里一句句话砸过来“你做不到”“找不到火花”“这不是目标，这是平庸的生活”和抑郁症发病的自我攻击好像…戳的我好久没缓过来。沉入心流和陷入执念只有一线之隔的设定好赞，基金经理被黑的又搞笑又辛酸XD～但故事和人物塑造还是比《寻梦》的完成度差一点点。
,惟江上之清风，与山间之明月，耳得之而为声，目遇之而成色。取之无禁，用之不竭。是造物者之无尽藏也，而吾与子之所共适。
,皮克斯献给“打工人”的年度治愈之作，这才是真正适合圣诞节和年底看的心灵大片。如果让我选一部电影跨年，我会推荐《soul》，它不但让我想要珍惜那些生命中的小美好，更是让我想要感谢那些生命中照亮过我的人和事。以及不得不说，音乐太适合灵魂这个主题了，全片的音乐太动人了。
,一部“圣诞福音”动画，和《生活真美好》拥有同个内核，档期应景。片中的“生之来处”并非基督教的“天堂”，而是来自宇宙高纬度的“量子空间”，甚至只要忘我就可以投魂而入，接近“天人合一之际”的概念。千年的厌世灵魂在世间走一遭，体会到生活的乐趣；过着无趣日子的“音乐打工人”也在变换人生后，意识到生活的本质不是苦追目标，而是“活在当下”。“在世”也确实如此， “寄蜉蝣于天地，渺沧海之一粟。哀吾生之须臾，羡长江之无穷。”一生的光阴就在每一瞬，我们与世界的关系很多时候是“时隐时现”的，“隐时”如风吹过，“现时”啃个披萨。没有目标就是目标，没有意义也是意义。
,"治愈？温暖？希望？其实生活，不止于此。生的希望，不是一片好吃的披萨，不是落在手心的树叶，不是地铁站里动听的音乐，更不是任何一种“美好”的经历——指望它们代表生活，就像给自杀的人留言“奶茶很好喝”一样可笑。并非否认这种美好，只是这种美好太易碎。人们谈论的大多可视的、细微的、看起来易得的美好，都需要背后有某种支撑:一个奔波于生存的、真正意义上的普通人，是没有心力，或者没有机会去感知这些的。它不是“送给普通人的治愈之作”，它依然是迪士尼以高高在上——至少是中产的视角，去讲述（毋宁说“想象”）的“普通人”的故事。"
,真的真的不必觉得排片少，目前口碑扩散还需要时间，中国的电影市场只是反应有延迟，晴雅集那股粉丝劲一过，就是这片翻盘之时，作为院线工作者很淡定地告诉大家，这片子不是不爆，只是时候未到。票房反超晴雅集甚至屠榜仅仅时间问题而已，毕竟有太多优秀动画片都是长线放映一两个月。
,你不会知道，那个街边转招牌的人的心中，存在着一艘巨轮。
,"#LFF2020 / 加入2D元素，毕加索风格的Jerrys,震撼的Great Beyond世界，色调温柔舒适的Great Before世界，让人听到入迷的爵士乐， 以及带有对“灵魂”与“存在”哲学性思考的内核; 画面音乐剧情都将近完美，艺术风格抽象但又充满力量。      皮克斯在成立将近35年后又登上了一个新的台阶😭"
,把晴雅集的排片多给些soul不行吗 
,的确在今年看，具有抚慰人心的力量，但也就抚慰了不到3分钟吧～
,No! 差《头脑特工队》一大截。
,天啦这片子 泪点低的我几乎每分每秒都想落泪 就是被里面那种隐隐的气息打动 能享受每一刻的活着真是太好了
,格外理解二十二。小时候被名人励志，长大才发现那真是一种无垠的压力，万里挑一的人以巨大的差距提醒你越来越是个失败者，你永远不够好。但观星赏月，听虫嗅花，也是人生最无用又最有用的修行，生活过得越来越糟心，不贪这星星点点的美好，撑一撑，顶一顶，我们这些庸碌之辈，早该熄灭了吧。颓败了一整年，我太感激这部温热的电影了，依然有绝佳的想象力供人移情，真想陪他们，在忘我或迷失时，哭哭啼啼一回。活着真的很不如意，但还能活着，真的很幸运。能跟所爱之人来看，也很幸运。影院这低排片真是叫人不齿。
,应该怎么表达内心的澎湃呢？这是一部献给抑郁症（活着没意思）和焦虑症（有明确目标地活着）的情歌，它告诉我们人生本没有任何意义，活着就是活着本身而已。联想到18年之前，我那么渴望成为一名导演，这种如此强烈的执念让我差点成为片中的怪物，直到1年后才发现记忆里最深的是去上海办展期间硬卧床上闪烁的阳光，和朋友们窝在宾馆看鬼片，为订的工作盒饭里太多肥肉而争吵……这些与目标毫不相关的碎片，恰恰就是影片里那半个甜甜圈，线圈，还有那片树莢。未来做不做导演，做不做电影，对我来说已经不再重要了，life goes and that matters
,电影好残酷，都说应学会放下，但倘若从未得到过，又有什么资格说不想要？有机会挑拣快乐的人都是曾爬上巅峰看过风景的人，而平凡如我们，只能将脚下俯首即是的通通当作快乐，欺骗自己生命已足够美好。决定笑着告别，将生命拱手相让，不是爱的传递，而是心已死、梦已碎。一部纯粹的情绪电影：如果得到了，再多表达一点都会破坏这种得到；如果没有得到，不会寻找原因，只会感到遗憾。
,年纪大了 看电影真的很容易哭
,和我老爹去看的，两人包场，去的时候老爹和我聊工作，聊学习，看完电影回来，建议我找女朋友，还问我喜欢什么车。
,看完没有被鸡汤到 反而失落的很 我热爱生命 敬畏自然 保持一双发现美与善的眼睛 我的家人爱我 朋友支持我 我特别健忘什么事情都不记得 我不控制食欲想吃什么就马上吃 可是我都觉得活着好不开心啊 没有“火花” 没有梦想 没有热爱 没有一技之长 赤裸地来赤裸地去 又何苦非要白白走这一遭呢 
,《头脑特工队》关于情绪，《心灵奇旅》关于性格与灵魂，皮克斯已经不屑于讲述简单“物”的故事，而是用最直接形象的方式拉开生活哲学命题，那是得经历了怎样的人生才能捕捉到的细节，完美幻化在作品里。执念的灵魂在忘我之境无去无从，而“我会享受活在当下的每一分钟”。
,我听过关于一条鱼的故事。小鱼游到一条老鱼的旁边说：“我要找到他们称之为大海的东西”。“大海？” 老鱼问：“你现在就在大海里啊。” “这儿？” 小鱼说：“这儿是水，我想要的是大海。” 目标不是人生的spark，生活本身才是。看完此片，关掉电脑，所有曾经拥有的Spark，纷纷涌上心头。
,看哭了。所有人都在教你做人，所有事都在找寻意义，所有道路都要通往一个目标，所有标签都在试图定义你，只有皮克斯在告诉你，梦想不重要，意义不重要，庸庸碌碌或是功成名就都不重要。宇宙太大，地球太小；梦想太重，生命太轻。李安说，我已经见过大海了，我不能假装没有见过。但是这部动画片告诉你，如果你还没见过大海，去见见看吧，或许还不错；但你不想见的话，家门口的小溪其实也很美。2020年末，皮克斯用一部动画疗愈所有人，摸摸大家的头，说你们这些还没有找到Spark的人呐，你们都辛苦了，努力很重要，但是不加油也没关系哦，切勿贪图意义，存在即是风景。
,那些可以深刻在记忆中的生命碎片，就是你人生的全部意义啊！不是每个人都能成为伟人，但普通的一生仍弥足珍贵。生而为人，莫留遗憾。这是一部属于普通人、属于你我的励志片。仍然保持了适度的有趣，以及戳心式的感动。虽然没有《头脑特工队》那么戳我，但彼特·道格特仍然非常强。尤其是，太擅长这种走心的故事了。虽然总是有点鸡汤，但还是很好看，厉害。
,未必有所成才算活着，梦想也不是什么了不起的东西，只喜欢看天、走路、吃披萨的人生也很好。（皮克斯送给社畜社恐的一记摸头
,抑郁的一个原因可能就是觉得普通日常不能算火花，然后就成了那些一身黑的失落灵魂。可怎么才能让自己真的觉得抬头看看天就很快乐呢？
,二十二应该是投胎在中国四川成都，成了一位美食up主
,不再执着于讲煽情故事的皮克斯，居然直接拍出了一部礼赞平凡生活的essay film，这毫无疑问是皮克斯自Wall-E以来最大的一次自我突破。恶意揣测Peter Docter一定很讨厌《爆裂鼓手》才拍了这片
,3.5。凡尔赛动画，男主体验了得尝所愿，享受了人生巅峰，回头规劝大家平平淡淡才是真，能活着就是美好。？？？
,皮克斯的动画从来没让人失望过，不管你抱着多大的期待去看，都一定会超出预期，除了一贯丰富的想象力，《心灵奇旅》更大的看点，是反传统追求梦想和理想主题，去思考自己如何读懂和看清自己，影片用了任务式展开剧情带出的闲笔，在反高潮戏份中带出主题。人活着是为了梦想吗，为了人生目标吗，为了赢得别人更多的掌声吗，还是为了更能触摸自己灵魂，和自己来一次灵魂出窍的探索，去体会自己在世界中存在的意义，或没有意义，只是为了活得更真实。
,        除夕临近，看了这部“心灵鸡汤”式的皮克斯动画片，观感还算愉快，只是老套过多，欠缺新意。So so!
,看完电影走出电影院，感觉像经历了一场心灵SPA，突然觉得生命赋予我们的一切都是那么的美好伟大，想重新学着去感受生活，享受当下的一切。这就是一部电影可以带给我们的惊喜，又一次感受到了电影的魔力！
,D＋ / 开头被一些时刻的画风惊艳了一下之后就没有然后了（这些闪光只是一些单纯的“奇幻”）。好像是第一次感觉皮克斯被设定给束缚住了。一方面，灵魂学院已经给出了如百科全书般的再生产逻辑；另一方面，在这个系统里的glitch又极其幼稚（试对比《无敌破坏王》中系统崩溃的实质性灾难）。影片在给出这一组二元对立之后，仿佛全然未考虑这背后同样封闭的世界观，甚至还在庸常的奇葩说式对比里兜兜转转了大半程，才引向生活感知这一似乎能够打开些罅隙的论题——但实际上光靠那中后段的那几处功能性的补充根本撑不起这种大跨度高强度的解域构想。最终只能继续用这种文本上的设定操纵人物转折修复系统来达成欣欣然的结尾，着实兴味寡然……到头来更像是为了一些作画小点子搞出来的鸡汤大杂烩。
,No. 
,冷漠脸看完，珍惜每一刻这种事还需要费这么大一圈力气讲吗？
,原来黑人父母一样希望孩子找稳定出路，当个老师，别瞎折腾，这一刻，山东即世界，世界即山东，天下大同。
,"#LFF2020# 4
和灵魂乐的关系算是点到为止。有点失望。"
,“忆我少壮时，无乐自欣豫。”这欣豫是一点纯粹的生之欢悦，它不来自具体的事件，不依附于感官，随时生发，如泉流汩汩，不择地而涌出，或随一枚种子在秋光中翩然而降。我想spark就是儿时驱使我们无缘无故放声大笑、猛跑一阵的那种神秘能量。或者寒夜独行时忽然吹起口哨来的片刻的旷然。这点欣豫极易在人事中消磨的，“荏苒岁月颓，此心稍已去。值欢无复娱，每每多忧虑。”按本片的意思，大概唯有艺术，或寻一可供沉迷之物，才能给人以随脚出入那“忘我之境”的无上自由。久矣我不践斯境。
,不想死的执念与一滴水一花瓣相互映照，认真享受当下每一分钟是皮氏鸡汤，也可以是无情麻药。如若具体到电影的分秒，结尾留下做一个地球人的希望，依然是太照顾人类观众的感情。
,"虽也套着“梦想、成长、亲情、人生”等诸多易流于大词的外衣，但皮克斯以不竭的想象力和繁盛的创造力，再次定义其工业标杆的当之无愧，某些场景几乎与实景无异。

开场貌似平平无奇（差点以为又要讲一个流俗治愈故事），突然拐入生死临界的中阴区，目标未竟拒去彼岸，踏入生前灵魂聚集地，原来每个独特灵魂是这般批量训导出来的，唯有一颗不羁的千年老魂灵拒绝去往那百无聊赖的生地，共同演绎一出寻求生命奥义与终极火花的跨界悲喜剧，在红尘中感受生的愉悦和希望的不灭。

配乐甚好，凝神进入“忘我之境”；金句频出——“灵魂不会击垮你，只有生活才会。”笑点与泪点都掐得很准，含猫量十足，一部特别适合年底收尾的片——“珍惜当下的每一刻”。"
,火花是什么，还是应该看《火花》，花瓣是解决不了问题的。如果“感觉”和“连接”仅仅是蒙太奇里呈现的那样，那未免太轻巧。而为了反转麦格芬，也过于粗暴的处理了创作理想与切实生活的二元（并不该如此）关系。“人生目标”固然是一个很差的词，但在当下，“平凡之美”也同样有害。这样的后果是什么呢，大家走出影院，感叹过好当下，感叹别强求什么意义，感叹成为景观的小确幸、禅、量子宇宙，这些陈词滥调本身就已经和真正的生活脱钩了，背后实际是否定和消解（绝非通透与豁达），建立不起任何真实的联结，也开启不了任何有洞察的视角，更不可能疗愈焦虑或抑郁。填补这中间鸿沟的，永远是细节、情境、关系，而不是概念、感动和幻觉。
,迪士尼+皮克斯，年度最佳动画来了！老少咸宜的情节设计，但在绝妙的创意加持下又处处显新意！全程激发大家思索究竟该如何生活，也为每个负累的心灵疗伤。如果人在未出世前有选择权利，可能有人会像22选择从未出生，以来逃避生命的低质量与无意义，但那样便永远无缘领受一片落叶在空中旋转出的炫目舞蹈。也或像Joe坚信人应为某种终极目标和理想生活，殊不知生活本身才是我们的全部。故事中的角色，没有一个能说清生活的真相，每一种生活方式都在给予旁人启发。生死之间，我们无法选择太多，但可以选择真实地对待生活，每时每刻。值得电影院~
,我顶着豆瓣9.2我也要说，皮克斯就这？还碰瓷头脑？车3都不如；故事主题是挺安慰社畜的，可是这剧本写的就有问题还没讲好；全电影都很赶，和看2倍速一样，全是剧情推着角色在走，打npc呢？皮克斯这点一直都不改；故事感情就摸了一下树叶这么简单就懂了？结尾还大团圆？主角牺牲的意义呢？不如《头脑特工队》和《Coco》一颗脚趾头…连《赛车总动员3》里面主角的退休的感情都比这部有感染力…
,比《头脑特工队》更加成人化，将冒险置于现实世界而非抽象空间是和前作最根本的区别，也是这一部为何显得更“高级”（关于日常生活的现实主义动画）的同时牺牲了一部分观赏趣味性（好莱坞动画常规的笑料、煽情）的原因之一：情感高潮蒙太奇的落脚点在于观众和角色共同经历的平凡且琐碎时光（走路、坐地铁、吃披萨、理发等等），打破对理想的热情追求这一虚设主题，从而制造主题的反转和拔高。
,可能是唯一能在内地大银幕看到的戛纳2020片单作品？跟[寻梦环游记]水平相当，略逊于[头脑特工队]。@熊猫毛 提醒我说这其实是一部佛教电影，除了在聊“我执”之外还比出了“拈花微笑”的梗。好处不多说了，英文配音演员的口音都很好玩，毕加索式的“神”们设计好评。剧作上第三幕写得真好，就是机械降神的结尾扫兴，敢让男主微笑地去往极乐世界的话这片应该就成为皮克斯最佳作品了……
,感谢盗梦的提前观影。独特不媚俗的故事，献给思考者和自省者。世界观设计延续inside out和coco的惊艳，故事在传统技巧和克制走心之间寻找平衡，个人感受并不煽情，毕竟这对主角的人物关系没有家庭或情人、隐性情人的普世化支撑， 还用了荣格和美钞这种梗做笑点，可能对市场不是太讨喜
,即使整个剧本都是套路，但还是被这碗鸡汤给打动，因为感动是一种本能，就像活着，拥有意识——如此富足地被给予这整个世界，是如此轻而易举跳脱了所有关于自杀的哲学讨论。
,觉得下一秒就要进入一种也是很棒的俗套时，立马转向更棒的角度，2次。我觉得我们拍不出这样的电影，甚至连这样带有强烈人文关怀的文本都写不出来（不能面世）。看得心情舒畅，有所释怀。
,对我而言这只是没什么想象力满是说教的心灵鸡汤片。乔伊与22的关系没有形成强烈的互相作用力，更多的只让我感觉到乔伊单向的对22的影响和改变，乔伊与他母亲之间的矛盾属于在外，并且化解的过程也很简单，而他的内在的困境并不明显。整个故事走向很模式化，并且已经没有了皮克斯以往令人称道的想象力，甚至从头到尾满口的“爵士”到头来也没能让人感受到爵士乐的魅力。
,太好哭了！此片献给悲惨的2020，也献给所有热爱过生活又对生活失望过的朋友！如果说灵魂世界概念的设定是A级，那么最后一波波关于生活中那些曾活过，曾绽放过的花火细节的情感冲击绝对是S级的！一定要去影院看，看完感觉自己又可以与残酷的人生再战500年！
,感觉被灌了一碗毒鸡汤，汤里隐隐还有一丝丧的气息？看评论感觉我们看的不是一个片子，什么泪点反套路醍醐灌顶一丝都没有感受到，只能算作一个还不错的爆米花电影，大概人类的悲喜本不相通吧…
,"全程都在与我对话……暴击，哭的快窒息了
谢谢让我在人生的这个阶段看到这部电影"
,很工整的故事，说教还是明显了些
,这个创意无敌了，不是哲学家就是疯子想出来的。我爱这个主旨了，当每个人每个道理每个作品都在告诉你要找到人生的意义的时候，它们告诉你能实现人生的意义不是终极目标，真好～
,继寻梦环游记后又一部探讨人的来处和去处的电影，the Great B4场景和人设很梦幻Q弹。皮克斯第一部以黑人为主角的动画，对爵士乐不是太懂，有一定文化理解门槛。变猫之后的习惯性动作细节很可爱，舔菊花、晒太阳等等。有点虎头蛇尾，结尾要是男主和22还能再次相遇就好了（知道很俗套
,皮克斯八股文，没有一处情节超越常规，没有一处写作突破匠气，只是主题切中并安抚了当代人的处境焦虑，然而这个东西七十多年前在弗兰克卡普拉手里就已经被讲述得登峰造极了，也正是它的普世性让它在时代和地域的可流转下变得平庸，可惜的是这种平庸并不能跟电影歌颂平庸的主题相自洽。
,赶紧多排片，把郭小四这种鸡贼劣币赶出去。这才是好片！
,你们怎么可以辣么对待认真计数的人呢哈哈哈哈哈
,让没有purpose的我们存在吧，谢谢。
,有一种为了讲这么一个活在当下的主题，硬设计了这么一个故事的感觉。创意可以，但故事略硬，整体都跟寻梦的发展路线很像，后半部分却没有推上去，虎头蛇尾。人物转变生硬，有种想模仿寻梦却没仿成功的感觉。电影里这个所谓的活在当下，其实有点假大空，就好像追逐目标就一定会迷失，珍惜每一天的分分秒秒随时感受细节才是活着。但是其实生活本身没那么简单，感受分分秒秒的也可能是享乐主义？追逐目标的人也不一定就是那个不识大海的鱼？看电影的时候觉得仿佛是对的，回头一想就不是那么相信了
,在LFF。好像充满玄学但其实没说什么的故事，结论就是即使你找到了梦想工作其实还是一个社畜，没办法只能好好活着咯（x但还是赚足我眼泪。槭树果实飞落的那些秋天街头瞬间，22和妈妈对话瞬间，就像是我，突然想家。btw Jerry和Terry要是毕加索活着不会搞侵权吗……？
,2020年的末尾，终于体会到了久违的温暖与柔软。皮克斯的两面，平凡世界的幻想，幻想世界的平凡，将成年人的烦恼在童真中抚慰，将孩子们的欢笑在成长中丰满。一颗对生命毫无激情的纯真种子，聪慧却脆弱，在从零开始的直觉体会下逐渐向往活着的真切，一个迎来生命转机的倒霉男人，执着却迷茫，从满怀目标出发的主观能动后步步卸下包袱的放空，灵魂在这其中流淌生成，那是对生活的敬爱、接纳和珍重。那么事实呢，这糟糕的一年似乎早已不允许这种天真的童话存在，异世界中的精灵们亦如这世界的每一个人那般有着七情六欲，“人”的乐与悲，从未在这部作品中超脱，到头来，生活空前的艰辛，看淡一切的日子那样遥不可及。总不能放弃希望和梦吧，摆脱泥潭，大家也迎来了又一次新生，皮克斯将那份坚守的理想主义与乐观主义，以善良和浪漫之名，化作尘世福音。
,和人生的死磕与和人生的和解 难得的统一了 这是每个中年人的必修课。在今年在当下，尤其可贵。
,就还好吧。现在好莱坞电影，就没有不是套路的，这部也免不了，强行正能量。关键我这人天天就一身正能量，还对身边的人不断唠叨辐射，看了这种小儿科鸡汤动画，真的很难被打动呀。7分
,年度动画片，皮克斯又一部纯熟与创意兼具的佳作。将爵士乐与心灵成长相结合，对心理意识的呈现似[头脑特工队]变奏，对生前死后之过渡边界的着力上承[寻梦环游记]，而本片的冒险历练主要在现实社会中展开，尤其强调琐碎生活中的【当下感知】，一如面包、秋叶与抚触脚边的海水，一如俩主角通过猫的中介达成身体互换，如孩童般初次体验并专注于全新的感知方式（人生成猫；几千年看遍世人的厌世之魂“下凡”初尝鲜活感知之流则同质于[柏林苍穹下]），出体与错位既使两人重新观照自我，交互成长，又予人足够笑料。皮克斯对抽象风格的融贯与将概念具象化、空间化的能力无与伦比：量子世界与洪荒宇宙叠交的生之来处与生之彼岸，毕加索风自如流变的异界管理者和拟态成冷抽象画的计算追猎者，忘我之境里的出神之灵与因过分执着而迷失的怪兽化灵体。（8.8/10）
,今天太奇怪了，看了期待中毫无新意的《神奇女侠1984》，却发现编剧找到了一个如此符合当今问题的视角。然后看了如此期待的《soul》，完全就是个空洞到令人发指的心灵鸡汤，而且编剧精巧的塑造和迎合了当今虚无主义者的自恋，和他们自己问题的美学化，问题解法的浪漫主义，当然，所有这一切不会对他们有任何的帮助。他们也不会从生活中的一个细节发现spark，这就是个神话。
,一念成灵，一念成执。成灵忘我，成执无我。无我之境，生不若死。忘我之境，死亦犹生。
,3.7星。30+社畜必看成人向动画。1.皮克斯再度将一个名词生动拟人化，这个词在咱中国叫做----投胎。2.虽然不是每个人都有波澜壮阔的人生，但你可以拥有平凡却不平淡的生活。3.人生的真谛不仅只有目标，更重要的是“感受，体验和交流”。4.每个（东北）成年人都会在某一刻问自己这样一个问题：我是怎么变成今天这熊样儿的？5.总觉得哪里差了点意思，可能少了一个让观众宣泄情感的煽情点，类似《寻梦环游记》里被家人遗忘而消失的人或是《头脑特工队》里的bingbong这种设置。
,"从预告片放出来就开始期待，结果是，不负期待。
这部不像《寻梦环游记》那样走外在的温情路线，而是回到内心，去探讨一个略显严肃的问题：什么样的生活值得过？
当然整部电影还是非常轻松、愉悦的。
我喜欢它给的答案。
生命的火花并来自于梦想、爱好、自我实现这些必须要追寻的东西，而只是对于生活单纯地热爱。
没有什么是必须，存在先于本质，生活先于意义。"
,“每天工作都不快乐，要是能干自己喜欢的事，就此生无憾了。”在这场追逐与悔恨中，很多人迷失了自我。 理发店、转招牌大叔，从事的不是初衷，但乐在其中，心灵一样不会被湮没。 不是实现终极目标，人生才能得到救赎，一片树叶、一块披萨卷边、一根棒棒糖、一卷缝衣线带来的感动，一样能够开启新的人生。
,建议豆瓣可以增加一个打分功能：最高可以给影片打六分，每年有且只有一次可以给影片打六分。这是今年我看的第一部电影，但我想打六分。
,略失望，心灵学院依然是把情绪机械化、生理标签化的一种粗暴设定，几乎就是在炒头脑特工队的冷饭，音乐梦想+亡灵第二世界的交织感又不及寻梦，最有趣的反而是人猫互换了，但这段的驱动来源于喜剧中常见的错位效果，跟核心设定亡灵音乐均无关系，由此感觉主创对核心设定也并无信心，不然哪需要加这段啊！
,"8.9还是有些虚高，完成度和思想性上比《寻梦环游记》差很多。《寻梦环游记》借由对祖父的误会，代入对死亡与亲情的思考。可Soul中的主人公困境无非就是想活，而他也真很多次活了过来。影片穷词竭句也没拿出什么像样的内心冲突，主角的障碍眨眼解决了，几乎没什么人生纠结或者人物矛盾。整体叙事犹如灵车漂移，时常不知要去向何方，讲亲情？讲梦想？讲生活态度？讲对名利的追求？讲自卑童年？最后这个“平凡却依旧热爱生活”的主题更是给得模棱两可，缺乏感染力和说服力，更像强行上升出来的。

叙事模式没跳出过此前见过的各种灵魂互穿、人兽互穿、穿越回年轻的套路，你帮我解决长久的问题，我带你感受新奇的人生，明显偷懒。满屏毫无记忆点的音乐、辣眼的荧光色，电影花了大篇幅介绍世界观，也对故事讲述或情感推升没起到任何帮助。"
,说是2020最佳电影亦不为过。本以为是与人物形象类似，轻快而柔软的电影，逐渐展露出的内核却更具深度与力道。能因一部电影同时收获爆笑与热泪，《心灵奇旅》以一片落叶，成功奏鸣我心底失音的琴弦。
,庸俗。前半段好，热爱生活热爱当下需要这么绕的一个故事来表达吗？活着就是要有“火花”要有目标，只是享受食物、落叶、日常的小确幸是不够的，那是“社畜”的梦想。理想并不和小确幸冲突，只会让小确幸跟更充分，同时还享受自我实现、自我发展的大确幸。
,过于鸡汤，隔靴搔痒。很多人根本不是不知道要去appreciate every single moment，而是被生活压迫得压根没力气抬头换个气。举个例子，拯救lost souls的桥段里，嬉皮船长点醒了一个hedge fund manager，但那个人如果不是美国公民或绿卡而非H1B，并且没有一家老小等着养活，有什么资格辞职？最好笑的是把黑人主角的struggle reduce到追求梦想的困难，闭口不提日常生活要遭遇的艰辛，在我看来根本没抓住重点，要知道能追求梦想就已经很幸运了。总之内核还是迪士尼理解的美国梦，全片我最喜欢的角色是pizza rat。🙂
,梦想固然可贵，然而体验生活里那些微小的琐碎欢愉或许才真正让我们在这艰辛颠沛的世界得到安放。普通人也有自己活下去伟大的意义。
,四星打给生死界设定、灵魂离体的嬉皮士们、泛柔光的纽约和爵士。如果是疫情之前看到这部片的话我应该会大受感动，但现在的我好像已经无法被本片描绘的那种有些轻飘飘的“being alive”状态打动。落叶，披萨，风，都很美也很好，但它们或许只能成为像22那样还未出生、所有感官都还新鲜蓬勃的灵魂向往生活的理由。由Joe这样一个既拥有天赋又得到机遇、最终还能破格死而复生的主角来表达“没有目标也很好”也挺拧巴，我不想让皮克斯这一群创意行业顶尖天才们来安慰我享受平凡，我更关心想当兽医的理发师。
,三星半。费尽千言，不如活过一回。电影尽心用画面捕捉了心灵意象世界的神采，指出平庸人生的症结，生活细微之美，铺开很多引人走向真理的隐喻之路。令人热血之余却总缺乏助人抗衡真实痛苦的力量……到底他们的心灵如何蒙尘，是什么让他们在拥有的时候变得盲目，让热爱变成荒野上的恶灵，我们该如何面对那些挥之不去的恐惧，解救蜷缩在黑暗中哭泣的孩子？这旅程只是一个开始。
,对“执念太深所以迷失了与生活的联系”变成怪物这个设定非常能共情 问题是男主这种目标特别具体的奋斗逼才更容易变成怪物 同时男主这类人其实不太容易搞好爵士乐 搞搞古典或者金属速弹倒是挺合适 其他地方很流畅 最后一句台词出来之前我已经猜到了 一个字都不差 换我写这个主题 我大概会写男主逐渐领悟了教书的快乐 另外迷幻段落尺度也太大了吧
,看她飘向西藏的时候心酸了一下，一个人的生命就此开始了，用她对于整个世界的好奇和灵感。人生的每一步不在于意义，而在于走的每一步啊。突然又有了活着的动力。
,火花是在你想要生活的瞬间产生的，而不是目标 
,完全没有触动到我，刻意拔高的鸡汤真的很难喝下去，我不喜欢。
,谢谢你皮克斯。（特别像教会资助拍的电影
,皮克斯真的太伟大了，总是能看到时代的焦虑。在这个虚无主义盛行的时代，它通过一部制作精良的动画电影告诉我们，活着的意义就是感受当下的每一个瞬间。这凝聚了多少心理学哲学宗教知识。伟大。
,2020这样的一年，这片子来的太晚了！
,還以為要講做藝術需要對生活的sensibility，最後原來是「活著真好」，通俗情感點打得真準啊。只不過這碗有點老生常談的雞湯注定是短效的，面對生活的雞零狗碎時一切打回原形。
,有套路，也有一些反套路：比如在人物设定上，走审丑路线，故意给每个角色一张肥嘟嘟的脸，你敢歧视胖子，那就让每个人都变成你讨厌的样子。再比如一般这种电影里的主角，要么疯狂开挂要么奇妙冒险，但本片男主摔了一跤就死了。是的，死有时候就是这样简单且没有道理。人生是一场漫长的旅途，该怎样才能笑着走到终点呢？如果你时常找不到北，或者欲望缠身，记得来看这部电影，答案也许就在其中。
,装作正能量已经很累了，还要改造我的心灵！太残忍了！我就想把生活过得稀烂！！
,一部净化心灵的好电影。落叶在街角被风吹起的霎那，眼泪已经浸湿了口罩。我们琐碎而漫长的一生哟，好像没有哪一刻曾真正拥有安宁，反而是常常感到被围困，兜兜转转却怎么都找不到出口。一只渴望大海的鱼并不知道，它其实已经在大海里游泳了。每一天，都当宛如新生——这么简单又朴素的道理，这部电影用最贴切的镜头语言和音乐语言准确地传达出来了。了不起。
,二十二号最后应该是变成了丁真…
,设定很惊奇，那几个二维人物最惊艳。故事本身略有些俗套了，看完回家砸吧砸吧没有太触动。
,6/10。给大城市打工人的美式快餐，喜欢里面对城市细节的打磨。不喜欢灵魂世界那种《今夕何夕》式画风，在儿童与成人间反复横跳，主要还是太难看了，不能学一下汤浅政明今石洋之那种脑洞吗？中间差点睡着，尤其是进入猫身体那部分，快变成流浪猫鲍勃了。整体像无聊版的《爱乐之城》，想知道达米恩·查泽雷看完怎么想。（我怀念那个总动员时期引领潮流的皮克斯，而不是现在头脑特工队、coco、½的魔法、soul这样靠一点小创意一点小感伤一点小成长的一碗碗流水线鸡汤）
,9分。在我看来，一部优秀的皮克斯动画长片由五个维度有机组成：脑洞大开的创意+引人入胜的故事+革新进取的技术+超凡脱俗的美术+共鸣共情的理念。于是，在上一部五个维度全面达标的《料理鼠王》（也是MTC上皮克斯最高分保持者）推出13年之后，我终于等来了这一部。1分是扣给结尾太过说教。全片在Joe回想起人生中的无数个美好瞬间而忘我演奏时戛然而止就足够了，对22后续情况的交代完全可以做成片尾花絮一笔带过。现在多出的长达9分钟的结尾有狗尾续貂之感，该表达的理念之前已经表达得非常充分，最后的说教无异于洗脑。自从皮克斯被迪士尼收购之后，作品里的说教似乎变得越来越重，当初《料理》的核心理念是反精英的“人人皆可成为厨师”，到了《寻梦环游记》，音乐天赋竟然成了血统纯正的家族遗传，退回到何其保守的价值观！【永旺】
,因为有了那段轻盈而曼妙的蒙太奇，《心灵奇旅》可以视为一部关于存在的电影。落叶—城市—地球—银河，影像起落，境界飞升。此段蒙太奇的魔力堪比是枝裕和的《奇迹》，对于观众而言，这也是“生之来处”。乔误以为音乐梦想是生活的出口，其实只是一个借口，一场宏大的幻觉，远不及一片握在手中的落叶，一段讨生活的艺人在地铁中弹奏的旋律，更加值得珍视。生命的意义是什么？如此厚重的叩问，被皮克斯轻轻点破。
,每个人都在平庸地活着，为何一定有目标才能有火花？皮克斯认真起来从来没有让人失望过，这次他们又打开脑洞，通过一个音乐老师濒死灵魂出窍的点子，来探讨灵魂的本质与生命的意义。简洁的画风加上自在的幽默，一个死后的魂灵世界便奇妙地出现在眼前，在一系列兜兜转转的冒险之后，又能给你会心一击，让眼泪在眼眶里打转。 
,三星半。费尽千言，不如活过一回。电影尽心用画面捕捉了心灵意象世界的神采，指出平庸人生的症结，生活细微之美，铺开很多引人走向真理的隐喻之路。令人热血之余却总缺乏助人抗衡真实痛苦的力量……到底他们的心灵如何蒙尘，是什么让他们在拥有的时候变得盲目，让热爱变成荒野上的恶灵，我们该如何面对那些挥之不去的恐惧，解救蜷缩在黑暗中哭泣的孩子？这旅程只是一个开始。
,完全没有触动到我，刻意拔高的鸡汤真的很难喝下去，我不喜欢。
,谢谢你皮克斯。（特别像教会资助拍的电影
,男主角完成弹钢琴演奏任务以后累觉不爱，同时领悟到平凡地过日子吃喝拉撒才最可贵是生活的全部意义，于是便怀着一颗感恩的心又回去做人了，还顺便把另一个千年厌世的灵魂也成功感化（拖下水），兴高采烈跑去fzz锅嘉投胎，爱弹爵士乐的黑皮社畜的魅力大无边，历届伟人都无法搞定的高难度驯魂工作他就这样轻轻松松地搞定了。这种毫无特色的对着观众猛灌浓汤宝的陈腔滥调剧情实在是太无味了，观影过程中各种出戏，一边看电影一边做其他事情，就这样浪费了一个晚上的时间，本来完全可以早点回去睡觉的，又因为绚丽多彩的画风线条人肥猫什么的又舍不得中途弃，目前只靠骗骗眼睛留住观众的皮克斯，当年看赛车总动员那种朴素的感动，简单的乐趣已经不复存在了。
,感觉心灵之旅的编剧团队集体练习过正念，“觉察当下”、“扩大感官范围”、“不因焦虑和压力失去对真实生活的感知”。硅谷的流行文化里果然有meditation 一席之地。
,"皮克斯yyds♥️
△大家都是第一次做人，不要怂。头剃坏了没关系，去理发店就好；裤子裂了没关系，去找当裁缝的妈妈；不要怕妈妈的说教，不要封闭自己的内心，说开最好，说不开关系也不会比现在更差了，不管怎样你的心结都会好很多。
△你毕生追求的事情，实现的那天，其实也就只是普普通通的一天，并不会因为你实现了你的目标而变得非常的不普通。所以，不要为了你的事业对你的生活麻木、忽视你的朋友、你的家人。要不是22号，可能来敲门的小女孩就放弃自己的梦想了。
△其实生活就是这样，要认真的过好每一分钟，好好感受生活本身。哪怕你没有各种才能，没有各种社会层面的成功，但只要你认真生活、热爱生活，你自己的人生就是有意义的。
△小鱼问老鱼：要去哪里找大海？
老鱼：你就在大海里。
小鱼：我只是水里，不是大海呀。"
,设定很惊奇，那几个二维人物最惊艳。故事本身略有些俗套了，看完回家砸吧砸吧没有太触动。
,6/10。给大城市打工人的美式快餐，喜欢里面对城市细节的打磨。不喜欢灵魂世界那种《今夕何夕》式画风，在儿童与成人间反复横跳，主要还是太难看了，不能学一下汤浅政明今石洋之那种脑洞吗？中间差点睡着，尤其是进入猫身体那部分，快变成流浪猫鲍勃了。整体像无聊版的《爱乐之城》，想知道达米恩·查泽雷看完怎么想。（我怀念那个总动员时期引领潮流的皮克斯，而不是现在头脑特工队、coco、½的魔法、soul这样靠一点小创意一点小感伤一点小成长的一碗碗流水线鸡汤）
,9分。在我看来，一部优秀的皮克斯动画长片由五个维度有机组成：脑洞大开的创意+引人入胜的故事+革新进取的技术+超凡脱俗的美术+共鸣共情的理念。于是，在上一部五个维度全面达标的《料理鼠王》（也是MTC上皮克斯最高分保持者）推出13年之后，我终于等来了这一部。1分是扣给结尾太过说教。全片在Joe回想起人生中的无数个美好瞬间而忘我演奏时戛然而止就足够了，对22后续情况的交代完全可以做成片尾花絮一笔带过。现在多出的长达9分钟的结尾有狗尾续貂之感，该表达的理念之前已经表达得非常充分，最后的说教无异于洗脑。自从皮克斯被迪士尼收购之后，作品里的说教似乎变得越来越重，当初《料理》的核心理念是反精英的“人人皆可成为厨师”，到了《寻梦环游记》，音乐天赋竟然成了血统纯正的家族遗传，退回到何其保守的价值观！【永旺】
,因为有了那段轻盈而曼妙的蒙太奇，《心灵奇旅》可以视为一部关于存在的电影。落叶—城市—地球—银河，影像起落，境界飞升。此段蒙太奇的魔力堪比是枝裕和的《奇迹》，对于观众而言，这也是“生之来处”。乔误以为音乐梦想是生活的出口，其实只是一个借口，一场宏大的幻觉，远不及一片握在手中的落叶，一段讨生活的艺人在地铁中弹奏的旋律，更加值得珍视。生命的意义是什么？如此厚重的叩问，被皮克斯轻轻点破。
,满分之作，精彩绝伦，创意与技术的绝对领先！技术是手段，内核才添神韵。琴键之上，探讨何谓灵魂与存在，探讨何谓生之意义。一部适合所有年龄段观众的佳作～
,比Inside Out又上了一个台阶。不仅有卖萌有搞笑，也有温情感动。它有音乐，但并不是在讲音乐梦想，而是在讲一种人生哲学: It’s ok to be nobody.生活的意义不是成为人上人，只要过好每一天，再平常的事也很美好。这种充满人性关怀的信息对当今焦虑疲惫的社会人来说是极大的安慰，这也是皮克斯除了技术以外能傲世动画行业的一个重要因素。
,主题大胆，视觉大胆，讲故事的方式也大胆。灵魂拷问不稀奇，稀奇的是全面创新。
,平淡又赶场的鸡汤之旅。看完也没有印象深刻的场景，还以为爵士乐会是个重要的线，结果失望了……有一点比较赞同，男主前期对音乐的“功利”性追求在愿望达成后，反而会觉得空虚，因为他并不是个真正热爱生活的人。
,适合成年人和抑郁症患者观看，活着可以不为了什么伟大梦想，为了生活里的琐碎小事儿一片吹落的叶子一片好吃的披萨也可以勇敢美好的活下去～七分治愈三分致郁，温暖且丧
,挺失望的，无非是用黑人爵士乐手来普及白人佛教哲学。说直白点，这种片的目标受众主要是选择太多的第一世界的人。因为要是灵魂“投胎”到连水都喝不起的地方（顺便一提，缺水人口也有好几亿），再讲这种大道理就显得很不知趣了。
,真厉害，清晰直白，且快捷通俗的，交代了不知道多少文艺片闷死观众都阐不明的精神内核。通过情节的选择，台词的打磨，在好莱坞故事模板下，做到了难得的、明显的，编剧技术上的杰出，令人尊敬。
,被治愈了。还记得那个看到一片飘落的树叶就能被感动的心吗？我们都曾那么热爱生活！
,"“我想去大海”“你就在大海里”"
,从不抗拒建立在说教之上的主旨，踏实平稳的叙事总能让立意如同指挥棒，引领类型人物完成既定的协奏曲，无论是私密情感的流淌，还是对生命历程的回望，都是一种义无反顾的普世价值铺展，这就是皮克斯的电影观。结局的圆满或许是缺憾，但幕布迅速拉下，留下观众怀抱着对生活的热忱与信心继续前行。
,神作。真的是我们这个时代的作品。不过从最后地球仪来看，竟然去投了hard模式……
,治愈、鸡汤对人的生活固然不可或缺，此类作品创作基于对社会心理（情绪的雕琢）和社会意识（剧情的设计）的洞察，它和观众之间所建立的关系，更像一个社会学模型。当它被放入一个至少大面上保持良性运转的社群里，它能唤回初心；但是当它被放入一个虚假地所谓良性运转的社群中，它则充满了欺骗性。
,比较像《It’s a wonderful life》的简化版，设定铺得很满，情感内核一泡污，最后的bonus life毫无意义。当某Jerry说出“火花不等于人生目的”的时候，“soul”的概念就变成灌输性质了，诺兰看了想流泪 with yy
,"走得太远，已经太久没有因为饥肠辘辘时的一口pizza而满足，秋天枝头飘下的一片落叶而感动。看似日复一日的生活其实充满了触动人心的惊喜和柔软，只是不知道从什么时候开始，我们将越来越多的精力注意力放在了复杂的人情世故和浮躁的生活节奏上，却忽略了最细枝末节的感动。The WORLD is our spark, and we are already in the ocean. 最简单的道理，只有最小的时候才懂。"
,Super freaking middle class though 😅
,皮克斯的想象力一绝，真的是极度治愈的一部电影，缓解了最近的执念和焦虑。“Spark”可以是秋日里落下的叶子、是冬日照进地板的阳光、是在城市里散步吹风、是可以去做自己喜欢的事。谁说人生只有追寻意义和达成目标才有价值呢？来地球一次，最重要是好好感受过程，感受爱、感受生活、感受快乐。
,先不说把灵魂窄化成“知道自己人生的意义”有多低龄，就说灵魂这种又虚又大的概念，是靠何等的鬼扯才能搭建出一套完整又基本合乎逻辑的小宇宙。。。这和《头脑特工队》不一样，性格形成论这种东西，很容易理解并产生共情，可是说到灵魂，说白了，纯靠编了。
,城市的洞口通向另外的世界，在《Soul》中，我们可以发现一种比《头脑特工队》更为超现实的元素，尽管是奇观中心的，局限于视觉。整部影片是黑人爵士文化与60年代学院派反文化的产物，22熟练地重复着（一种想象上的，或者说过时的）奥威尔，荣格等名词，ESP心理学与东方哲学的“中阴”概念取代了福音影片之中的天堂，成为一个现代而极简的“心理研讨会”（这令人想起拉康），却又熟练地将这些结构装配到一个弗兰克·卡普拉式的“生活真美好”的狄更斯童话之中，而影片的“反励志”实际上则是对于规训的认可，在强烈动机导向的叙事结构之中反而相当反讽，以一种“学院官僚机构般至高权力的认可”呼唤着22和Joe放下自身的智识和ambition向生活朝向不可能之一“跃”（物理），将哲学问题悬置掉，置换为对日常空间的享乐式发现。
,一看就是冲击奥斯卡最佳动画/最佳原创音乐的架势，非常适合琴童家长看，走路晒太阳看星星也可以是灵魂的意义所在
,留待2020最末上映简直再合适不过了，生死边界的《寻梦环游》加上活在当下的普世劝诫，不仅起到疗愈效果，更告诫观众，即便2020年又是未来10年最好一年，也别悲观或执着，过一天算一天，感受温度触摸落叶打开耳目吧。这个劝诫，也像观影过程一样，全场观众不吭一声，在黑暗里，耐心等待着漫长的结尾字幕后出现一个交待”22“在人间的菜单，结果灵界那个算盘判官跳出来，”快回家吧，电影结束了“。是的，别执念，很多时候，可能什么都等不来。
,后劲太大了，看的时候还好，走路回去一路爆哭。
,总有一天你会老得咽不下鸡汤。
,我觉得这部电影在2020年底出现简直就像一颗充满力量的恒星，它闪耀着一种也许微弱的光，但却时刻告诉我们要充满希望的珍惜当下。人生的完满不在乎它高光时刻有多耀眼，而在于它每一分每一秒所散发的微弱的光；那些我们和家人的每一次欢笑，在街边吃到的美食每一次惊喜，哪怕在树下每一次被落叶敲中的平凡无奇...这些所有微光汇聚而成的人生，才是真正的人生，一个充满灵魂的人生。
,离导演前作《头脑特工队》差很远，创作者有一颗想要探讨生命哲学的心，却受限于影片的子供向属性无法发挥，本应被有力输出的普世价值观，同样沦为了服务于叙事逻辑的工具，横向对比“神女84”，那才叫“真诚”的表达，至于视觉效果的呈现，几乎不见想象力，只是皮克斯正常水准；所以...这次我可能真的要跟大家唱反调了
,好看，像我这样的废物，就是想平平淡淡的过普通的人生，看完电影自己给了自己一些安慰。
,看22最后的去向，似乎是降落到了…非洲？？想象一下满怀对披萨、理发店、棒棒糖和落叶的憧憬来到地球，最后出生在部落舞、病毒、野兽、叛军和政变频繁的国度，22投胎成功之后不知道会不会意识到灵魂学院其实是多么灯塔国的一家之言。
,用这么花里胡哨的方式讲了个这么陈腔滥调的道理……问题是第一次注意到阳光穿过树梢树叶掉落当然会感动，如果天天只能面对这些看了成千上万次生活一直重复，还能心动如初继续支撑自己吗？
,在一切变好之前，我们总要经历一些不开心的日子，这段日子也许很长，也许只是一觉醒来。有时候，选择快乐，更需要勇气。
,"引用自b站评论区：
当你有了想活下去的感觉的时候，你就有了你的火花。
22被那么那么多伟人教育，但它没有找到活下去的意义。天赋使命都是扯淡，这个就是许多信息时代的人们，背了那么多伟大的人做榜样，也过不好一生。
最终我们爱下去的，只是平凡的生活，活下去本身便是活下去的意义。
火花确实是一个点，但也是一个起点，一种启发，一种让人觉也是得人生很有意思一个片刻和瞬间，人生值得为此一活的美好瞬间。这个片刻或瞬间不需要在他人眼中充满意义，只需要自己觉得那一刻心潮彭拜，充满了生活的动力，那就是人生的意义。"
,有合理理由怀疑这美国政府和迪士尼联合出品的美国人民洗脑片，就算你的人生很失败，起码你还能活着就已经很好了。（很一般，最后半小时的强行升华也打动不了我
,"前幾天看完這部電影時,說實話我並沒有太大感受,這幾天一直在思考這部電影帶給了我什麼?一個人在追求夢想的路上,會不會忽略了生活帶給你的浪漫?當你達到自己的理想目標時,真的會覺得就只是這樣了嗎?這種喜悅來去都很快~這並沒有什麼特別的地方.而這些年來自己的人生都用在追求理想的道路上,最美好的事全都忽略掉了, 這就是城市病吧,不進步就會焦慮,沒人享受生活,都在忙著追求物質生活.為了理想,沒有思想,過濾掉了那些美好的事,到最後才發現,這也許不是你想要的,一個人生來,並不知道自己真的想要的是什麼,所有你想要的東西,都是外界引導你去追求的.在這個信息炸裂的時代,減少自己的慾望,努力做到工作生活雙贏,儘量多的和你愛的人去享受生活,你會變得快樂很多.————來自本文盲的見解."
,哲学上来看是非常硬核的片子，只是用普通人最容易接受、最容易记住的方式去讲述，“人生之意义”选择了这种大众方式去讲难免流露些说教之意，但这肯定不可能是创作者所在的层次，毕竟“人生的意义”在语言学层面上甚至是个病句呀。好莱坞编剧的基础人文底子是让人敬佩的。
,开头五分钟很常规，然后…然后…再然后…再然后…不断把人置于惊喜当中，在两种截然不同的美术风格之间不停跃动，创造出一种音乐性，也显示出皮克斯不竭的创造力和想象力。一个是需要目标的灵魂，一个是需要肉体的目标，二者相互扶助成全，某些瞬间还是蛮让人动容。黑人和女性地位凸显，但又没有太被强调出来，各方面平衡性做得很好。令人遗憾的是中段有点太碎，结尾又太圆满，既然成人路线都走成这样儿了，那就不如再干脆利落一点吧？（这个团队为啥对中阴那么感兴趣）
,你活着，没有任何目的，尽情享受世界，就是你全部使命。
,儿子看不太懂，我觉得略鸡汤。人到中年，自然能体会几分人生的意义。活在当下远没有台词那么轻松。
,人家怎么能把一个内核如此简单的故事用这样一种意想不到的方式讲述出来呢？全篇没有硬灌鸡汤、硬上价值观，但我想大部分人可能都记住了那个飞翔而下的翅果、亦或者是那个身在水中却畅想深海的小鱼。同时回想一下自己普通而平凡的生活，没有火花，但不乏确幸。
,3.5 线条动画真美好啊… 可惜最后立意一下子低了。已经变得太圆满和“正确”的pixar可能忘记了并非主角的平凡人需要珍惜的，往往是人生根本不会有再一次机会这一事实（更何况给最后一次机会的方式还如此糟糕
,"这个导演值得期待！
第一支预告，创意，画面，配乐都很棒！预感明年横扫各项最佳动画长片奖项！"
,电影是好看的，只不过里面拼尽全力讲的道理，对于中年人来说，本来就是生活的全部。
,"没有大激情，小确幸也不错。关键是投胎比不投胎要好，人生意义就是to do…
但是太俗套了一点，交换身体，发现世界动人之类的。关键是，爵士乐只是个元素，而不是更深入的情节点，也不是soul。"
,我们大了，渐渐自视其human doing、going，忘了我们一直是human being，致知在格物，物格而后知至，我们存在的每一个瞬间都有意义。只有我们人类最易感到孤独，可也只有我们人类洞察我们自身与宇宙的关系，地球有重力跟引力我们的心脏才能跳动，我们的身体在响应地球，响应宇宙，我们每一个人都跟宇宙有千丝万缕的联系，我们可以爱一缕阳光，一颗树，我们与之都有联系。从电影院出来的路上，我决定以后要带我妈去踩下大海，去看看雪山，去吃一下各种美食，她或许不能理解我的人生，可又有什么关系呢。
,2020的我比任何一年都更渴求被爱，掏空自我去兑换一个执念，最后变成那个荒漠里迷失的灵魂，变成在海里寻找大海的鱼。若不是这部电影，我差一点让自己感知生活的那根敏感神经彻底失灵了，还好有这部电影，让即将到来的2021年不再是漆黑一片，而是有了值得期待的花火。感谢皮克斯。
,虚像，非幻象，更非幻觉。
,"一条小鱼游到老鱼身边
问它：“我要找到他们称之为海洋的东西”
老鱼说：“海洋？可是你现在就在海洋里啊”
小鱼说：“这儿？这是水。我想要的是海洋”
2021.02.05"
,看故事前，就先被纽约城市逼真的动画质感震撼到，强烈的现实感仿佛在看真人电影，尤其是理发厅与地铁内的空间氛围最出色。即使主题依旧是皮克斯所擅长的“拟人化”与“生死感悟”命题设定，且有逻辑漏洞并不完美，他们仍然把这个故事打磨得老少咸宜、游刃有余，且深情而催泪。他们总能把这糟乱世界中散落的点滴美好呈现在观众面前，这次还有好听的爵士乐伴奏助兴，哪怕强行治愈正能量鸡汤也不突兀。走出影院，想到国产动画还只能在“封神宇宙”“神话传说”和“抗美援朝”中“崛起”，实在绝望。四星半
,道理我都懂，可是这一年，我彻底失去了享受生活中的披萨、棒棒糖、阳光、音乐……的能力，姬友在旁边边看边哭，而我在最爱之一的影院里感受到的是难以挣脱的疲乏。
江西,当我在为电影片段哭泣时，这也是我的spark啊。
,近几年看过的迪士尼最佳，之前从未有过一部动漫作品教你“放下梦想，热爱生活”，梦想不是一切，每一个灵魂迷失的人也许都执迷于所谓目标而忘记了眼前的生活。也许正因为当下流行的各种正能量激励追梦少男少女的故事看多了，当银幕上突然出现这样一部冷静克制反套路的作品时，不由得拍案叫绝。2020奥斯卡动画长片是稳拿了，不过话说回来，执迷不悟的人实在太多了，似乎只有当一个人从死亡世界回来才能有所顿悟的话，是不是有些太迟了呢？活在当下，享受生活中的每一秒吧。共勉。
,毫无意义的心灵鸡汤，看完更焦虑了
,活下去真的很需要自我哄骗和自我催眠，看电影往往就是最奏效的方式。
,皮克斯这部电影显得有点阳春白雪，一般观众不是很好接受，对于人生终极意义的追求和理解，总不是那么容易，但这部电影确实是为每一个平凡人而作。看到片子男主实现人生梦想后怅然若失，看到22因为一根棒棒糖、一片落叶、一首演唱而开心，不由想到，我的梦想是什么？我没有梦想（电影中的“火花”）是不是就该被唾弃？我做一个坐在路边为别人鼓掌的人是不是就是没出息？认真对待每一份美食、每一处美景、每一个细节、每一个朋友和家人，你收获的，可能比实现刹那的“梦想”更长久的快乐与满足！共勉！平凡的人们！
,执念的本质是执，我们喜欢的就叫执着，我们不喜欢的就叫执迷。
,剧情好评淡 可以说是无聊。。
,"累了就抬头看看天，看看树，看看各自奔忙的行路人。
人生也不是非得要追求什么才叫值得。"
,近几年一直对皮克斯往极度现实化的美学（科技）发展毫无感觉，但在这部中它带回了一些被遗忘的东西：首先是“传送门”（剪辑），一直会需要门，透过门去看到一些东西，通过穿过一扇门，影片朝着最抽象的地方去绕了一圈来试图带回我们的感官；还稍稍带回了的是“仓库”的概念，通过彻底的物化来发现一些差异，可惜这个影像被整体的概念化一股脑地拍扁成了点线面，想想当年《玩具》中无限复制的巴斯光年包装盒是多么老辣。
,Listen to Soul. But listen to the soul. 22发现生活的那一刻，电影缓缓抽离配乐而进入了真空状态，第四维度的大门在银幕上敞开，周围人的呼吸声、啜泣声都被电影里弥散出的幸福的气息所填满。皮克斯深谙普世的、永不过时的表达的奥秘，但它同时又总以极其私密的方式触及我，Joe对着22收集的东西演奏时，我的眼泪先他一秒夺眶而出——so I zoned out with him. 
,纽约秋天飘到掌心里的一片翅果，可以包含整个世界。
,迪士尼对「人生的意义」的解答。所谓人生的意义，就在这途中的每分每秒里。生而为人，真的太好了。
,"火花才不是生活目标，而是你想要生活的每一刻。除了感叹迪士尼和皮克斯的精妙之外，确确实实很有些代入感。可能像我这样平庸的人才能感觉到吧，那种好像达到人生目标时的志得意满，过后又觉得依然无味，自己还是那个不成器的自己。但总是能在生活中体会到幸福感，在平凡的某一刻找到属于自己的意义。"
,"二十二隐喻的是不是抑郁症病人啊，“什么都没意思，活着好无聊，我没有用，所有人都说我不够好，我就是做不到”。二十二拿到通行证的方式告诉我们，就上手速度而言，实操比理论快多了。哪怕你把把科目一题库刷爆，也不如直接握着方向盘去道上溜一圈。"
,看得泪流满面，哪有什么成功的人生，活着的每一秒都是火花。那些你以为稀松平常的日常，处处都散发着光芒，这便是生活的意义啊。
,散场的时候我问保洁有彩蛋吗，保洁大哥说，有彩蛋，有一个城堡。等呀等呀，最后等来了皮克斯的logo，还真是个城堡。
,【A+】传统意义上的完美电影，年度之作。彼特·道格特在此片里重现了《头脑特工队》里将概念具象化的能力，而整体效果也确实更接近《头脑特工队》与《美食总动员》，无时不刻强调地域性的表达（绝对的“纽约电影”）。「杰瑞」是全片最为亮眼的艺术设定，线条构成二维生命，随之闯入三维空间，是维度的对抗；随后我们看到二维生命在地球的漫游，画风的对立更加明显：在美国CG动画愈发接近现实世界的趋势下，这种视觉上的错位让技术发展跳脱出了单一可能性，这本是我已不再期待发生在美国动画上的奇观，却奇迹般的被皮克斯所表达出来，线条的扭曲既是视觉陷阱，又是观感盛宴。主题表达即使是在皮克斯的作品序列中也是最出类拔萃的那一个，不再强调由情节所带来的煽情体验，而是注重每一段日常的琐碎瞬间，对景的眷恋，对物的留恋，和对生的迷恋。
,在丧到不行的2020，看到这样一部走心的动画，皮克斯真的是用心良苦。没有猛灌心灵鸡汤，而是建造一个物质与精神交汇的世界，用美好去化解痛苦，用冒险去感知生活。只为告诉我们：人生的意义，不在于成就和目标，在于活在当下，酸甜苦辣，柴米油盐酱醋茶，这一切才能构造一个完整的灵魂。从根本去治愈心灵，改变观众感受世界的方式，皮克斯真的牛逼！
,看哭了，但Pixar所做的并不像所说的那样无懈可击，或者说赞同一部电影输出的价值观，并不代表赞同它的行动。Soul在根本上是很悲哀的电影，因为它默认观众将注定无法做到真正纯粹的观看（就像一个soul第一次看到世界那样），因此我们只能靠修正自己身为成年人的“世界观”来作为补偿。这才是Soul真正所做的。
,本以为今年的十佳片单会很难选，但是没想到年底一下子涌出来好几部值得备选的电影。不少人在为皮克斯的这部电影的排片票房感到惋惜，其实一直以来皮克斯的动画电影在大陆都是叫好不叫座，票房都比较普通，几乎没出过什么爆款。打个不算太恰当的比方，皮克斯的作品有点儿动画电影里的文艺片的感觉。这部心灵奇旅分着眼点还是比较有格局的，对于一些形而上的话题如何用形而下的方式讨论，创作者提供了一个非常不错的示范，值得学习。只是我看的那个厅的放映质量真的堪忧。
,第一口蛋糕的滋味 第一件玩具带来的安慰 太阳下山 冰淇淋流泪 从头到尾 忘记了谁 从头到尾 有没有荒废
,好看的，但因为看之前预期太高，所以似乎没有预期中那么精彩，但依然十分应景地贴合了近期的人生状态。其实在几年前刚毕业的时候，还在国外，整个人的心态反而要更健康一点，会明白生活作为整体才是最重要的，但是回国几年，整个人也被环境卷的越来越厉害，开始有成就焦虑，觉得要带有使命感地活着，现在也在试图厘清这份焦虑，真正地Carpe Diem，去seize the moment. 过一种更有自己的节奏，更original的生活。
,寓意很好，画风也很舒服，但是8.9这个分值明显是低于我的预期了。
北京,作为抑郁症患者，我曾用两三年时间只思考一个问题：人生有何意义？但百思不得其解。有一晚我梦见自己身患绝症，临终安排后事，那种无以名状的无意义感使我惊醒，顿感活着本身就是意义。活着，然后赋予人生以意义，此即我所理解的人生意义。追求意义的过程是痛苦的，但一朝求得，那才毫无意义，甚至是灾难。至于理想，首先不应是欲望，而是即便无名无利也想要的东西。但过于执着于理想则是另一场浩劫，人被困于自己营造的虚幻中，反做了它的奴隶，成了无灵魂的活死人。如此，要理想有何用？也许人们可以用兴趣代替理想。人只活一次，结局都一样，过程各有千秋，千万别难为自己。去走、去看、去听、去触摸、去尝试、去思考……人生不是艰辛的马拉松，更不是立即达到目的的短跑，而是一场观光之旅，慢慢体验就很好。本片几乎再现了我那晚的梦境，我深以为然
,生命本身就是火花，每天都要尽情的享受生命的奥秘。
,在这个时间看这种温暖的电影当然是很合适，life is experience的大道理讲起来简单，但被目标和日程表推挤的lost soul，就是灯红酒绿之下如同工蚁的大多数人的程式化人生。而生活的力量，是躺在窨井盖上时吹过背脊的风，是坐在椅子上被“奖赏”的棒棒糖，是在地下铁里被音乐感动到震撼的瞬间，是拍打在脚背上的清澈海浪……愿大家都重新感受到生活的力量，感谢今夜Pixar在我心中燃过一场烟火。
,皮克斯又写了一篇“反好莱坞精神传统”甚至“整个美国精神传统”的心理学小论文，论题并不见得精深却总是捡起被成人遗落在精神角落的本质放在手心，一瞬的回响或者久久的回味。
,这又是一部我的观感和评分有差距的电影，也许 平淡生活 这个点并不能撩到我。不过我比较在意的是，22号的前世是经历了怎样的生活，导致她死后灵魂的状态。
,看完这部电影，你不但可能会爱上爵士，更重要的，是可能重新爱上生活。还好我不用先死一次就已经懂得珍惜现在的一切～
,"一个内核十分佛学的故事。
在琐碎生活之中寻找生的快乐，正是解救一切虚无主义的良药。"
,任何追逐梦想的人都会恨有感触，这部作品试图回答终极问题“人为什么而活”。人生需要目的吗？活着需要梦想吗？拥有天赋是否意味着某种诅咒？李宗盛唱着“越过山丘却发现无人等候”，流川枫下雨中自言自语“赢了，赢了又怎么样呢？”……很难老少咸宜的动画，可以预见皮克斯在中国市场会继续遇冷。
,满怀期待去看，触动并不是很深，也许因为我本来就是没什么追求的废柴吧......
,尽管生活看起来很糟糕，但还是要热爱生活.......
,跟《Inside Out》真是异曲同工的巧思和感动，结尾推高潮有点后继乏力，但全片仍然是笑中带泪发人深省。结尾彩蛋 Terry 说电影结束了叫大家回家有点心酸，毕竟许多观众们今年都说在家里看的。
,比 Inside Out 更克制，更冷静。如果将lesson理解为“认真生活”的话，似乎有点鸡汤，但故事的处理方式似乎指向了更多的问题：所谓的spark for life并不是所谓的天才或目标，而是为短暂的生命找到合适的安身之处。22变成游魂的部分特别动人，囚禁灵魂的不是其他的，而是一次次内化之后的negative self-talk，以后要对身边的人更温柔啊。
,太治愈了，正是此时此刻所需要看的电影。不过投胎的时候看到那个灵魂直朝着中国冲下去，不禁为她的来生捏一把冷汗。
,一般，夸大
,80/100，尽管仍是Pixar那单一的倚靠概念的直陈式观念输出，但却消弭了以往人物间明晰的对抗关系。仅凭借对世界维度的延展与物质经验的引申，还是唤起了感官深处的微妙心弦。形而上的存在主义思考被有条不紊的安置于充满音乐性的礼赞的语义，这是生活的奇迹，或奇迹的生活。
,以前看这部片子哭。别人说是因为我善良，我洋洋得意，但是今天偶然明白，我哭是因为我明白22号。我为春夏秋冬而感动，我享受沐雨披阳，但我同时也不想活。对有些人来说，活着已经很努力了
,剧情拖沓 全场在讲大道理 道理谁都会讲 这里是直接硬塞给你灌输大道理
,电影后半段我几乎是情绪失控的，哭得不能自已。忘我空间里那些吞没小人的黑色粉末很像抑郁情绪的具象化，不是每个人都能像22那么幸运有男主去把她拉出泥潭，但电影还是很有启示意义的，能平凡的活着，享受当下的每个看似不起眼的瞬间，就已经很厉害啦
,"“灵魂是压不死的，只有生活才可以”。
院线经理们快醒醒，郭敬明们给你们下了什么迷魂药，为什么这么好的片子没有排片，却全排给了烂片。即使出了资源又怎样，这部电影是属于大银幕的。年度最佳动画长片！"
,所谓的spark并不一定需要天赋，或者热爱，而是感受力吧。无论是沉浸在音乐里，创作里，还只是对一片树叶一些光影的欣赏，都是感知带来的。接纳了自己，也就是接纳了自己所有的情绪，也就能看到平凡生活中闪闪发亮的东西，也就为了这些而承担生活里的琐碎和苦涩，也就终于接纳了自己的平凡。在这个过程中，最终获得的是爱的能力，这是长大成人最必要的条件，最后JOE成就了22也成就了自己，人和人得以建立真正的关系，不再迷失在自己执念的心流之海里，带着好奇和兴趣去了解周围的人，和世界，去建立真正的关系.
,男主坐在钢琴前，开始出现人生的片段的时候，就连音乐都没有后面的煽情，可是不由得泪流满面，仿佛带来了《飞屋环游记》开场的人生感动。价值观超高级，所谓的火花并不是让你用“成功”等词语来定义，每一刻活着都是意义。虽然结尾给了动画应该有的美好结局，但也坦然面对了“生死”话题，在这糟糕的一年，有这一部电影就够了。
,"　原来人生的意义，就是让我们去感受它的每一分钟，感受夏夜的风，感受冬日的雪，感受地铁上的拥挤，感受潮汐和落日。有时候机缘巧合带着你打了个转，像是走上了一条和初心截然不同的路，但其实在起点和终点之间，本就有成千上万种抵达的方式，而人生的意义早已藏在这趟旅途中。

　　每一条鱼都活在水里。

　　浩瀚无边的海洋，或许并不在远方。"
,技巧埋得深，意思出得浅，意味走得远。那三分钟的升华段，归拢一生为一粟，太惊人了。
加拿大,每年都可以看一次的电影，提醒自己生命的意义。不是一定要有什么成就，要成为什么人，而是生命本身就是一场美丽的旅行，存在的一切就是最大的意义。我们要做的，就是享受生命，享受活着，从美味的食物，到亲人的关怀，到一片飘落的叶子。每一个瞬间，都是值得庆幸也值得感到幸福的。 “What was 22’s purpose?” “Purpose? No one ever said anything a purpose.” ... “You found your spark.” 活着从来就不需要目标，珍惜每一分每一秒地活着，就是生命的火花，是存在的意义。我心中终于有一部电影，诠释了“我们为什么存在”这个问题，而且给出了最好的答案。
,这是关于我们这个时代的，又一位大师笔下的纽约，远比《曼哈顿》《弗朗西斯哈》更瑰丽奇绝
,一个心怀梦想不肯去死的乐手，一个拒绝出生气死无数导师的婴灵，难为编剧团队想出这么棒的人物组合，化和出种种爆棚笑料。把“出神”具象化为灵界一处无法之地也是神来之笔。可惜的是比同样探讨人内心和灵魂的《头脑特工队》和《寻梦环游记》少了些奇观段落，对生死的严肃思考降格成了“以梦想还是感受定义自我？”的身份问题。如果把22号爱上人生的过程以佛教六根六尘一十八境的方式展现出来就好了，可惜推崇热闹动感的美国动画显然不会走那条路。
,你要过得开心点哦，好吗？画面、情感与内心，全部深入我心，泪眼婆娑。
,就……我真的不喜欢这种圣母感公知感爆棚的片子，说教太多，姿态太高。
,具象的现实感官与抽象的灵魂世界，两者在作画风格上的全然对立和最终在情感上的有效统一是皮克斯数十年年来辛勤耕耘得来的水到渠成，其中的说教与结局的圆满这些或许诞生于妥协的产物总归令我心生遗憾，但人总是需要偶尔来碗浓香的鸡汤。
,所以生命最大的意义就是活着，不一定是到达哪里
,我们从小被成功学教育要赢，要竞争，要升职加薪走向人生巅峰，却没有失败学教我们，如何面对输，如何面对人生的不如意。这部电影就是一部失败学，或者说是平凡学，教失意者者如何与失意人生自洽，教普通人如何与普通生活和解。年少时总想着给人生找点儿意义，人到中年，以及这不寻常的2020年，让我懂得，好好活着，与生活发生连接，这本生就是意义。
,每一个打工人都应该看看。我喝奶茶，我吃火锅，我同爱人亲吻，我感受每一阵风拂过脸庞，我看《心灵奇旅》落泪，都是永恒的一瞬间。
,是我眼花了吗？动画片也要搞个有色皮肤，才能上映？
,Being alive means a lot.
,看完这部肯定了：皮克斯的编剧绝壁是要求系统修习心理学的，他们最擅长的就是把已经老掉牙到往往令人们视而不见的常识转述成一个娓娓动听的童话。
,没头没尾，鸡汤神话。画风很难喜欢，故事非常简单，设定也很陈旧。离魂两次，生死的大事被消解成“不行我不能死我人生刚开始”，搞得好像活着本身只是一种执念，一条命就跟玩似的，最后也不知道怎么就“想活着”，还能突然说出那句俗套大白话“享受生命的每一刻”，很离谱……
,感动的同时，感到了无趣。
,一语双关的《Soul》本质上是在向渴望奇观发生的现代人贩卖奇观。在当下这个灵肉分离的时代，这种破《茧》成蝶般的成长体验既可以像真实可触的琴键那样具象，也可以如音乐灵感那般抽象。事实上，绝大多数人的灵魂都会随着死神的降临而彻底消失。如果你不想碌碌无为地过完这一生，那么就像男主角一样去寻找和探索自我吧。他之所以「死后」仍然拥有感知万物的灵魂是因为「死前」就已找到和证明了自我，为此，他的「放下」完全顺理成章合情合理。即便转世投胎成为阿猫阿狗也没脾气，事实上，不管变成什么模样他也都只能说愿意。而暂时陷进「迷失域」的人则需要导师的指引才能找到航向——灵肉统一地返回（家园）该去的领域。然而之后的「万物有灵论」则显示出创作者们一厢情愿的可爱了。试想，谁会指望拥有灵性的猫来教TA做个拥有独立思考能力的人呢？
,都去看吧，一部能治愈你2020所有的不开心
,拥抱平凡，快乐生活。道理我都懂，但这碗鸡汤我喝了毫无感觉。
,"为什么要思考意义是什么？
那灵魂被击穿的瞬间，落叶飘下的瞬间，jazz响起的瞬间，所有的一切不都是有意义的吗？响应体验派的号召吧。
我时常思考为什么我走路的时候会喜欢触碰事物，会对路上遇见的很多微不足道的事情好奇，以前我会觉得自己是多动症罢了，现在想起来，也许那刻我jazzy了吧！"
,坦然接受自己即将平庸的一生，尽情享受每一分钟
,换我去做22的导师，就只有一句话：别来。
,"再失落的人，看了这个片子也会继续热爱生活吧。
Monica:life is suck.you are gonna love it.


PS:天天说中国的动画或电影与西方的人落后程度，这个片子才是东方几千年都拍不出来的电影。从理念世界到精神分析到存在主义，西方哲学碰撞几百年，其实精神已经深刻的融入艺术作品中，甚至是像这种非常通俗流行的作品，但同时也是充满思辨的。
什么时候东方哲学才能用如此的形式重新出发呢。"
,故事偏套路制式，想象力创造力的亮点不够（可能只有出神的世界），点燃不了我熄灭已久的火花。
,执念与超脱一体两面之异境，耍广告牌亦能享受忘我；明明说好要放弃，吹起了长号又停不下来；聊了十几年的爵士，第一次听到他谈自己的人生；太多的人生追求不过是海里的小鱼在寻找着大海——爵士之灵有着道家之魂；散散步，看看天，it&#39;s a wonderful world. 近十年来皮克斯最佳，作为一个中年废材看得泪流满面
,一部真正能触及灵魂的电影。一片落叶原来都这么美，普通的蓝天白云可以这么好看，习以为常的披萨原来这么美味，下水道的热气也可以这么有趣…不要让任何事情浇灭对生活的热爱和热情。
,"人这一生，每一分钟都很精彩。
到底是什么赋予生命以意义值得一活？是生与死之间的一切。
是为一片叶子感动的瞬间，是海水覆盖脚丫的清凉，是躺在风口仰望天空的片刻。
有些东西汲汲营营地追求，得到之后不过尔尔，喜欢的人可能也是如此吧。就这样放下吧我。“这里是水，我要找的是大海”“这里就是大海呀”山的那头是什么，山的那头还是山啊。"
,觉得完全是按心理学流程编剧的故事，先有了概念，围绕着概念编剧的。地球的故事有多好看，就反衬得本我大本营有多敷衍，里面的形象设计也不好看对于泰瑞也实在是不够友好，当然了，故事是很温暖的，世间当然很美好，但是前提是，你要衣食无忧，不会因五斗米折腰，才会认同这部电影。所以也可以说这部电影是典型的中产阶级电影。
,皮克斯稳到可怕，继《寻梦环游记》的亡灵世界之后，又以绝妙的想象力营造出了一个奇幻的灵魂世界，概念与娱乐并驾齐驱。对人生的执着或是逃避都不是最重要的东西，体验平凡，认真去对待人生的每时每刻，这才是生命最完整的意义；是一次对追逐理想与回归平凡的双向成全，是对存在主义的探索与自证。几乎已无悬念锁定2020年度最佳，以及93届奥斯卡最佳动画长片。
,关于梦想，关于人生目标。让我想起贾樟柯曾经说的那句话：如果有人告诉你他的全部生命都是电影，那你快跑吧。
,看到中间一度以为是又一部《头脑特工队》，后来发现高概念只是浅层外壳，里面包裹着一个“公路”类型片，大叔+萝莉的组合以一种意想不到的方式走了一趟“人生”之旅，困于梦想和现实夹缝中的人和困于“人间不值得”理论的人，最终都明白了人生的真谛在于感受而非目标和结果。影片的治愈性在于真实的共情而非空洞的励志，非常愉快的观影过程。心灵之旅同时也是灵魂音乐之旅，感受到美妙的律动。PS: 灵魂学院的Jerry老师们长得也太像Finder图标了吧
,看完有一种神奇的体验，好像灵魂出窍去到异次元游览，时空恍惚。灵魂如何被创造、如何从源头大我中因为一个起心动念而成为个体之我、人身存在的意义，仅仅通过动画片去表达，虽不能说极深刻，至少有一只光影之手，在将其触碰。
,能把活在当下这碗经典老鸭汤调制得如此顺滑可口也是不易，灵魂学院的部分如果能再深入一点就更好了。
,和Inside out并称皮克斯目前的最强剧作，一个融合了重生和灵魂错位的故事居然被讲述出了如此强烈的现实意义，并且呈现出了如此前卫的视觉表达，角色塑造、情节发展以及主题表达都是奥斯卡最佳电影级别的出色。和Inside out一样，Soul也是一个非常有启发性的心灵鼓励，是一个送给现实中那些迷茫的灵魂最好的年终礼物。以音乐为载体，用童话做包装，跟随着内心的声音去感受生命的意义，不知不觉就看湿了一只口罩。生命的目标，就是生命的本身，尤其在这个艰难的时期，很难不让人为之感动。
,明天起，关心粮食和蔬菜。
,很好看啊。简直像是我编剧的。人不是只能为了宏大的理想或意义而活，能发现一片叶子的美，同样难得。不要被“意义”困住，不要因为找不到意义而不开心，很多人终其一生都触不到那个高高在上的意义，触碰到了或许也会发现不过如此。而如果能在繁琐的生活里发现细微的快乐，自己开心，也让身边人开心，这就是意义。快乐就是最大的意义，因为只有这种意义可以传递。
,片子不错，道理讲得比较清楚。对观众来说，感悟力和行动力是两回事。有行动力的人不需要太多的感悟，就能过得不错。
,这部动画对于过去一整年都在纠结“人生的意义”的我如同一场及时雨。22坐在阶梯上抬头望向金黄的梧桐叶说出“Maybe sky-watching can be my spark&#34;的画面如此动人，让我回想起来加州之前每个能踩着脆响的黄叶走来走去的秋天。幸运如我能在日常生活里体验到很多简单的快乐，而不是像Joe一样对自己身处的海洋视而不见，我为什么还要执着于一个特定的目标、追求或是意义？
,相对于主角的音乐天赋，大部分人都更像是22，平庸、厌弃生活、无聊，这样的人该如何活下去？生活的spark到底是什么？“活在当下”这句话如今已经有了太多庸俗化的阐释，但是这部电影带我们回到这句话产生的具体情境之中。世界上的道理其实都是差不多的，讲得不好了就是鸡汤，讲得好了就是明心见性，发覆古人。但让Joe死而复生的结尾有点逻辑不通，也让电影失去了回味的余地。如果Joe死在了那晚的钢琴旁，因过分专注而死，可能是一个更加浪漫而合理的结尾吧。
,皮克斯技术上无可挑剔，现实的纽约和幻想的天国的中转站都极具辨识度和想象力，但最终主题在一如既往地感人的同时，道理却有些经不得细想，乔伊最后能发现通向生命的最后一块拼图的基础还是他在事业和理想上取得了成功，虽然电影在故意淡化这个事实，但如果是普通人的话，没有寄托的生命中，失败是否也是我们感受生活的力量呢？会想到《醉乡民谣》中那个同样在纽约流浪着的孤独的音乐人，但那只猫只是他孤独时的陪伴，并没有帮他找到成功之路，乔伊是幸运的，他的天赋在巧合的时间点被发现，而失败者却不得不接受自己被时代抛弃的宿命，我更喜欢后者关于失败者的故事，因为生命有些时候不能只是享受，而是需要用痛苦与绝望去体验、去超越的，所以电影中那些迷失在放逐地中被黑灰裹挟的奇怪灵魂才是我们最正常的存在形态吧
,"年末圣诞夜，在电影院哭得口罩都湿了。
或许收集生活里各种美好的、低成本便可获得的小事，就是在把自己当成这世界的游客，而不带目的地、不寻求意义的旅行，其实最容易在路上发现惊喜。"
,一碗有诚意的心灵鸡汤，并不是只有闪闪发光才叫人生。
,如何过好平凡人生的每一天？对我来说：不把得来的一切看作理所当然，感受生活，敬畏生命，怀揣梦想，让内心充实……
广东,“我们总在寻找人生的意义 尽管我们就在人生的意义里”
,我没有任何否认存在纯粹的生之欢愉的意思。但事实上是，一个热情和目标被夸大和过度包装了的世界，其因为行将崩溃而祛魅的一刻，对它再度赋魅的方式是告诉你c’est la vie，你要爱它，体会它的美，就能将你从崩塌和虚无中解救出来。可是关键问题是how，问题是这种热爱其实是别无选择的选择，但它不该别无选择。也许这超出一部电影能讨论的，但绝不该是以这种野蛮的赋魅方式来呈现，是的，它再美也是一种野蛮。我确实不想，也觉得不应该相信，这一切是别无选择。
,我好惊讶这个电影的每一句说教每一滴鸡汤都在我雷区上疯狂蹦迪，这就好像大家在2020这种年份里安慰自己“能活着就好！”一样
,从我成长的经历而言，我跟男主和22的共鸣都很强烈。尤其是男主的一生追逐演出梦，首次演出结束之后那种索然无味和怅然若失的感受，我在我的人生几个节点都有过强烈的这种体验。也是后续慢慢真的发自内心地觉得逐梦之所以让人这么痴迷是因为这是一个自己完全理想化的状态，说白了就是因为想要逃离庸常的生活所以自己内心无限美化了“理想”且放大了这种渴望。真的当梦想实现那一刻，确实会发现远不如自己预期的开心。那既然逐梦其实没那么美好，确实回归到生活本身是一种宽慰。享受过程而不执着于结果。第二个强烈共鸣是“忘我之境”和“执念幽魂”只有一线之隔，被执念操控真的就很像鬼魂。自己要学会及时分辨。第三个强烈共鸣是男主跟我一样，大多数时候比较自我，几乎对外部世界无法感知，其实很多时候是脑子太满了，没有空隙来承载一些外部偶然性。
,虚高：过于说教，皮克斯老想靠“哲理”取胜，小朋友不买账
,在西方哲学基础上打转的鸡汤，是解救不了成功学毒害下的美国人的抑郁症的
,个人观影记录第8k部，不失所望，年度最佳动画电影。院线排片量真的少的可怜，今年年末看这样一个探讨活着的意义的电影真的意味深长，艰难的2020即将过去，这电影就像一道曙光，治愈慰藉人心。我们活着不是为了追寻什么目标，而是要珍惜眼前，活在当下。既然幸运的降临到这个星球，就努力过好自己的人生，面对疫情反复，面对社会压力，面对人情冷暖，我们都不能逃避，新的一年，积蓄能量，重新出发。
,"
“我从未遇到我想要的生活。你的生活是可悲的，你却努力想要恢复它。我想明白为什么。”
“也许看天空是我的火花。或者走路，我真的很擅长走路。”
“那不是目标，那只是正常的生活。”
所以，灵魂的目标不是火花，日常生活才是。但还是希望创作者不要太敷衍了事，最后用一句“我会珍惜生活的每一分钟”的鸡汤总结陈词。因为大部分时候活着就是痛着，在痛感和挫败的间隙还能偶尔买菜煲汤散步看落叶，就已经是生命里最大的火花。"
,提醒了我，寻梦环游记是皮克斯最糟糕的电影，没有之一
,剧作有瑕疵，前面元素堆得太多了，让人眼花缭乱，在爵士乐、本我超我的形态哲学中、甚至生与死的思考里跳接不暇。直到后半段才点题要阐述的是生活的哲学。是皮克斯一贯的玩法，用动画具象某些抽象或生活经验范围之外的事物，结局有点不喜欢，不如送我们的主人公前往往生更好，这样的作弊有失生与死平衡的公平还有些俗气。不过整体还是很感动，皮克斯没有灌鸡汤，和他们优秀的作品一样，告诉人们感受生活才是最重要的，而所谓的爱好或者目标之于人生不是必须的。四季的更迭，食物的美味，人情的冷暖这才是我们活在当下的理由。
,#电影院# “灵魂是压不死的，生活才会压垮你。”久违的院线佳作，但也只是短暂的心灵鸡汤，回到现实我的生活还是一地鸡毛～
,片尾彩蛋里把自己鼓得好大的小灵魂好像我家小宝贝呀，看到最后好想回家了。
,人生可以没有目标，但灵魂却不能缺少火花。也许是音乐，是烘焙，是信念，是对美食的饕餮，是对微风的触摸。只要带着爱和快乐，去认真地过好每一天。虽然核心仍然是老生常谈的人生开导，但由于the Great Before的构思和呈现实在太过于新颖有趣，使得整个故事都变得古灵精怪了起来。
,纽约，爵士乐，这个主题，还有几处令人赞叹的作画表现。在后面一个地方没忍住眼泪。大道至简，年轻时觉得享受当下是个俗烂的词，而现在这就是你仅能有的人生的一点自由。非常主流，非常了不起。
,心灵鸡汤类动画片是评分虚高的重灾区，大家的高分更多的是给真善美本身，而不是电影
,"前半段一如皮克斯既往的巧思，对灵魂、个性、自我陶醉、迷失（对冲基金经理哈哈哈）、前世往生的趣解，还有三维动画中融入现代艺术的线条元素，都是值得称道的。

而从主角独坐家中一字摆开小物件开始，我的眼泪就逐渐止不住了。对抑郁症患者来说，生命的意义早已枯竭，生与死似乎没什么区别。这电影告诉我，真正的答案并非苦苦寻觅的所谓passion，而是缓缓的落叶，地铁的微风，食物的味道，妈妈的针线，这些令新生儿好奇不已，但成人早已麻木的碎片，无论它是令人愉悦还是痛苦，它们才是可触可及的生活的真相和意义，生命的可贵就是每一秒的真实。

久久闷着的心忽然舒展开来，化而为止不住的泪水。这是一部让人跟自己和解的电影，毕竟感动是人类的本能。"
,看到枫叶的种子掉下来的时候猝不及防地看哭了。皮克斯这几年对于生死和生命意义的探讨，太多私货了诚意满满，剧本也非常完整几乎挑不出毛病
,"昨晚看完《生活多美好》，今天却被一堆烦心事困扰，晚上再看《心灵奇旅》，又觉得生活美好了起来。人生不如意事十之八九，但总有令人觉得幸福的日常，不一定要多成功也不一定要获得什么，抓住那些让人开心的小事也够了。
不过我早就已经在这样活了。"
,一碗包装精美，实则说教且何不食肉糜的毒鸡汤。Joe/22之所以可以热爱生活，有一个很重要却被很多人忽略的大前提：他（们）投胎到了纽约，有个在城里开西装店提供追梦经济支持的母亲，还有一间属于自己的studio——结果到真正转世时，22号似乎是被分配到了hard模式的东亚某国……此外，必须找到spark才能降临人世的论点也过于中上层阶级式condescending，君不见世上还有那么多艰难生存、借《醉乡民谣》的话来说，“just exist” 的人。强跨阶层忽略现实讲道理，容易适得其反。
,赞美当下、肯定世俗生活、强调生命体验的重要性——同样以爵士乐为底，堪称是一剂针对《爆裂鼓手》以及将其中的成王败寇逻辑奉为圭臬的丛林法则崇拜者的药方，即使会被看作是鸡汤安慰剂，但内核仍然深得我心。把朴素哲学理念用华丽概念+通俗故事包装起来，再润物细无声地层层拆开，是皮克斯看家本领，对Pete Docter而言也是驾轻就熟了。画风创意无需更多赞美（纽约的现代艺术环境，的确适合线条风灵魂会计师一展身手），但此次对灵魂学院的宏大设定没有更多延展，更多集中在“讲道理”上。配乐又是 Trent Raznor &amp; Atticus Ross，真爱了。
,一.2015年度最爱《头脑特工队》，2017年度最爱《寻梦环游记》，2020年度最爱《心灵奇旅》，皮克斯又一次凭借实力牢牢占据我心中最爱的三维电脑动画工作室的地位。二.我所深爱的电影、音乐、动画、家人…是我生命活下去的动力，如此说来，他们也是我灵魂的火花。三.非英语片的《寄生虫》在今年同时获得奥斯卡最佳国际影片和最佳影片后，偏爱动画的我就开始期待未来有动画电影同时夺得奥斯卡最佳动画长片与最佳影片的殊荣，而在《心灵奇旅》的影院观影过程中，这个想法不禁再次油然而生。四.《寻梦环游记》是人与狗，《心灵奇旅》则是人与猫。五.看到那只过街老鼠瞬间就联想起《料理鼠王》，而路边街景则唤起《怪兽电力公司》《大眼仔的新车》的记忆，学校教音乐→《摇滚校园》，爵士吧→《爱乐之城》……被心灵学院段落萌化，准备再去影院二刷、三刷……
,也许下辈子我就是喜欢晒太阳的肥猫。
,灵魂存在于吃剩的披萨边，存在于划过栏杆的敲击声，存在于紧张时递来的棒棒糖，存在于不被理解时母亲的一针一线。执意寻找的目标不是人生的意义，活在当下的热情才是爵士精神。海水浸没脚踝，轻轨在夕阳下驶过，心灵的丰饶永远来源于美妙的生活细节，哪怕是风吹过后一片飘下的落叶，也可以是生命绽放的启示。
,世界那么大，多数人也只需要一碗心灵鸡汤。
,最后灵魂飘向西北，数年后成了今年互联网顶流：理塘·丁真
,Moss还是那个Moss
,"《心灵奇旅》或应作《AI降生记》，谈论含千年数据的22，如何借人身体学习，最后成人。Jerry和Terry形似MacOS中的Finder，在数据世界中掌管一切，甚至可以控制人的死活。人类或许终将变成猫。
动画表现演奏音乐这样的复杂动作仍然力有不逮，显出其非人性。Animate，是让模型动起来。最好的3D动画电影仍然是关于玩具，关于机器人，关于怪物的。"
,已经有段时间没在皮克斯片子中感受到这种自然流动感了
,献给社畜的心灵鸡汤，没达到预期，也就那样吧
,人人都在过着平淡的生活，这些精英制片，导演没必要特意强调平淡生活的好，这就是我们每天经历的。反而精英们才缺乏这样的体验吧
,在赋予玩具和机器以情绪、甚至赋予情绪以情绪（《头脑特工队》）之后，彼得·道格特终于也跟随《寻梦环游记》的步伐，把主题探向了更深层次的灵魂。叙事一如既往地流畅，概念的展开也环环相扣，对“另一个世界”的想象是更加未来化的，但也因太准确无误地嵌入剧作模式中，没能在我心底真正激起什么回响。与黑泽明的《生之欲》相比，对“人生价值”这一议题给出的答案，未免太过云淡风轻，以至于沦为自我降维的合家欢流水线产品。
,"心灵是在这个年代我们最需要找回的东西。

这是皮克斯近年来表达水准最高的电影，它在宏观与微观层面完美的表达令人惊叹。爵士是属于灵魂的音乐，皮克斯用这个点稳稳把握住了影片的节奏，将一个偌大的哲学命题用生活中最小的细节去阐述。最后那一段近乎满分的蒙太奇将情绪彻底释放，会感叹生活是多么的美好。

这样的视觉效果，这样的配乐级别，竟然只配在影院里每天仅排一场普通厅，这简直是对拥有灵魂电影的践踏，这反而也从侧面反映出了利益至上年代对灵魂的缺失。可能这话有些许的极端，但我真的认为这样的影片配得上更多的排片，需要让更多的人去看到。"
,非常适合人格型塑期的孩子看，让尚未直面人间苦难的他们知道人间值得。但对我这种年近四十的阿姨来说，电影回避了真正的人生问题和存在之惑，可以让人因叙事和技术处理而有所感动，却不会进入灵魂深处。
,生命的冲动在于细微的绵延
,是我今年看过最好的电影。结尾泪崩。
,爵士好迷人22五花八门的小表情好好玩 IT狂人的Moss声音辨识度可太高了 啊所以人生的意义不一定是死磕去找到所谓的purpose而是要enjoy the little things 第一口刚烤好的披萨秋天掉在身边的落叶沙滩上海水漫过脚的感觉 然后honest abe和knicks的梗好好笑
,略微无聊，感觉很突然，也能够看出点意义，但是也是自己从只字片语中理解出来的，整个剧情就让人感觉有点莫名其妙……
,四星半。彼得·道格特的编导能力已经甩开绝大多数导演狠狠一截，当新意成为了潜意识，哪会有枯萎可言。在三维空间盘剥心态的线性计量，拓宽的是人生的疆界，坐实的注定是灵魂的4/4拍真我。
,“火花”不是特别具象的目标或爱好，而是你享受生活的那份好心情。
,我的命运已经被改变，所以没有共同语言
,皮克斯掌握着全球最先进的动画技术，细节精致把控到分毫，拿出放大镜来观察也能禁得住考验。在掌握先进技术的同时，每次总能扣住温情的主题，带给忙碌生活的人们以抚慰。只是这次带给我的感动并没有相似题材的《意外的幸运签》多。
,电影还好，豆瓣的一个高赞短评恶心到我了。说看到22投胎的地方貌似中国，它忍不住要在电影院里大喊“快跑“。那请问投胎到哪里合适呢？
,想起海子的诗：你来人间一趟，你要看看太阳，和你的心上人，一起走在街上。
,睡觉好电影。不过我好像已经过了这种说教的年纪。
,人生的意义是享受一块pepperoni披萨，是躺在排风扇上感受被风吹起来的滋味，是和理发师谈人生，是让妈妈理解自己的决定，是走在路上，是仰望星空。那些just regular old living才是人生无穷无尽的sparks啊，平庸的人生也是传奇！ps：感谢皮克斯在操蛋的2020年末提醒我们生活里那些琐碎的细枝末节才是活着的意义，感恩！
,"大部分是在讲哲学和冥想。人不要总想着“to be”而是要“being（活在当下）”，jazz更是需要“jazzing”，the great before/great beyond, chakras, 结束时的引导音乐和人身上的五彩光芒，投射出来的a higher self... 就是太多事糅杂在一起讲了，哲学高度也只停留在了张艺谋的电影《活着》的这个层面，没有更深挖掘（如人生的意义在于经历苦难）。为了2020年的政治正确整部电影也是很谄媚啊，别忘了全是黑人的地方美国叫它“the hood”。看时一直犯困，还是更喜欢Coco和Inside Out。"
,然而，22将会知道，即使感受到生活万象，生命也没那么值得。（因为不能原谅这个重返人间的该死结局，用了好几天才按下打2星的冲动。）
,看哭了
,3.5 整体故事还是太俗套了。高潮篇章可以看到汤浅政明的《梦的机器》的影子，更显得汤浅的鬼才和天赋，反而让人觉得，皮克斯这次只是做了一个合格的剪刀手，把各种看似天马行空的素材拼凑一体，还要再叠加迪士尼传统单项——煽个情。
,感觉自己就和joe一样，在追寻画画的这个目标一路舍弃了太多，回望自己过去的人生才发现竟是如此贫瘠又乏善可陈，日复一日把自己封闭在房间中创作跟朝九晚五的上班族没什么区别，接下来的路该怎么走或许要从认真感受平日里忽略了的那些生活细节开始
,"选择这个主题就已经值得10颗星,这才是当下每一个人应该看的电影，可惜排片太少，要看抓紧"
,全片最感动我的是22对走路、呼吸、味觉、那些活着的触感的描绘。很疗愈，让心脏重拾「活着真好」的跳动。举重若轻间就把生死那么沉重的事给讨论了，既成人又童话。扣一星是因为画风实在喜欢不起来，总觉得灵魂长得太草率了。
,22在路边坐下来看树叶的那一段太真实，这样的时刻多值得来这一趟。
,要说活着的必要条件是有理想与目标，那我大概是还没准备好就被人一脚从天上踹下来的。只谈对生活哪怕一瞬间的喜欢，我倒是可以再活几年。
,"You only live once. Be not afraid, every tiny little moment of living will spark to fix you, echo to seize you. A perfectly gentle endnote for 2020. "
,一开始十分钟以为又要讨论最糟烂最陈腐的自由即兴，之后各种高概念展开比信条舒服太多，ocean is the water倒是最打动自己的地方。希望疫情不要摧毁皮克斯，皮克斯还是那个皮克斯啊。
,"设定优秀、内容丰富、情感至深，细想之下可讲的东西太多了，而且画面和音乐也很优秀，视听体验非常好……
可以这么讲，《心灵奇旅》是皮克斯诸多动画中第一梯队的存在，属于最好作品之一！
如果非要说有什么忧虑的话，那就是观看此片有一点门槛，其娱乐性也不是特别强，“第一眼”的观众缘可能不会太理想……"
,整部片子整体诡异又唯美，灵魂去往地球前习得各种特性的设定特别像赫尔墨斯教义里的灵魂种子和第八境界。22最后好像去四川投胎惹，果然是享受生活的好地方（彩蛋可以告诈骗了）
,演出效果不错，但故事是毒鸡汤。黑人小哥本来就很有钢琴才能，之前演出失败是编剧硬设的。叛逆小妹也没有特别到四千年始终投胎失败。所以这片子最大亮点是对纽约的爱…然而到最后叛逆小妹好像投胎去了西藏。
,主题就是今年我大彻大悟的“珍惜当下”，很浅显的道理都放在电影表面，不需要多思考，也算是一种排遣。做人好难的，希望二十二能在地球过的开心（飞奔向地球那点还是让人很感动的～
,好久没看过那么舒服的电影了，简单，干净，纯粹。是不加味精的心灵鸡汤，谢谢皮克斯。
,毕加索看了想点赞，薛定谔看了都鼓掌。
,"可是你们都不知道，真的有人活着毫无意义、什么都做不好啊，浪费地球的资源啊（比如说我），感觉每天在一个假的身体和假的人格里假装。20200812去英国的飞机上重看，治愈了我的焦虑。人生是一个旅程，enjoy every experience and every moment! Improvise, live it all!"
,享受生活，珍惜当下，用心去体会，并去感受生活中每一个毫不起眼的瞬间。现实哪有那么多戏剧性的波澜，祛浮祛躁，平平淡淡才是真。妥妥的皮克斯第一梯队水准之作，锁定个人年度院线电影最佳！
,有一些微小瑕疵但整体画风和故事太神了，这么烂俗的内核被各种巧妙的设置包裹到像一块软绵绵的慕斯蛋糕（加布丁🍮和草莓🍓的那种），顺口顺喉，太适合冬季了👀
,放弃寻找火花，尽情享受每分每秒
,这个主題仿佛我高中时写的作文……犹记得我高考那年的作文题是一枝一叶一世界，我写了篇关于世界不过是在一朵花一片叶中的假大空应试文……动画片比我的作文多了些人生故事作论据，但仔细想來仍是空洞且缺乏细节的。以及爵士乐只是个壳，二维线条在现实世界的运用有趣但太毕加索了，整个非现实世界的画风我也不喜欢。况且让一个实现了梦想的人告诉大家放下我执梦想成真后只有空虚……这有说服力吗？22也不只是被人嫌弃的暴躁厌世平平无奇小灵魂哦，看看她几百年来都和些什么人在谈笑风生！
,非常一般，连形式上的有趣都失去了。。。跟我很多年前的毕业论文一样，单薄的主题先行，努力堆砌仅有的看上去有点意思的细节，其实都很无聊且不一定可以自圆其说
,看了内心毫无波澜甚至有一点儿想笑，动画做得蛮好的，猫咪也可爱，but，这个内核，谁爱信谁信，反正半点没有打动我
,看到这么高分，我特地调整好情绪，喝着小酒去看的（就差焚香沐浴了），期待着一场音乐的浸润和灵魂的洗礼。结果……就这？总得来说，感觉像是兴致勃勃去做按摩，只获得了隔靴搔痒的体验。同类型的片，《寻梦环游记》9.1我接受，这个9.1就太扯了，7.5～8分差不多。
,这两年的皮克斯已经沦为了甜蜜治愈的情感棉花糖，有一种90年代励志的光。但完全失去了inside out里bingbong消失时带给你仰面一拳泪如雨下的震撼感。我喜欢龇牙咧嘴却自恋的球球，也会被微小的细节打动。但很遗憾这个故事非要再给Joe一次机会，所以它没有更直接的把故事的核心说完：你用尽力气，放弃梦想，对爱有心无力，过不好平凡的一生。那也没什么。”
,挺失望，首先灵魂小人儿的设计幼稚太潦草，无法忍受。其次皮克斯现在越来越说教，而且强行反转完成偷懒的升华，鱼和海洋的比喻最后没讲清楚，海洋里的水是海洋，但你得告诉观众什么是海洋的水呢？片子想说艺术需要回归生活真实感受，但最终讲成了追求梦想好像没有意义。
,一次意外让追梦人Joe和厌世魂22产生交集，在一路的奇幻冒险中，他们互相提供前所未见的视角，改变了对方观看世界的方式。只要愿意，本片对银幕前的你也会产生同样的功效。作为一个自幼以兴趣为导向的人，却无缘在自己喜欢且擅长的领域挥洒热情和天分，遂觉此生注定碌碌无为，终日为那些虚无缥缈的“本该”而郁郁寡欢。一切都仿佛量身打造，简直就是我的本命电影！虽然影片所传递的道理一直存在于脑海之中，但由这样一部杰作将其从沉睡中唤醒的感受无以言表，那是真正意义上“灵魂”的共振。技术层面无可挑剔，人物在一虚一实两个空间中穿梭，现实场景以假乱真，虚拟世界天马行空，结合爵士&amp;电子的区分性配乐，视听效果堪称完美。不煽情，但后劲十足。人生本无意义，皆为后天赋予。生命的“火花”在于生命本身，具备了感知美好的能力，便不枉人间这一遭。
,没有Inside Out那么scientific，概念太多太混乱：dream/purpose/meaning/soul/characteristic/self/others...到后面糊成一碗鸡粥。打动我的是疫情前的城市生机，没有距离的社交：熙熙攘攘的街道，人声鼎沸的酒吧，灿烂的灯火...不知道多久后才可以回到过去...🥲🥲🥲
,Human BEING.   终极答案就写在这个物种的名称里面，越明显的提醒越看不见，可爱的人类啊 ☺️
,画面和想象力真的超绝，开头也很吸引人，平凡人生追梦的设定以及各个接地气的细节都很戳，但是到了中间剧情突然开始套路，结局更是拉胯，没有我期待的反转（本来以为按皮克斯的尿性会不会让男主直接死掉，没想到还是很随便就HE了）。可惜了创意。三星都给想象力，剧情属于低配版inside out吧。
,像一个热水澡，把一年的积郁都冲掉了。
,"秋风瑟瑟，落叶归根。一种空灵的、闲适的、轻愉的触动油然而生，于眼眶里冲兑了点滴盐水，在胸口间悄悄填满了通行证。那就是生活的感觉，生命享受活着的感觉。
（没想到迪士尼这次会致敬毕加索，这是动画人的 Spark 吗？）"
,七分半。有套路，还很深。可有一点，这套路不可轻视，否则你在这个行当会没有立锥之地~~
,我的天，这个动画好可怕，这个分数更是离谱。想象力跑偏与扑面而来的保守主义令我窒息。可以理解导演想呈现抽象维度的生死之间，但这空间美术能比天线宝宝更有想象力？当看到有一群人上人在做生前基因编辑，我就几乎翻了从头到尾的白眼。
,看完感觉被包裹在柔软的毛毯里，灵魂得到安抚。在皮克斯的世界里，造物是宽容的。每一个得到地球通行证的人，他的到来都是因为曾找到那朵触发生之喜悦的火花啊。一旦这样想，就觉得平凡地活着，即便只是感受风带来的气息、伸手接住金黄落叶这样微小的瞬间，也足以称为生命的意义的。
,"咨询师说，“做这件事你会快乐，那你就去做它。你只能让你自己快乐，他们的快乐是他们自己的事情。”“我们比较推荐的就是活在当下。”所谓的永恒都在一瞬之间，但当你真正认识到，真正抵达此刻，抵达这一秒时，永恒是什么，已经不重要了。

活着就是活着本身，不带有任何意义和目的。
任何找寻意义的动作都是活着的借口。

Soul给了这个贫富差距日益扩大的世界里的苦行者一种告慰。我们去完成生命本身也很好了不是吗？
从这个角度说，它是慈悲。

Soul具有诗性的温柔，最可取的点是会做减法。除了道理讲太透外（基于商业考量这是必要的），在创造力和主旨深度上令人惊叹。这是从黑暗中走过的人才能写出的故事。

亲爱的朋友们，请以自我觉察和觉醒迎接崭新的水瓶纪元吧。我祝福你，获得只属于你的独一无二的人生。"
,这碗虚无的美式鸡汤真的喝不下去…人生有轻松快乐，但大部分时间确实很难。只倚在门口看风景，不把自己变牛逼的人生没有意义。
,浪费我两个小时的时间
,真正杰出的电影仿佛是一道时空门，当你走出影院时，感觉就不再是走进影院的那同一个人了。它不见得能教会你什么新的东西，但它一定会带你去感受一些你已经做好准备要接受的东西。这部电影做到了。虽然老实讲，在离开影院后，这种感受还是免不了会被真实的生活逐渐吞没。但没关系，因为“A spark isn&#39;t a soul&#39;s purpose”。带着这些火花继续前行就好，正如另一句台词所说：“I’ll go with you…as far as I can.”
,优点很多，但我不喜欢这个结局，宇宙意识过于人类情感了…………应该有更巧妙的解决办法。
,坠入庸常，遨游在海洋。
,无比丰富的背后世界观：柏拉图、普罗提诺、诺斯替主义、摩尼教、赫尔墨斯主义神秘学、通神/生天、西藏度亡书
,没有火花也要认真地生活呀 555
,广东鸡汤不放盐大概就这味儿，难喝也不补
,宏大意义烟消云散如何抱紧真实的人生
,22投胎到天朝还怎么live every minute
,"怎么说呢，就好像电影在对着孙悟空说：“不是非要做齐天大圣斗战胜佛才是人生啦，要享受花果山一草一木的美好呀！” 
然后我作为一只蹲在地上的野猴子，啃着手里的苹果点头：“对啊对啊。&#34;"
,故事偏硬又索然无味，强行灌鸡汤太无耻
,"也许是在纽约生活过足够长的时间，对里面的每个细节感受更加深刻。Chelsea街头的疯子，Harlem理发店的壮汉，7号线座位底下的脏瓶子，地铁站的街头艺人……每个人都装着一个斑斓的灵魂。Your spark is not your purpose, it&#39;s the meaning of life. 其实每个人都在水里寻找海洋。"
,Brava！
,乔伊的故事，阐释的无非是叔本华的一句名言：生命是一团欲望，欲望不能满足便痛苦，满足便无聊，人生就在痛苦和无聊之间摇摆。而它所提供的教诲，不及卡瓦菲斯那首精简的诗：当你启程前往伊萨卡/但愿你的道路漫长/充满奇迹，充满发现......
,最后22落向了青藏高原东南角 难不成变成了丁真
,“灵魂不会被压垮，压垮你的是生活。”出人头地并不是我们来到这世上唯一的意义，没有梦想的灵魂也是独一无二的。人生哪有那么多的大道理，去感受世间的一切就够了，每一个平凡的灵魂都是闪闪发光的。
,有人手把手教过我怎么安慰人“说你能理解伊，告诉伊可以有别的选择，然后紧紧拥抱”。当然我一次也没实践过。但我知道这招管用。因为小跳灯就是这么干的。鸡汤的配方真是很简单：截然不同的人，意外的纠缠，互相点亮，变成更“活”的人。难就难在配调的掌握以及火候。用哪种音乐配哪种画风，何种主角搭何种萌物，什么时候应该喜闹什么时候可以顽皮开多少尺度的玩笑，在哪里点一勺亲情能让一滴泪刚刚好挂在眼角紧接着轻叹而微笑而感到安慰。本来担心外语+动画片的配置会叫母上感到无聊，结果却是我们在饭桌上谈论人生的选择与取舍。
,工业化的进阶和倒胃口的煽情
,几天前在朋友家看，我中间犯困了，醒来时电影已过了大半，我当时的感官是这电影言过其实；今天重新看，发现自己错过了太多的细节，看完只有两个字：真好。很多时候我们在给一张唱片、一部电影、一本书评价时，往往忘了最重要的部分：那就是作为观众（听众）我们自己的状态。
,电影的结尾，二十二为什么突然拿到了通行证？因为她内在真正有了对生命的强烈渴望。人活着，当然有一百个理由活下去，尤其成人之后你会有各种欲望。但生命起源之初，如果连相信也没有，不会支撑过在母体漫长的八个月。         即便人生和世界有那么多不堪，你还愿意好好来体验一次吗？是的。yes。惟有你说yes，你才能拿到那个爱的通行证，你的火花灵感不是任何事，是你对生命说yes。
,制作为故事加成不少，情绪浓厚情感浮躁。
,1、非常棒的以“人的困惑”为主题的电影。外国讲“困惑”的电影多，好电影也多。咱们国内的电影都“不困惑”，或者如葛大爷说的，以前我困惑过，现在不困惑了。2、为啥？算法，流量，资本。成了电影里那些黑化的可怜的lost souls。3、弱弱说一句，22之所以能找到意义，不是因为什么鸡汤感悟，而是它有知识，它读书了，它思考了，它和人类历史上的伟大思想对话了，它困惑了，它求索了。算法、资本、消费和娱乐之下，22这样的little soul会越来越少。sad。
,心蒙灰了就用皮克斯的鸡毛掸子擦擦！
,我好像不是很吃这套反向的心灵鸡汤。。我觉得人生就是要有梦想的啊，不然真的没意义的啊…………我是不是没救了
,我们向往星辰大海，又困在无边无际黑黢黢的海水中，太多人窥见了生活的真相，却忘了火花点亮的瞬间有多迷人。Joe和22未能再相遇，所有人都希望他们再相遇，但遇到一次还不够吗，足够了。一定要去电影院看这部片子啊，尤其是在经历了如此糟糕的2020之后。音乐好听，视觉也赞，想象力惊叹，疗愈力更是爆棚，关键还很好笑，简直是收到了一份意外的圣诞礼物！
,忽然对2021年充满了期待～不，立刻，这下一秒的时光，我都充满期待。希望电影带来的余波可以蔓延的久一点～
,2020年的我们都是22号灵魂。
,有被煽到，但想想觉得前半段比后半段好。最喜欢的段落是那个基金经理突然想通！（感觉这一部的主题已经就是我这一年的人生哲学本身了，又觉得正中我心，又觉得哎是不是少点什么
,恰恰是我最无感的动画题材
,要是主角没有走后门，像普通人一样死掉的话，就比较好了。
,类型是喜剧，但在想要深度的情境下显得不合时宜。如果同样的表达，拍成一部严肃的正剧，我相信我会喜欢。我也不太喜欢这些角色，除了线条人。
,最后22飞向地球，看着好像在飞往某亚洲地区？
,巨难看，看了一个小时叽叽喳喳不知所云，年龄越大越讨厌迪士尼和皮克斯动画里的笑点，泪点和煽情也尬得要死。
,又一部教你平凡才是真正人生的电影。。
,就像是片尾管理员杰瑞问乔你将如何度过一生？乔这一次的回答是 ：我不确定，但我知道，我将珍惜每一分钟去活着。所以你知道吗？属于你的火花并不一定都是那些多么伟大的梦想或人生目标，而是你想好好活着的那一刻，生命的火花就会点亮了。同时，我想这个电影在年末上映也是皮克斯给这个艰难的2020一记温柔的摸头杀吧。
,不是个好东西 跟大数据自动计算出来的东西一样愚蠢无聊 皮克斯现在就跟鼠来宝差不多
,无声爆哭，是纽约啊
,真的太感动了 在刚刚得知了我的成绩之后我心情很差 功利性的选择了这部片子想让我轻松一点或者大哭一场 这部电影确实做到了 而且进一步点醒了我 我其实一直很有意识的享受生活 但是我潜意识里在生活中还是会功利性的寻找目标或者去判定自己是否优秀 其实都错了 真正有意义的活就是珍惜生活的每一秒 每一口呼吸看到的每一场日落 都是活着的意义 我不去自杀也是因为我觉得活着的意义大于死去 平庸不代表活着的失败 我们总会去给生活自我命定一个意义 但是事实上错了 活着的意义就是活着 做自己想做的事不怕失败和评价 观察这个世界 爱我所爱
,三半，丰富的细节讲了一个烂大街的鸡汤，还看得我前排一米八的大汉频频用纸巾擦泪。爵士乐和猫是我最喜欢的部分，灵魂培训中心那种旷野线条大色块比较难激活我的脑活动。最后男主配22“as far as I can”恰如至亲之人陪你走一段路。22是青埂峰下顽石，来世上“走一遭”。对执念和人生purpose很好的形象化
,音乐6 画面6 导演5 故事5 表演5 印象1 平均4.2/10 皮克斯的动画越来越不适宜小朋友观看了，于他们来讲无异于鸡同鸭讲。没想到想从中寻找童趣与轻松的成年人现如今也扑了个空。片中唯一使我心动的两个地方分别是主角以灵魂的方式掉入黑洞以及他在寻找22号的火花时所悟出的道理。然后就，有点虚无，可能活得岁数越大经历的打破幻想的现实越多就越来越骗不过自己。Coco就挺具有欺骗性，但至少拍得有趣。这一部完全可以说无聊透顶(这辈子可以听到如此平淡无奇的音乐而片中的角色可以惊掉下巴；这辈子还能看到以三维发家的皮克斯会倒退回去做那么无聊的线条2D)。生活对我来说就是与生的欲望一步步道别，因为死亡是必然之道路。
,8.5分，在我个人心中比《寻梦环游记》强上很多。皮克斯的电影大都世界观设定都很有创意，但主线剧情发展其实都是很俗套的故事，比如《飞屋环游记》《寻梦环游记》《头脑特工队》，这部电影也一样，什么人猫身体互换都是老梗了，但内涵很有深义，值得成年人去看引起反思。
,太好了。非常巧妙地回答了「人为什么活着」这个略显俗气的问题，答案可能在一首歌里、一块披萨里，甚至一片落叶里。真的很适合在年终岁尾上线，可以加到节日常驻片单里。
,发现平时生活状态或者心态都比较平稳的朋友都没太被这部电影戳到，对我来说简直就是去年一整年的心态写照，在电影院哇哇大哭。不是皮克斯最厉害的电影，但是是最符合2020的电影。
,感人！看完有一种活着真好的感觉！下午的电影院屏幕小声音也不行，有点影响体验，还是要看巨幕啊！
,菲姐的声音与角色完美切合，就是许多设置太类似《善地》，创意上就没那么亮眼，整体是非常四平八稳的皮克斯式感动常在。以爵士乐做引，去探讨人生的立意，在普世共鸣上做得最好，所以比起孩子更像是拍给大人看的（ps一个笑点：失魂的典型人物代表毫无疑问选定对冲基金经理
,"目标不是意义，无差别的每个当下碎片更不是。能组成完整的人生图景的拼图才是。
这电影的价值观也就能起到心灵按摩的作用吧，汤喝完该怎样怎样。"
,在地球的通行证不是才能火花，而是你想认真生活的每一个瞬间
,四两拨千斤的影片，还没反应过来故事就结束了，皮克斯还是拿回了属于自己的剧本。
,&#34;You ARE in the ocean&#34;
,"应该是《头脑特工队》之后看过最好的动画片，差点因为这个无语的译名错过。对于人生本质的思考和呈现别说动画片了，即便真人电影也没几个比这个展现得透彻。
更巧的是电影主角也叫Joey，也贼喜欢音乐，前期和后期对生活的态度和感悟也都跟我一毛一样，要不要这么巧，完全像是在拍我本人好吗！！！
推荐所有热爱音乐🎶，热爱or不热爱生活，对生命希望or绝望的人，活不明白的人把你去看《晴雅集》的票钱省下来，都去看这部电影，这才是真正值得你花2小时间坐在电影院观看的好片！！！
PS:电影播完，字幕上来，一看配乐是我大Trent Reznor，难怪全程音乐都这么牛逼！"
,比Coco平庸多了 對生與死的解構 小孩看不懂 成人看又膚淺 爵士樂的呈現也是一聲嘆息
,是我理想中的皮克斯该有的样子。整部片子就像爬楼梯，一层一层地塞给我新的价值观，却完全不让我厌烦。男主过完他本以为生命中最重要的一天以后的感受也是我的经验，而我还在继续摸索的路上。
,如果把电影里各种玄乎复杂的设定都摘掉，剩下的不就是一个略显俗套且过于juvenile的故事，加大型Insta ”best inspirational quotes that’ll change your life”口播现场吗？！我就有这么一位热衷于在SNS上分享美式鸡汤（hashtag deep hashtag life hashtag motivation hashtag spiritual hashtag quoteoftheday) 的朋友。电影后半段我literally在任何角色身上都能看到他沉思的脸庞徐徐浮现，对着我这种uninspirational的人谆谆传（鸡汤）教。另外，作为musician男主的醒悟也来得太晚了吧，这一般是我们十几二十岁的thought process.
,当我们习惯于沉浸在资本市场里而不自知的时候，皮克斯提醒我们活着不要太功利——突然想起前段时间的看到的那句话：每个小男孩童年的梦想，绝对不是买一套房子。可是，现实会答应么。
,好好看啊！超级喜欢！！2021年看的第一部影院电影是心灵奇旅实在是太幸福了！！皮克斯yyds！！这部电影改编成游戏肯定很好玩，场景和角色设定很可爱很有想象力，泰瑞和杰瑞们就很适合做npc，配乐也好听！一人血书求迪士尼出游戏！
,一部有着哲学高度的电影。
,"——🍅97%🍿️91%——可以有目标，但是没必要。
❶ 以“SOUL”的名字呼唤爵士。
❷原名“生之来处”的心灵学院（不改名，非“学院”）教你做人。实际，即使林肯、甘地、特蕾莎等人也无权评判你。
❸这边的人设可盐可甜，那边的灵魂可男可女。
❹不识海洋真面目，只缘身在此水中——“火花”不是人生目标，想生活的那一刻就是生命的火花。迷失与忘我，执念之差。皮克斯解构“丧文化”，摘除当代社畜的金箍。反追梦、反宏大、反焦虑。
❺拜登胜选，徒留“海宝”（黛瑞）在奥巴马心爱的《心灵奇旅》里操着一口“川普”自卖自夸；二十二降生在中国？迪士尼驻华有希望。"
,泪洒电影院！这种故事我国编剧一辈子也编不出来吧
,还挺佩服皮克斯的想象力的，旧瓶子还能装这么有想象力的新酒，然而你无产阶级爷爷早就看穿了一切。
,影片本身的经历和情节竟然这么相似，被放弃过的项目，又是怎么重新冲上的戛纳。皮克斯还是一口气塞了很多概念，不过聪明在这些想法都关乎情感：而如果于观影中的观众来说，影片将死板的接收概念转为情感共鸣，显然会更容易触碰到自己【世界上已经有了这么多厉害的人，为什么还需要你呢？】
,深入浅出的存在主义哲学课。
,带着很高的期望去，反而觉得……嗯，一般。怎么说，主角一开始是loser相，过程光怪陆离，然后用复杂的逻辑讲了道理，后来主角学会了在宇宙中心做自己，最后上了高级动人的价值。就很，奇葩说？
,用灵魂出窍的方式，演一出妙趣横生的哲学命题，真棒！有人说，片子的主题是回归平淡。我不这样认为。回归平淡是首先承认成功的巅峰愉悦感。我认为片子想说的是，尽管当上导师的人都有很多成功事迹，但要提防本末倒置，那就是以为成功是生活的火花和意义。其实，人生的火花不在于目标与成功，而在于当下，不是得过且过随波逐流的当下，而是用心感悟的，春华秋实，生旦净末丑，百转千回的当下。无论成功与失败，有热爱，有勇气，有坚持，有温度，就是漂亮的人生。目标只是一种可视的量化的KPI，成功只是锦上添花的副产品，而已。
,散场后，小孩比家长冷静多了
,很多时候觉得自己碌碌无为的活着真的太没有意义了…谢谢皮克斯告诉我即使什么都不做 只要你还在感受着生命就是有意义的
,"我们从小就听过很多道理，长大以后，日复一日繁琐的生活，让我们忘了这些道理。
皮士尼造了个梦，用两个小时带我们复习最初最简单的那个道理——热爱生活。世界上有这样一群人，这个世界可真浪漫美好。
就算我一无所有，只要我用心去感知这个世界，我便拥有了这个世界。"
,&lt;寻梦环游记&gt;比较好哭哈
,"真可以说是给社畜的一剂良药。在人人都讲成功，谈目标，追理念的现实生活中，皮克斯居然出人意料地给你讲述了一个平淡的故事，成功又如何？可能你下一秒也会掉进某个下水道里。平凡的活着又有什么不好？与自己的亲人朋友一起享受美味的披萨，观赏绚丽的落叶，挑选合身的衣服又怎么不是一种成功呢？
皮克斯一如既往的稳，它就是能够在既定的条件下给你交出完美的答卷，即使你已经吃过它这套操作好几遍了也依然会折服于它优秀的讲故事能力。更不要说那领先于业界的制作水平，本片的人物动作和美术场景细节都可以说是做到了三维动画电影的巅峰。在拥有如此过硬的条件下，我们在回看整部电影后就能感受到，皮克斯式的成功也并非偶然。
是不是讲纽约的电影都要来迫害一下尼克斯？"
,那些远大虚无的东西本来就不是人生的真谛；唯有清风、鸟鸣、午后的斜阳才是生活最纯粹的元素，当你想要去生活，你才会活着。
,在这个时节看一部这样的电影，皮克斯永远技高一筹。
,内核比较老套，鸡汤说教味太浓
,皮克斯再次通过动画制霸现实，年末的重磅炸弹，对我来说不是催泪，先是心酸，然后释怀。曾经那些无法实现的梦想是多么挠心，无可奈何的滋味我懂，当二十岁意识到此生终将平庸后，我平静了。所以早已没有任何梦想，只想努力生活，好好活着，我的火花在每一部看过的电影里，在每一顿加班后的晚餐里，在每一次梦醒的美妙时刻中。
,其实最适合22的导师是杜尚
,"是啊，为什么非要有什么明确的目标，非要找到自己最擅长的那件事呢？好好活着，即使什么都没有，也还是可以畅快地呼吸，可以且听风吟，可以面朝大海。感觉受到了强烈的被理解和被接受，感动哭。皮克斯的人都是哲学家心理学家社会学家吧~
感谢所有点亮生命的电影。
感谢说“芝士只是点亮世界的灵光”这句话的梁文道。"
,活在当下，道理太简单，真正做到却很难。
,喝不下这碗鸡汤啊……
,4.5分，不喜欢这个结尾。我认为“火花”是获得“惊异感”的能力，它们各式各样，是一种活下去的动力。孩童在成为成人前充满了“惊异感”，而成人渐渐感到失去生活的意义原因之一在于惊异感的消失，解决方案抑或是保持“孩童”状态，抑或是传递、交接的使命感。男主回去找22出于后者，但是结尾改变生命规则的上帝视角，与这套理论是不自洽的。
,嘻嘻我是听完的。
,"一篇大散文，最后点了下题，不然都不知道在讲些什么。如果有可能，每个人当然都有自己的梦想，去追求自己喜欢的东西。但是如果没啥特定目标，就是享受生活，其实也蛮好的。只要你自己觉得值，只要你自己不会后悔，其实怎么活都和他人无关，只取决于你自己。但话说回来，活在当下，享受生活，只属于那些心大的或者没有太多压力的人，往往生活中很多事都不能只取决于自己，要回到孩子般无忧无虑，擦亮自己的眼睛，充满新奇和发现的一天又是有多少每天都是循规蹈矩地生活的人能做到的呢？感觉是有点美国式成功教育：everything would be fine, just relax and enjoy your life. 会带来些许感动，但这碗鸡汤久喝可也不行啊"
,皮克斯：我们彻底放弃小学鸡市场了#
,22向着地球飞去的时候有点不敢看，生怕它降落在某个可怕的国度，对，就是内个……
,有些电影看完会觉得多活了一生，这个算一部。确实可以当做2020年的结尾影片。
,"热泪盈眶的电影，以后每一年都要看一遍的电影。
忘记目标。人生的火花，始终是生活本身、生命力本身，享受即使再微不足道也生机勃勃活着的瞬间与感受，每一刻都有它的华彩。
感谢还有Pixar。法克2%的排片率。法克劣币晴雅集。"
,改分了，三分。。
,哈哈反爆裂鼓手，支持我们的不是挚爱，而是生活本身。不过里面Terry抓人那段简直就是红辣椒再现
,Inside Joe Gardener 😭 空降年度十佳。醉乡民谣、爆裂鼓手、九条命、星际探索、生命之树。毕加索早在哭泣的女人中就参赋了此生的意义。
,过去每一部几乎都有很明确的某一方面的动画技术进步，比如火焰、水、毛发等等，这一部大概是“半透明的发光体”吧。只是这种造型很低幼的东西实在让人提不起很大兴趣。Pixar也“致敬”了很多过去的作品，灵魂很像Inside Out，日常生活蒙太奇则来自Up。2020年抛出“活好每一天”的主题自然很有意义，但大概也到此为止。
,《青少年心理健康教育十五讲》（皮克斯2020修订版）
,把拥有完整人格当成目标这件事，比起有钱或某种世俗的目标来起来难多了。
,一个魂体验了纽约生活以后毅然决然投胎去了中国
,人生从不来不是宏大的命题啊，是生活探出的每一根触角。
,生活的意义其实就是生活本身。人的一生对宇宙来说很渺小，但对于自己却无比重要。
,有梦想很燃，但生活在这个世界上的本身就是一件美好的事。
,真正的spark无需特别寻找，它会在你独自沉浸享受的某一时刻就已经存在，而我们只需要好好享受每一个沉浸时刻。全片实践了把自己(人)作为目的，但还是套路太满，希望把鸡汤做的再高级一些，片里这个程度我自己日常就能获得。说到底，人看电影一部分还是希望得到超过自己经验的感受。
,你不必成为有用的人 也不用成为他人眼中期盼的人 你只要成为自己想成为的人就行了（又为自己的咸鱼找到了借口 emmm）
,终于皮克斯恢复到了《海底总动员1》时期的水准，不再给我“加入了迪士尼后每部作品都象被催熟来捞票房”的感觉，特别走心，哪怕再小的配角都有戏，转折位虽然能预料，但惊喜有，音乐不用讲，美术太好了，二维线条的三维感是意识上的突破，这一点比什么都重要，可以说，皮克斯再一次竖立了创作标准。
,Carpe diem
,瞎逛的时候一时兴起看的，比想象中好，前面说人要有目标，不能平庸地活着，然后引申出生命意义的问题，最终答案是类似存在主义的说法，去体验存在本身就好，强调活在当下，这是一种颇为佛系的心态，在精英化的社会主流价值观下比较让人放松。如果生命中的痛苦和焦虑不能带来更深层的意义，的确容易产生精神危机，我相信人在一定程度上可以选择自己的生活，也必然在整体上获得微妙的平衡，但最终，生命这条河得在洪流中趟过才行。配乐不错，结尾强行给男主续命扣分，如果进入光芒接受命运，这故事就没得挑了，不想太挑剔，瑕不掩瑜了。
,"越来越多商业电影开始转向表现平凡与当下，不再是英雄与改变，这一点挺好的，我喜欢看剧情片，艺术片，很大一部分原因就是它们在讲普通人的痛苦以及抵御这份痛苦所蕴藏的能量，这是最让我动心的人类特质。
所以大片的乌托邦幻念，所谓中二的邪不压正太二元对立了，缺少了活着的实体浪漫感。我们不能成为改变世界的人，但我们只要努力一定能活成在这个世界中发现美，在悲剧中独自美丽的存在。"
,2021开年鸡汤，和所有鸡汤一样没有给勺子。在动画里，小灵魂们找到了活下去的理由后才被推向地球，但生活中有那么多22号，赤身降落在人世间，手足无措。
,"比起追求big goal, 我更想活好每一个minute啊。普通人生也很值得。"
,电影回答的就是这样一个问题，“你的生活值得过吗？”，这真是个无法逃避的真·问题。当然这个问题本雅明一百年前就谈过了，投身于生产链条之中的人，变成了游走的“商品本质”，他们组成了“人群”，但在这个吞噬个人的庞然大物之中，亦是绝佳的隐遁点，因此有了“人群中的人”——波希米亚人、游手好闲者、闲逛者、牵着乌龟散步的人……他们独立于人群而存在，他们是生产链条之外的幸存者。放在《心灵奇旅》的语境里，他们就是保存有spark的那些人，那些闯入“忘我之境”的人。这就是电影给当下的回答，在不断被驱动的世界里，生活的火花并不只存在于追逐成就，个体是允许“溢出”这个生产体系的，停下来感受一阵风，坐下来拾起一片叶子，都是对资本的抵抗。
,【A+】概念和原创性都一级棒，故事很能触动像我这种对生活已经麻木的社畜。（看的国配版，那个小灵魂的形象和声音…给人一种“这人怕不是要转世成哪吒”的错觉…………
,希望短评里那么多被感动到手敲鸡汤文字的人，能真的把这份感悟和感触付诸于生活。
,看完出来，走在人群熙攘的商场里，精神有些恍惚：我在大海里么？
,自我否认和和自我沉迷都会沉入混沌的深渊，对某一领域的热爱和成就不是生命唯一的火花。什么样的人生是有意义的人生?不论是林肯还是阿里，我们似乎默认了那些功成名就的人以及他们的人生是有意义的，却很难发现你我就是秋色里的一片落叶、 理发店里的棒棒糖，也许并不宏大，但是本身就有意义。年度最爱
,为什么哭的这么惨，因为我就像22那么古怪，也没擅长的东西和人生目标，最大的爱好是看天看树看路人。局外人感觉这种生活没意义，身在其中时发现也挺不错。
,民胞物与嘛，像是一个冷冰冰的说理机器，和《头脑特工队》真的差距太大，概念做成短片或许更好一点。
,这个片子把live the moment这样一个简单的道理讲得太好了也太举重若轻了，既不鸡血也不鸡汤，也给了所有觉得自己找不到人生目标的人从心底里的抚慰。像一个很柔软的拥抱一样。然后我就在这个拥抱里猝不及防地哭成狗。不是被硬煽情哭的，而是被温暖哭的。是吧，可能目标本身不是最重要的，生活本身才是啊。那个旋转的叶子掉一次我哭一次。。就毫无还手之力，还要努力让自己不要在影院哭出声。。太懂这种苦苦追寻意义然后突然一瞬间又觉得生活真美好的感觉了啊。暖丧最为致命呜呜。
,coco讲述了“死”而soul演绎了“生”。这片子其实论证了人生既有意义又没意义。没意义是因为个体在上升为整体和宏观之前是不可能具有严肃意义的，但下降至微观，每个个体的价值取向不同，个体追寻的微观价值也就是电影里说的spark。所以人生不可能具备严肃意义，但是却又必然拥有各自的spark，所以人生同时在有意义和没意义两端存在。片子虽然正能量鸡汤，但哲学内核并不是虚的。结构工整到像教科书一般，并且还具有一点佛教譬喻的色彩，可以遇见未来10年的商业哲学鸡汤片都难逃这部片的影响。
,对“终极目标”和“高光时刻”的迷恋和追寻多是虚妄，意义仅仅存在于每一个当下的瞬间。
,非音乐性地指向音乐性。于我于世都太妙啦。和《头脑特工队》《寻梦环游记》是同一部电影。其实都是杰瑞。
,【A-】电子游戏风美术很惊艳，呈现了一个截然不同的“往生之境”，剧作更是几乎完美，除了22的转变稍显的有些硬，情节冲突强度，人物塑造，主题表达都非常好，尤其主题，深刻程度皮克斯内只《料理鼠王》可一较高下。乔伊因生活的火花爱上音乐，因爱上音乐立志成为音乐家，可这种追求最终却沦为空泛却执拗的精神禁锢。影片所传递的价值观并非鸵鸟式的甘于平庸，而是一种“反成功学”，它拷问每一个来看的成年人，你所追求的到底是理想被世俗化后的价值定义，还是你热爱的理想本身？动画总在教小孩道理，但这一次，他在教大人。
,"总说皮克斯不会让人失望，实际上，我们根本不知道应该怎样去预期皮克斯。这一次，不论你怎样期待，皮克斯远远甩出你的预期好几位Jerry。
一部温暖治愈的心灵之旅，是从死亡开始的，在超赞的爵士和电子乐中，皮克斯完成了截至目前最飞起却最朴实的一次讲述。
人生是什么？就像其中一位英伦口音的Jerry所说：“Oh life purpose，so basic.”人生那么丰富，那么美好，我们如果关注的是目标，真的太小瞧人生了。
谢谢皮克斯用这样美好的创作身体力行告诉我，地球真的很美好，作为人类，真的，挺不错。
新旧交替这一天，不论世界曾经、或者将会面临怎样的黑暗，我透过这部电影的望远镜，看见了光。"
,泰戈尔有诗：世界于你而言，毫无意义和目的，却又充满随心所欲的幻想，但又有谁知，也许就在这闷热令人疲倦的正午，那个陌生人，提着满篮奇妙的货物，路过你的门前，他响亮地叫卖着，你就会从朦胧中惊醒，走出房门，迎接命运的安排。说的就是这部电影吧，那么问题就在于，我觉得微微奇怪的是，平凡的火花应该是是一种“存在”的状态，剧作如果像是头脑特工队那样去寻找去探索去发现，则更加能说服我，但现在的剧作虽然成熟完美，实际用的是一种去求索去得到的论证方式，我觉得过于刻意。
,【3.5→4/5】跟《inside out》异曲同工。主题又经典又cliche，成也此败也此。剧本设计精妙，细节考究，画风灵动。音乐性远低于期待值。整体来说是一部能打B、给3.5星的作品。但是，私心提到B+、加到4星，因为那段纽约混剪是在太戳我泪点了。其实，对纽约的城市细节的逼真还原和极具这个城市的独特气质的文化生活梗的混用，贯穿了全片，但是那段混剪看得出来团队是真的对大苹果有感情的，几乎算得上是一段情书了。以当下的我的心境去看这段montage，几乎是开闸泄洪的效果。
,同一个世界，同一群打工人。原来那个会蹦的台灯（皮克斯）真的在和我们一起成长，知道我们长成了困在 996 中的打工人，然后依旧像孩时那样为我们带来慰藉、想象。乍一看还是一群圆滚滚的卡通形象，然而一颦一笑乃至按下琴键的指尖纹路如此细腻真人，又一次进化🧬等到排片上来，二刷。
,用很淡的方式陈述一个很重的命题，符合大多数人去电影院的预期——「最好别让我想太多，这种分量还可以。」就像主角先前在理发店里，只跟托尼聊爵士乐而不谈人生那样。
,22号最后是不是飞去成都或者重庆那边了？
,动画版《柏林苍穹下》。我喜欢那些在灰烬之海里独自消沉的怪物们。
,抛去晦涩和说教，生命无论传奇和平庸都是平凡之路，认真感受，去热爱，感恩，日日是好日，希望你活着的每一天都能快乐。找到自己的热爱。
,即便在心灵神殿，给人打绩效颁奖的HR/管理层依然是熟悉的味道，面目和善却可憎，底层搬砖的还是要日复一日地做着最繁琐的脏累活还要亲自下场擦屎，摊手。以及欢迎肥肠豆瓣气质的22号投胎到地球学哲学
,蛤？
,3.5，普通水平
,树叶掉在手心那一刻，很有代入感，因为我也总是为这些世界突然变成立体声和升格动画的时刻所动容。能平庸地活着，能因为吃到美味食物、听到动人旋律、看见微小光影，就是找到了火花。我的人生啊，是由这些无数无数个微弱却始终明亮的火花组成的。
,期盼了一年 终于拔草了！！！！！！
,"看着电影顺便就做了一个CBT session, Pete Docter这得喝了多少死藤水才能把执念与忘情visualize出来！一个愉快的中年场，也是第一次看完电影没有一个人走，所有人都一脸懵逼地思考如何活在当下。纽约尼克斯那个梗夺笋啊"
,阿呀没戳中。。。
,几乎揽括了所有的异教元素，濒死体验、萨满、忘我的主客一元，甚至荣格本人也客串了一下。但正是用这种看似单纯的形式才诠释了最深刻的哲思，大道至简，而鱼的寓言故事恰好又表现“下士闻道”只会笑而弃之。因此内核是禅宗，概念阻碍了你与世界的距离，22第一次当人所最初的一系列怪异行为都是在反拨我们固有的思维习惯。因此上帝在哪里，道在哪里，上帝不在一个终极的目的地，上帝无处不在。本片对于解答当今世界的精神困境有着重要的意义
,和Inside Out同一水平的作品，但个人失去了第一次看前者时的惊喜和感动。
,生命最原初的事件是享受 享受天空享受阳光享受食物欣赏落叶享受交流 这种享受未必是列维纳斯式的 而是《柏林苍穹下》式的 在简单的热烈与欣喜面前 目的论链条有多可笑 卸下意义又有多宽慰；前段音乐使用好特别 在耳边不停敲打 仿佛要把人逼入那单一的目的论链条一样 因此音乐突然停止的瞬间其实很多情绪已经化开了 反倒后来两种生活态度的对照并没有带来那般触动；皮克斯的魔力在于柔软
,皮克斯年度治愈之作。不是每个人都有宏大的理想，对生活的热情和生活中的点滴美好才是支撑我们活下去的力量。它可以是一块美味的披萨，一段美妙动人的街头卖艺，一次和理发师的愉快对话。愿你像刚出生一样活着，对世界永远充满好奇心，善于发现生活中的美。愿每一个迷失的灵魂都能找到归途。
,我曾经跨过山和大海，也穿过了人山人海，我曾经拥有着的一切，一转眼都飘散如烟，我曾经失落失望失掉了所有的方向，直到我看见了平凡才是唯一的答案
,"这部电影简直像是为这个2020年量身定做的，在这个年末给疲惫不堪的心灵一个慰藉。

本以为是想讲人要寻找追求自己的梦想，而我几乎陷入了22一样的惶恐，惊喜于电影最后带给我一个不一样的答案 — maybe life’s purpose is just living it. 有时候人生也许并不像计划般的一往无前，这时候随性而为jazzing it也并无不可，天空中飘过的云，风中缓缓飘下的叶子，温暖的阳光，美味的披萨，就是生活的sparks，这也是让我撑过今年的sparks."
,虽然其实并没有被感动到，但小猫咪就是有用！
,排片太少啦！！！！
,感谢皮克斯在这样一年里能做出这部电影。不夸张的说，看这部电影前一天晚上睡前我躺在床上，想到人生未来的一些可能会发生的事情充满了恐惧。谢谢这部电影在某种程度上治愈了我那些由于今年一年的封闭而产生的负面情绪。生活是美好的吧，22号的spark，gardener再音乐中对所有温馨瞬间的回忆，后劲都很大。注意到22号最后飞到四川方向去了，猜测她会成为一个熊猫饲养员。
,快到结束，在风沙中，被一群黑影团团围住诘问和指责的那一幕，我真的觉得被他们团团围住的是我自己。
,皮克斯依然爱我ฅ۶•ﻌ•♡
,"整个世界都在转向，连迪士尼动画片都叫你不要追逐遥不可及的梦想，该踏踏实实过日子了。还有那些特意植入的，关于灵修和集体潜意识的私货……
这就是2020。"
,浓汤宝
,觉得跟自己期望值不符。唯一的赞美来自他们真的能把亲子这碗饭吃得那么好。
,爵士钢琴solo很好，又是一部木神会喜欢的电影，但是太有治愈和励志的架势了，导致沧桑如我只能呵呵一笑。live performance快快恢复吧，我想回乐团线下。电影名为Soul是双关啦，不光讨论人的灵魂、爱好，也是音乐的灵魂，或者有没有指灵魂乐呢，比较跟Jazz有千丝万缕联系都是布鲁斯发展来的，主角找到那个班底也是全黑人。
,IT&#39;S A WONDERFUL LIFE  从意境上说，无疑有皮克斯最美的一段montage，看哭了
,还是套路不到我...不过后劲好大啊，从电影院回来的路上环顾四周，每一个细小的物件都似乎变得熠熠生辉，吃饭的时候也会更加仔细咀嚼品尝味道了......生活啊生活，就算梦想实现了也还是要生活...感觉那些老生常谈的道理，今天第一次被打入内心
,皮克斯拿手好戲是把生死大事萌化成後勁十足的反思而非說教，生命中哪有這麼多的高光時刻，往往期待已久的目標實現的瞬間不過是精鹽一粒融入海水般無聲無息，徒留某種儀式感取悅自我和周邊。所以，不會有什麼重來一次，Carpe diem！每個當下，每種風景，每口滋味，每位趣靈魂，都值得用力擁抱，我問心無愧。【WandaBB】
,"设定很有趣，沉浸在心流里就会进入另一个zone（甚至忽视生活中其他可贵的东西？），而执念太深就会迷失。生活本生就是生活的意义，重拾对生活的触觉是消解抑郁的方法之一。Been there, done that. 其中Ocean VS Water的说法不是第一次听到，但更有感触了，大概是老了。和昨天看的电影比起来，这才是it’s a wonderful life啊…Jazz加一星！"
,满分满分，哭成狗。喜欢那群二维人物，像mac的finder，像毕加索的画里走出来的形象。
,死了就是死了，活着才重要，皮克斯是见不得真正的痛苦的，从来跳不出腻歪的世界观
,“The ocean? That&#39;s what you are in right now.&#34;
,那个pixar回来了！老泪纵横
,咱社会主义国家劳动人民996勤劳致富，休想用灵魂这种东西来腐蚀我们放弃奋斗。
,高水平心灵鸡汤，得偿所愿之人顿悟目标、梦想不重要，反对庸俗的成功学、奋斗B滥调有可取之处，但资C阶级编织白日梦、麻痹大众的味儿却又浓了点。对大多数人而言，享受生活云云聊以自慰尚可，底层的苦闷、苦难却依旧是实实在在的，并非电影所能消解。
,最后22号落在了中国西藏？
,看的过程还是动人，但是出电影院吹半小时冷风就全醒了，鸡汤效力不强。内核挺偷懒的，把人生目标的重要性降低，改为找到相对容易每个人都更有可能找到的火花，的确能安慰到大部分人。但真相是这样吗？动画里线条的部分很赞，量子线条和死亡之门打开的音乐做得很棒。
,2021是记忆里最令人崩溃欲哭无泪的一年，年底很需要这样一部电影来抚平中年危机心灵的疲惫。当那些曾经以为的sparks都已远离，还有平凡生活的美好可以珍惜。
,"在皮克斯近十年只有一部《头脑特工队》全方位的让我特别喜欢，特别能让我共情的情况下，我对这部电影抱着无限的憧憬又有些小担心的期待下，它也在同样的程度上俘获了我。
“灵魂”这一更为抽象的东西比“情绪”更难掌控，更别说用别具一格的想象力将其具象化和拟人化，虽然本片相比头脑少了一些更为严谨的科学理论依据，有太多纯粹的奇幻内容，但它所带来的“心灵世界”还是把我震撼到了。其实看完后我才发现电影并没有在“灵魂”这一抽象的东西上深入的大做文章，到头来，也只是在传递着享受当下生活的老生常谈的理念，但这个故事不得不说是很有说服力。
配乐也非常让我沉醉，不论是爵士乐，还是抽象的灵魂世界的配乐风格，还是现实世界里岁月静好的宁静配乐，都与影片有着非常高的契合度。
岁月静好里透露着一丝孤独，温情治愈里也透露着一抹孤寂。"
,自然而没有一字多余的台词，真实而没有一秒多余的桥段！心化了，真希望当年的1900能遇见你！
,所以猫猫是真的死了吗🥲
,皮克斯的审美和技术无需讳言，开头那段生死之交的量子空间的视觉呈现非常棒，可惜有点短，回到现世之后就普通多了。成片的评价最终还是归于主旨和立意——比《头脑特工队》稍弱，比《寻梦环游记》强太多，依然还是立足于与自我的和解，从成功学、社会达尔文和黑暗森林理论里解脱出来，享受生命中闪光的喜怒哀乐与回忆，才真的不枉来人世走一遭啊。四星。
,我大概就是22本2了。但即便我能够看到很多生活的火花，依然觉得活着没什么意思。披萨的香味，落下的种子，我体验过了，又怎样呢？没有要追求的目标和意义，一切最终还是那么乏味。所以，完全无法被打动。
,2020年，终于有人告诉我们可以不要那么努力，做一个开心的人就是很好的一生。
,关于生活的authenticity和subjectivity，这的确是无法用语言描述的宏大主题。全片的重点是萨克斯手在熄灯前的一番话，以及随后那些关于物质、关于灵魂的图景。
,感动哭。心流与迷失的灵魂。人生最重要的是经历。
,太说教了！！！
,献给社畜的一曲挽歌，没有目标的22，偶然发现了活着就是目标；有目标的乔伊，却在梦想实现后失去了目标。面对司空见惯的日子有的人厌世，有的人则乐在其中，终究而言，把自己的人生过好，就是活着的意义。皮克斯是真的厉害，本片与《头脑特工队》《寻梦环游记》可以并称为“人生三部曲”，都是有故事的人才能懂的成年向动画。PS，杰瑞长得像mac里的Finder图标
,平庸之作，无甚可观。
,Spark不是purpose，是感受生命赐予你的每一分钟
广东,浮于表面的心灵糖衣
,最后投胎的时候认出飞向强国喊出来“不要啊快回去”
,【8.0】怎么说呢，有点失望吧，毕竟是我皮，要求还是放的很高的。其实剧作上体现的深度还是足够的，只是在影像执行力上没有什么令人惊艳的地方。表面上看上去是让你寻找生活中的火花这一个有点说教意味的主题，但是结尾当Joe实现梦想之后，才发现自己追求的到底是真正的热爱，还是一个单纯的目标。结尾还是一如既往的皮克斯，想把情绪流推到最高，可惜，前面和22的日常琐事不是很能打动我，有些推进和转折有点硬，最后看完心里总觉得空落落的，期待没有被满足的感觉。
,可是我还是不能放下我的flag
,看完心里暖暖的～～～被执念的视觉形象一下子击中，迷失的灵魂，失去了和现实生活的连接，主题也特别贴合当下，恰好我今年对拍电影/做编剧也没什么执念了～
,感觉这部电影好像很久以前就已经出现在今时今刻就等着我们的到来，套路的催泪桥段还是没有意外的奏效了，甘之如饴（灵魂导师怎么都这么像Finder
,一个想探讨生命是否值得过的故事，只描绘了那些美的瞬间，而对生命的苦难却不置一词。
,我觉得看着比头脑舒服很多，头脑太刻意了，排片太少了，下午场还只有那么一点点
,精神良药
,也太他妈好看了！！！
,制作太赞了，虽然国内没引进什么特殊版本，也推荐尽量找巨幕和杜比厅看。故事核心是古老的鸡汤，可是在当下这种时候，鸡汤也很美味。更何况还有爵士和猫…… 那个beyond的设计也美到目眩。钢琴演奏是扣扣熊的那位搭档Jon Batiste，太赞啦！
,就是我以为可以爵士乐听个爽，结果喝了一碗纯正老母亲热鸡汤
,1. 火花不是人生目标，当你决定开始生活的那一刻，火花就已经点燃了。 2. 小鱼问大鱼：大海在哪里？大鱼答：你现在就在大海里。小鱼又说：这里只是水，我想去大海。 3. 男主对22说：我已经去过了，现在轮到你了。｜巧的是我也喜欢看天空、也摘过银杏叶作书签；奔三人士依旧喜欢珍宝珠的可乐味、喜欢在高出地面的窄台阶上左右摇摆着走路。白昼够长的夏天，下班常常看到很美的晚霞，在地铁站外有时就静静地看一两分钟。和整个世界格格不入的时候，可能也是最接近自己内心的时候。
,第一感觉更喜欢寻梦环游记的和更喜欢心灵奇旅的会是两种人。
,好看！制作完美。也许在新冠肆虐的这一年有些特别意义：所拥有的不一定是理所当然的。很喜欢理发店吃棒棒糖那段，猫看乔伊的眼神就是我看很多朋友恢复健康的眼神！还有最后把人类导师都做成反派也很可爱，成功学滚蛋
,疫情以来，第一次去电影院看电影，非常值得这两个小时！内核其实已经非常熟悉，人生不仅仅是为了实现某个特定的目标，生命本身就是生命的意义。我们活着，我们呼吸，我们走路，我们说话，活着的意义。如果执着于某个目标，人就会陷入执念，看不到眼前的风景，听不到耳畔的风声，闻不到空气里的花香，变成一种瘴。很多人都以为，实现了某个目标，我们才能获得幸福。考上名牌大学，拿下大公司的offer，升职加薪，中彩票。但其实实现之后，很短的时间过后，你就会从那种兴奋和狂喜的状态平静下来，幸福度又会回到原来的水平。很多人在这种时候，会迷失自我。如果实现了期待已久的梦想，我依旧得不到幸福，那生命究竟有什么意义呢？生命的意义并不在于牺牲每一个平凡的日子，去追寻某个特定的梦想。生命的意义在于，认真过好每一个平凡的日子。
,据说，看完这部电影，会给人带来一种看过心理医生的舒畅感。钢琴老师意外的在天堂邂逅了没有 “火花” 的22号灵魂，火花是灵魂的基本素养之一。火花不是人生目标，当你想要感受生活的那一刻，火花其就已经被点燃。就像电影里22号灵魂所说的那样：「或许我的 “火花” 是看天空，或者走路而已。」谁跟你说 “火花” 就必须是一个灵魂的 “人生目标” ？人活着的意义，并不是人生有一个清晰的目标，而是需要去感受生命带来细枝末节的快乐。我非常喜欢那个关于鱼的寓言故事，说有一只年轻的鱼一直在寻找一种叫 “海洋” 的东西，年长的鱼告诉它：你现在就在海洋里啦。年轻的鱼回答说：我只是在水里而已，我想要的是海洋。梦想成为爵士音乐他，一心盼着美梦成真的那一瞬间，忽略了沿途的风景——每一条鱼都活在水里。浩瀚无边的海洋，或许并不在远方。
,朋友，没有五险一金还996魂能不丢吗？就算重启无限次过一会儿还是一样啊。
,初生的草，翻开书本的第一页，爱情的开始，发动机开启发出的一阵嗡嗡。你在寻找的意义和目的，打从一开始就随你相伴。听风过耳，就已值得出世为人。
,看预告以为是和《头脑特工队》很像，但看下来发现并不尽然。非常简单又细致的笔触，让你从另一个角度看待人生和生活，regular old living也可以充满美和感动。中间一度让我泪崩。PS：电影有一段把尼克斯黑出翔了哈哈。PPS：片尾最后字幕写“The Production of Pixar Animation Studios”之后有一行小字是“…and in homes at least six feet away from each other.&#34;看到之后会心一笑，这一行字可真是在2020年末时节对这一年最真实的心酸写照。PPPS：全部字幕出完之后只有一个彩蛋，是吼你“The movie is over. Go home!”所以往后迪士尼的电影彩蛋都是喊你别等彩蛋赶紧回家了吗哈哈……
,这简直是年底大惊喜！从主角Joe Gardner掉进下水道开始，直接五星预定！感叹皮克斯的动画做得好啊！画面就是赏心悦目！在这即将结束的糟糕的一年迎来一部暖心之作，不要想那么多，放空心思走进影院，享受当下吧
,"在通往天堂的阶梯上，我们将回归为自体发光的小孩；在寻找火花的旅程中，可能会迷失在没有尽头的黑海。某个街角盘旋着灵魂的指引，某片落叶雕刻出生命的意义。兽医的双手能够创造完美的发型、也抚慰潦倒的心情，地下的蒸汽可以抚平衣襟的褶皱、也连接黄昏与天际；Jazzing不是被认同的单词、却是独一无二的灵感，火花不是被创造的目的、只是尽我所能去生活。
成功不是生命的那一口甘甜，缺了角的披萨也能治愈饥饿的时光，你不必大有所长、你不必光芒万丈。"
,反倒觉得采用了极为简单却奏效的写作方式，角色的声音不来自身体的器官，它来自灵魂的某处，再借助颠倒、置换的外观形象，使得视角生成了强烈的错位感，文本的普适性将Gardner与观众绑定在一起，这种宝贵的错位感足以为他们带来无数的静默时刻：点亮火花的不是秘密，而是在凝视落叶的时候——因此主题并非填鸭式的价值观输出，反而像是一种自省。
,“人活着是为了感知生活”是能打动我的，尤其还是纽约的地铁，悬日，落叶，甚至嘈杂，但仅仅就为传达这个而且是作为核心是否太简单？皮克斯一向擅长的恰是相反的，把宏观抽象的命题用具象构建，用浅显易懂的冒险故事讲，所以蜉蝣撼动大树时才有这么震撼的效果。以小情绪为原点构建了一个大世界观，其实有点割裂和用力过猛，说实话还有点矫情（数数槭树种子落下用了几次）。而且死后的往生世界，精神世界，都是用过的，给不了什么惊喜，呈现也远不如inside out和coco……爵士乐还是OK的，却没有在这上面多延伸。
,本片讲述了一个小女孩儿在接受了美式价值观的洗礼后投胎去青海的故事
,你始终不明白，一万个美好的未来，抵不上一个温暖的现在。
,烂大街的心灵鸡汤，依然看哭所有人，赤裸裸地炫技
,好暖的一碗鸡汤啊。这不是水，这就是海洋。
,致敬《柏林苍穹下》中的天使因“冬天搓手会有暖意”这样一个凡人忽视的细节而喜欢上了尘世，本片吸引22的是“色、声、香、味、触”；至于“法”，则她这个已被天堂图书馆熏陶了千年的老灵魂自然无求于人。天使长表示，“火花“、“目标”、“激情“都不是灵魂存在的必要条件，那么通行证又是什么呢？佛教中”业“的“一点无明”、抑或是传说中织女“动了凡心”（披萨、风、树叶、秋千…）便足以 justify 灵魂投胎之旅吗？门槛陡然一降，难怪被赞为摸头之作。22其实有真正的火花，她Jazzing 于人际的能力在纽约完全有机会竞选市长，且以她的智慧与玩世的态度赢面极大，而这一浅显的路径却被导演否决，这点耐人寻味。从前他们说每个人都拥有发现其火花的自由，现在他们却说每个人都拥有没有火花的权利——人类动物园恐怕真要降临了。
,终于明白我为啥不太喜欢动画片了，它始终相信对话的力量，坚信这是个解释和交流就能改变对方的世界。这很难让我信服。
,"“你们这些人，总是去喜欢寻找生活的目标和意义，你们活得太累了。”
每一缕秋风，每一片落叶，每一段旋律，这才是生命的全部。"
,跟《寻梦环游记》特别像，又是一部用音乐探讨人从哪里来到哪里去的片子，很神奇的是这片子外表看起来极其简单，可是稍稍排序重组又可以变成极其复杂的方程式。这次皮克斯选择用音乐拥抱生活，或许看完以后看待世界的方式也会有所不同。
,「劳力是无止境，活着多好不需要靠物证」「风花雪月不肯等人，要献便献吻」太会讲道理了。
,我哭的惨烈程度把左右两对小情侣都吓到了，毕竟关于执念这一点我有太深的亲身体验。Your spark doesn&#39;t have to be your purpose of life. I learned it the hardest way possible. 这值得一篇长评吧？才不是因为年底要冲kpi。
,看预告片的时候对22这个角色抱有很大的期望，终于有人说出“没什么人事让我觉得值得live”，可惜最后还是强行美好，强行活。觉得不值得的声音就不配有不去活的道路吗？不过这确实是迪士尼的价值观。忘我之境这个设定给五星。
,哭的稀里哗啦，皮克斯式哲学，心灵意识具象化，抑郁症良心片，经历过真的太真实了。就是太急了买了国语有点垮
,"我的灵魂震颤了，my soul is crushed. Life’s purpose is life itself. 想要获得灵感和意义，just do it , touch it! 此片是迪士尼最不商业的动画片！！！！！！"
,当你热爱生活的那一刻，你就找到了自己的火花
,很好，快进到22加入平庄爱乐
,我要是说觉得一般，是不是很不合时宜？因为我本来就是个非常热爱生活、且活在当下的人啊！从来都觉得没必要去纠结生命的意义，活着本身就很美好了，阳光/微风/落叶/美食……寻常生活平凡又伟大。影片教给我的道理，我早就懂得了，所以我代入不了任何一个角色……但我也很理解非常喜欢这部片子的人。祝大家都能打从心底爱上生活本身吧～另，我最喜欢的角色是那个强迫症社畜Terry！
,生活的意义就是生活本身
,能把“好好生活”四个字讲成这样的故事，也只有皮克斯了吧。
,他强任他强，明月照大江。有的人生是不断创作，有的人生是不断赚钱，我的人生是跑毒看海。
,Did you find your spark?my baby 👶         spark不是与生俱来的天赋，是你准备好享受这世间的蓝天、清风和落叶
,2021开年电影！超级喜欢！
,好久都没看电影哭这次居然在后排哭得直抖口罩都湿透了，很幸运能拥有自己的purpose，太想够到它的时刻，快乐反而变成了执念，忽视了身边的闪闪花火，散场虽然哭很惨但是最近的压力和焦虑仿佛被眼泪带走了许多。男主妈和我妈说着一样的话，但我妈永远不会被说服，还是很羡慕。还有就是听到Moss的配音实在太亲切了！
,今年最好电影之一。今年最好的院线片，没有之一。
,愿所有人都能保有，在生活的每一处微小细节里找到快乐的能力，人生没有意义，活着就是意义
,迷茫时代已开启，let‘s jazz.
,22和伟大的灵魂交流依然没有遇到生命的火花，点燃它的是美味的披萨，穿过衣服的风，天上的星辰，植物飘落的种子，脚踩在地面……这就是生活的实感。你看书看电影，你看网络上的美图，始终无法代替真实世界用视觉、嗅觉、味觉、触觉建立的实感，实感消失，灵魂再丰富也变得索然无味。是不是伟大是不是成功没那么重要，趁活着，打开感官去感受更广阔的世界，珍惜每一分钟拥有实感的时刻。
,我喜欢那个躺在下水道感受风的镜头，看着领带飘起，上面是天空。
,进天堂的设定和 mindgame 有点像。但是人生道理就有点二元对立了。
,"皮克斯的动画，依旧温暖人心。我们要找的不是目标，不是意义，只是热爱。不过整体完成度和画面比寻梦环游记差了点，后半段基本猜得到剧情，没有惊喜。
"
,用尽奇思妙想，讲述了最简单的主题。对于人生而言，梦想也不算重要，最重要的是美好的日常生活：走路，吃披萨，看落叶飞舞。总之，好好感知人生的小确幸。
,"若说电影是造梦的机器，那动画电影就是能够生成最绚烂梦境的机型。
通过死亡审视存在与生活的意义，不算太新颖的命题，而角色之间双向救赎，也是常见路数。但我依然叹服皮克斯的妙想，电影搭建了完整的前世来生体系，把常见的主题与架构讲出了新意。立体主义与CG动画结合，也很是清奇。
影片直白地道明了主旨：生活的火花就是那些令你愿意活下去的东西。
岁末太适合看这样的电影作为慰藉，放下一些目标与执念，平淡、平庸、平凡又如何，但凡用心感受、体验过的人生，都珍贵。
要目送秋叶翩然归土，要为日落的绝美而泪目，也要因绿芽冒出土地而欣喜，对初升的朝阳跳跃欢呼。这些微末，也会令人觉得不虚此行、不枉一生。
比较遗憾，我虽选了午夜场观影，却依然有很多观众，搞得我不好意思放肆哭泣，不过大家一起被安慰，也很好。"
,25.12.2020 | @ Disney+ | 依旧很好啊，但也许因为太喜欢Inside Out的缘故觉得这部没前作更有共鸣。
,大人在哭，小孩在笑
,奇幻的心灵之旅，帮助他人即帮助自己，人生不一定需要寻找什么高大上的特定目标，学会好好地活在当下就已经很好🧐😏
,有人正在排队，为了一些无关紧要的东西。光这样想着我就幸福了。
,可能我也需要死一次才能感受到想活下去的火花吧…
,22吃货落到四川了
,可能预期太高，设定又太像coco+inside out，就没有很惊喜，但故事还是很打动我，应该是最适合治愈2020年的电影了吧
,LSD will make you feel the truth
,live every minute of your life需要一副敏感的身心，就像22那样，从未体验过生的感觉，一切感官都是打开的。而让平凡的我们做到这一点的难处在于，当下生活的现实会使人变得麻木。片子想讨论的内容太多又太抽象，关于灵魂、意义、激情、成功以及人生本身。但其实简单来说就是感恩活着，像Jazz一样chill地活着。
,皮克斯的一次大胆尝试，没有像以往的佳作把细腻的情感和主题包裹在一个精彩的冒险故事里，而是近乎用文艺片的方式带你重新感悟人生。主题太棒了，成年人或许已经不再为一块披萨的味道，一颗来自陌生人的棒棒糖，一片飘落的枫叶而感动，但不该觉得忘记这些习以为常的美好是理所应当。人生的意义不是实现某一个目标，没有哪一件事可以一劳永逸地解决人生充满无聊和重复这个难题。生而为人，带着美好的期待降临，就已经是最好的准备了
,看完了满脑袋都是Moss的声音，打算重刷The IT Crowd
,我真是个麻木的社畜
,从小被教育做人要有理想，是不是没有伟大的理想、激情的兴趣，就不配一张地球通行证？四季的吉光片羽、万物生灵与感官产生的化学反应、细微到舌尖碰到一支棒棒糖的愉悦，都是我排除万难活着的理由，为什么这不能是平凡生活的英雄梦想？
,轻松欢乐，温馨可爱，又不失智慧。对其中一个观点深以为然——忘我的灵魂和迷失的灵魂距离很近，当忘我的快乐变成执念，就迷失了，火花儿不是人生目标。
,在电影院里看哭了。飘落的树叶，洒落的阳光，孩子的欢笑，海边的浪花，亲人的拥抱……每一个镜头都能触动我。生活本身是没有意义的，但是认真地过好每一天就是意义。Live at the moment.
,没有平庸的生活，只有生活的平庸，而“火花”，其实是抵抗平庸的武器。它当然可以是一种天赋，一种专长，可一条路径走到最后，难免会陷入迷失和偏执。追求一种极致，不过是拓宽自我的空间，让平庸稀释。但真正解决困境的方法，应该是从一片水看见海——想象力、好奇心，这些才是永不衰竭的火花。 
,我心如铁，完全无法被打动。
,大概是我太压抑了，试图在电影里躲一百分钟，但是失败了
,早就已经在大海里了!
,对皮克斯的期待永远都值得！！拍完了《头脑特工队》的现世和《寻梦环游记》的死后之后，这次终于来到了生前。这并不是预想中关于梦想的故事——毕竟那样就落入了俗套，而日复一日的生活就是世界上最美好的事。当然，音乐、猫和纽约市也是世界上最美好的事。角色和场景设计都太棒了，毕加索的立体主义和超现实主义灵魂附体啊！
,可以排皮克斯动画里倒数前三名，命题作文即视感。没错，回忆那段我还是眼泪流了一下巴，但是在疫情肆虐的一年之后讨论平淡生活中的珍贵细节，谁不难过？
,你的人生每一天都是新开始，不要自己感动自己。
,无语
,多给点排片吧，那么好的片子。101分钟逃离现实的治愈，抚慰了2020充满绝望的一年。梦想不一定是人生目标，活在当下才是。愿大家2021，好好过。
,"个人觉得很妙的几点：
1jazzing。爵士的精髓就是improvize，go with the flow and enjoy the moment
2teach。所有的伟人都教不了22，也许她缺的正是一个平凡的老师。
3great beyond和great before。生与死的循环，中间就是人间。生命的意义从来不是一个purpose，而是这个过程本身。
另外，几乎所有细节处理都妙不可言。灵魂出窍和lost soul这些自不必说，猫和老鼠面对面拖pizza真的笑死我了哈哈哈哈哈。"
,被刷了一年的爱国片，现在终于有个人拍给人看的电影了
,哭成烧饼。短暂的治愈也是治愈。短暂的逃离也是逃离。
,没有给出答案，不必给到具体的答案。“灵魂不会被压垮，压垮你的是生活啊。”这是一部“打工人”之歌，并不童话，有门槛，2021奥斯卡最佳动画片非他莫属。无论怎样，热爱你所热爱，享受珍惜当下的生活。看的有点压抑，但又都get到它的点。想起《寻梦环游记》，故事上弱了一些，但依然是年度佳片。
,“灵魂不会被压死，压垮你的只会是生活”。
,活在当下，好简单的一句话，即使这么简单，也可以这么精彩。谢谢皮克斯。
,"Well well well, it has to be NYC!!!"
,皮克斯一贯的水准。后排母子二人看得很投入，妈妈比儿子看得更开心，一会儿哭一会儿笑。或许经历过困苦的成年人更懂得平凡生活里的快乐和幸福。
,live to feel
,坐在电影院里如同上了俩小时班儿，唯一没有上班打卡感的一处情节是掉井里还真挂了……说句废话，承担最大公约数功能的主流文化产品，主题/价值观的匮乏干瘪、解读空间的欠缺映照的就是时代的保守呗
,真是给30岁的人看的动画片啊！
,吹爆，头脑特工队以来最棒的原创高概念。情感线一如既往地直击人心泪点，生死话题的探讨在今年疫情时代也格外切题应景。只把皮克斯作品当低幼动画看真是最大谬误，对无人抱紧无处可躲的成年人，更温暖治愈。求皮克斯作品上各种会员，马上现充
,1.22的性别模糊，黑人主角。2.爵士是片段+solo，没有感觉到魅力。3.在现实生活中是爵士，落入幻想世界是电子，对比明显。4.病房服不穿裤子想起好好先生金凯瑞。Moss的声音太可爱了！5.简单快乐，却致命的点在，太简单了让我看着很累（合家欢吧）。
,我宁愿把Soul看成好莱坞完成类型电影产业化之后对电影艺术初心的反思。我们急着赶路，到了目的地，却忘了为什么出发。所谓的找到火花，只是要让灵魂感受到任意一丝生活的乐趣而已。包括乔伊在内的许多人都以为是人生的目标或理想，乔伊实现梦想后，发现自己并没有想象中那般兴奋，于是他重新审视了过往的人生和生活，他开始意识到，曾以为求一片活水而不得的自己，实际上早已身处于整片海洋之中。在所有已知的规则和世界之外，依然存在着数不清的可能性要去学习。Soul在形式层面也是一座高峰，纽约市的现实世界是超写实系，而意识世界是二、三维变化的量子态，两种艺术风格的对比很好的构建出来物质和意识的世界。
,好治愈呀，最戳的是那些脑子里只有目标的人其实是 lost souls。所谓的 spark 并不是人生目标，只不过是让你愿意尝试生活的 last mile 罢了，人生哪来的那么多精确又决绝的追求。前半段 22 的心路历程和我始终想不到以何种形式呈现的胚胎选择权桥段有点像哦
,电影里想要讲的“活在当下”，就是心流，就是忘我之境，就是不带任何功利色彩，甚至不带任何目标的，全身心的沉迷在一件事情之中的感受，这种感受是真正的生命体验，比如做擅长的事情，做喜欢的工作，追求梦想，甚至仅仅是欣赏风景，享受美食，感受风，这不是小确幸，而是一种生命体验，重要的是过程，而不是目的。这种生命体验是长时间浸泡在庸俗之中的心灵所感受不到的。
,你皮克斯还是你皮克斯。
,"承接《头脑特工队》《寻梦环游记》的心灵抚慰之作～陷入诗与远方的我执，就会忘记眼前的“苟且”正是生活，都是“你一生的故事”；珍惜当下、用心对待，感受每一个想要好好活着的spark，连续不断的日常就是奇迹～后疫情时代需要这样启迪人重新审视自身与周遭世界的作品，（虽然双边救赎很美式俗套治愈但依然）有被打动到。另外，感叹迪家不愧是打造“主题乐园”的一把好手，这几年的长片都能整出设定完备、画风亮眼的异世界，这次的心灵学园也有不少技术上的新尝试吧！（小人边缘的香槟泡泡应该是《头脑》时开发出来的，风沙质感和二三维切换感觉厉害）
题外话：22是不是很大概率会投胎到中国/亚洲啊！（要拿到hard模式人间体验卡了）发现男主Joe是杰米·福克斯配音的，他本身也是歌手/钢琴家，还演过雷·查尔斯传记片，请他配超合适～"
,眼泪还没干，走出了电影院……人们总是匆匆地活着，朝着目标而奋斗，无暇顾及每一个当下。等实现了欲望，却发现不过如此，以至于匆忙活了一生。活着本身就是最大的恩赐，生命里最宝贵的都是免费的。天空漂浮的白云，透过树叶的阳光，迎面徐来的清风，热气腾腾的面，美味的蛋糕，家人守候的灯光，一切的一切，好好感受吧！好好活着吧！
,本来代入了男主角，后半程完全代入了女主角，在音响掩映下嚎啕大哭。从帮助别人的动机当中拯救了自己，救命的只是那些微小的细节，摧毁了自己的声音，其实全部来自自己。希望看到22和Sadness联动。
,认为丧是政治不正确是政治不正确的。
,I love jazz！把经典的迪士尼片头改成了烦人的freeJazz就搞笑。新年第一天以这样的电影开场我很满意。人活一次，不是为了一定要做什么成为什么，而是因为你曾经为了这个世界而心动过，就算遗忘了这件事也没关系，在这个世界的某个角落，一直都存在着让你留恋并心甘情愿付出无限热情的东西。
,想要活着的意愿，可是与之相对的，也应该有想要死去的意愿吧。只要有火花就要去活吗？海洋有那么了不起吗。
,未知生，焉知死。两年前的《Coco》和这次的《Soul》分别用两个精彩的故事，将死和生的命题抛给观众，皮克斯真可谓大智大勇，也真不负万众期待，功德圆满！一个灵魂乐爱好者追求梦想，进而发现生活真谛的简单故事，没有冒险的历程和烧脑的逻辑，也没有空洞的说教和刻意的煽情，乍一看很俗套也很无趣。但就是这些吃披萨、做西服、坐地铁、剪头发的平凡生活，却举重若轻地告诉了我们为什么活着、又该怎么活着。那些因为执念进入忘我之境迷失自我的灵魂，那些找到火花回到生前之地焕发光彩的灵魂，正是每个成年人不能承受的生命之重。灵魂不能压垮你，能压垮你的只有生活。我不清楚未来自己的灵魂会不会变成孤独厌世的22号，但我相信它和我的生活一样独一无二，我也相信每个平凡的个体和孤独的灵魂都能找到自己生命的火花。今年院线最佳！
,吉光片羽...爱上生活还是爱上纽约呢？
,"活着，像已得到一切地活着！不过走路还是要小心，特别是下楼梯~听到熟悉的几个配音都开心疯了，jazzing cat笑疯了，然后在某个时刻失控地飙泪，当心但请尽情地流吧你的眼泪，像当年在影院看头脑特工队一样。皮克斯amazing again!大陆不上IMAX版杜比影院版排不上内地特供3D版迪士尼死了，建议尽量找个杜比全景声厅前排，虽然也难圣诞节的今晚我也找不到杜比全景声厅场次…本来打算今晚普通厅刷毕完事，现拟刷三次。今晚一刷普通厅虽然一开始遭遇放映事故重头再放，棒的是几乎片尾字幕走完影院都忘了开灯~明晚二刷无奈的最佳选择中国巨幕版。Hey movie is over, go home! 20210109终于完美三刷@佛老汇over."
四川,救赎
北京,能走多远走多远
上海,享受当下
广东,"spark，jazzing，故事很浅显，冲突不大但用一种平缓的节奏道出感觉刚刚好
“火花并不是人生目标，你想要生活的那一刻，生命的火花就已经点亮”
“我会享受，活在当下的每一分钟”"
新疆,"一只小鱼问一只大鱼，我想到大海里去
大鱼说，这里就是
小鱼说，这只是水"
上海,去体验
福建,皮克斯的创意和设计很棒，但是故事我觉得单薄。看完依旧没有理解，也没能明白这个故事想要表达的是什么？因为失去过一次生命而更加珍惜？然而原本黑人男主也没有浪费啊。期待高难免失望。
四川,好看
广东,前半段毫无转折打安全牌、把普通的概念复杂化，后半段强行美好，追逐成功追逐梦想是人的动力，但没有梦想又怎样？时间拿来浪费才能对生活有所感受
浙江,For every day💫
河南,看到影片最后，我好像终于明白了生命的意义，不是我要完成多伟大的梦想，有多大的成就，有多么闪闪发光的人生，而是&#34;我会享受，活在当下的每一分钟&#34;。我不再觉得人生就该&#34;随遇而安&#34;的过下去，还是该保有一份&#34;执着&#34;的。去感受生活中的美好吧，呼吸生活中的每一口空气，这就是人生的意义。
浙江,"人活着不一定要有激情，目标，实现自己的价值。而是你活在当下，好好享受生活所赋予你的体验，你的生命就有了火花。

火花，不是你的特长，也不是你的成就。目标。而是你的兴趣和爱好。不成为钢琴家，只是喜欢弹钢琴，对于生活来说，也可以。因为弹钢琴让你快乐，这就够了。而不是说一定要弹出什么成就。喜欢看书看电影，那就去看，看的时候你很快乐，而不是非要写什么书评或者成为很棒的作家。他们让你快乐，就是你生机勃勃的火花。"
日本,看哭了。。。我终于不再觉得，生命是诅咒
辽宁,“也许看天空就是我的火花”
广东,我需要爆裂的花火和热烈的火花
江西,8.1
广东,真的很有趣的电影。不禁想，为啥老外总能拍出有趣的东西，我们不行。是不是体制有问题，教育体制有问题
上海,乔伊❤️22 其实你已经在大海里
安徽,"要怎么去过完这一生呢？——珍惜当下，及时行乐。日升日落，微风习习，草木青翠，游人嬉戏，每一件生命的小事都是活着最美的时刻。人们经常被所谓的梦想和目标捆绑束缚，简单世俗的定义成功，定义幸福。放下我执，感受纯粹，每段经历都值得纪念。"
山东,非常喜欢二十二
四川,爵士加上这样清晰的故事真是太妙了
广东,爱生活，而不是爱生活的意义。
广东,女歌手说的那个故事很棒，我们一直寻找的其实就在当下，活在当下，每一分一秒都是幸福。人生的意义也是从这一分一秒组建出来的。
陕西,想起来补个标记，最大疗效在于治愈了大部分人看完爆裂鼓手后对爵士乐产生的ptsd（不是
河南,是我初三的一次救赎
上海,知道了吗，你们不用再烦恼自己无法实现跃升的梦想，人生不是由目标组成的。尽情享受你们的披萨、贝果、树叶缝隙中撒下的阳光、和你那同样落魄的父母以沫相濡就好。
白俄罗斯,当我们处在一个大环境中想问题，就会发现自己非常的渺小。所以享受生活最重要，其他的都只是生活中的一粒小尘埃，不要纠结往前看！
广西,每个人都有自己人生的方向，要尽量为了自己而活
陕西,画面好可爱哦，灵魂像棉花糖，确实，人生的每一分钟都要细细体会，有的时候你认为的梦想也不一定真的是你的梦想，什么事情在完成的那一瞬间开心完了过后也是感觉，“啊，这样啊”，以前我也是结果大于过程的人，我认为结果如果不如意那过程弄出花了也没意思，但是现在变了，过程往往比结果更重要
四川,结果并不是最重要的，人生享受的是过程。大大缓解焦虑压力。
湖北,超喜欢，我特别需要这部电影，如果以后感到aimless，希望自己能记得这部片子，重新教育自己成为一位生活家，而不是其他任何，好吗？
加拿大,真不错
江苏,感谢世界上还有人在做卡通片
河北,当你想要生活的时候，就可以开始生活啦
北京,所谓的理想其实是成功的欲望 升级的物质诉求  属世界的理想不过如此 其实不重要 其实可以没有 其实即便实现也未必是什么好事 因为欲望无止境 所以不要做欲望的奴仆 不成功 才是自然的常态 
河北,结果固然重要，却也要尽情享受过程中的每一秒
北京,我在电影院差点哭了。在dr末期我曾想自己是不是一无是处。
安徽,享受生活的每一分钟
黑龙江,我很喜欢的对生命与死亡的探讨 题材也是我最爱的爵士乐歌手 不知道为什么就是看不进去
福建,转专业考试完看这个，颇有感慨，简直复刻我的心理。一些普普通通的一天，不要将他赋予什么飞跃性的意义了。当下的每一秒才是最重要的
吉林,没有特长，没有梦想，没有热爱的事物并不可耻，重要的是开心的享受生活。
河南,我喜欢后半部分。 人生目标也可以只是走路。
吉林,"可我不是有梦想的人 
心怀热忱的人可以在一场心灵奇旅中寻找到自我 
而一个毫无斗志的人会在故事的第一章就飘进天堂 
我们何尝不想活得热烈精彩些
但大多数人的生活都是平淡且烦心的
"
重庆,我喜欢
河南,很久没有静下来看一部电影了，很好看很治愈
安徽,真是一场心灵奇旅
湖北,最开始，每个人都是22号自由的灵魂，可是每个人都不得不活成乔
陕西,有一说一，如果死去后真的会来到心灵学院，我也会像22一样害怕投胎转世而丧失生活欲望
美国,补标，去影院看了三次三次都哭成狗
瑞典,This is the ocean
俄罗斯,用最柔和最奇幻的方式向我们诉说生命的美好真谛。
湖南,N刷 寻找内心的平静
上海,live every minute of your life.
广东,议题虽然并不新鲜，但是动画片独特的表达方式和能力，还是使得观感奇妙。坐在台阶上观察落叶微风那一段是近期最喜欢的镜头。满分作品
浙江,"一部好电影
想到了余华的一句话“活着的意义是活着本身”
很难去评价，有空写个长评"
北京,"2020或2021看的
感觉和头脑特工队一个类型"
北京,主题给出的方式有点刻意（系统告知spark已找到&amp;黑洞里22自责的话语）而非由情节人物自然而然地引出；其他都挺好，很符合这个时代所需的人文关怀。
安徽,《心灵奇旅》未必有所成才算活着， 只喜欢看天空、散步、吃披萨的人生也很好。 我来这世界，只是为了看花怎么开，水怎么流， 太阳怎么升起，夕阳何时落下。 经历有趣的事，遇见难忘的人
安徽,很治愈！！！最后真的掉眼泪了 也许我平凡岁月中蹉跎过的某一天 是某些人奢望却永远无法拥有的平凡的一天 享受每一分每一秒 晒太阳 吹风 看天 捡树叶 和家人吵吵嚷嚷无所事事 享受所有
河北,永远要有感受世界的能力
北京,巨好看！！！
天津,"后悔没在影院看，特别特别喜欢
皮克斯真的很温柔"
内蒙古,特别治愈
湖南,好好生活，追逐梦想，注重过程🥰
陕西,看一遍哭一遍的程度。而我现在好像连热爱生活的能力都没有了
浙江,97分钟。
上海,只记得被剧透了
北京,让人生闪光的，不只是成功时的刹那与某个终极却虚无的人生目的，否则，那随风飘落的枫树种子算什么？拂过脚面的清凉海水算什么？布鲁克林大桥上那璀璨的烟火算什么？这些点滴却强烈的存在，让我们不再厌世，愿意走过一天又一天。这是皮克斯给出的心灵药方，比很多晦涩的文字更有说服力。
湖北,特别喜欢小鱼的那个寓言故事！也很喜欢风吹下来树叶落在22号手里的那段！我们活着的意义，可以是功成名就，当然也可以就是想吹吹风看看落叶。对于我目前有些焦虑的心态，这个片子宽慰了我，实实在在的解了我的一些枷锁……
江苏,"2020年元旦的前一天去电影院观看了。初雪后的寒冬我们需要一部《心灵奇旅》来温暖治愈[爱心] 五星推荐[强]
“灵魂不会被压垮，生活才会压垮你”
“如此平凡的人生，我还配活着吗？”
“人生就是要有梦想，难道你还没找到点亮生命的火花吗？”
当你被这些问题抨击到你的灵魂
你会发现其实庸碌无为也并非毫无意义
你有多久没有停下脚步 只为了观赏一片悄然落下的秋叶
“生命的火花从来不是目标，而是对生活的热情。”
当你明白这一切 你也就不再执着于那些所谓的人生目标 而是要珍惜当下 享受生活！

我碌碌无为度过平庸的一生，但我仍是一个热爱生活的人。
Just feel, hug and enjoy your life! 

PS: So我可以为自己的好吃懒做及时行乐找到合理理由了哈哈哈"
北京,生命的火花不是目标，而是对生活的热情
河北,享受生活
黑龙江,“活着”本身就很美好，感受生活，享受生活。希望有一天可以和悠悠一起看。
北京,比较差的一部动画🙃
江苏,不一定要有梦想 目标 有所成就 人生才有意义 每一天都是崭新的一天 只要你爱上生活的每一天 那你的人生就是有意义的 过得开心就好 自己的人生 要想怎么过就怎么过 
上海,N刷神作。迷茫时刻必备
广东,😢
湖北,人生并不一定要有目标，当你准备好生活了，你就有了自己的人生，享受你的生活，享受你的人生！
天津,谁说生活不是一种火花和灵感呢！
安徽,Enjoy every minute of life.
青海,不必去刻意寻找活着的意义，因为活着本身就是有意义的。
湖北,享受生活中的点点滴滴
湖北,"一个半小时能把宏达的人生观 生死观一些宏伟的命题以动画掺杂着诙谐详实得当的阐释出来 已经可以见得这部电影的实力出彩了
以为生命在为几个瞬间活着，如等待自己念想的演出的登场，但发觉过后其实与生命的其它瞬间没什么异同，亦如鱼故事中的水与海洋，活好生命的每个瞬间就是自己人生的spark。"
北京,抛去政治正确，依旧是好电影
山东,"我不想一直活在忙碌和恐惧中。
我想要纯粹的享受和快乐几天，仅仅是几天而已。突然发现自己好像从来没有放掉所有，不顾一切都享受过。总是被一堆todolist和对未来的恐惧堆满，忙碌也是为了逃避这种恐惧。

从今天开始，我要真正纯粹的享受每一刹那，放掉那些恐惧，没意义。仅仅是几天而已，感受和快乐完再去恐惧吧。"
甘肃,你就身处在海洋之中
陕西,进入到一定的忘我的境界是让人羡慕的
辽宁,Lost souls are obsessed by something that disconnects them from life.
上海,每个人注定要看到生的诗
福建,好看的呀 虽然知道动画电影一定会是HE 但还是被结尾前那一段骗到了眼泪
辽宁,每年皮克斯都会推出充分展现想象力的非人类创意美术设计动画电影，然而能不能有与之匹配的剧本，谁也无法保证。Joe有创作能力需要跟别人交流，22通过交换身体帮他做到了；22需要一双看见平时美好的眼睛，却并非是通过亲身体会而是直接谈话获得的。在这场交换人生之中，双方收获的体验根本不平等，以至于对观众也有了些许说教的意味
山东,皮克斯不曾让人失望的创意，为《心灵奇旅》注入了充足的奇趣，在这部将本抽象的灵魂，以一种天马行空方式以具象表达的动画电影中，其虽关于梦想，却并不止于简单的灌输，梦想更像是电影的一件外壳，当我们剥开这件外壳所见的平凡当下，才是《心灵奇旅》让人心生共鸣的美好。
湖北,刚研究完禅宗的《金刚经》和阳明心学，每一句台词都很能契合佛学和阳明心学的观念，果然天下大道，殊途同归。
云南,花有百样红，人有千万种。
湖南,4.5 也许人生不一定需要一个确定的目标，而只要准备好享受当下的生活。很感谢皮克斯这一个温柔的怀抱与慰藉。22真是俏皮又可爱，配音演绎得非常出色！（Jerry的嗓音也很好听）
广东,当你准备好迎接生活时，最后一块火花也就补齐了，故事很有趣，台词也很棒。
浙江,我太适合看这片了😺
英国,叶子在跳舞
上海,在合适的时间遇上合适的电影。
河北,用心去感受，去体验，什么是精彩的瞬间，那些微不足道平凡的小事，平凡的瞬间，看日出日落，看普通的天空，看叶子掉落，呼吸，和家人一起，爱
四川,太治愈了这部电影。与生活擦出火花的不是目标，而是你想生活的想法，好好享受生活，过好当下就好。平凡平庸又如何，我很喜欢这样的自己
北京,"“只要一个人内心丰富，你在任何地方都可以享受最美的生活。”最美好的时候就是当下，最美好的生活就在心中！
叙事流畅，风趣活泼，看得很开心，灵魂们都好可爱~"
安徽,2022.1.3
广东,吹爆 与寻梦环游记完全不同的故事 但却都能引起关于活着与失去意义的思考 可能这就是好电影的共性吧
重庆,可能真的已经麻木了，没办法喝下这碗汤。这片子不更加深了得到了之后才有资格说“原来这没什么不同”不是吗？有多少你觉得的日常生活我可以慢慢品味与珍惜，那就有更多的人就被这日常生活给摧残击倒。
北京,心灵鸡汤，去追求自己的热爱。
广东,有目标，生活才有方向，但目标不是生活的唯一
河南,一个被名字低估了的好电影
上海,看个电影忍了两个小时的说教
上海,补标，就还行。
湖北,"“为这一天我等了一辈子，我以为我会有所不同”
“我听过关于一条鱼的故事，他游到一条老鱼旁边说：“我要找到他们称之为海洋的东西”“海洋？”老鱼问，“你现在就在海洋里啊”“这儿？”小鱼说，“这儿是水，我想要的是海洋”"
江苏,爱死皮克斯了，怎么会这么完美
广东,喜欢当下，认真过好生活，日子好像会不一样点。
浙江,1:17:00 Epiphany is a moment of sudden and great revelation or realization. 配乐名为顿悟，这也太契合了。没有一句台词，简单柔和的音符融化了我们一直以来寻寻觅觅终而不得生命意义的困惑与失落。末尾如泛波流淌，仿佛在说：原来，我们早已置身于心向往之的海洋了。/我真就想做一个人生体验派啊sky-watching is always my spark🌠（与多年失联的同学Nsz）
广东,享受每一分钟🌹
湖南,一碗味道不错的心灵鸡汤，虽然主题浅显故事简单，但整体水平挺不错的，人们总是在思考活着有什么意义，其实活着本身就是一种意义，生活未必尽如人意，成功不是衡量人生的唯一标准，人生是由我们对世界的感受组成的，我们感受快乐感受痛苦，这些都是我们这一生的收获，目标是我们根据这些人生体会想要实现的一个追求，专注与迷失只有一线之隔，如果执着于完成目标而忽略周围的一切，就会迷失自我，只有用心感受生活的一点一滴才能找到自己真正想要的东西
新疆,似懂非懂，我还执着于名利。
美国,22！
安徽,其实很意外，评价这么好的电影没带给我太多感动和震动，只是觉得观看体验不错，很温暖完整的一个故事，有点小惊喜也有俗套的部分。讨论的主题很大，但没有触及到我的点吧，可能再过几年重新看会有不一样的感受。
江苏,喝下这碗心灵鸡汤！
湖北,"人生的意义是什么？
人生没有什么意义，没有什么必须要做的事，在世间感受喜怒哀乐，享受每一天就是这一世的意义。我们每个人都会有想实现的目标，可以为此努力去奋斗去实现，但拼搏的路上也不应该忘记感受生活的美好。"
黑龙江,随便看的 竟然对症下药
北京,22太可爱了，颁给22年度最棒灵魂冠军，jerry和terry也好可爱，且需要一个Joe这样的老师，最后赞美明月清风
四川,我决定，活在当下的每一分钟～
山东,不必苦苦寻找spark，爱音乐，爱走路，爱吃披萨的人生也并非毫无意义，还有贝果！
安徽,优秀的迪士尼电影，欢乐又不失感动和温馨，让人对生活充满爱与希望。
湖北,活在当下，感受生活中幸福的感觉，感受生活的意义
浙江,编导是不是infp啊？从看到落叶卷起来的镜头开始觉得的。
上海,作为一个日本热血漫画受众，看了很多部迪士尼和皮克斯的动画， 真的就不在我点上
北京,a Leaf could be the purpose
河北,好片子呀，如果最后的结局是Joe无所牵挂去向往生就更好了，本片还是没有真正放下。挺喜欢译名的，一次心灵的奇旅，旅途上一个不想死的灵魂和一个不想活的灵魂结伴同行，相互救赎。22号帮Joe完成他人生的重要时刻，Joe帮22号找到自己的火花。就像Dorothea讲的故事一样，一条在海洋里的小鱼总想着自己在“水”中，要去往“海洋”，殊不知它从一开始就到站了。“火花”不一定要是什么宏伟对目标，拈花一笑足矣，但是很多人放不下，天下熙熙攘攘，倒是真的很少人有心思live every minute。听说这部电影融合了许多佛教思想和元素，感觉很自然，没有硬融梗的尴尬。这部片和我当下的心境挺合的，我现在也是囿于框架中，看完之后想要了解一下佛学了。立体主义的Jerry线条很妙，Terry太可爱了。
辽宁,"要好好珍惜活着的每一秒！
在这茫茫宇宙中，我们很渺小，或许现在的你正在追求你想要的，但在旅途中，请不要迷失自己，有时候太执着了就会太累，你不妨慢一些，因为沿途的风景也很美。或许现在的你迷茫自卑，请你务必记住，你是这灿烂星河中独一无二的一颗星星，你闪闪发光，有属于自己独特的魅力，去勇敢尝试，大胆发现，生活不缺少美，而是缺少一颗发现美的眼睛，用心感受生活，用心体验生活，惊喜会悄然而至。
你会发现在这世界中，有喧嚣有平淡，有繁华有普通，我们很渺小却又很强大，渺小到我们用一生去诠释自己的热爱，去寻找自己的目标，去维护自己的信念，强大到即使是面对死亡，不惧怕，也不放弃在人间的一场小小的演出，用尽全力去改写自己的历史。
生命其实很普通，用心感受生命的魅力是一件多么美妙且有意义的事！做个大胆勇敢的人！"
上海,life is this moment
河南,最后一格的火花，以为22和乔还能重逢来着
河北,我听说过一条鱼的故事。它游到一条老鱼旁边说，“我要找到他们称之为海洋的东西”.老鱼说，“海洋？可你现在就在海洋里。”年轻的鱼说，“这里吗？这是水，我想要的是海洋。”
广东,【8】虽然矫情但还是交出了一个一样又不一样的答案：你的梦想很重要吗？重要，又不那么重要。最简单的故事自然要用动画片的来讲。虽然没有《头脑特工队》那样惊艳，《Coco》那般动人，但好歹还是给你上了一课不是吗。当你与动物交换人生，当你在你最接近成功的那天死去，你会怎么样。我想，我会非常幸福，因为我这操蛋的人生就定格在最美的瞬间。明天，意外，我选择今天的悲剧。蓝调，梦想，家庭，哪里有救猫咪动人啊。
北京,嗯嗯寻找自己的天赋很重要！找到天赋所在最幸福了！今年我有幸找到了，也有机会去追寻了，那么一定要全力以赴了！加油！
四川,感动皮克斯 不愧是你
江苏,要好好过自己的生活～
安徽,太鸡汤了
四川,看到一半的时候我也和22一样开始想我的spark是什么，实在想不出来的时候我开始惶恐，不安，担心这部电影最后也只是告诉我原来我一直在过没有意义的人生。后来jerry说spark不是purpose不是meanings of life的时候瞬间有种醍醐灌顶的感觉，22的spark是她吃的第一口披萨，是她坐在椅子上尝到的棒棒糖，是在地铁口的吟唱，是落在她手里的落叶，我一下理解到了那句“人不是活一辈子，而只是活几个瞬间”。
贵州,很不错的电影，很治愈，很受启发
北京,想的很深，但表达的很浅显，非常厉害，本来提到了天赋与热情，但最后又讲即使没有火花也没有关系，生活的每时每刻就是意义。“爵士精神”，要有“爵士精神”。
四川,"算是出差的酒店里看的，
记忆里是讲爱与死亡的？
不太喜欢"
广东,平淡无味的鸡汤
天津,能享受活着的每一刻真是太重要了
浙江,享受活在当下的每一天，你会发现梦想目标都不是你人生的火花。
山东,太治愈了吧，非常适合一个人安静地看☺️
上海,皮克斯里很一般
上海,不是很喜欢的皮克斯动画   画风有点 过简？
上海,从各种角度而言 我绝对会给五星。
山西,挺深刻的。如果生活没有烦恼该多好。记得生命的意义，是去体验。
云南,enjoy every moment由于版权的原因，一直没能看到此片。机缘巧合，腾讯视频会员未到期的情况下，得以观看。影片前半部分铺垫很久，一是钢琴师找到梦寐以求的表演机会确死了，二是twenty-two一直找不到活着的理由，这两个“疑难杂症”都在两人互换身体之后，找到了药方—活着，体会当下的每一分钟，不论好坏，不论目标是否实现已经是最好。享受每一分钟。
江苏,享受好生活的每一分钟
广东,享受生活的每一分钟吧，未必有所成才算活着，梦想也不是什么了不起的东西，只喜欢看天、走路、吃披萨的人生也很好。
陕西,看一片叶子 咀嚼一块披萨，多多发呆
河南,当你准备好生活的那一刻，火花就已经被点燃。
湖北,享受当下
黑龙江,还好吧
江苏,经历了一次哲学的洗礼。心灵奇旅用一种轻松的方式让我再次理解本我、自我和超我之间的关系。最让我感动的是，我们都活在海里，平凡的现实也是理想大海中的一滴滴水。
四川,火花不是目的，不是天赋，是做好了去面对的准备。
浙江,很治愈的电影，生活没有意义，如果非要说的话，它的意义大概就是生活本身。live every minute of your life
重庆,希望活成男主那样，天降机会
广东,怎么样都好，因为都是你生活的一部分。
山东,人生的意义究竟是什么？我们只能做到享受当下就可以
泰国,22说的那些话何尝不是我的心声呢！I&#39;ve always worried that maybe there&#39;s something wrong with me. Maybe I&#39;m not good enough for living. 而Joe的I&#39;m going to live every minute of it，我知道我其实是做不到的，我会经历很多次低沉的情绪，可能还是会受其影响，做不到时时刻刻都在好好的生活。生活本来就不容易，我不想把未来想太好，承认自己是个普通人，尽力就好。这是一部不止让我产生共鸣，同时也给我带来启发和思考的电影，让我想到以前看过的同样出自pixar的《头脑特工队》（Inside Out），都是非常非常值得一看的优秀电影。
广东,高中还讲过ppt，其实当时根本就没看懂，反正故作深沉并不会让我的人生有实际意义的价值
北京,给社畜的电影
广东,可能是时间关系，对这一题材不感冒，创意有，但不多
广东,enjoy every moment in the life
上海,好多画面总是触及到内心的柔软。很温暖。好喜欢猫猫
黑龙江,"“我将珍惜每一分钟去活着。”
一场灵魂救赎之旅。梦想是人活下去的原因。"
江苏,沒有夢想也要開心簡單過好每一天。
上海,皮克斯在试图回答一个没有答案的问题，活着的意义是什么？普通人可能是在两种状态之间不停的摇摆吧。
辽宁,"和朋友一起看的，很可爱的一部电影，看完感觉很平和
仅仅是准备好进入生活
不需要成为什么
只是进入生活
然后开始这段旅程
因为我们已经在海洋之中了"
陕西,没有意义也没有关系。
河北,所以把生命的意义在哪里呢
陕西,有点无聊…目标实现了也就那样？不觉得
浙江,昨天看了coco今天看了心灵奇旅，这两部电影其实最吸引我的是脱离肉体后灵魂何去何从的设定，如果真的是这种世界观的话，死亡好像没有那么可怕了
湖北,中学时也很难过，当时难过我不能学艺术，很难过，觉得自己就那样停止了。我后来也尝试喜欢了很多很多。
吉林,人确实不能只拘泥于心里所想的那个所谓的目的
辽宁,这儿是水，我想要的是大海
北京,是我中学以来的人生态度，my人生态度就是在“我已经很幸福啦从小到大都一直很幸运”和“为什么获得成功的人不是我”“不论如何我都要做到”两端拉扯，只不过自己真正想要的最后都获得了，才能在最后装出一副千帆过尽的样子说享受每一刻吧
北京,表达的意思是很好的，只是个人不太喜好这种形式的电影
贵州,享受每一分钟
北京,“你已经在海里了”，活在当下
天津,挺深
广西,没看懂 但里面有些话还是不错的
江西,总觉得特别空
广东,拥有热爱的事物的人看了真的很有共鸣 可惜我已经将所有都奉献给了它 没有时间再看沿途的风景了
四川,I’m gonna live every minute of it
江苏,珍惜当下（这张电影票有史以来看过最贵的一场）
内蒙古,从街边到地铁的转场不错 人物形象设计不错 二维线条意外看起来不错剧情大胆有趣
安徽,"非常好看，脑洞很大，立意却很生活。逐渐沉迷于皮克斯电影的叙事及艺术宇宙。《飞屋环游记》《机器人总动员》《头脑特工队》都非常好看。
接受生活，热爱生活，你就已存在于你日夜寻找追寻的海洋中了。"
贵州,"也许你没有那么成功，也许我们会被年少不可得之物，困其一生，可是那又有什么关系呢，我们还尽情享受生活，游戏，，魔术，精彩的故事，如画风景。
当你太执着于某物，会不会回头才发现风景早已被自己遗忘呢，没关系，我们还可以继续生活，继续享受生活。"
广东,“我会享受活在当下的每一分钟”，这就是spark（火花），不是所谓的“目标”。有些道理好像都懂，但是做到真难，对某些东西的执著有时真的会变成执念，你已经活在“海里”了，还要怎么找“大海”呢？
北京,去影院看的
福建,所谓目标和意义，绝不应成为生活的标配；获得“火花”，只需做好迎接生活、热爱生活的准备。
重庆,人生不需要特别有成就
湖南,这个画风太惊艳了。想象力太爆炸了！！！！喜欢
