,大概广电局也不知道该从哪里剪
,1、电影确实精彩。2、没有想象的难懂，相信你自己。3、总会有一个让你记一辈子的镜头。4、请降低期待值。5、请提前上厕所。6、记得关手机。7、一定要去影院，因为影院也是个造梦机器。8、记得听完结尾音乐。因为它负责让你醒来。9、极可能是近几年你在影院看过最精彩的电影。10、穿越吧少年
,卡梅隆负责革新电影技术，诺兰负责革新电影结构...
,一部电影好看到即使你明白它在故弄玄虚也是义无反顾的打五星。
,你永远记不起一个梦的开端，就像记不起我们如何来到这个世界上。
,确实挺好看。人人都在评论这片，我也评不出个鸟来了。因为《盗梦空间》这片，中国人民已经陷入了智商无限的癫狂幻想之中。人人都觉得自己的解释最牛逼，人人都觉得自己是哲学家，是心理学家，是数学家，是诺兰的知己。
,我的陀螺停不下来了。
,所有的梦境中柯布中都戴着戒指，所有的现实中柯布都没戴戒指，所以陀螺只是障眼法，戒指才是真正的图腾。结尾柯布根本不在乎陀螺有没有停下来，因为他出机场的时候没戴戒指，他早就知道自己回到现实了。
,“既然做梦，就做大点” 这句太深得人心了。——2010年最天才的电影。“谁又能说，现实不是梦境。” Do you remember how you got here?
,一直在牛逼，从未被超越。只有Nolan才能达到这种境界！！！
,前期的口碑营销确实有点儿过了，绝对还没有达到神作的级别，但依旧是近年来最好的影片，诺兰独有的叙事技巧视觉风格以及影像语言都被完美的贯彻其中，其遵循并热爱的怀古之风从人物造型，台词蔓延到拍摄手法以及特效制作上，不过正因为如此，一些动作戏上的处理还有视觉奇观的展现则还不是那么过瘾。
,我还能说什么呢 出影院第一件事就是拿iphone 上豆瓣 至少5颗星啊 第156个评分的 哈哈哈哈 一直要用心用脑看的电影 内容很严谨 逻辑性强 非常好看 等高人仔细分析。。 又去影院 看了一遍 很爽 很抖擞
,你们终于知道我每天晚上做这种梦有多累了吧
,概念不算新鲜但还不错 ;p 充斥许多漂亮的慢动作镜头和带点匪夷所思的建筑构想，视觉效果挺棒的！偶尔会令我想起Paprika……
,《奠基》是一部复杂精致并绝对精彩好看的电影，他让你在片尾字幕出现时完全反应不过来之前的两个半小时发生了什么，就像一场梦境一样让你匪夷所思却又流连忘返。
,好烧脑的电影，看了两次才看明白，好吧自己笨了点。佩服编剧导演了
,列奥纳多干完这票肯定是要去Shutter Island修养一阵了。
,Christopher Nolan是天才!
,诺兰+莱昂纳多的电影，我无话可说！
,永远别用回忆来建构你的梦境
,迷离失所，戏假情真！
,为什么我就觉得不好看，一点点阿凡达，一点点禁闭岛，一点点这个一点点那个拼在一起，水果硬糖出来演科技女，来昂纳多成了精分专业户，可以的，你们可以再拍盗梦二，盗梦三，但是怎么来说都跟一个幻想狂的中学生写的作文似的，那叫一个牵强。
,"很是失望。本片创意构思和特效场面都还远不够震撼，叙事上有点弄巧成拙，故事发展全部依赖大段大段的对白，不痛不痒矫揉造作的情感戏形同鸡肋，再加上迪卡极为拙劣的演技，使此片不可避免地成为一部平庸之作。
剧情谈不上有多复杂艰深，想象力也远不及《黑客帝国》《移魂都市》等佳作"
,就那么一个创意，被大家吹得玄而又玄。片中充斥着毫无意义的枪战。看的过程中惟一的惊喜就是CCTV了。
,有人说诺兰克死了金敏……
,诺兰后期的几部电影都犹如教科书般精确和经典。本片尤其如此，在所有的电影元素上都极其精准……故事层面也做到了商业和艺术的完美平衡。是我个人2010年的年度电影。
,庄周一句话就搞掂了，费那劲儿干啥
,窗口上，玛丽昂对莱昂纳多说，我跳！你也跳！结尾和片中的一些配乐，演唱者就是皮亚芙……
,设置了很多悬疑，每次重新看都有新的发现，是一部经典的电影！
,要想从梦境里醒过来需要重大撞击，但有时你无法分辨到底是不是在梦里，所以有了陀螺这个图腾。然而你又怎么确定你现在经历的现实不会是一个梦境？梦醒的条件大概就是离开这个世界吧。梦、梦中梦、梦与现实错综复杂，即使烧脑多看几次也会看懂的电影，值得一看。
,看的时候绝不能分神 不然马上就看不懂剧情了
,这部片试图从头看了好几遍，但都没有看到最后，我智商不够啊，烧脑
,我就是觉得NB，用那个最容易驳倒的辩词“有种你们也拍一个我看看！”
,本片可用于测智商
,【上海博纳银兴】【UME双安】心理学导论观摩教学片，植入了以下心理学概念：平衡觉、视错觉、记忆、梦境、认知空间、潜意识、防御、情绪、动机、强化、心理咨询。上个月在后海边，同学突然问：“怎么证明现实是真实存在的？”我答：“证明不了。”——这就是本片的缘起，它在试图证明。
,重温了盗梦空间，的确没必要拿它跟红辣椒比。多年以后，还是很喜欢的。诺兰把梦境感做的很足，跌落的瞬间也很令人信服，电影真的植入了怀疑真实的一颗种子，此时的我分不清梦境与现实。
,……开放式结局……看到最后全影院一起喊：come on！
,电影比较烧脑，梦中梦，梦里有梦，不细看真不知道主角进入到第几层梦境
,炸飞！！！！！！神作！！！！！！！！
,MLGB诺兰你熊的！这TMD就是我想要拍的电影！！！
,在梦中打造自己的世界，其实也是挺恐怖的
,这个间谍故事在动作指导方面趋向007邦德系列，其中不少桥段都是导演诺兰在向自己最爱的邦德电影【女王密使】致敬，在我看来【奠基】更像是一部科幻版的 007电影。 ★★★★★
,故事的架构本身实际上仍旧是在类型片的领域内厮混 如此多的大制作动作部分也决定片子本身是走票房路线 不过谁规定走这一路线就不能有深意呢 即使亡妻情 梦中梦的设定都不算新鲜 但诺兰对节奏和视觉效果的把握却值得称道 宏大场景和开放结局 以及令人印象深刻的大量走道场景 可说是类型片巅峰作
,电影啊，造梦艺术，一部电影能拍成这样，至少在娱乐功能上已经登峰造极了，两个半小时黑漆漆的电影院里，我一直在梦里，跟我生活的现实世界完全无关。诺兰，我继续做你的粉丝。
,感觉永远无法走出一层又一层的梦境
,豪华版memento
,"时隔十年大银幕重温，仍被imax的音效震住。回头再看，当然不必再觉烧脑，但这种对梦境/现实多维度多线索地合拢叙事，俨然已成某种可用来借鉴的模式——即使影片本身也印有致敬痕迹。

以博尔赫斯的圆形废墟时间交叉概念先行——“时间永远分叉，通向无数的将来。在大部分时间里，我们并不存在；在某些时间，有你而没有我；在另一些时间，有我而没有你；再有一些时间，你我都存在。”强劲的想象产生现实（以致于无法区分意识边界的极限），梦是通往/影响/改变现实的途径；用记忆编织的梦境是危险的，因为就连记忆本身亦充满主观的谬误与篡改。人类最痛苦的根源聚焦浓缩于片中两个心结——夫妻之间与父子之间，也是打造四重梦境的立足点；无论科技多么进步，情感永远是我们无法绕开或解决的难题。

以及结尾——当然仍处于某层梦里啊。"
,今敏大人啊~~您的点子被电影化，感觉好像科教片……
,没感觉多好看，你们接着炒吧
,虽然感觉挺烧脑的，但不可否认，也很精彩啊，很不错。
,国外电影结构剧情技术意识都如此了，让国产电影情何以堪。。。
,一定要耐心看完字幕。我承认最后那几秒镜头我完全没想到……
,卡梅隆突破了，有了创新，名导就是名导，制作精良。
河北,除了影片自身的魅力，片中斋藤身为甲方如此努力让我吃惊😭😭    他爹的我怎么碰不到这种甲方
,"You&#39;re waiting for a train, a train that will take you far away. You know where you hope this train will take you, but you can&#39;t be sure. But it doesn&#39;t matter - because we&#39;ll be together."
,"You mustn&#39;t be afraid to dream a little bigger, darling."
,"第一次看还是选择中文版好一些。20171005终于想起来二刷，为当面的自己汗颜。明明自己电影院睡着了，只能留下那种模棱两可的评价，这次转为5星好评。"
,这故事对我有致命吸引力。好看死了。虽然觉得有点急躁可以做得更好，并且本应可以再往人物和故事的深度发掘。
,还是习惯叫它《奠基》。赞美的话太多人说了，不再重复。克里斯托弗·诺兰再一次证明了自己驾驭非线性叙事电影的超凡能力。虽不敢说自己百分百看懂，但是绝对没有大多数人传说的那么难懂，不过肯定是一部会需要你动脑子的影片。至于结局……仁者见仁智者见智，一千个观影者就有一千个哈姆雷特★★★★★
,这故事也忒烂了
,烧脑的诺兰，一贯的大师。三生有幸生活在诺兰的时代，并有幸在电影院一睹风采。配乐大师也是功劳显著，诺兰惯常的闪剪直接让观者感受到高潮一般的快感，内心激荡而震撼，绝望而嘶吼。
,能让人叫好的谜语一定是比较好猜的那种。只有这样受众才会产生对自己智力的陶醉。就是一个基于真实和虚幻的循环结构设定加点动作片元素而已，没有其他任何东西了。一部没有什么意思的娱乐片。
,徘徊在四星和五星之间，主要是剧本设计太强大了竟然很合逻辑。而且能把人看恍惚——不是那种恨高级的恍惚，就是神经刺激过猛无实感。
,精彩，诺兰引领一个时代，给我一个不打五星的理由
,很多人说看完电影会怀疑现实，我说，在梦里他们不用上厕所，而看完电影大家第一件事情就是去洗手间。这是区别现实和梦境最简单的方法。
,启蒙我的电影重作之一。意义非凡，对我的影响远非本身质量可以抗衡。→20.8.30 大银幕N刷。
,构思很赞，脑洞这么大，黑洞都要抖一抖。
,“新概念、新想法、新观点是一部好电影所赋予的比票根寿命还长的纪念品。”究竟是庄周做梦变成了蝴蝶，还是蝴蝶做梦变成了庄周，又有谁知道！最后陀螺有没有倒下，对我已经没有什么差别了 
,诺兰就是想象力的代名词吧。后知后觉发现里面有马良
,烧脑片的内涵不是故弄玄虚让人云里雾里，要烧脑要符合逻辑要剪辑清晰要有故事完整性要有适当人性探讨，诺兰这部影片是典范，加上小李子简直完美。
,最喜欢的电影，满分
,山中千年，世间一日。一个意识结构层面的故事。100921 2nd。200828，突然意识到，这也是消失的爱人。
,剧情很新颖，原来梦可以自己制造和控制，最牛逼的是还能进入梦中梦第六层梦境，但是梦中醒不来就成了永远醒不过来的植物人了，原来做梦也有危险。。。。
,太烧脑了，没完全看懂，这类电影可以看好几遍因为一遍不能看懂。。。。。。。。。。。。。
,梦中梦，超级酷的，想起清明梦，我尝试过清明梦，可总是在意识到自己在做梦时就立马醒了哈哈哈哈，表白小李子~
,这片子我不打分，这片子把观众的潜意识里面的装B形象勾引出来然后展现的淋漓尽致 
,这部电影真心不错。反物理学的探讨、旋转的动作场面、具有冲击力的背影音乐等，在影片的后半段，这些因素合力将你催眠，将你带入诺兰设定的电影梦境之中。
,"悬念很多，但其实道理很一般，并无深度。
不过有朋友说，真的可以这样去改变别人的潜意识，这就给这个片子增分了。"
,完美的烧脑大片，梦境空间层层递进，逻辑情节环环相扣，似海深情飘荡在梦境空间里，是迷失还是放逐……
,超精彩的电影，无论是故事的叙事技巧，拍摄手法，还是视觉感官体验都好棒！很吸引人的题材，让人眼前一亮。
山东,没有那么烧脑……这个top9的位置多少有点夸张了……
,HK iSquare。再过个10年的样子，应该就和The Shawshank Redemption一样，变成一部经典的鸡肋片。素质不低，但剪辑太碎，节奏也太仓促，结构的扭转还是掩盖不了一个弱剧本。另外实在对那些视诺兰如神明的文青对怀疑者的五毛式口气感到不解....
,太久远记不太清剧情了，不过确实很有意思。经常幻想如果我现在所经历的一切都是梦境怎么办哈哈哈哈
,【A+】20170825心血来潮为分析剧本重看，深深佩服诺兰在构筑悬疑张力上的功力
,梦境与现实，亦真亦幻，用异想天开的想象力考验着我们的判断能力。
,终于在HK的IMAX如愿以偿了……真的非常非常精彩，剧情、特效，演员的表演，以及诺兰的哲学，都是很大的亮点！
,阿凡达的高潮戏四十分钟，盗梦空间的高潮居然超过一个小时，一定要去戏院看，体验这份超长的焦虑，字幕后的额外audio内容错过也不可惜
,一环接一环，很烧脑，有意思。
,那个梦中有梦真的是令人诧异。电影好看又烧脑
,层层叠叠的梦境让人分不清现实与梦幻，看完让我甚至开始怀疑自己到底是处于现实还是仍旧在做梦。实在是太烧脑了！！！
,"一颗小小的意念种子 也会生根成形 它可能成就你 也可能毁灭你
那么 你是想放手一搏 还是要等到年华老去 心中充满遗憾 孤独地迈向黄泉路？"
,阿姆斯特朗说：《盗梦空间》的一小步，是电影史上的一大步。
,看过以后曾经有一段时间经常怀疑自己在做梦
,真的是非常好看。
,nolan的片一定要有痴情男死老婆么。。我觉得这片真的一般，部分情节拖沓，nolan的片总是看似很高科技，等琢磨清楚了觉得bug也挺多。小李为什么发育成了这样。
,特效、脑洞真的让人瞠目结舌，太高级了，晕眩
,创意很棒，就知道这是个大套套小套的故事，和诺兰早期那个短片《Doodlebug》一样。抛开创意，其实本质很简单，就是《Doodlebug》的2010升级版，加入了《骗中骗》《穆赫兰道》《禁闭岛》等修改补丁。不过如果是“老婆回到真实世界，小李自始至终还在梦中？”的话我就喜欢这片子了
,一花一世界，一个陀螺引发的颠覆世界观
,要论脑洞 我最服的就是这一部了 经典之作 诺兰真不是一般人可超越！
,牛！不停换景那里晕眩啊，陀螺转转转～
,超精彩的电影，无论是故事的叙事技巧，拍摄手法，还是视觉感官体验都好棒！很吸引人的题材，让人眼前一亮。
山东,没有那么烧脑……这个top9的位置多少有点夸张了……
,太久远记不太清剧情了，不过确实很有意思。经常幻想如果我现在所经历的一切都是梦境怎么办哈哈哈哈
,梦境与现实，亦真亦幻，用异想天开的想象力考验着我们的判断能力。
,诺兰的电影逻辑性特别强，特别好看，演员选的也好
,剧情简直碉堡，编剧太神了!导演叙事手法运用的如火纯情，使得剧情跌宕起伏，连最后的结局都设置了悬疑。看完后还一直在自己脑海里回忆剧情，给自己解惑
,看到最后感觉自己都出现幻觉了
,太值五星了，我看第二遍才懂开头，情节，画面，人物，剧情，无可挑剔，唯一可惜的是人物塑造上有点不够。
,那个梦中有梦真的是令人诧异。电影好看又烧脑
,跟莉莉在南京看的，很好懂啊，有什么可分析的
,观影全程紧跟剧情，既使这样看到结局，我都没看明白是在梦境中还是在现实中。烧脑呀，真是烧脑。
,很精彩很烧脑！酷！！！
,潜意识层层武装保护的也许只是儿时的风车，能够治愈内心的只有自己
,记得上次看还是高中老师在教室里放，一晃眼已经十多年过去了。好希望我能醒来，发现这不过只是高中课间十分钟时间我打的一个小盹。
,没什么看不懂的
,故事和概念很牛，逻辑关系也很严谨。虽然场面不够大片。
,在裆国看到一刀不剪的大荧幕盗梦空间，你还要什么自行车啊，还不跪谢郭嘉。
,纵向叙事的一次伟大实验
,层层叠叠的梦境让人分不清现实与梦幻，看完让我甚至开始怀疑自己到底是处于现实还是仍旧在做梦。实在是太烧脑了！！！
,依旧对诺兰不感冒，没有什么新鲜的，关键是没有观点，爱情重要？梦境重要？真实重要？看不到清晰的观点，结果便不那么重要，于是到底是真是假也失去了意义。
,人在梦境里会放下所有的心防。
,（9/10）确实是个挺精彩的故事，感觉作品是在借鉴今敏的《盗梦侦探（红辣椒）》（有点想重看今敏这片了）。从最后陀螺减速并摇晃、孩子露出正脸、造梦者（岳父）回归、主角手上没有戴戒指、齐藤醒过来等细节来看，主角应该是回到了现实中，而不是掉进了下一层梦里。
,真的是，从蝙蝠侠开始，他的电影每一个点都跟我不在一个空间，每一个脑电波都不在一个波长。还老拍得那么长，每次看丫电影我不是睡着就是呕半天气⋯⋯
,看不懂
,"惊叹于诺兰缜密的逻辑.奇谲的拍摄手法和大胆的情节架构.跟着导演对梦境抽丝剥茧层层剖析,一个关于“梦的解析”关于“爱的延续”的伟大构想拔地而起,成就一座堂皇的迷宫让观众目眩神迷"
,庄周梦蝶而已，之上只有好莱坞，不如期望。说来Nolan不知道是不是中国哲学的爱好者，他的精湛短片doodlebug虽然只有三分钟，但比这片子的哲理丰富多了。
,很好
,特效很好，剧情满分，还有莱昂纳多的颜……
,影院效果有加分。
,"for(;;){
     for(;;){
          for(;;){
          }
     }
}"
,只可惜当年年纪小，没有看懂，现在后悔没有去电影院看。Inception就好象是玄幻小说，你必须接受它里面的无数天马行空的设定；但是它是最好的玄幻小说，因为在它的设定下情节无懈可击。所以首先要解释片中提到的所有设定
,梦境与现实…当他们交织在一起还有谁能分得清…
,就喜欢看这种看一遍看不懂的电影，还有演员都好帅……
,感觉需要多看几遍才能看懂。
,第一部去IMAX二刷的电影，很烧脑，超好看
,2011 + 2012 + 2013 + 2014 + 2015 + 2016，每年元旦的特别任务：观看《盗梦空间》！新年观影，愉悦心情！—— 我是有多幸福，在我现今的生活里，能有两个家伙矢志不渝地陪伴在我身边，带给我无穷无尽的快乐和感动！能爱上他们，是我这辈子最幸运、最开心的事情！电影 + 音乐，我爱你们！永远！永远！
,伟大的编剧，能有这么奇思妙想的构思。
,问：达伦·阿伦诺夫斯基和克里斯托弗·诺兰有什么相同之处和不同之处？答：相同之处是两人都抄袭过今敏，不同之处是一个承认了，一个不承认。    这电影难看吗？正好相反，它极具观赏性，但这种创作态度，就是不对。
,当初跟风看的这部电影，虽为达到自己的期望值，不过确实挺好看的。Do you remember how you got here ?
,伟大的导演，伟大的编剧，给我们编织了一个不可思议的梦，所以我们是在现实还是梦？
,太烧脑了，看了好几次才能看懂，脑子变笨了，哈哈哈！
,经典
,没看到底。
,久久不能忘怀……
,忙忙碌碌的回忆
,不错不错
,我都要看晕了……梦境一层套一层，挺烧脑的。
,天呐，这个简直太烧脑太烧脑了…说实话，我是真的没看懂，然后越看不懂就越看不进去了……但这电影质感是真不错…
,在冷漠的时间刻度与等价的时间交换面前，我们唯有放弃对时间的真实感受，才能够减缓痛苦、延长快乐。始终觉得诺兰的电影是反立意深度、反人物塑造、甚至反戏剧逻辑的，他更加看重的是原始的情感动力与极致的视觉轰炸对观众感官的欺骗与麻醉。换言之，情绪上克制的表达、叙事上细节的思考与动作戏清晰的调度并不有助于高概念的成功洗脑。可以类比为乘坐海盗船，说白了不就是像钟摆一样左右摆动嘛，但真的坐上去了，整船人还是会忍不住发出鸡叫。
,时隔七年再刷，深觉无趣。
,看的是零点首映。概念先行的动作片，节奏混乱昏昏欲睡。《红辣椒》《eXistenZ》等等一堆电影在概念上的简单抄袭混杂。线性推进+“最后一分钟营救“，典型经典好莱坞叙事，你妈逼的开创新式叙事结构。烂番茄87%，metacritic综评74分，都不算很高的分数。我不黑你黑谁？
,映像最深刻的就是那个陀螺，以陀螺是否能停判定是否在梦里。
,某种原因我只能给三星
,太烧脑了，高中时候老师给看的，分了好几次看完的，没看懂，有机会会再好好看一遍
,讲真看不太懂，没法给高评分
,突然地，我迷幻了，我不再惧怕死亡了～
,梦中梦。诺兰太牛了，再加上小李子，完美!
,话就不多说了，一部电影能拍成这样，令人膜拜~
,很难看懂，耗费了我不少脑细胞，三重梦境，一环又一环犹如陀螺一般停不下来，陷入层层轮回当中。如果你愿意相信平行宇宙，愿意相信那里有另一个你，过着你梦想中的生活，那谁还愿意醒来呢？
,全程无尿点，好看！！！！！
,你最好无须在观影前过多参与剧情解析，相信经历过原始诺兰的《追随》、疯狂倒叙的《失忆》、隐线极深的《魔道》以及道德哲学的《黑骑士》。《奠基》不会更隐晦到让你失眠。我的观影建议：享受诺兰近乎完美的画面哲学，听得懂英文的请无视字幕，不要错过一些被严肃剧情隐藏的幽默，最后，不要剧透。
,莱昂纳多·迪卡普里奥主演 很烧脑的一部作品 看着👀着我就睡着了 😭😭😭再看又睡着了 啊好吧 我看不明白😭😭
,应该再看一遍
,超爱
,包着糖衣的老鼠药
,我看懂了 哈哈 
,目不转睛地看。。。
,科幻片的一个小巅峰
,迷迷糊糊
,梦中梦，梦里梦···
,做计要再看一遍，才能懂。
,大片！超爱！更别说里面那么多我爱的演员了！
,特效好，惊艳
,诺兰大叔的片子，还是他自己的风格，明明很难懂却无法阻止对他的爱，这样的佳作也只有诺兰拍的出来
,黑客帝国后好莱坞最佳科幻片。融入了庄周梦蝶式哲思、杨过离开古墓式情感探讨，展现了逻辑的魅力、开拓了电影表达的疆界，在最后一刻结构和情感的张力逐层引爆至顶点，让人惊叹。故事结局其实早有解答：只要我们在一起，火车是通往虚幻还是真实并不重要，一切取决于我们相信与否。小李只是不愿看清现实
,非线性叙事的电影手法在《盗梦空间》中得以最为契合剧情架构的呈现，环环相扣的多重梦境，编制了一张逻辑夯实的巨网，诺兰在这部作品中取巧之处在于，每一个人都能看懂电影，但却又让人感慨“一千个读者眼里有一千个哈姆雷特”。
,烧脑的剧情
,感觉很神幻，真的挺好的，让人很容易入情
,great loop~ 你们都被INCEPTION了。。。。
,梦中与你百年携手，醒来我却未曾白头。
,"You&#39;re waiting for a train, a train that will take you far away. You know where you hope this train will take you, but you can&#39;t be sure"
,为嘛！为嘛这个片子这么高分！
,【重看2020.01.28】
,时隔十年重看。诺兰大师不要打啦，我看不清谁打谁，前两层被晃晕，第三层还蒙着脸。总之知道你们打得很激烈这件事就行了吧？
,“要做梦就做大胆一点”，憋尿2个半小时看完了，讲打怪升级的故事。
,和刘海亮汀汀他们一起看的~
,我似个没文化的 不能理解。。。
,印象最深的是梅尔的死，究竟是谁断送的，那个不停旋转的陀螺，现实与梦境的混淆……
,梅雨晚秋，我记得的。
,谁又能说，现实不是梦境。”Do you remember how you got here?
,科幻就是能够无休止的满足你的幻想。却也让你无限的失望。你追逐却也达不到的世界。
,梦中的梦中！其实我觉得结局应该给得很明确啊，陀螺倒了的声音，为什么好多人还会纠结现实还是梦境呢？还是看电影时没等到字幕的最后？
,脑细胞不够用没看懂  但是特效演员确实很震撼呐 题材也新颖
,梦中梦，分不清现实与梦境，如果心有执念那么梦里梦外更难分辨。
,仅就这部来说，算是文本复杂性游戏性到一定极端高度，但另一方面调度和表演又都比较简陋。2020.5.15@盛世嘉园//2010.X with 处女女// 2010.9.19 美嘉with处女男
,五層(六層？)的套盒結構的確懾人，但怎麼每一層潛意識都是陳舊的槍戰、槍戰、槍戰？荷里活類型片已佔據了潛意識的每一區嗎……
,越往后看，越觉得自己的大脑不够用的，敬佩编剧。
,"算是有半部好片 ~ ! 前半部的入夢 , 分析 , 再入夢等惰節密集得來處理得亦算流暢 . 但後半部則好像除了要貫徹電影的主旨之餘 , 還要照顧科幻動作片迷的囗味 , 因而顯得有點力有不棣 ~ !但整體其實已是Nolan暫時最好的荷里活大製作 ~ ! ★★★半 ~ ! "
,"这部电影信息量巨大略烧脑，但剧情丝丝入扣让人看的非常舒服。影片中拿出纸风车那段感动到我了。
"
,Shuttle Island是一面镜子，Inception是一架旋梯，庄周是一只蝴蝶，飞舞在博尔赫斯的花园里。
,真的 就是作为商业电影的外在要素很到位而已 我也根本没说这就是烂片了 这就是标准的框架坚固 往里头一点点添肉的典型 遐想很有限 从外围向中心层层关闭 逻辑清晰简单无比 所以我只是觉得 那些说不是一遍能看懂的人 是不是可以去死了
,四颗星
,很难懂，得慢慢看。剧情有点拖沓……
,我眼拙。不过剧情还是吸引人的。
,想象力很丰富，还有三层梦境？！！!
,很有感觉的一部电影.
,“创造”了个世界 导演可以去写个像哈利波特的书
,这想象令人赞叹···
,既然做梦，就做大点。卧槽啊！！！
,看得累死我了。
,真没必要看两遍。。。
,论文
,#电影院# 人家好莱坞都进化到玩梦境加心理解构了，反观我国同期上映的片子却还是打怀旧伤感牌，唉！电影工业整整落后人家不止一百年啊，简直一个世纪。
,小李子还是很上进的，为了小金人，接的都是好片子。但这片子太烧脑了，记得那天下班太累，看这电影时居然中间睡着了⊙﹏⊙。
,Tom Hardy!!!我吃死他了！噶搞笑噶迷人！囧瑟夫的小身段儿！简直和蜘蛛侠一样了。Marion Cotillard好美啊啊啊啊啊！Ellen page实在是走不出这戏路了。Cillian Murphy还是演娘娘腔比较好，丑！欣赏不鸟。太恢弘了这配乐。故事么……最讨厌小李了
,没有宣传的那么难以理解，不过看完以后头疼了一晚上
,"Amazing, outstanding, brilliant and Marvellous"
,当年看过的最好看的科幻片，烧脑，颠覆你的想象力，编剧出奇
,生活，一个大大大谜语
,there&#39;s only one dream; it is the whole story.
,经典，烧脑，开放式结局。一直在想到底那个陀螺停下来没有，走出梦境了吗？
,烧脑啊！这剧情紧凑的一波一波地根本不能走神，一走神就跟不上啦。还有特效，也是很震撼了。
,上大学看的第一部电影。
,庄周梦蝴蝶的故事。当美国编剧已经进化到在电影里讨论心理学前沿的时候，中国还在搞亲情和人事斗争，差距就是原子弹和大砍刀的不同。其实影片中还有一层梦境，那就是观影者与电影之间。
,脑洞挺大的电影能拍出这样的逻辑性不得不佩服诺兰 很多人说烧脑 不要害怕 只要仔细看都是能看明白的 还不能区分智商…不过看各种大神们的分析真的是折服 有的说得有理 有的完全是脑洞好么…最后结局 我倾向于现实…
,"Smart,Clever,Intelligent,Complicated,Funny and Excited.Two Thumbs Up!"
,一场无法盗取的梦
,【A】导演已经把陀螺倒下既是现实的想法inception到我们的大脑里，这才是全片最牛逼的inception。//2020.7.29，无论如何，本片第三幕的动作戏部分是绝对的灾难，诺兰真的不会拍动作戏....
,你在等一趟火车 它会把你带去远方 你知道自己想去哪里 但不确定火车开向哪里 但是没关系 这是为什么呢 因为我们会在一起 
,平庸之作
,《インセプション》这就是我心目中深邃、浑圆、全方位，构造、意象、理念、手法、技术都结合得精巧完美的神作。还有没人跟我一样看这个，激动、感动、撼动，以致看哭了的？莫非我的哭点太奇怪……？
,所以最后他回去了么？我觉得陀螺会停下来的TT好吧理想主义者。我很懊恼没有去电影院看IMAX。。。
,似醒非醒的人生最蛋疼
,好看死了~
,很强悍  可是有点看不懂主题
,我擦  给绕糊涂了
,想象力瓶頸 夢境層次單薄  五快錢的七人午夜場 肥leo仍久迷人
,或许是剧情太好，我记得当年在电影院看睡着了？所以……
,我日。容我用一晚上消化一下，但可以肯定的是，我要看第二遍！还有，谁说最后有彩蛋的！！！坐到就剩我一人了也没有彩蛋！
,电影的制作是非常好的，但是看完电影都开始怀疑自己了，梦想家，哲学家，艺术家……………………
,每当我试着去评价这部电影时，都语无伦次地找不到合适的赞美之词。
,二刷A➡️Ｄ+ / 概念框架大，而且概念的延展本身也完全不细腻。最讽刺的大概就是绕了这么大一个圈反而回归了古典的真实观，相当于还是把一个立面压平了。
,诺兰的电影充斥着浓厚的个人风格，模糊不清的现实界限，有意打乱的叙事方法，黑暗阴郁的影像风格，从一开始的《记忆碎片》到现在的《盗梦空间》，这种特质愈发成熟，臻入化境！
,2012-236.欧洲杯期间抽空。为迎接无比强大的骑士崛起！！重看诺兰（1）！
,真的一般般，至少不是我的菜。
,不得不说一句：我操！
,此片给很多智商有限的人带来了极大的满足感，于是产生了巨大的过度阐释的需求
,诺兰越来越像一个上帝在操纵电影了，别人拼了命的找想象力这种东西，他却可以随意浪费，真是天煞的。
,所以最后是在梦里还是在现实中？
,精彩，不知道撸了多少次了！！
,分不清哪个是梦 哪个是现实 
,大爷的，智商有限，电影大体逻辑看懂了，但是大神们都说的各种高深内涵，没有体会到。
,现实并不存在，只是我们身陷其中。
,作为诺兰神话的最高点，显然还是经得住重看的，最方便的检验方式，就是意识深处那个旋转不停的陀螺。诺兰所有最受推崇的作品，无一不是在建设精密的结构，实践操纵时间的叙事法，但它的复杂程度（四层递归，逐层回退）绝不超出观众的理解能力。而这种由形式构筑起的紧张感，在持续补足他所不那么擅长的情感描绘与动作场面。十年后，在现实与梦境的辩证法之外，我才经由小李子紧锁的眉头，真正注意到这个“长相厮守”的爱情困境，是它驱动着电影最核心的危机。——并不是恐婚心理在作怪，而是追求永恒的美好愿望让人们滑向深渊。
,比较烦诺兰
,"NB
"
,不甚喜欢
,如果此片不给5星· 我不知道还能给什么片5星。。所以好好看吧！
,怎么说呢，超爱这种逻辑性的东西！
,几层梦境？忘记了，有空再看看
,不是我的菜
,既有科学又有不科学的地方。
,四星半。没有传说中那么难懂嘛
,nolan再这样下去在影史上成就会非常有限的
,我的大脑从没有这么混乱过，事物的本质是什么，知道你愿意相信，梦就是现实
,滥用精神分析术语。。。看来精神分析在娱乐界已经和量子物理差不多地位了。。。
,当年热播的时候没看，今天顺便看了一场，明明逻辑这么清楚个片儿居然有人看不懂？
,可能期望值的原因，并没有看得特别的雀跃，但不得不佩服诺兰游走于商业成分和自我标志如此得心应手。影片中所有好莱坞擅长的一切：视觉、动作、情感虽然都很熟悉，但也都非常饱满。而故事的核心虽然不是第一次涉猎，也被挖掘得足够充分。在可预期的未来，诺兰必将是这个世纪好莱坞引领类型的翘楚。
,你永远记不起一个梦的开端，就像记不起我们如何来到这个世界上。
,你醒着吗？你现在还相信你是醒着吗？你应该想想自己是在第几层梦里面，然后想办法逃脱。
,2010年在美国电影院看的，没有中文字幕，没怎么看懂，觉得整个电影都是梦。2017年又看了一遍有中文字幕的，看懂了99%，原来我被诺兰耍了。
,牛逼！
,潜意识中的我所创造的世界远比现实要强大很多，既然如此，为何要在现实中做一个碌碌无为的平凡人呢，大家都去睡觉吧，梦里我们神通广大
,莱昂纳多老了。
,"好吧，这的确是一枚合金弹头
8.28又去电影院刷了一遍Imax.还不过瘾还想再去看"
,不一样的世界！
,诺兰无法提供新的思想或者人性的发现，他的电影基本上是把新瓶装旧酒玩到极致。
,要刷好几遍才能看懂的烧脑电影，我们的梦境到底是什么样？也许以后会有可以记录梦境的机器，那样肯定是带给我们无限的灵感。
,quite confusing~
,我刚发现如果把片中的那首法文歌放慢听，特么的就是一开始的原声音乐！！！那个慢慢的，诡异的咣咣声！！
,牛逼
,缺少强大反派，套招用完就完。
,也许是理念比较熟悉，相对有些失望
,那19.3%四星的和2.9%三星的豆子们你们应该改成五星啊！
,可能我智商不够，有点看不懂，太烧脑了。
,女人要永远，男人要真相。
,还不错。只是个人的审美体系里，5星电影不能仅仅是个通关游戏，所以只能给到4星了。
,没看完~泪奔~
,戒指或许是破解剧情的最佳提示...
,三环相扣坠醒时间卡点，四层入梦深陷意识深渊，如梦如醒，似真似幻，层次分明的逻辑融入庄周梦蝶的悬念，紧张感如同一根抵着刀口越绷越紧的弦，耐人寻味又颇具震撼。各方面都很好，就差了承认一句借鉴盗梦侦探。
,仁者见仁的电影 可能期望太高 所以看了以后没有那种震撼
,诺兰，你真牛
,主演都好帅 但是第一遍没有看懂 最后没有分清到底是梦境还是现实 所以又看了几遍 值得多看几遍
,我真不是技术控
,烧脑片，但是人物感情处理得好低级。
,转还是停..
,电影很精彩 没有想象的难懂 总会有一个让你记一辈子的镜头
,应该可以更好的。
,画面满是天马行空的想象力。词穷，反正就是牛逼！神作！9.2（厦门影院）
,结尾没交代清楚比较纠结
,没看到开头，一大遗憾....
,休息日自己跑到影院看哒！那失重太有感啦！现在看完回来再去看看剧透，有种预感还会再看一遍
,电影本来就是造梦机器。一部伟大的神作。但总觉得特效还可以再绚烂一些。
,那晚做的梦很奇特
,最后的旋转到底停下来了没有？
,独特而又全新的科幻视角探索了人脑对于梦境的神秘诠释
,我的陀螺再也停不下来了。
,剧情不错，设定不错，总算是为我至少半年来都只能对着波斯王子之类片子的剧情吐吐槽的日子划下了休止符……不过也没“优秀”到“完美”的地步吧？我觉得动漫里这种设定和剧情很常见啊……另，不理解为啥有人说看不懂。又，绝不是我的错觉！雪山那个碉堡（医院？）的外墙上出现了CCTV字样！
,after all that sick propaganda 
,没媒体口中的那么难懂吧..看来一切只为吸引眼球罢了..
,我能说我智商不够看这种电影吗？看不懂怪我咯
,在我看来这片子只有一种结局 不剧透 首先剧本很好懂 有一个很不错的设定 反而凸显剧情的单薄 其次 我严重认为芝麻配乐脱节和全片氛围不搭 最后给与四星 还不得不提的是主角团队有个男人太性感了!Smoking HOT!出场时穿的花衬衫特有魅力~
,无可否认，诺兰是个天才，他会有卡梅隆的成就
,哇 Marion Cotillard 。哇 ellen page
,"omg,需要多看好几遍了"
,我也许是最后一小拨看完盗梦的人~只能说诺兰绝对牛逼，不拍续集对得起谁啊！
,一开始的三个场景转换可能会看的云里雾里。但是渐入佳境后就环环相扣，顺便解答开场。没有马丁的莱昂拉多依然保持他的演技派。Joseph太有爱了，伊默斯抗起他的榴弹发射器说，亲爱的，既然是做梦那就来个大点的。 没有停下的陀螺，万一我们的生活真的是一场梦。
,"曾经因为一个人在封邮件里提过“梦中梦”，而执意不去看这部电影。时过境迁以后，想起要看这部电影时已经没有任何感觉。
看之前期望过高，好像没有特别难理解，关于几何空间始终不懂。"
,凑合
,给力哈
,最後一幕究竟是現實還是夢境……
,结局都很欢乐。都得到了自己想要的东西。包括那位阔少爷~
,看起拽瞌睡
,走进思维深处的混沌无意识
,LEO 穿西装的时候给人非常绅士的感觉
,有意思
,剧情不错
,颠覆正常思维
,非常喜欢
,一个信念，影响着人内心深处。。媒体？社会？环境？
,还不错的电影。。。喜欢
,制作上算大手笔。
,超好看啊！ 
,深奥
,到底哪个是真实的，我也不清楚。亦真亦幻的也挺有意思。
,关于梦。看了多遍都不觉得腻
,高智商
,会迷失在梦境的第几层？
,"很喜欢  看过以后有些后怕  虽然猜到结局了~
"
,需要带着脑子看的电影 和ex一起
,另外一个想象空间
,超喜欢的一部电影
,去电影院看，值回两倍票价
,诺兰给我们编织的又一个噩梦。
,环环紧扣。
,内容很刺激，但也很发人深省，如果意识可以被植入，人性的黑暗面将会发挥得骇人听闻
,周公也解不了的梦。
,"诺兰再一次成功的卖弄了他的技巧。。
"
,也就是立体交错的剧情而已，结尾和开头可以连起来做无限循环。。。
,值得重看
,六星成么
,好
,梦与现实。
,这群人的行为动机未免装逼又生硬
,盗梦，像一根镶着铂金丝的晾衣绳串起的一堆老旧褪色的过季衣服。卖点停留在细薄的概念层级，反复提醒你存在一层层梦的嵌套。等身临其境之后却发现，这些梦境实景远没有预期的神秘奇幻或者视觉震撼，只不过是一些早已见怪不怪的好莱坞现实主义动作俗套的组合，而展示得又远不及勇闯夺命岛那般精彩刺激。
,成功的商业范例，仅此而已。ellen page的戏做得欠了点
,艾伦佩吉脑残粉。
,我居然一直以为我看过只是印象不深……才想起来高一班上放这片的晚上我跑出去喝酒了……
,《盗梦空间》以其复杂多变的剧情结构与故事内容，以及惊心动魄的动作场面与视觉奇观作为制胜关键。面对影片整体如此无与伦比的震撼效果，除了令到观众发出惊叹之外别无他言。
,小费舍醒了以后就完全不记得他们了吗？另：后来被音乐炸到要崩溃了。
,"大烂片,不过演员和场面真的不错"
,做一个落后于时代的人，嘿嘿~
,1，一秒钟都不浪费，非常紧凑，故事讲得一清二楚。2，用Edith Piaf的那首歌，是想提醒观众玛丽昂·歌迪亚饰演的梅尔的存在吗？她也是对这个计划影响最大的人。3，失重那一段是我的最爱。
,在看完这部电影之后，我觉得心里有许多的感觉说不出来。
,amazing!对于梦境始终都很迷恋的我在这个电影里找到Nostalgia的感觉。到目前为止是我最喜欢的电影！！Leonardo， my favourite actor ever!
,little idea thats all
,你在等一趟火车 ，它会把你带去远方 ，你知道自己想去哪里 ，但不确定火车开向哪里 .但是没关系 ，这是为什么呢 ，因为我们会在一起 。
,热门老电影重映之前记得删光自己曾经的短评。
,最近比较好的了
,2010.9.19许昌奥斯卡
,你在我旁边 
,这才是电影。
,完全符合逻辑的一个梦
,看不太懂，果然不太适合看这种片子
,fuck！没想到第五刷让我彻彻底底爱上了这一部！剪辑用镜和节奏堪称水乳交融！主题的若虚若实也与星际穿越完成了镜像转换，个人前十可期！
,剧情很紧凑，以我的智商看不懂。
,"阿瑟~~阿瑟~~~~~~~
我也被人植入想法，变脆弱了%&gt;_&lt;%"
江苏,印象最深的一段话就是，想法就像病毒，顽强无比，感染性极强，再细微的念头也会生根发芽，它能塑造你，也能毁灭你。很震撼的电影，不止是视觉，而是关于念头，关于梦境与现实，或许我们以为梦不是现实，但有时候自欺欺人的念头何尝不是梦境般困住我们，束缚我们的念头，让自己分不清现实与虚幻。活在当下，无论梦多美好都要记住面对现实，才是真实存在的。
,我想我可以醒来。
,進入你的世界。不願意醒來。
,电影虽然是华纳兄弟资助的，但它仍然是一部诺兰风格的电影。诺兰写了剧本，导演了电影。富有想象力的想法渗透在他写的对话和他设定的情节里，这是一部思想家的电影。
,逻辑严密，场面自然没的说，关键是漂亮的黑色故事。上一次我为了他的黑暗之神特意飞了香港，这次为了他放弃了海港城的购物之旅，蛮值得。
,其实我想吐槽的是：为啥里面的人在做梦的时候都非要用常规武器不可|||明明想得出榴弹炮，就不能来个大火球龙召唤术什么的吗！
,诺兰也成为了宣传比电影本身漂亮的导演
,至于解构、诺兰就不必多说了，他成在细节上，众多的经典镜头注定使得此片名垂影史。这会是里程碑式的电影，如果在技术上的里程碑片子是阿凡达的话，本片我敢说是类型电影的里程碑。将会和低俗小说一样载入史册。
,要看明白，还是得借助攻略……必须要说，Cillian Murphy作为这部戏的花瓶太对味了！~Marion演小李的亡妻演出风格来了呀——阴魂不散。
,20100918 ❤ 陪你看的XD 
,"看得我感冒了~~~动作场面蹩脚,态度形式做作.也无碍于其尿性的姿态!各种彩蛋,疑问!绝对怀疑主义,相对主义,悖论,虚无主义,经验主义,解构主义,梦的解析..............（原来我当时这么激动~~）@大庆万达影城IMAX"
,【哈-中央万达】他为电影而生，他会被载入史册，他就是个传奇！！！  他是诺兰…（这片真是太TM精彩了）
,幸好温习了Nolan之前的作品，完全看懂了~
,过誉了 看一遍理解完全无障碍 但各方面都算是优秀作品 但如果对盗梦或植入没有一个完整的系统的解释（比如潘多拉的世界）那离经典可还远着呢
,烧脑 不聚精会神的看根本看不懂。不过好喜欢这种片子哈哈
,一遍懂啊  没说的那么深  但是给的感觉就是在做梦一样   我喜欢page
,一个轴心的运转需要什么作为平衡呢。没有人会了解自身的潜意识动机，或者说没有人真正了解自己。
,诺兰的水准之作。
,佩服逻辑之强。2010我的最佳之一。
,看了两遍，几乎掌握了所有的细节。别的就不多说了，其最让我欣慰的是作为一部反映梦境的片子几乎摒弃了所有和符号有关的东西，大好！
,如果这是梦，我愿长醉不愿醒
,卡梅隆与诺兰，可以打5分了。电影确实很精彩
,小李叔一级棒··还有囧瑟夫··刚开始听人说这难看懂那难揣摩的···其实没说的那么深不可测
,啊~~这类片子我抵抗无能……
,"诺兰这个名字就值五颗星，果然是神！
中文译名很有问题！"
,梦中梦中梦中梦。。。
,超级好看，编剧这脑洞也是没谁了
,达到期待值；叙事上比不上prestige花巧精致，但诺兰能把一个理论上复杂的故事说得如此简洁明晰，是他最大的本事；批评这片梦境不够超现实我觉得是牛头不对马嘴
,跟不上，有点乱了我
,相爱的人会有一个不倒的陀螺。
,"自从有了盗梦空间，整个电影界的格局又焕然一新了
"
,Inception他更多关心的是世界观完整，人物塑造和真实感的视觉呈现，三者结合后，你会忘记所有的技术细节疑问，或者说这电影根本不承载回答类似“分享梦的机器原理怎样”这样的问题。诺兰证明了电影未来的一个重要方向，就是想象力和电影技术结合的极限将被反复突破，Inception绝对是
,无与伦比
,"动作版的野草莓，看的时候老想起博尔赫斯，或者列子。

要说缺点，就是风车比较傻，让人想起无极的馒头。"
,"重点是有Marion,Marion,Marion！！！配角控不淡定了。。。"
,怪不得人都说工作时不能感情用事~建筑系同学应该会很爱吧╮(╯▽╰)╭
,大脑研究和意念知识的初次大银幕展示
,Nolan&#39;s first true masterpiece
,今天又看了一遍，之前看只是对梦里那个新奇的世界感兴趣，天马行空让人神往，这一次看看懂了Leo和mal的纠结，一层一层梦境的嵌套。最后，我还是更愿意相信Leo回到了现实
,好看。虽然情节让我想起了筱原千绘还是谁的一部古早漫画的情节。。。
,诺兰难以置信的自我超跃。
,应该可以负责任地说，这是我真正开始看电影以来，第一部让我从头到尾没有空闲去联想其他事物的电影。好吧，除了同导演的Memento之外。
,关于图腾 那个色子应该是因为它独特的重心和重量 当然要是在设计过的梦里点数应该是伪随机的 就是会周期重复 但是如果周期设计的很长 真没有时间去用随机数验证是否在梦境 跟人家陀螺比差太多了不是
,好看
,有点烧脑，死了不少脑细胞。所以最后到底出来了吗😂😂😂
,没有那么。。。好。。。吧。
,看了 不懂 上豆瓣 再看分析 终于懂了。。 实在是经典啊。
,导演真阴险啊！！！
,Ellenpage
,梦里分不清身是客..
,牛逼！！！！
,很有创意！近几年少有的大作
,本以為是多層夢境交織的複雜科幻心理驚悚劇，其實是新世代好萊塢電玩動作片。電影花太多時間在解釋劇情，讓前半段顯得囉唆且停滯。後半段又放太多無聊動作設計，高潮的潛意識自剖也已經是過於老套，雷也不算是雷了。除了幾幕演員動人的表情，感覺故事說得很累又缺乏神采，不知所謂為何。
,看完了盗梦空间有两大发现：1.小李长大了，成熟了，当她说“I jump”他不jump了。2.CCTV在第三空间给大家造梦，然后被帝国主义盗贼炸了。
,nb。
,盗梦侦探更早一点
,除了画面，剧情给的启示感及带来的沉思，也足够赞！
,"语录：
人太多就没法思考。
万事皆有可能，只是很难成功。"
,结局只有一个
,当然它是伟大的电影，可是对个科幻迷来讲，震憾远不象第一次看philp k.d写记忆植入来得震撼。有莱在，就忍不住希望可以在悲怆点，呵
,4.5
,很幸运它提早上映了让我有幸一看。p.s：我原本以为那对正太萝丽永远只有背影的，没想到导演很给面子地让我一睹正面。果然没有让我失望，甚至比我yy的更萌。
,"林奇,他们都在死命追着你,即便一切都是徒劳,,"
,"So , you still in the dream."
,我爱约瑟夫·高登·莱维特。这片子太给力了！！！！！！！
,"SO cool
创意无限，人物众多且都描写到，演员个个表演到位，展力十足，戏剧性很强，感情线索虽多胆条条分明，爱情父子伙伴之情有感动到我，细节显功力，没有明显硬伤"
,nolan没有任何新东西
,相當不錯啊 這部片子  2個多小時 我一直没有放松過
,没评价的评价
,神作。
,值得也需要看第二遍的
,速看影评
,像这种牛B大电影，靠三两句短评是没法撑得起的啦。
,电影院看了两遍
,"诺兰 and  迪卡普里奥.,,,,,还能说啥呢··"
,开放式的结局啊~~
,转啊转啊转啊转
,"因为太精彩，所以看得我想睡觉！很多事情你完全想不起它是怎么开始的，因为它其实是一个梦。梦都是没有开始的。
"
,my mind was blown out
,可能好多没接触过这种题材的人第一遍会看不懂！梦与梦相互交叉！哪个是现实而哪个又是梦境呢！最后结局看了好几遍都不知到底是现实还是梦境！
,今天终于有时间去把想了18天的这部电影看了，我喜欢里面的各种老男人！
,看懂了90%
,trick
,睡觉会不会越睡越累？
,剧本结构并没有杰出至使人咂舌的地步，甚至在精妙性上，尚不如诺兰自己的《记忆碎片》，但其仍不失为一部很不错的商业影片。它的成功绝非来自剧本的勾合累砌，而主要出自对“梦境”体裁的尝试性探索。常人在面对不可知论时，都会自生出敬畏，遂而赋予其神圣感——这是该片评分极高的主要原因。
,这片子太牛了，创意和剧情都几乎无可挑剔，估计要看了第二遍才能完全理解。
,现在一点不想看诺兰
,dream in your dream
,fantastic
,一直紧绷着神经！
,我睡着了，在电影院里……
,诺兰肯定很爱三明治，从《追随》到《盗梦空间》都是一层层哈哈~
,标签上居然有哲学，无奈了。
,第五遍看，有点失望。曾经的我一度倾倒于它诡谲动人又精致缜密的奇崛级想象力与幕幕难以复刻的奇观筑现，不计其数地对它那磐根错节的烧脑剧情与深藏不露的细节触点进行剖析描摹，一次次深入其中探究层层深入却无限蔓延的潜意世界，只愿享受一场两个半小时的梦境迷途之旅，只期待结尾那一刻的诧然惊醒。今天的我面对大银幕，早已没有了初次观看时对所有情节逻辑的顾虑与担忧，然而我眼前呈现的只是一部在浮于表象的精巧概念下通过灌注商业式的追车枪战爆炸片段来推进剧情的毫无深度的科幻商业片，一部以极其普通的调度能力慌乱地承载动作场面、无力地表现视觉奇观的平庸动作电影（尤其指酒店失重打斗那段）。最大的优点或许就是汉斯季默的配乐，在电子合成器与传统乐器的结合下紧凑与磅礴并存的瑰丽听觉感受无比契合这场险象环生却终将回醒的电影之梦
,打三星及以下的都脑子进水了吧。是说你们装逼装得深沉。还是说你们智商太低看不懂。这绝对是我在影院看过最牛掰的片。完秒阿凡达。整个观影过程就是Perfect。唯一的怨念是最后收太快。两个多小时看得心跳加速。一下子就慢下来了。该有个过渡吧。下面是HC时间：艾伦和玛丽昂好美！约瑟夫好帅！
,看了《致命魔术》后……
,细节的处理和结构近乎完美，NOLAN 难道以后的剧本你可都写个八年？
,很费脑子的片子 很新颖的方式 
,再次证明了先进的科技足以破坏人们的生活，而未知的东西恰恰是人们最想了解的。
,从电影院出来后  跟 靖哥哥 一起大叹“‘真值！”
,最成功的小众电影，粉丝众多
,    一个字 . 震撼
,还是很喜欢的。我爱梦。
,相当相当佩服编剧的想象力，导演的执行力，演员的表演力，赞爆了！！！
,什么东西你看多了都会有新的感悟，所以，别告诉我，你看几遍之后懂了，故作悬疑的目的就是，让你永远有点那么不明白，才会更爱Ta
,叙事架构好。。
,真的好看。我觉得最后totem停了。
,挺好的电影，第一次看有些眼花缭乱，电影结构设计新颖独特，情节很紧凑，演员很出色。
,你有梦想吗？你记得你的梦吗？你相信你的梦不是真实的吗？你还敢做梦吗？
,每个人的心其实都蕴含着极大的能力，能创造，能主宰。我们能创造梦境，在梦境中我们是无所不能。然，梦境果真虚幻不实么，你又可知梦境不是另一个世界的真实，而我们所谓的真实，其实是另一个世界的梦境？
,看了两遍 才懂
,太费劲了。
,最后肯定是现实
,我其实没有看懂。。。。。。。。。！！！！但感觉是部好片。。
,梦中梦
,最后的陀螺到底停止了没有
,哎 原谅我的智商有限 看了两次都没有看懂
,表面题材新颖
,现实中的陀螺永远不会停
,电影院看的，效果很好。电影构思挺奇妙的。
,这尼玛不就是我的梦吗？
,这部片子带我走进诺兰，真是相见恨晚
,我好想也做过两层的梦境
,完美。看了两遍。
,脑筋大爆炸！
,只能用NB来形容
,大神啊，请盗我入梦吧！
,诺兰的片得看
,真的比诺兰以前拍的东西容易懂点儿..
,电影画面效果美呆了！！！最后的悬念真的是经典！！！
,哇 哦
,编剧的脑子太牛逼了
,结局无与伦比的完美. 请没看电影的人先不要看剧透，不让会毁了电影！！ 看完后，有短暂心脏停止跳动的感觉. 我该去看医生了
,重新上映一个3D版我一定再去看一次～
,神作！结尾的悬念留得真好！看完电影出来我都不知道自己是活在现实还是梦里了！
,卡梅隆负责革新电影技术，诺兰负责革新电影结构... 
,有种人创造商业片的新叙事结构
,"Christopher Nolan
套层故事的极致。
再看一遍
first DMAX.SHOCK!"
,看懂了，虽然有点压抑。。。但是是一种不同的享受~不要活在梦里，不管是第几层。也许你可以，所以现实是强大的，它甚至包含了梦。
,看这部片子让我感慨良多，感慨我好像已经过了爱动脑筋的年纪
,"女人觉得只要和爱人在一起，就算困在天涯海角世界尽头都不要紧，但是男的比她想要得更多，他决计不肯孤零零地做一个无人观赏的创世者，一定会大吼大叫甚至不择手段的把女人拉回现实！
VS 花  @三里屯美嘉"
,故事讲得好
,第五颗星，给去电影院看出来的效果
,好像逐渐停下来了。
,费脑子的片子。个人觉得这些梦境都太清楚了，我的梦视点不断在转换，有时自己在场，有时不在。这些是无法用摄影机来捕捉的。
,没怎么看懂，为什么要到富二代下第四层，最后2个2B怎么怎么回来的？
,今年最好电影。没有之一。Nolan导演叔叔！！！！！！！你就是个梦想家！！！！！！！！！！！你就是个颠覆者！！！！！！！！！牛逼！！！！！！！！！！！！！！！！全电影院的人都跟着你的设计一愣一愣地笑叫担心恐惧！！！！！！并且所有人出来都是一个反应“我现在不是在做梦吧？”
,梦一样的电影，其他都是尘埃
,太具有想象力了
,為你沉澱　逾越了理性　超過自然　瞞住了上帝 讓你到身邊　即使愛你愛到你變成碎片　仍有我接應你落地上天 如你化作了粉末　誰還要健全 來沉沒在我的深處吧 埋在愛情下　世界快要變作碎花
,我很可耻的在IMAX厅正中间睡着了。。。。。。
,2020.9.11 看第七遍了，结尾还是心潮澎湃。I&#39;m asking you to take a leap of faith.
,太~刺激了
,很是佩服编剧的大胆的想象和别具一格的思维
,写本片影评的人都是神经病。
,既然是做梦，那就做大一点的。
,“在你的世界里，只有我是真实的”
,无比强大的坑 喜欢这种需要思考的坑
,我有幸观此片。却无幸放大自己的梦。
,好牛哦，在下线前一天去影院看了一盘，差点就跟不上时代的节奏了。其实全是我超爱或者很欣赏的演员，电影也很精彩。
,时空相对论解法
,无话可说！太好了
,梦的解析+空间结构，值得再去看遍
,电影院看了两次xD
,老实说，在电影院看它我喝掉了一瓶嘉士伯及一瓶雪花。加起来要8.5°~以至于结尾时我想上厕所..却定要听完最后的片尾曲才去..等得急不可耐.看完尿完走在凌晨的小路上.仍感觉像场梦~
,"一部成功的商业大片。虽然没有Matrix第一部那么的颠覆。如果说本片是悬疑片，我觉得真的算不上，虽然看懂剧情需要一点儿逻辑思维，但是基本上可以猜到结局。
人生如梦，如光，如电。
我有亲身体会，我们在梦境里的时间的确要比现实中长的多。
梦里的理想国，现实的理想国，其实都不存在。"
,"【宁/ 秀】什么是“电影”？这才叫做是“电影”！
"
,给6星了都    
,来。。我们再看一遍。
,看完脑仁想的痛，但痛的很愉快，毕竟现在已经没什么片子还能让人思考到脑仁儿痛了。
,之前我一度觉得诺兰会失手，因为一个导演一直保持这么好的状态让人觉得不可思议，但诺兰就是这么不可思议，他再次让我震惊，让人们看到了电影的魅力。
,Best movie of the year. a MUST see.
,电影院首映
,超前的想象力
,没看懂的片子，能不给5个星么？反正做好了再去看几遍的打算。。。不过，对于这种唬人唬得神乎其技的片子，还真是既佩服又无奈。
,神马叫做高智商! 瞅瞅人家!
,诺兰展现了惊人的智慧和创造力，构建出一套设置复杂却条理清晰的奇幻梦境，现实与梦中的多层空间，不得不说这很有意思。虽是概念先行，但也少不了大制作的动作场面和视觉奇观，精巧的故事结构和丰富的商业元素出色融合。阴魂不散亡妻的乱入有些烦人，但自圆其说的故事也添加了点人情味。
,诺兰已经成为现今世界当之无愧的NO.1
,"攝影師Wally Pfister稱，華納公司曾希望Nolan把《Inception》拍成3D。但Nolan一口拒絶了，因為那會「干擾觀眾欣賞Inception的故事」。 
另：倘若视效展现成份与心理戏成份的比例再减少些就好了。"
,有没有10星啊？
,看不懂梦境构建的规则和逻辑的话，就只是“魂斗罗梦游记”而已T T
,属于我的那个陀螺你不停的转吧，千万不要停下来也不要让我发现！
,费牛劲了
,终于看了╯_╰
,2010.09.xx
,各方面都很精彩，唯物主义与唯心主义没有对或错，只是不要太过相信任何其一，物极必反，还有不要试图给别人强加思想价值。学校居然组织我们看，这也算是大学的美好回忆吧
,反正当时的理解水平 我是没怎么看懂的 就觉得很奇妙的设想 还有小李子真是太帅了
,梦中梦！
,哈!哈!哈!哈!!
,现实与虚幻的距离有多远.片中的梦境有时候又如此的真实.我喜欢电影中的一对白.&#34;他们不是为做梦.现实又何尝不是一种梦呢&#39;一重重的梦中梦.时间与空间上的交替.让我们很容易迷失在自己的梦中.回想起来自己已经好久没有做过梦了.一天天的忙碌让我们都没时间为自己造一个梦境.
,看了很久了，还是来评个分，不错，哈哈，看的过程中总是在算，第几层了？
,大逻辑错了，细节怎么弄也不能变成一个对的故事……是不是我太较真？
,NOLAN的野心不小，耐心欠缺
,梦中的、梦中的、梦，在电影院里一度怀疑自己是不是在梦中= = Nolan是天马行空的思想家&gt;.&lt;！ 我也想要去一些人的梦中植入想法啊TAT “字幕全部结束之后，有一个2秒的音效，陀螺倒下了，结局不是开放的！”
,"You know I love mindbenders, but this, THIS!! (and they played EDITH PIAF as a wake up tune, and they cast LUCAS HAAS as the third guy)."
,柯布和他老婆造的梦境就是中国人的梦境吧，有那么多房子可住，既可以住这个又可以住那个
,MY douban NO.1234部电影 神般的诺兰 神般的非线性结构 如此观影体验 任何一位其他导演均不可复制 解读本片的关键在于找到柯布的图腾
,神作！！！一无话可说了，暂时是这辈子在电影院里看过最棒的商业电影。
,我一个人去看的 
,地球人都知道。
,"看了就给五星就好了。。还解释啥。。。
PS：小李最后大概还是掉进了六道轮回"
,值得去电影院收获一次视听盛宴以及困惑之感，然后请适可而止，这只是个奠基。
,"结局看得有点儿迷糊。那是第五层梦境吗？
编剧是受了李商隐“庄生晓梦迷蝴蝶”的启发吗？"
,人就是一个想法
,在电影院看到落泪
,确实是最近今年来影院播放水平很高的一部电影了。但是也想夸张到可以9.4分吧！不过巨星云集啊！
,没有黑暗骑士那么神
,名不虚传
,Nolan的电影在构筑逻辑的同时第一次具有这么强大的情感触动，太能想了～
,神作！！！！Nolan永远不会让我们失望！！！！
,应该承认这是一部成功的结合了各种商业片优秀元素的电影，好导演、好演员、好故事、想象力、爱情、悬疑、枪战等等，但唯独没有思想深度，这一点甚至比不了蝙蝠侠6；因此经过慎重考虑选4星，同时也再次证明，无论什么事情，期望越高，失望越大
,诺神完胜卡神
,"诺兰满赛!!年度佳片!!结构严谨,主题精妙,同时又顾及到了商业性,枪车特效美女帅哥一应俱全;需要思考,但也不用一般老百姓在电影院想破头皮,故事铺垫十分到位;最后,经典的悬念结尾,让这颗陀螺在影迷心中永远转下去!"
,"三星半.视觉不能和2012比,内涵不能和黑客帝国比.豆瓣为啥分那么高?"
,梦境如此真实让人幸福，为什么不留在梦里呢……这电影把我往精分路上又推了一把诶
,"0 0
哪有傳説中的那麽複雜啊...
多簡單易懂的一故事~好看!!!"
,电影院的效果还是不错的。我只进入过第二层~
,我入戏了。出不来。能不能给十颗星？哈哈。要再看一次
,点子是个好点子  如何自然的讲好故事又是另外一回事了 
,看得我心烦意乱啊....
,音效不错而已
,可看过了~挺过瘾的虽然很多情节都猜得到比如开头
,2010.11.1
江苏,以前看过  很烧脑 有点没懂，  不过节奏太棒了
北京,第一次看完和同事讨论了一个礼拜😂😂😂
广东,打开了我的新世界，这才是烧脑大片，精彩极了，各方面视角感官享受。
北京,二刷。诺兰代表作之一。即使剧情略有些烧脑，但仍然是一部牛逼闪闪的商业片。发现所有相同题材的电影都在探讨相同的话题：不要沉迷于过去，要永于面对现在的自己。
江西,里面的梦境 时间概念很有意思。
河南,玛雅需要看好多遍
浙江,一开始没看懂，看懂之后真心好看
福建,这次不会再是背影了
山东,佩服外国人的思维与想象
浙江,本人暂时还没发现我现在所处的世界的破绽！
广东,看了好多次
四川,造梦师，筑梦师，药剂师，伪装者
山东,很梦幻的一部电影，我刷了几次才看明白，演员演的挺不错的
江西,从盗墓空间入坑科幻片
广东,先是在班里看的 今天回家看了完整版 great imagination
江苏,看不懂
山东,无聊，不知道在干嘛，可能我看不懂吧
湖北,很好看 里面的男生都很帅谁懂TT 就是男主恋爱脑的时候有点急
山东,我永远记不起梦的开端
北京,我不喜欢。
江苏,至少电影中梦与现实还能依靠陀螺来分辨，而我们的真实世界又怎么不是黄粱一梦呢？
浙江,我觉得你很好但是最后一颗星我只打给自己的主观意愿，剧情，逻辑，演技等等都很不错但是我觉得并没有到达令我惊艳的程度。可能是因为作为后来人看一部十年前的电影都缘故，也可能看这部电影的时候我的脑子只留给了加速度和重力的计算
湖北,好看，但是没有传闻的那么神。
湖南,梦中梦 多重梦 剧情是很新颖的 电影最后的陀螺留下了悬念
重庆,看完后不自觉想起本科一位古代文学老师在课堂上谈及诺兰、电影、中国电影时说的话。大意是：我们的电影远远落……我们还只是停留在叙事，有时甚至都没有叙好事，所以我们只满足于讲好一个故事。我记得那时是2014（2015）年，距今9年（8）年，仍然适用。
韩国," 9.5/10 打破梦境的定义, 瓦解现实与梦境的界限, 重筑梦境的规则。 究竟身处第几层梦境? 或者现在梦境亦或现实? 一个饱含创意与想象的故事, 通过电影这一格式, 借助强大的技术团队, 成功营造了一趟惊险刺激, 又如真似幻的冒险。 导演对于实拍的坚持, 更是为这部杰作披上一件防腐外衣, 让这部作品数十年后依旧完美迷人。 "
北京,很精彩，很好看！
湖南,虽然前面有点难入戏，但是剧情真的好精彩！就算是已经被剧透了70%也觉得很精彩（。）很喜欢几个梦失重的安排
浙江,有生之年一定会二刷的电影！
陕西,大学的时候看过这部电影 一起一直想看来着 第一遍 看的时候 看不懂 不知道在讲什么 它是需要多看几遍的电影 应该打五分 打四分是自己的理解能力不够 等我有时间了 再看一遍 
吉林,你们看电影还注意戒指，累不累啊，真不理解你们啊。诺兰的确牛逼。似懂非懂，但是的确好看。小李子演技牛逼。很有意思，绝对大片儿
山西,值得一看
陕西,一层层的梦停留在旋转的陀螺上
北京,来看小李子的，对打斗片段表示震惊，旋转的走廊很酷，还有我说开头怎么和结尾一样呢，原来是一层层的梦境啊……
广东,结尾应该是回到了现实
上海,当时都以为李奥纳多会凭借这部片子得奥斯卡，太好看了！
贵州,这部电影太烧脑了，看到最后还是没弄明白但是是梦是醒
江苏,烧脑，吸引人，好剧，一环套一环，而且特效很棒。不能分心，不然跟不上节奏。
辽宁,记得当时是比较平静的看完了，没能记住太多感受，噢噢，里面的有一个楼梯给了我很大的震惊！有机会重温
河南,"从头到尾都是梦吗？？？
最后应该是回到了现实，陀螺最后其实是不稳的，回家后的小李子也没有带戒指。
我觉得全剧最惨还是小李子的老婆。"
陕西,补标
上海,经典之作
江苏,真的很哇塞了
山东,非常经典的电影，陀螺一直在旋转，或许我们也在梦中。
河北,没什么好说的，看就完了
北京,2021年看的
安徽,所有的梦境中柯布中都戴着戒指，所有的现实中柯布都没戴戒指，所以陀螺只是障眼法，戒指才是真正的图腾。
安徽,补卡
陕西,满分，蝶梦庄周，庄周梦蝶，导演和编剧都究极牛逼（演员演的也好，但是这个电影主要是创意很恐怖）
湖北,yyds
英国,多年前的爆款 那时候还专门去电影院看
河南,带着莱昂纳多的滤镜看的这部电影，留下最深印象的是特效。
浙江,属于诺兰的独特叙事和想象力
广东,第一次看的时候惊掉下巴了。并没有大家说的那么烧脑，可是就是好看。
山东,当初一直在等陀螺是不是会停。
河南,第二遍了还是不太懂我去看解说🥲
江苏,梦中梦中梦 每次看都有不同感觉 很牛的一部电影
广东,梦中梦中梦中梦
美国,不过如此
辽宁,我试着看了很多次才看完。。只能说hard to keep up the pace
安徽,概念领先，主角团颜值高，开放式结尾
广东,努力开拓人类脑洞 就要从搞梦开始
辽宁,结尾更有看点，整体还行，诺兰的电影多少都属于商业成功，但和蝙蝠侠比还是差了点意思吧，看个爽的话还不错。
上海,比interstellar差一个level吧，interstellar可以算良+到优，这部给个良。我知道CN在很多人心目中算是优秀的名导了，但还是比较疑惑，如果观影过程中我全部注意力都在情节发展和逻辑上，那电影和电视剧还有什么区别呢？完全可以做成一部同样时长的special drama。目前我对CN两部高分电影的观感大抵倾向如此（interstellar还好点，后面四维空间如果在电影院看应该跟自己用小屏幕不一样），很想知道有必须去电影院的理由吗？
山东,二刷，毫无疑问的五星。
湖北,无限递归。
天津,"看过这么多次，但从前却从来没想过，如果人能操纵梦境，那该如何再次分辨虚无与现实，梦是一种科学，但更是人类最遥远的幻境，它美好又可怕。
如果真的当到了肉体苍老之日能真的醒来，发现人生无非大梦一场，窗外依旧是彼时年少的夕阳，那该多么让人恍然呢。
另外，盗梦空间真的是放到今天依旧制作无比精良"
广东,打斗的场景太无聊了
浙江,最后陀螺并没有停止转动，所以Cobb是迷失在他的梦境里了吗？他迷失在了第几层梦呢？你以为的真实其实只是你的梦境，想到这点让人震惊的同时又有些释然，人生的体验在梦里被不断拓宽了。事实上，迷失在自己喜爱的梦里比身处于痛苦的现实中更幸福吧……又想到Reality里唱的 ’Dreams are my reality/ The only kind of real fantasy’（看了影评后发现Cobb的图腾其实是戒指，所以最后他真正见到了孩子们的正脸，也就是回到了现实世界吧，所以the true meaning may be珍惜当下，不要沉湎于过去的悔恨中吧……）
四川,第一次看是和男朋友一起的，结束时我俩都呆了。令人惊奇的设定！诺兰导演真的神了！
广东,精彩
北京,"诺兰牛逼！
我正坐在哪个筑梦师造的写字楼，我需要一个人帮我kick一下"
甘肃,一部好电影如同一本好书，常看常新
山西,创意新颖，逻辑自洽，剧情合理，人物饱满，打斗甚至比大部分电影都要刺激，简直是完美的。甚至这个设定框架拍个系列片，一定能成为商业大IP，但在诺兰对电影的追求里，钱一定不是第一位
内蒙古,真的很魔幻很有意思
湖北,mad果然我是在做梦吧
上海,补/来回看了两三遍，为了写学校影评还翻了纪录片。
天津,对于经常做梦的人来说简直就是复刻。
广东,好看，就是吻戏和床戏太少了，要求多加，特别是床戏。
福建,太震撼了！！！
广东,只能说和星际穿越形成鲜明对比，一部好电影起码要把故事讲好让观众不会困的睡着
重庆,尊的很好看 虽然有些逻辑我还没有理清楚
安徽,为什么有人说故弄玄虚？明明认真看是很清晰明了的，很值得思考的。凭它天马行空的想象力和惊为天人的剧本，这样的电影放在一百年后也不会过时。哦对了，补充一句，能把inception翻译成盗梦空间真的是一种很完美的翻译了。
广东,诺兰出品没啥好说的 五星就对了
山东,一切都是梦境，让我们重回年轻。
广东,"多年再重温，当年看就觉得牛逼，现在电影各种花样都玩遍了
现在看更多看逻辑，很多逻辑不明的，还是我没看懂
1. 财主傻孩子陷入第四层居然是进入男主和老婆制造的梦境，没想明白
2. 陷入第一层，金主中枪，说什么自杀会陷入无限梦境，结局又用3层同时坠落醒来，那为什么不在第一层梦境就坠落醒来，为啥还要冒风险进入3层梦境
3. 金主是脑抽筋，想出这种方法来摧毁竞争对手，方法不是很多吗，还是其他方法都用光了
4. 财主傻儿子竟然因为父亲不留东西给自己 ，就因为这个原因而产生解散父亲的公司的想法
吐槽
1. 男主还真是自私，为了自己回家，隐瞒那么多事情，在别人不知情下拉那么多人跟自己冒险
2. 给妻子植入想法有bug，没有加入限定条件
"
河北,好烧脑  没看懂
上海,神作
云南,现在看还是很震撼
广西,在梦中，一切都很真实，因为你感觉到的真实是建立在六识感受的基础之上的，也就是说，真实是一种你的感觉而已。换句话讲，我们现在认为真实的世界，你也无法证实它的虚幻，因为你串习它实有的时间太长了。
山西,不想说什么了，太费脑子了
河南,很棒的片子，剧情、画面、音乐、音效等，所有电影元素都极其丰满，细节也很好！
安徽,太牛了，震撼
辽宁,即便是现在看这是很神的一部电影，最后不停的陀螺，梦中梦的设定，诺兰很绝。当年个人更喜欢禁闭岛和星际穿越，信条也从事实证明导演走上了物理咖的不归路
上海,队友在carry，男主在假装深情
北京,二刷 但是里面的配角都是工具人
天津,真真假假 亦真亦假
湖南,补标，不是说外国人的电影就是好，实在是盗梦这个概念太新颖，层层梦境很有意思，和妻子的情感纠纷也融入得恰到好处，结尾留下悬念，结的很不错👍
山东,神作…
江苏,剧情很精彩，梦境一层套一层，那时很流行这样的小分队故事，到最后的那个陀螺，我一直没分清是梦境还是现实～
广东,有点迷糊但不多，诺导的演员都特别好，不出意外happy ending（思考…
广东,三刷，高水准悬疑片就是故事讲的清楚，细节耐人寻味。
北京,2023.5 n刷
上海,"上学期期末周看的
想象力+快节奏
我喜欢"
安徽,2010.9
湖北,这部片子看完之后让我疯狂地去找小李子的电影看，好吧最开始好像是泰坦尼克号，然后这部，然后猫鼠游戏，然后是…我忘了😄
北京,跟着B站几位大V的解读重温了一遍十来年前看的烧脑片。诺兰牛啊！
湖北,结局好震撼，到底是不是还在梦里呢。。
江西,“一旦大脑被某个想法占据，想抹去它基本是不可能的。”
吉林,"-高三结束的暑假
很震撼！挺烧脑的"
湖北,电影的技术之巅
云南,梦中梦
天津,CPU已烧干
上海,我评论咋没了。。。
安徽,看完纪录片后恍然大悟，让我们眼前一亮的片段场景是经过一个个幕后技术人员精思妙想搭建出来的，导演诺兰和他的团队真的很厉害。
广东,"“心中满是遗憾
孤独终老”"
辽宁,精妙绝伦的构思，天马行空的剧情，形象逼真的特效，精湛的演技
广东,结局是任务失败了吗？梦中梦太精彩了
广东,视效剧情设置都非常棒！
江苏,来补个评分 高中时看的 当时就是一整个震撼 ea好嗑哈哈哈
辽宁,影片比较烧脑，开放式结局，非常好看。
广东,不会一层又一层的把梦偷偷盗走。哈哈小时候试过一次知道发梦控制梦，变天气。。就喜欢这种设定新奇的电影。。
广东,看评论才知道男主图腾是戒指 怪自己看的不够仔细 亚瑟跟胡歌好像 ps：小李子不玩水枪还是挺帅的
浙江,世界观宏大，好牛逼的编剧
四川,牛逼的 脑壳都牛没了
辽宁,"2023.5.1
最后救斋藤为什么会相遇，应该把「科幻」改为「奇幻」。"
广东,诺兰的电影总是给人以出其不意以及立意深刻。把生活中常见却意想不到的梦境放入哲学的理论的实践的框架结构里，加入简单的深刻的故事构成这个框架的血肉，一部有温度有高度的电影便形成了。
北京,好厉害的想象力
北京,无聊的胡思乱想，没有意义。过度解读实在滑稽可笑。
江苏,2023.5.1全是概念很少感情。但最后那句welcome to home一口气加了三颗星。
广东,"结尾直接多给一星！
8.4"
江苏,没看懂也没get到😭
河南,最大的悬念留在结尾
广东,牛逼！好好看，我愿称之为近年最好的影片之一。
江西,！！！
北京,(˵¯͒〰¯͒˵)
广东,十年后再看，设定依然非常惊叹，就是那些枪战看的莫名
江苏,爽！
四川,“既然做梦，就做大点” 这句太深得人心了。——2010年最天才的电影。“谁又能说，现实不是梦境。” Do you remember how you got here?
吉林,好牛逼啊我靠，刚看完被震撼到不知道说什么了。
重庆,在镜子面前照镜子会看到无数面镜子。
陕西,男主老婆死了。男主造了属于自己和他老婆的梦。男主团队开始执行对日本人任务进行盗梦！成功后造梦师被日本人给发现找到后威胁要求男主给他做事。男主回去成立了小分队，男主为了洗清自己杀老婆嫌疑。。日本人也要求带着自己去了的梦境！他们要求找到一保险箱密码！几个人经历四次梦境重叠。为了救日本人回来，选择不离开有他老婆的梦境。最后几人回到现实飞机上。也见到孩子。
湖南,创意是有，剧情一般
江苏,没有想象中难懂，设定很好，就是动机有点狭隘。
浙江,绝了 我好喜欢囧瑟夫！！
江苏,多年后重刷，看懂了。最后柯布回到家，两个孩子转过头来的那一瞬间，我提到嗓子眼的心终于落了下来，镜头紧接着回到那个陀螺，我的心又提到嗓子眼了！这要命的留白😂
河北,如梦人生
四川,感觉看完长脑子了，之后一定会看第二遍
上海,十年以后再看，依旧直呼牛，让人想到莱姆的小说。梦里大脑急速转动因而时间流逝地格外慢，梦里可以建造一切，梦里的暗示是颗种子，梦是人心的映射，梦可以看到你最害怕的，还有你最想要的。
北京,制造梦，视觉冲击，创造概念
上海,"隔了这么长时间，才算稍微看懂一点
真的是，非常震撼"
天津,"绝妙横生的想象力
引人深省的引导力
以及
令人感到恐怖的无力
经典 难怪成为经典
里面的一些瑕疵 
看完之后 也不忍写出
其他地方 完全可以弥补
结局猜到了 还是不也太能接受啊"
福建,a leap of faith
北京,"每次看都坚持不下去,但有一些镜头印象特别深刻，就是街边花店爆炸那一幕，还有城市反转那一幕。"
陕西,"最喜欢折叠城市的那个镜头，最终恍惚见到孩子的镜头，非常难忘，整体的视觉听觉冲击力非常强。
人脑一次简单的想法的形成，竟然需要这么多人谋划并且抱着生命危险去实施。
我觉得背景陈述不够到位，让观众在扑朔迷离里试图看清真相，虽然非常扣题，但后遗症是把我脑袋搅的乱七八糟。"
北京,Legends
荷兰,很小的时候看的，已经忘记剧情了
湖南,其实可以抛开什么梦境分析，什么结局是不是梦来看这部电影，不论如何，都是一部好片。很喜欢电影的节奏！！最后一句，\EA/！ \EA/！
北京,不真实却让人觉得真实，太科学了
湖南,人生如梦，何时梦醒
云南,教科书级别的镜头美学永远的经典
英国,2023/4/30 11:30 a.m. BFI IMAX
广东,很久钱看过一次，剧情不记得了只记得自己没看到，结局看懂了倒是🤣标记一下再看一次
北京,没看懂
陕西,（8.7/10）大概是关于梦中梦、人脑、意识这方面最早的一批影视作品？几乎最主要的分值是给令人惊叹的想象和构思！Cobi拿妻子做实验，逾越道德伦理约束，未知的好奇和纵容已经埋下恶果——Mayel的死。队友的帮助，在爱妻之死的悔恨后，对可把握的现实有更清醒的意识，终于慢慢克服自责和愧疚，最终走出来了！现实与梦，搏斗与沉迷，孰真孰假？是留在耗费几十年利用记忆造的梦里，还是……？
江西,我看了两边才大概懂了剧情，诺兰YYDS。
安徽,"看完之后，我十分佩服诺兰的脑洞，至少在我看来，影片中的现实、梦境、梦境中的每一层世界都逻辑缜密、严丝合缝。
在科幻的梦中世界中，从大的情感层面来讲，是造梦者小团队几个人互相配合、信任，来完成一次人物，从男主角柯布的情感来讲，是他和他内心的潜意识和内疚达成和解释然的一个过程。
"
北京,鸡皮疙瘩起来了
浙江,没看懂也大受震撼
广东,看过好多遍，拍的非常好，尤其是似梦非梦的氛围营造特别好。
西藏,哇哦～一秒都舍不得快进，是我对一部电影最高的评价！
北京,巨好看！！
美国,几年的坑终于填了 之前看过解说所以理解起来不困难
辽宁,还算吸引人，有兴趣看完。
黑龙江,看了好几遍
广东,◆《Inception》其实早在2003年拍完《白夜追凶》时便已想投给华纳制作。而华纳也确实答应了。但当时剧本都还没写好。而Nolan也觉得不该把它当成一件差事来做，而是该慢慢的把它写好，写好了再找公司发行就行了。他本以为花几个月就能把它写好。但怎知要八年后才能把它完成。
内蒙古,人最大的敌人只有自己
浙江,好烧脑啊
广东,没看懂，但，很震撼
上海,在我的梦里 你得按我的想法规矩来
英国,不管是第几遍看，都能记得10年在先天下顶楼第一次看那个夜晚的震撼
福建,会二刷的
湖北,这想象力我是服的
陕西,如果不是抄的能给五星。
河南,看过四遍。
河北,2023.4.23
广东,吃饱喝足看有点困困的
湖北,2022.2.24看 很棒 只是我脑子不够用
上海,嘿，醒醒了。
上海,男主实在是很讨人厌
山西,好看！庄周梦蝶诺兰版。汤老师好帅
福建,4月27日晩自习看的
广东,看完让我一度怀疑自己是否真实？世界是否存在？
山西,永远的经典，值得回味
上海,"复看觉得俄罗斯套娃模式还是可以理解的，九分以上名副其实。
酒店失重那段拍得最好看，白雪追踪有点太动作片逻辑性不强。不过最终植入费舍的还是个积极向上的idea。虽然开始出于小日本的商战目的"
北京,"好牛，之前有点看不懂就一直没看，今天终于沉下心看完了。用豆友的话来说就是：
看完像自己做梦一样累😂"
天津,早就有耳闻非常烧脑 终于能沉下心来看 烧脑程度还好 但过程也有压抑有难捱 其实我也一度迷失在自己的梦里 梦里什么都有 梦里他还一直在我身边 常常抓不住也放不开 但我也明白 要活在当下 梦终究是要逃离的 老李子真的好帅
吉林,一重接着一重的梦境其实挺可怕的，印象中最多做过二重的梦就已经很压抑了也很害怕了。主角能控制梦境的脑洞很有意思，拍的也不错。
海南,美梦成真！精彩！
甘肃,很有意思的概念，很有想象力的设定，但短短两个小时无法支撑这么庞大的叙事，bug实话说真的不少。关于现实与梦境的探讨，在为什么我们需要梦境上说得很充分，但为什么我们又会选择现实这个命题却被认为是常识直接略过。可是，我觉得这同样是一个值得思考的问题。
