阿凡达,135000
让子弹飞,66470
唐山大地震,64775
非诚勿扰2,47350
盗梦空间,45714
狄仁杰之通天帝国,29550
爱丽丝梦游仙境,22380
哈利·波特与死亡圣器(上),22110
叶问2 宗师传奇,21955
敢死队,21306
赵氏孤儿,19630
钢铁侠2,17270
诸神之战,16710
波斯王子：时之刃,16100
大笑江湖,15895
大兵小将,15380
山楂树之恋,14413
生化危机4,14320
锦衣卫,14200
精武风云·陈真,13668
越光宝盒,12880
全城热恋,12750
喜羊羊与灰太狼2,12470
杜拉拉升职记,12453
枪王之王,12350
玩具总动员3,11090
孔子,9950
危情谍战,9090
怪物史莱克4,8875
全城戒备,8800
驯龙高手,8490
大侦探福尔摩斯,7380
危情时速,6752
剑雨,6600
邻家特工,6410
西风烈,6340
魔法师的学徒,6122
花田囍事2010,5800
未来警察,5790
恋爱通告,5455
唐伯虎点秋香2,5400
苏乞儿,5390
阿黛拉的非凡冒险,5250
华尔街2,4983
线人,4952
决战刹马镇,4740
功夫梦,4700
谍海风云,4600
罗宾汉,4500
人在囧途,3690
美丽密令,3620
唐吉可德,3552
七十二家租客,3310
午夜心跳,3125
猫头鹰王国,3080
最后的风之子,2991
东风雨,2932
神火之盗,2910
龙凤店,2883
嘻游记,2770
荒村公寓,2360
七小罗汉,2310
密室之不可告人,2109
深海探奇,2070
异度公寓,1910
月满轩尼诗,1670
无人驾驶,1620
长江七号爱地球,1620
我的野蛮女友2,1570
火龙对决,1550
岁月神偷,1530
夺命手机,1500
完美嫁衣,1460
绝命岛,1420
特工强档,1420
李小龙 我的兄弟,1374
海洋天堂,1340
塔拉星球之战,1335
爱出色,1300
叶问前传,1270
孤堡惊情,1250
80’后,1200
天地逃生,1150
黑猫警长,1130
我的美女老板,1090
翡翠明珠,960
亚瑟和他的迷你王国3,850
新康定情歌,839
鼠来宝：明星俱乐部,830
举起手来2,828
名侦探柯南,815
等着你回来,810
查理曼帝国的密码,792
特工的特别任务,790
K20变相黑侠,760
三笑之才子佳人,740
大玩家,740
黑色闪电,740
超蛙战士之初露锋芒,730
出水芙蓉,710
火线特攻,700
不要回头,700
一路有你,680
爱情维修站,670
古墓迷途,670
功夫咏春,590
决战豪门,560
虎王归来,557
舞出我人生2,532
爱情36计,480
跟我的前妻谈恋爱,470
高度怀疑,460
摇摆de婚约,450
亚瑟和他的迷你王国2,445
活该你单身,440
庐山恋2010,427
恋人絮语,410
铠甲勇士之帝皇侠,340
地牢围攻,340
悍将双雄,340
前度,335
绑架冰激凌,255
终极匹配,250
孤胆拯救,240
芳心终结者,205
志明与春娇,185
矮仔多情,177
香奈儿秘密情史,175
大劫难,166
虹猫蓝兔火凤凰,150
生死逃亡,148
日照重庆,130
异空危情,120
感染列岛,88
精舞门2,80
西游新传,72
老虎都要嫁,60
北纬31度录像带,60
变形金刚3,109520
功夫熊猫2,61085
金陵十三钗,59230
龙门飞甲,54055
加勒比海盗4,46670
哈利波特与死亡圣器(下),41305
建党伟业,41196
失恋33天,35165
特种部队2：眼镜蛇的逆袭,33429
蓝精灵,25985
速度与激情5,25770
洛杉矶之战,22413
窃听风云2,21730
新少林寺,21030
白蛇传说,20340
猩球崛起,20320
将爱情进行到底,20280
武林外传,18310
画壁,18096
武侠,17515
最强囍事2011,16440
关云长,15897
鸿门宴,15290
喜羊羊与灰太狼3,14820
铁甲钢拳,14320
致命伴旅,14160
倩女幽魂,14155
里约大冒险,13845
丁丁历险记：独角兽的秘密,13225
白鹿原,12975
创战纪,12840
纳尼亚传奇3,12650
夺命深渊,11895
关键第四号,11435
亲密敌人,11039
财神客栈,10377
雷神,9815
单身男女,9615
美国队长,9615
孤岛惊魂,9000
杨善洲,8025
东成西就2011,7885
赛车总动员2,7875
惊天战神,7779
战国,7765
绿灯侠,7300
源代码,7190
观音山,6930
全球热恋,6730
我知女人心,6690
飞天,6420
狂暴飞车,6320
辛亥革命,6228
最爱,5760
天际浩劫,5725
永无止境,5025
神奇侠侣,4970
大武生,4920
美少女特攻队,4775
熊猫总动员,4540
赛尔号,4345
倾城之泪,4240
女巫季节,3892
驱魔者,3800
杨门女将之军令如山,3750
雪花秘扇,3555
洛克王国！圣龙骑士,3340
幸福额度,3335
寻龙夺宝,3225
假装情侣,3195
赤焰战场,3180
宇宙英雄之超银河传说,3115
暮光之城4：破晓,3075
柯南2011：沉默的15分钟,3060
战略特勤组,2985
五月天追梦3DNA,2802
海洋,2740
我爱HK 开心万岁,2720
车在囧途,2695
危情三日,2335
硬汉2奉陪到底,2315
B+侦探,2300
整编特工,2290
极速天使,2265
不再让你孤单,2260
无价之宝,2235
刀见笑,2200
巴黎宝贝,2195
深海之战,2140
终极快递,2120
开心魔法,2035
魔法奇幻秀,1810
郭明义,1805
深度谜案,1805
摩尔庄园冰世纪,1790
守望者：罪恶迷途,1765
影子爱人,1760
夺命心跳,1625
兔侠传奇,1620
星空,1610
梦宅诡影,1580
密室之不可靠岸,1560
激战运钞车,1535
丛林有情狼,1465
床下有人,1405
B区32号,1395
隐婚男女,1385
超能游戏者,1375
三傻大闹宝莱坞,1310
紫宅,1280
肩上蝶,1260
孤胆特工,1200
爱到底,1155
梦游3D,1025
大人物,1015
醉后一夜,990
致命请柬,990
精英部队：大敌当前,990
回马枪,895
双重身份,890
李献计历险记,870
迷踪：第九鹰团,865
夜惊魂,825
迷途追凶,820
不明身份,770
无极限之危情速递,745
玩命狙击,710
男得有爱,690
戒烟不戒酒,690
一夜未了情,680
钢的琴,655
与时尚同居,630
午夜凶梦,620
翻滚吧！阿信,600
奇袭60阵地,550
奋斗,545
我们约会吧,510
水落石出,495
夏日乐悠悠,495
追爱,480
像小强一样活着,474
宅男总动员,467
转山,460
遍地狼烟,455
万有引力,430
巨额交易,420
恋爱恐慌症,410
黄沙武士,410
爱封了,386
房不剩防,370
挪威的森林,365
热浪球爱战,330
疾速行动,330
秋之白华,325
蛋炒饭,310
魁拔,305
再吻我一次,305
恐龙宝贝,300
无底洞,300
老夫子之小水虎传奇,300
黑暗终结者,295
歼十出击,280
倩女幽魂87版,280
跟踪孔令学,277
劳拉的星星在中国,255
敏感事件,220
囧探佳人,195
嘿·店,180
幸福卡片,170
蔡李佛-极限拳速,160
左利军,160
岁岁清明,155
藏獒多吉,135
光棍终结者,120
芳香之城传奇,120
鸡排英雄,120
闯堂兔,110
堵车,110
侠盗石川,110
2012来了,110
西柏坡,97
英雄喋血,95
新月魅影,95
双人床条约,95
少年岳飞传奇,90
湘江北去,75
钢琴木马,73
竞雄女侠秋瑾,70
非常营救,65
惊沙,65
蔡李佛拳,65
你是哪里人,60
一路惊心,45
失控,40
云下的日子,40
大太阳,35
极速先锋,30
无界之地,25
正·青春,20
完美的爱,20
人再囧途之泰囧,126473
泰坦尼克号3D,97712
十二生肖,87991
画皮2,72649
碟中谍4,64883
复仇者联盟,57595
少年派的奇幻漂流,57095
黑衣人3,52092
冰川时代4：大陆漂移,45830
地心历险记2：神秘岛,37144
一九四二,37050
蝙蝠侠前传3：黑暗骑士崛起,35115
敢死队2,33590
超凡蜘蛛侠,32044
超级战舰,31824
异星战场,26250
寒战,25218
听风者,24272
普罗米修斯,22437
谍影重重4,21947
马达加斯加3,21490
四大名捕,19760
大侦探福尔摩斯2,18503
饥饿游戏,18170
搜索,17675
大魔术师,17186
诸神之怒,16588
消失的子弹,16075
喜羊羊与灰太狼之开心闯龙年,16331
大海啸之鲨口逃生,15885
黄金大劫案,15652
太极1：从零开始,14700
大上海,14928
2012 3D,13647
爱,13400
环形使者,12928
逆战,13006
太极2英雄崛起,12180
战马,11847
飓风营救2,11642
全面回忆,11670
二次曝光,10785
铜雀台,10295
痞子英雄之全面开战,9150
机械师,9250
八星抱喜,7970
我愿意,8298
河东狮吼2,7072
王的盛宴,7695
我爱灰太狼,7300
那些年，我们一起追的女孩,7500
春娇与志明,7270
血滴子,7172
桃姐,7014
晚秋,6686
无敌破坏王,6362
笔仙,6100
危险关系,6230
灵魂战车2：复仇时刻,5885
在劫难逃,5325
新天生一对,4974
大追捕,4878
快乐的大脚2,5333
大闹天宫3D,4950
麦兜当当伴我心,4915
HOLD住爱,4660
绣花鞋,4504
饭局也疯狂,4328
王者之剑3D,4400
白雪公主之魔镜魔镜,4653
三个火枪手,4358
人狼大战,3945
神奇海盗团,4145
大武当之天地密码,3660
第一次,3800
太空一号,3600
玩命追踪,3156
赛尔号2：雷伊与迈尔斯,3330
边境风云,3041
铁血精英,3213
守护者联盟,2850
车手,2978
男人如衣服,3112
勇敢传说,2855
非常小特务4,2747
夺命金,2535
匹夫,2651
嫁个100分男人,2540
摩尔庄园2之海妖宝藏,2580
我老公不靠谱,2592
笔仙惊魂,2465
萨米大冒险,2680
胡桃夹子：魔境冒险,2744
双城计中计,2290
雨果,2195
情谜,2110
十二星座离奇事件,2040
杀生,1995
高海拔之恋2,2100
奥特曼：超决战！贝利亚尔银河帝国,2005
雨中的树,2365
潜艇总动员2,1700
迈阿密行动,1698
搞定岳父大人,1800
追凶,1515
恐怖旅馆,1526
赛德克·巴莱 内地版,1730
黑衣女人,1703
真心话大冒险,1514
特工争风,1785
普罗旺斯惊魂记,1590
老雷斯的故事,1372
疯狂的蠢贼,1361
谍影重重4,1330
纽约行动,1293
秘鲁大冒险3D,1467
百万巨鳄,1286
诡爱,1225
变节-潜罪犯,1242
幻影追凶,1268
亲家过年,1202
忠诚与背叛,1600
猪猪侠之囧囧危机,1210
安娜卡列尼娜,1315
金箍棒传奇,1081
伤心童话,1086
半夜不要照镜子,1206
天生爱情狂,1127
形影不离,925
浮城大亨,930
目击者,878
神探亨特张,845
青魇,857
铁线虫入侵,743
冰雪11天,873
地下室惊魂,740
夜店诡谈,692
给野兽献花,811
杀手欧阳盆栽,576
秘密花园,544
凶间雪山,755
爱在那一天,570
无间罪：僵尸重生,580
超蛙战士之威武教官,505
国王的演讲,650
兵临城下之决战要塞,520
宝岛双雄,730
乐翻天,580
爆笑角斗士,500
我是大熊猫,413
三个未婚妈妈,472
2012喜上加喜,600
飞越老人院,523
宝贝女儿好妈妈之吃记忆的大雪球,460
新妈妈再爱我一次,592
荒岛情未了,420
重返大海,385
一次别离,440
恋爱三万英尺,336
饮食男女2012,470
玩命时光,255
犀利人妻,290
豪门生死恋,195
艺术家,424
异度迷局,293
稍安勿躁,150
邂逅幸福,153
浮出水面的影子,198
毕业那年,87
西游·降魔篇,124625
钢铁侠3,75320
致我们终将逝去的青春,71758
中国合伙人,53761
北京遇上西雅图,51909
小时代,48349
超人：钢铁之躯,39393
疯狂原始人,39393
007：大破天幕杀机,37595
星际迷航：暗黑无界,35342
霍比特人1：意外旅程,31536
天机·富春山居图,29982
一代宗师,28780
不二神探,28375
厨子戏子痞子,27237
虎胆龙威5,20093
101次求婚,19990
分手合约,19249
云图,17008
盲探,20924
魔境仙踪,16406
快乐到家,15352
毒战,14679
遗落战境,14817
喜羊羊与灰太狼之喜气羊羊过蛇年,12491
生化危机5：惩罚,11040
侠探杰克,9706
重返地球,21449
逆世界,7371
笑功震武林,7014
洛克王国2圣龙的心愿,6943
悲惨世界,6299
忠烈杨家将,6169
天台爱情,11977
百星酒店,5526
潜艇总动员3:彩虹宝藏,5718
巨人捕手杰克,5407
致命黑兰,5016
劫案迷云,4422
巴啦啦小魔仙,5173
辛巴达历险记2013,3885
开心超人,3540
赛尔号大电影3之战神联盟,7629
在一起,3288
特警判官,3004
太极侠,2748
越来越好之村晚,3001
枕边有张脸,2351
同谋,2252
圣诞玫瑰,2344
电梯惊魂,2219
夺宝联盟,2223
魁拔之大战元泱界,2520
被解救的姜戈,1784
孤岛惊魂2,1671
201314,1324
爱神,1209
赤警威龙,1278
叶问：终极一战,1111
女蛹,1189
萨米大冒险2,1249
杀戒,946
绿林大冒险,916
逆光飞翔,887
临终囧事,779
暗恋99天,703
波鲁鲁冰雪大冒险,1219
愤怒的小孩,844
金太狼的幸福生活,560
圣龙奇兵大冒险,570
大叔，我爱你,476
止杀令,449
夺命追踪,816
铁娘子：坚固柔情,560
人间蒸发,431
爱情银行,535
咒丝,743
楼,339
一路狂奔,338
午夜微博,535
北漂鱼,332
百家乐翻天,221
杨光的快乐生活,207
变身超人,237
初恋未满,225
星爸客,82
喜剧王,59
西柏坡2：王二小,170
闯堂兔2疯狂马戏团,2099.5
龙骑侠,1042.7
博物馆奇妙夜3,32295.7
一代宗师（3D）,6289.2
重返20岁,36590.3
前目的地,1235
安妮：纽约奇缘,345.4
亡命地中海,879.3
天生有福,2.5
功夫（3D）,2556.9
桔子的天空（陕西省）,15.6
暴走神探,2454.5
谍·莲花,2057.7
第七子：降魔之战,17284.7
奇缘灰姑娘（广东省）,22
霍比特人3：五军之战,76579.9
黄金福将,125.4
我要你开花,77.8
味道中国,81.7
怪谈,757.7
青涩日记（广州地区）,41.9
奔驰的大葱,25.8
热血男人帮,212.6
坚不可摧,3682.5
奔跑吧！兄弟,43407.5
熊出没之雪岭熊风,29534.7
时光大战,44.9
宝贝，对不起,497.1
喜羊羊与灰太狼7,6774.2
摩尔庄园3：魔幻列车大冒险,893
有种你爱我,6812.6
热情奏鸣曲,8.9
守望女,1.6
神探驾到,3737.5
蜡笔总动员,662
一路惊喜,6970.2
死亡之谜,244
饥饿游戏3：嘲笑鸟(上),22487.6
有一个地方只有我们知道,28338.7
深海挑战,240.5
新年行动,237.1
我只要我们在一起,307.4
甜蜜蜜,1240.5
爸爸的假期,11617.3
冲上云霄,15628.4
新年来啦之大闹除夕,69.8
天将雄师,74382.8
爸爸去哪儿2,22339
狼图腾,69856.4
钟馗伏魔：雪妖魔灵,40892.2
澳门风云2,97444.8
兔侠之青黎传说,2973
超能陆战队,52613.9
吉星高照2015,1529.7
帕丁顿熊,9974.1
将错就错,3934.1
全能囧爸,83
美丽笨女人,38.7
大喜临门,776.5
北京·纽约,1904.7
木星上行,28426.6
天使：生命处方,8.3
母亲的梦想,27.2
18岁18天,0.2
海岛之恋,18.6
灰姑娘,44455.5
扑通扑通我的人生,559
封门诡影,2571.9
红包,23.9
飓风营救3,20425.4
失孤,21586
可爱的你,2168
璀璨的婚礼,7.4
菜鸟,191.8
一万年以后,2775.3
第七谎言,197.8
王牌特工：特工学院,48443.7
战狼,54388.9
咱们结婚吧,28446.9
暴疯语,4488.5
无敌小飞猪,308.2
冲锋车,2091.8
白幽灵传奇之绝命逃亡,2020.8
三更车库,789.6
公路美人,9.9
魔法总动员,4582.9
特功明星,304.7
速度与激情7,242655.6
我是女王,1554.7
枪过境,134.1
点对点(广东地区),0.1
十万伙急,128.3
念念,1390.7
贵族大盗,2280.4
陌路惊笑,157.7
万物生长,14832.3
疯狂外星人,17214.6
破坏者,2448.7
左耳,48520.9
赤道,20973.8
爱我就陪我看电影,906
少年毛泽东,74.9
闯入者,1003.6
何以笙箫默,35351.1
女神跟我走,38
我亲爱的小淘气（部分地区）,–
超能查派,10368.6
悬战,162.1
分手不分手,18.1
永远的守望,9.2
复仇者联盟2：奥创纪元,146418.6
旋风九日,1685.7
重生爱人,1988.4
夺命旅行,852.7
十二公民,1392.3
土豪520,3012.9
迷与狂,125.7
我的个神啊,11813.8
哺乳期的女人,27.7
阿里巴巴大盗奇兵,1574.2
明日世界,11842
屠魔战士,4701.1
哆啦A梦：伴我同行,53007.5
妈咪侠,14.4
金箍棒传奇2,551.1
天亮·分手,58
不能错过,3.6
潜艇总动员之时光宝盒,3385.2
超能兔战队,158.2
天边的孩子,7.8
末日崩塌,62946.5
顺风车,50.9
异种,508.2
搏击迷城,185.5
侏罗纪世界,142019.6
我是谁2015,550.4
再见我们的十年,535.2
杀破狼2,56015.6
分歧者2：绝地反击,11011.9
我的男友和狗,2418.3
少年班,5064.8
致命对决,130.1
惊魂电影院,869.5
摇滚英雄,180.5
约定倒计时,67.7
横冲直撞好莱坞,32217.7
恋爱排班表,83.7
拳霸风云,133.2
无法证明,14.5
对风说爱你,277.8
再次出发,2027.1
听说,243.9
午夜43路,850.9
因为谷桂花,22.9
小猪班纳之梦想大帽险,448.9
三只小猪与神灯,2380.6
"
默守那份情
",77.9
道士下山,40060.5
我是路人甲,6318
罪恶赎金,471.7
简单爱,21.7
西游新传2：真心话大冒险,244
张震讲故事之鬼迷心窍,2091.5
汽车人总动员,583.4
少女哪吒,52.2
小时代4：灵魂尽头,48841.7
西游记之大圣归来,95592.9
栀子花开,37888.7
猪猪侠之终极决战,4542.5
亲，别怕,226.1
大宅男,32.5
捉妖记,"243653.9
"
煎饼侠,115944.8
碟仙惊魂,–
小羊肖恩,5374.5
爱情魔发师,19.2
模仿游戏,5250.5
奥拉星：进击圣殿,847.5
赛尔号5：雷神崛起,5657.7
守梦者,28
命中注定,6791.6
通灵之六世古宅,1652.3
危机行动,73.6
黑瞳(广东地区),961.6
等爱归来,71.3
王朝的女人·杨贵妃,13388.3
谜城,14881.6
太平轮(下),5101.4
巴黎假期,1791
美人鱼之海盗来袭,1729.7
男人制造,20.3
恐怖游泳馆,423.6
冰雪女王,402
轩辕剑传奇,315.5
一路向前,570.8
桂宝之爆笑闯宇宙,6417.2
破风,14522.9
新步步惊心,3220
黑猫警长之翡翠之星,6991.3
爱之初体验,321.7
红髅,341.1
时间都去哪了,21.2
小西天狄道传奇,8.8
情剑,30.8
我爸比我小四岁,330.4
滚蛋吧！肿瘤君,51064
洛克王国4,7671.9
宅女侦探桂香,4130.6
白雪公主之神秘爸爸,1112.5
狂野飞车,294.7
七月半之恐怖宿舍,1226.3
我是大熊猫之熊猫大侠,85
非你勿扰,45.9
新娘大作战,17325
恋爱中的城市,5360.6
战火中的芭蕾,1209.5
王子与108煞,156.9
双生灵,309.5
终结者：创世纪,72473.7
这里的黎明静悄悄,729.2
烈日灼心,30464.9
刺客聂隐娘,6136.7
心跳戈壁,3.7
三城记,1222.2
我是奋青,51.2
百团大战,41137.5
犹太女孩在上海2,76.6
诡劫,256.6
大变局之梦回甲午,17.7
男神时代,822.3
情敌蜜月,1029.3
角逐,5.6
华丽上班族,4720
开罗宣言,693.8
枕边诡影,398.7
穷途,32.9
魔镜奇缘,1553.4
少年杨靖宇,0.7
落跑吧，爱情,1303.4
幸福很囧,5
亚马逊萌猴奇遇记,1547.8
碟中谍5：神秘国度,86894
纯真年代,0.1
启功,40
东莞女孩,10.5
星语心愿之再爱,520.9
1980年代的爱情,174.5
斗地主,80.8
小黄人大眼萌,43549.7
像素大战,10093.3
别有动机,1188
暗杀,4695.9
人皮拼图,405.3
墓穴迷城,244.8
使命召唤,398
黄河,5.6
诱狼,836
逆转胜,39.9
诡打墙,134
港囧,161223.9
第三种爱情,7320.7
魔镜,1034.9
长江7号：超萌特攻队,828.6
夏洛特烦恼,144069.2
解救吾先生,19581.4
九层妖塔,68220.1
巴啦啦小魔仙之魔箭公主,3826
天眼传奇,404.7
极地大反攻,391
诡宅,–
头脑特工队,9719.5
受降前夕,–
天各一方,2.7
家有虎妻,25.1
妈妈让我再爱你一次,36.1
小王子,15837.1
喜马拉雅天梯,1051.4
心迷宫,1015.8
魔卡行动,275.3
零点杀机,44.9
蚁人,67155.6
笔仙魔咒,1038.5
幸存者,942.2
小飞侠：幻梦启航,2840
浪漫天降,781.6
探灵档案,329.7
既然青春留不住,5017.1
业火的向日葵,8158.7
龙在哪里？,2074.5
猛龙特囧,631.3
家在水草丰茂的地方,75.6
回到被爱的每一天,162.9
精灵旅社2,11962.2
幸福很囧,19.3
魔比斯环（3D）,–
钢铁，是这样炼成的,9.9
十七岁,392.5
半夜叫你别回头,851.9
山河故人,3218
兔子镇的火狐狸,247.3
我是证人,21514
囧贼,21.9
我的诗篇,40.2
绝命海拔,10209.9
我的处女地,150.1
移动迷宫2,19659.9
雨夜惊魂,244
史努比：花生大电影,3660.4
剩者为王,6139.8
前任2：备胎反击战,25152.9
激战黎明,27.9
时尚女郎之女人江湖,2.2
我的青春期,1227.9
007：幽灵党,54161.5
年少轻狂,1306.5
陪安东尼度过漫长岁月,6257.2
恐怖照相机,–
男二本色,6.2
昆塔：盒子总动员,–
我的少女时代,35929.3
灵臆事件,399.2
十月初五的月光,4165.7
一个勺子,1902.8
藏羚王之雪域精灵,475.9
闺蜜心窍,–
遭遇海明威,22.2
饥饿游戏3：嘲笑鸟（下）,14333.2
玩命速递：重启之战,12823.9
痞子·洛克,14.7
一刻十年,11.5
火星救援,58585
诡影迷情,340.1
不速之客,–
坏蛋必须死,4692.2
消失的凶手,7691.4
摇滚水果,52.3
火云端,7.7
海绵宝宝,5665.2
怦然星动,15933.2
极盗者,24808
不可思异,11167.2
杜拉拉追婚记,4963.5
从天“儿”降,5633.5
正果,15.7
不能错过,13.5
师父,5478.4
我是大明星,7.9
梦幻佳期,45.8
擦枪走火,547.9
极速风流,2002.7
东北偏北,89.2
催命符,–
最美的时候遇见你,154.9
全力扣杀,75.9
电商时代,45.1
紫霞,45.9
北京时间,3015.7
咕噜咕噜美人鱼,1017.5
圣诞大赢家,533.7
没女神探,200.6
寻龙诀,168214.3
诡娃娃,286
万万没想到：西游篇,32232.2
老炮儿,90260.5
分手再说我爱你,1273
恶棍天使,64922.5
青春一战,–
一念天堂,8264.2
唐人街探案,82337.5
索命暹罗之按摩师,247.8
探秘者,26.9
亲密的陷阱,–
一切都好,2623.4
皇帝的新装之圣诞大明星,67
小门神,7868.5
冰美人,5.3
神探夏洛克,16136.8
舌尖上的新年,193.5
荒村怨灵,395.5
星球大战：原力觉醒,82557.3
通灵神探,3538.9
极限挑战之皇家宝藏,12551.4
消失爱人,6419.6
最后的巫师猎人,17989.1
国酒,1021.4
恋爱教父之三个“坏”家伙,113.7
我很帅,1.8
熊出没之熊心归来,28775.1
恶灵之门,514.2
真相禁区,4203.5
一家老小向前冲,238.3
云中行走,9082.1
爱在深秋,113
请把你的窗户打开,4.7
爸爸我来救你了,98.6
谎言大爆炸,88
果宝特攻之水果大逃亡,833.9
恶人报喜,2754.4
猿创世界之熊孩子部落,85.7
鼠来宝4：萌在囧途,6267.3
小小校长,7.8
欲链迷情,–
功夫熊猫3,100200.4
我的“狐朋狗友”,74.6
致我们终将到来的爱情,805.3
蒸发太平洋,3504.8
风口青春,4.9
非同小可,5.2
过年好,5404.8
西游记之孙悟空三打白骨精,120101.7
澳门风云3,111818.8
年兽大作战,3451.2
美人鱼,339211.8
断片儿,1.3
奔爱,4751.6
谋杀似水年华,1349.8
我最好朋友的婚礼,3745.3
高跟鞋先生,12996.7
天降,–
火影忍者剧场版：博人传,10322.2
青蛙王国之冰冻大冒险,434.3
夺命枪火,182.8
卧虎藏龙：青冥宝剑,25625.3
致命怪谈,113.2
恭喜发财之谈钱说爱,277.1
多多岛之迷失宝藏,1796.7
诡娃,525.6
当我们年轻的时候,30.6
圣斗士星矢:圣域传说,3787.1
末日迷踪,3539.9
叶问3,77028.9
谍影特工,2956.3
地心营救,2347.7
你是不是我的爱人,8.8
疯狂动物城,153033.4
爱情麻辣烫之情定终身,1735
哪一天我们会飞,502.2
同城邂逅,121
箭士柳白猿,332.4
灯塔下的恋人,20.7
我不是王毛,268.8
笨贼别跑,397
床下有人3,926.9
神战：权力之眼,23541.9
哑孩儿,–
不速之客,382.4
寻找心中的你,53.7
飞鹰艾迪,670.5
女汉子真爱公式,6338.2
洛杉矶捣蛋计划,898.2
情比山高,2.6
恐怖禁忌之红旗袍,387.2
荒野猎人,37740.1
蝙蝠侠大战超人,61908.2
缘份,1391.7
半熟少女,232.9
回乡逗儿,44.2
喜乐长安,171.3
恐怖将映,607.2
白毛女,587.6
假装看不见之电影大师,9.2
一夜危机,6.9
我的特工爷爷,32443.8
火锅英雄,37054.2
灵偶契约,1688.9
轩辕大帝,151.8
蜜丝炸弹,–
睡在我上铺的兄弟,12782.3
太空熊猫英雄归来,641.8
摩尔庄园3：魔幻列车大冒险,1063.8
我的老婆是明星,147.8
伦敦陷落,33981
午夜寻访录,104.2
小角色,3.5
隔壁惊魂,104.5
垫底辣妹,3757.9
奇幻森林,97935.3
不朽的时光,72.8
纽约纽约,955.2
废柴特工,1993.8
冰河追凶,4320
猫脸老太太,586.1
国家利益,71.8
情花谷,17
失眠男女,223.8
我的1000万,19.5
女神时代,22.2
恐怖照相机,133.9
猎神：冬日之战,10632.2
我的新野蛮女友,3419.2
谁的青春不迷茫,17990.4
刑警兄弟,3026.6
魔宫魅影,8843.9
梦想合伙人,8101.4
北京遇上西雅图2,78678.1
大唐玄奘,3303.2
阿里巴巴：所罗门封印,619
马小乐之玩具也疯狂,742.3
青蛙总动员,1009
风铃上的卡片, –
美国队长3,124626.6
百鸟朝凤,8691.2
判我有罪,865.9
布基兰,5.3
妄想症,164
男神抱抱,31.5
雏鸟的天空,2.7
幻体：续命游戏,3565.3
再见，在也不见,1148.1
超脑48小时,10355.2
别开门,41.6
笔仙诡影,733.6
谎言大爆炸,88
购物女王,27.1
愤怒的小鸟,51393.7
分歧者3：忠诚世界,12208.2
夜孔雀,3318.1
钢刀,939.6
708090之深圳恋歌,42.7
死亡笔记,368.8
整形师·脸,307.4
在雨中,0.8
爱丽丝梦游仙境2,38712.9
山那边有匹马,26.7
妖医,876.1
糖果世界大冒险,506
小蚂蚁之环球大冒险,110.8
蜜月酒店杀人事件,762.2
水果宝贝之水果总动员,392.6
冬天里的春天, –
反转星球, –
斗龙战士之星印罗盘,620
动植物大战,144.8
X战警：天启,80284
记忆碎片,361.2
提款机,17.1
死亡游戏,551.9
魔兽,147214.9
泰迪熊之玩具大战,731.2
我们毕业啦,291.9
筷仙,1082.6
海底总动员2,25420.8
当流星划过天际,515.9
练胆儿,23.9
山花烂漫时,11.2
我叫MT之山口山战记,1216.3
海洋之恋,56.1
南口1937,168.8
三人行,10044.5
大火种,1044.3
独立日：卷土重来,50320.6
近在咫尺的爱恋,193.6
惊天魔盗团2,63891.4
育婴室,805.2
赏金猎人,21346.3
魔轮,784.2
终极胜利,106.1
党的女儿尹灵芝,74.2
恐怖笔记,260.3
绝战,61.4
古田会议,108.2
丑小鸭历险记,432.2
忍者神龟2：破影而出,39356.3
大鱼海棠,56520.2
寒战2,67820.3
致青春·原来你还在这里,33679
冬,30.3
张震讲故事之合租屋,442.8
发条城市,1104.6
摇滚藏獒,3964.6
再生之乐,37.3
路边野餐,646.6
惊天大逆转,7864.8
超级保镖,551.8
快手枪手快枪手,5348.8
陆垚知马俐,19206.6
笔仙撞碟仙,522.6
超能太阳鸭,1874.5
泰山归来：险战丛林,30610.5
绝地逃亡,88940.1
泡沫之夏,811.2
少年师爷之大禹宝藏,154.9
巴霍巴利王：开端,749.7
天亮之前,3640
哆啦A梦：新·大雄的日本诞生,10361
刺猬小子之天生我刺,823.4
恐怖爱情故事之死亡公路,74.1
魔都凶音,414.8
老阿姨,1111.7
红色警戒999,708.7
六弄咖啡馆,654.5
封神传奇,28394.3
宝贝当家,1527.7
神秘世界历险记3,6545.9
催命符,237.1
情况不妙,886.6
毒中毒,19.5
爱宠大机密,38923.4
龙拳小子,495.5
盗墓笔记,100441.4
夏有乔木 雅望天堂,15640.7
古曼,363.2
谎言西西里,1807.3
使徒行者,60625.6
海洋之歌,1552.4
我们诞生在中国,6653.8
危城,16737.4
微微一笑很倾城,27583.5
那件疯狂的小事叫爱情,3659.2
诺亚方舟漂流记,1238.5
岛囧,4
火海凌云,3078.7
精灵王座,2502.4
七月半2：前世今生,709.3
诡咒,6.5
终极硬汉,492.2
新大头儿子小头爸爸2,9021.1
吉祥宝宝之我是食神,30.2
一棵心中的许愿树,4.4
他是龙,6015
谍影重重5,44710.7
冰川时代5：星际碰撞,44727.7
天使请吻我,2.3
低碳爱情,0.9
疯狂的疯狂,2.9
惊天绑架团,1354.7
爸爸的木房子,9.8
喊·山,87.8
在世界中心呼唤爱,1106
花样厨神,241.7
幸运是我,96.2
诡新娘,399.6
白雪公主和三只小猪,177
爱在星空下,171.1
换个活法,7.1
寄生兽,4834.4
星际迷航3：超越星辰,44097.7
铁拳,786.9
我们的十年,4408.5
蹴鞠, –
小魔仙之黑魔法来袭,53.3
夜半哭声,229.5
玩命剧组,11
长江图,326.6
九条命,11204.2
鲨滩,10171.6
魔法老师,827.8
黑海夺金,225.8
为爱放手,45.4
奇葩追梦,48.9
荒村凶间,343.1
夜魔人,23.8
蜜月计划, –
麦兜响当当,7061.6
丝路英雄·云镝,61.6
追凶者也,13589.7
七月与安生,16694.9
大话西游3,36593.3
反贪风暴2,20907.1
我的战争,3607.2
麦兜·饭宝奇兵,1896
爱的“蟹”逅,43.8
一条叫王子的狗,70.8
神兽金刚之青龙再现,722.2
击战,85.8
将离草,0.6
巴黎危机,1446.1
234说爱你,248
逗鸟外传：萌宝满天飞,7773.8
诡梦凶铃,319.4
心灵解码,18
樱桃小丸子：来自意大利的少年,2588.7
谁的青春不热血之深流不息,15.3
凤凰谷,22.5
三个孬家伙,15
地球四季,497.4
从你的全世界路过,81419.5
爵迹,38287.8
爱的钟声,0.7
湄公河行动,118417.4
幽灵医院,485.2
新木偶奇遇记,56.5
王牌逗王牌,26027.1
我是哪吒,972.9
铠甲勇士捕王,1857.9
疯狂丑小鸭,642.2
鲁滨逊漂流记,5364.1
新东方神娃,26.1
爱情不等式,5.1
那年我对你的承诺,22.1
宾虚,1748.6
黑处有什么,760.6
圆梦巨人,14324.6
爱上处女座,8.6
暗杀游戏,2109.1
小熊的夏天,13.5
勇士,3281.9
心语阳光,2.3
T台魔王,8.6
爱神箭,60.8
四渡赤水,10.5
惊天破,11431.1
机械师2：复活,33890.6
侠探杰克：永不回头,6111.7
凶手还未睡,215.2
热血雷锋侠之激情营救,63.1
怦·心跳,1.9
夺路而逃,249.3
龙珠Z：复活的弗利萨,1099.8
但丁密码,13430.8
驴得水,17304.5
小明和他的小伙伴们,1125.3
枕边有张脸2,218.4
魔发精灵,5477
钢铁骑士,193
脑残粉,153.3
我的圣途,67.1
奇异博士,75163.7
捉迷藏,7144.9
盛先生的花儿,63.1
一句顶一万句,2089.7
蜡笔小新：梦境世界大突击,2245.4
非常父子档,676.7
恐怖笔记,260.3
笑林足球,86.8
不离不弃,43.5
被劫持的爱情,4.9
狱中惊魂,32.8
邻家大贱谍,1195.5
减法人生,31.6
贫穷富爸爸,532.9
比利·林恩的中场战事,16515.8
航海王之黄金城,10733
外公芳龄38,6041.6
斋新编之画皮新娘,452.4
兄弟之北漂歌手,0.3
脱单宝典,7.3
深海浩劫,7266.4
红颜容,1.1
我不是潘金莲,48370.6
勇士之门,2283.4
阿拉丁与神灯,1695.6
辣警霸王花,198.8
白云桥,197.7
少年梦,2.6
名侦探柯南：纯黑的恶梦,3112.4
越囧,40.9
神奇动物在哪里,59169.9
我是处女座,467.9
海洋奇缘,22698.5
冲天火,3616.1
最萌身高差,619.3
怨灵地下室,209.4
热土悲歌,14.1
骆驼客:2之箭在弦,1
夏威夷之恋,215.8
间谍同盟,3030.1
爱你的人,96.6
你的名字。,57672.5
佩小姐的奇幻城堡,11839.1
三少爷的剑,10072.9
老腔,11.4
沙漠之心,38.1
锅是铁,7
极速之巅,1554.1
超级快递,6161.4
食人岛,320
东宫皇子,9.1
试睡员48小时,4.2
血战钢锯岭,42647.7
28岁未成年,12936.3
球舞青春, –
萨利机长,6221.4
塔洛,104.5
反黑行动组,260.6
呆呆计划,448.7
凄灵室,185.4
牡丹仙子之皇帝诏曰,19
先锋之那时青春,8.1
流金,3.1
长城,117452
罗曼蒂克消亡史,12296.5
我在故宫修文物,642.9
少年,1590.3
五女闹京城,194.2
功夫四侠,247.1
甜水谣,0.4
大山里的春天, –
求生者,1
铁道飞虎,69884.8
掠夺者,438.5
有迹可循,26.1
摆渡人,48296.6
失心者,38.9
绝对控制,621.9
恋,0.2
冒牌卧底,2232.1
爸爸的3次婚礼,94.4
情圣,65854.1
难忘金银滩,3
那年夏天你去了哪里,3467.2
你好，疯子！,1568.6
北极大冒险,245.8
人鱼校花,18.1
冰雪女皇之冬日魔咒,3533.5
超级幼儿园,209.5
我的第二次初恋, –
单身日记：好孕来袭,550.2
有家,9
星球大战外传：侠盗一号,47765.2
玩命直播,1297.2
一路逆风,327.4
一万公里的约定,375.4
我们的青春不怕疼,13.8
浪漫搭档,5.5
恐怖理发店,472.9
猪猪侠之英雄猪少年,4420.9
辛巴达与美人鱼公主,223.2
天空之眼,1742.1
魔弦传说,4388.5
我的诗篇,306
太空旅客,31448.9
少年巴比伦,313.9
大卫贝肯之倒霉特工熊,12625.2
逗逗迪迪之美梦年年,35
超能龙骑侠,299.5
蛋计划,53.5
大魔法师孟兜兜,22.9
心惊胆战,214
缺失的爱,5.3
老师也疯狂,31.4
熊出没之奇幻空间,52277
西游伏妖篇,165692.2
大闹天竺,75852.8
乘风破浪,104913.3
健忘村,1605.2
功夫瑜伽,175343.3
了不起的菲丽西,4024.2
东北往事之破马张飞,10615.2
萤火奇兵,799.4
极限特工：终极回归,112797
决战食神,12197.6
游戏规则,10148.6
一树一树紫花开,13.2
合约男女,5954.6
欧爸的情人,2.3
疯岳撬佳人,6389.1
爱乐之城,24793.5
完美有多美​,841.2
欢乐好声音,21626.7
上海王,1363.6
血伞凶灵,146.9
来自月亮的我,34.7
三缺一,4.5
生化危机6：终章,111221.9
刺客信条,16111.6
为爱担当,6.3
丫丫的夏,2.6
金刚狼3：殊死一战,73184.8
一条狗的使命,60824.2
乐高蝙蝠侠大电影,4210.9
咱们分手吧,1.4
惊魂绣花鞋,592.9
帅位,2.5
爱情对赌,5.2
碟仙诡谭2,1279.7
夜色撩人,374.3
猫先生与猪小姐, –
天才捕手,1472.8
诡眼,152.8
玛格丽特的春天,704.5
最终幻想15：王者之剑,2878.8
斗魂之熊孩子,76.4
小阴谋大爱情,24.6
毛丰美,627.8
美女与野兽,59180.9
走出尘埃,12.3
滚出来，凶手,6.8
通灵姐妹,470.9
麦兜响当当,8315.2
二宝闯江湖,2.6
唤爱,5.6
想得美, –
八月,433.3
金刚：骷髅岛,114973.9
欢乐喜剧人,6703.5
领袖1935,103.4
八万里,1.5
非凡任务,15651.2
绑架者,9567
嫌疑人X的献身,40225.8
商界,0.3
冰雪大作战,4324.4
有完没完,3743
怨灵宿舍之白纸女生,268.2
攻壳机动队,20272
一念无明,940
六月与弓箭,15.8
鸡飞狗跳,8.5
麦兜·当当伴我心,4895.4
点五步,367.8
惊悚小说,58.7
海角有个五店市,9.7
大话西游之大圣娶亲,18916.1
速度与激情8,266869.7
怨灵宿舍之人偶老师,119.9
指甲刀人魔,450.6
玩命试爱,11.3
爱情冻住了,51.8
百鸟朝凤,8695
傲娇与偏见,12408
神秘家族,1486.6
蓝精灵：寻找神秘村,17313.2
窦娥奇冤,445.6
血狼犬,2510.7
恋恋有声,9.8
我的青春永不逝,2.3
和田玉传奇​,545.9
喜欢你,20990.6
记忆大师,29176.9
春娇救志明,17483.1
拆弹专家,39920.2
午夜惊魂路,232.5
灵狼传奇,1144.5
摔跤吧！爸爸,129657.6
银河护卫队2,68521.4
咸鱼传奇,17.1
海阔天空, –
花腰恋歌,2.2
麻烦家族,3221.3
故乡面·参花情, –
阿文的承诺,0.9
亚瑟王：斗兽争霸,5697
提着心吊着胆,1365.3
超凡战队,2999.3
毒。诫,4016.3
以爱为名,243.7
宝贝，再爱我一次,11.1
20:16,483.9
异星觉醒,13558.7
抢红,1620.4
不期而遇,702.4
当怪物来敲门,1451.5
美容针,1003.5
小情书,290
守护者：世纪战元,2015
逆路,4.2
放学后,30.3
黑白照相馆,7.2
诡异酒楼,165.6
颠覆,2
加勒比海盗5：死无对证,117824.1
我的爸爸是国王,1559.8
银河守卫队,252.1
夏天19岁的肖像,936
“吃吃”的爱,2744.5
荡寇风云,6503.4
临时演员,1293.3
三只小猪2,2456.7
超能兔战队,175
摩尔庄园2：海妖宝藏,2521.7
龙骑侠,1072.1
潜艇总动员5：时光宝盒,4600.5
哆啦A梦:大雄的南极冰冰凉大冒险,14852
北极星,2.5
功夫小兔侠,137.3
红军小学,12.6
神奇女侠,60772.6
迷失Z城,695.4
美好的意外,1752.6
29+1,155.2
凤凰街风雨,1.1
小茜当家,5.9
惊门,91.5
梦幻佳期,50.4
新木乃伊,62233.3
我心雀跃,46
异兽来袭,1003.3
李雷和韩梅梅,4056.7
碟仙之毕业照,305.2
因为爱情,225.1
此情此刻,36.6
麦豆的夏天,7.2
黄粱一梦,1.1
谁知道,5.3
麻辣学院,72.6
失恋399年,6.5
忠爱无言,2544.4
内心引力,139.2
漂洋过海来爱你,29.4
爱情开始的地方之遇见,5.2
六人晚餐,227
艺术也疯狂,40.8
我的青春你来过,4.3
异形：契约,30996.4
胡杨的夏天,465.3
52赫兹，我爱你,132.7
我们停战吧,12.7
中国推销员,1007.7
十七岁的雨季,26.2
女人永远是对的,183
重返·狼群,3284.2
借眼,470.6
冈仁波齐,10004.3
雄师,1713.1
缉枪,1643.6
变形金刚5：最后的骑士,154561.8
青春逗,111.5
原谅他77次,7484.5
我不做大哥好多年,756.7
猪太狼的夏天,1.4
反转人生,6937.6
逆时营救,20069.9
仙球大战,978
撞邪31号,234.6
冯梦龙传奇,173.3
再见时光,12.4
不败雄心,1.2
宽恕,7.1
血战湘江,7285.8
海鹰战警,24.1
乡关何处,217.4
明月几时有,6283.5
牧野传奇,6.3
与君相恋100次,1343.2
京城81号2,21802.9
神偷奶爸3,103780.4
绝世高手,10086
秘果,792
伊犁河谷,13.3
青春逗,319.2
北纬30度之爱,11.1
梵蒂冈美术馆3D,78
佛罗伦萨与乌菲兹美术馆3D,83.2
青禾男高,3030.5
苏州少年横漂记,1.4
悟空传,69653.3
大护法,8759.8
喵星人,4459.8
爱爱囧事2,0.6
片甲不留,17.7
山无棱 天地合,5.2
深夜食堂2,1387.3
绣春刀：修罗战场,26569.2
闪光少女,6466.2
父子雄兵,12519.2
阿唐奇遇,3037.4
谜域之噬魂岭,91.1
战刀屠狼,14.4
绿野仙踪之奥兹国奇幻之旅,904.4
让爱活下去,27.5
战狼2,567868.8
建军大业,40296.5
豆福传,1590.5
大耳朵图图之美食狂想曲,4247.6
玲珑井, –
夜半凶铃,213.1
神灵寨,8.7
三生三世十里桃花,53453.6
谁是球王,98.3
龙之战,5620.6
我是马布里,889.2
大象林旺之一炮成名,326.6
玩偶奇兵,3129.3
原罪的羔羊,11.7
诡井,103.3
荒野加油站,18.5
心理罪,30387.7
侠盗联盟,23687.2
鲛珠传,11358.2
地球：神奇的一天,4777.6
隐隐惊马槽,4
二十二,17037.1
杀破狼·贪狼,52157.3
破·局,6451
十万个冷笑话2,13363.2
铁血残阳—在刺刀和藩篱下,11.6
紫宅,1054.5
我是谁的宝贝,110.9
恐怖毕业照2,243.7
皮绳上的魂,326.6
赛尔号大电影6：圣者无敌,10325.8
绝技情缘之艺魂,53
顺德人家之合家欢,8.6
星际特工：千星之城,40919.8
极盗车神,10871.3
赛车总动员3,13704.7
海边的曼彻斯特,817
胖女不愁嫁,77.5
七天,1.1
真爱禁区,10
杜丽娘, 5.3
一路向爱,104.6
一家两口,0.5
情迷意大利,–
桃花梦,0.8
茶盗,2
租婚男女,5.3
草原英雄小姐妹,0.1
黑白迷宫,3311.3
二次初恋,2611.5
敦刻尔克,33960.2
银魂,8135.7
蜘蛛侠：英雄归来,77413.8
声之形,4450.4
失业生,609.7
猪太狼的夏天,1.6
诡域新娘,375.4
蜜月计划,55.5
逆生,55.2
怪物岛,483.3
乔乔的魔法,1.9
爱廉说,1.1
看不见的客人,17240.3
猩球崛起3：终极之战,73978.2
刀剑神域：序列之争,5387.4
会痛的十七岁,764.8
阿婆的槟榔,3
旗袍先生, –
纹身师,38
这一刻，我要世界看见,1.4
画室惊魂,153.9
娘子军传奇,43.1
理查大冒险,233.5
王牌保镖,13967
纯洁心灵·逐梦演艺圈,226.3
谜证,9.1
捍卫者,1032.1
请勿靠近,20.8
惊天解密,385.5
遗忘空间,13.8
天梯：蔡国强的艺术,202.8
初恋时光,9
托马斯大电影之了不起的比赛,2129.7
魔都爱之十二星座,8
疯狂旅程,16.2
缝纫机乐队,45671.2
空天猎,31758.7
追龙,57465.2
英伦对决,53695.2
羞羞的铁拳,220174.9
极致追击,1754.5
昆塔：反转星球,5035.5
钢铁飞龙之再见奥特曼,4071.4
大熊猫传奇,13.3
魔力果乐岛之拯救行动,5.3
母亲的肖像,11.2
光影之战,5.7
那一场呼啸而过的青春,874.8
怨灵2,1142.8
天才枪手,27065.5
回到火星,959.1
大闹天宫,5105.2
情遇曼哈顿,1348.1
我的妈呀,34.2
你往哪里跑,99.5
笔仙咒怨, –
十八洞村,10692.4
我的爸爸是森林之王,5606.3
了不起的小家伙们,12.8
南哥,10.4
六年，六天,1146.2
时间去哪儿了,841.6
王牌特工2：黄金圈,47385.1
蝴蝶公墓,333.2
火力全开,240.1
恐怖电影院2,265
咕噜咕噜美人鱼,1390.7
胡杨的夏天,464.8
大爱无言,10.1
坑爹游戏,178.9
镜头前的女人,1.4
刺客2,0.1
童话先生,21.4
爱情邮局,8.4
全球风暴,43379.9
常在你左右,4684.1
因为爱情,225.1
银翼杀手2049,7693.8
红剪花,2
灵魂当铺之时间典当, –
我的老兵爷爷,0.5
雷神3：诸神黄昏,74302.9
相爱相亲,1824.2
密战,7945.4
七十七天,10361.7
我们全家不太熟,9.8
识色，幸也,48.3
宝贝特攻,18.8
东方快车谋杀案,23003.5
狂兽,6774.1
烽火芳菲,2944.4
天生不对,2429.1
兄弟，别闹！,1208.8
猪太狼的夏天,28.2
精灵宝可梦：波尔凯尼恩与机巧,2561.7
正义联盟,69011
恐袭波士顿,2105.5
暴雪将至,2713.2
降魔传,9165.1
深宫怨灵,368.8
英雄本色,3258.5
侗族大歌,17
恋爱之瘾,0.8
迷情N小时,8.1
不成问题的问题,777.1
追捕,10598.1
引爆者,5024.1
推理笔记,1022.2
嘉年华,2220.1
海阔天空,0.7
寻梦环游记,121183.1
刺杀盖世太保,392.3
七月半3：灵触第七感,292.2
炸裂青春,83.7
灿烂这一刻,42.5
女巫斗恶龙,13.9
北纬二十八度,30.6
垫底联盟,429.8
星期8,9.2
水晶争夺战,1.7
你在哪,204.7
烟花,7859
至暗时刻,3731.3
钟馗传奇之岁寒三友,40.1
维京：王者之战,1410.8
末日重启,113.9
夺金四贱客,353.4
笔仙咒怨,579.6
相声大电影之我要幸福,1784.7
这就是命,5439.9
冒牌监护人之寻宝闹翻天,198.4
巨额来电,5581.4
勇往直前,902.5
假如王子睡着了,545.7
帕丁顿熊2,20637.9
双面劫匪,323.1
北平以北,79.1
鲨海,3869.4
至爱梵高·星空之谜,6870.1
疯狂特警队,497.4
金珠玛米,185.4
逃离现场,13
墨玉太极,6.1
奇门遁甲,29964
不倒侠, –
热血时代,3.5
爱的帕斯卡,0.7
圣诞奇妙公司,489.3
芳华,142241.3
惊魂七夜,84.6
妖猫传,52998.2
心理罪之城市之光,22406.2
机器之血,30529.3
解忧杂货店,22406.2
二代妖精之今生有幸,29207.3
妖铃铃,36292.9
远亲,3.6
前任3：再见前任,194049.4
咖啡风暴,101
小猫巴克里,1207.4
阳光夏令营,5.6
咕噜咕噜美人鱼2,1060.3
星球大战8：最后的绝地武士,26782
醉佳导演,4.4
我来过,1.5
尼斯·疯狂的心,12.6
只想好好和你在一起,5
大世界,261.8
无问西东,75387.8
迷镇凶案,567.3
勇敢者游戏：决战丛林,49165.9
太空救援,1684.9
卧底巨星,3925.5
时空终点,41.9
青蛙总动员,1255.6
我的影子在奔跑,33.7
芒刺,4.4
英雄本色2018,6299
第一夫人,213
奇迹男孩,19140.6
神秘巨星,76662.3
谜巢,4943.7
公牛历险记,17187
天使的声音,5.4
敦煌不了情,24.7
大雪冬至,28.1
移动迷宫3：死亡解药,31510.1
绝命时钟2:22,225.4
24小时：末路重生,975.3
五度空间,17.7
半个月亮,1.8
麦兵兵之夺宝联“萌”,594.9
我是哪吒,993.9
梭哈人生,10.8
马戏之王,10114.7
时空偷渡少女,139.8
毕业旅行笑翻天,21.9
忌日快乐,6120.8
南极之恋,23418
盲·道,44
莫斯科陷落,230.5
小马宝莉大电影,4675.1
金龟子,2746.7
坏爸爸,2445.4
狗狗的疯狂假期,1057.6
小狗奶瓶,160.8
余额不足,34
莫名我就喜欢你,1.2
我和“叛徒”老爸,2.1
奔,4
泡芙小姐,1928.9
大导归来,23.5
无迹可寻,36.3
疯狂熊孩子,26.2
纯洁心灵·逐梦演艺圈,233.1
龙凤斗,1400
唐人街探案2,339768.8
捉妖记2,223665.6
西游记女儿国,72743.9
红海行动,364726.2
祖宗十九代,16978.9
人怕出名猪怕壮,640.1
爱在记忆消逝前,641.5
翻滚吧姐妹,9.9
三块广告牌,6498.2
小萝莉的猴神大叔,28538
金钱世界,1115.1
比得兔,16824.4
闺蜜2,6427.3
宇宙有爱浪漫同游,153.7
厉害了，我的国,47920.6
落绕,13.3
对戒,2.1
飞鸟历险记,130.8
黑豹,66227.1
恋爱回旋,1852.9
妈妈咪鸭,3716.6
灵魂当铺之时间典当,128.5
水形物语,10530.4
古墓丽影：源起之战,49696
大坏狐狸的故事,1607.3
虎皮萌企鹅,867.1
十七后 与青春化敌为友,10.4
玲珑井,198.2
无眸之杀,98.2
脱皮爸爸,801.8
环太平洋：雷霆再起,63263.7
青春24秒,7.3
出山记,4.9
萌犬好声音,978
遇见你真好,5094.4
河间圣手,6.4
头号玩家,139532.3
第三度嫌疑人,451
通勤营救,4534
花滑女王,1713.2
爸爸的木房子,10.6
玩命,26.1
我说的都是真的,1781.2
三伏天,4.2
奇葩朵朵,3019.5
暴裂无声,5420.9
起跑线,21023.5
清水里的刀子,57.3
冰雪女王3：火与冰,7411.8
猫与桃花源,2178.3
湮灭,6602.8
寻找罗麦,401.1
狂暴巨兽,100307
西北风云,402.5
夺命来电,121.5
毕业作品,450.6
凌晨两点半,186.6
青春后驱动,2.1
二师兄来了,2.6
渠首欢歌,0.4
壹号别墅,18.1
犬之岛,4346.8
米花之味,226.7
求求你爱上我,21.3
脱单告急,3498.1
21克拉,10998
龙在哪里？,2461
理想之路,68.9
古城会,3.1
冰封迷案,51.6
后来的我们,136095
玛丽与魔女之花,2059.5
战神纪,3797.9
幕后玩家,35748.3
低压槽：欲望之城,3484.5
黄金花,149.6
午夜十二点,234.5
小公主艾薇拉与神秘王国,657.8
尖叫直播,310.7
巴霍巴利王2：终结,108.8
香港大营救,640.2
青年马克思,2077.8
任性的硬币,0.6
复仇者联盟3：无限战争,239041.9
战犬瑞克斯,659.7
我是你妈,3681
破门,34.8
天梦,3.7
七号公馆,59.2
亲爱的，我要和别人结婚了,194
天下父母,18.4
路过未来,252.4
寂静之地,21954.1
昼颜,1348
超时空同居,89966.8
荒城纪,137.1
火魔高跟鞋,2.2
完美陌生人,5349.6
游侠索罗：星球大战外传,10560.3
命运速递,138.9
神谕通天,8.6
时间暗局,9.1
魔镜奇缘2,2062.9
光影之战,87.5
毛骨悚然之红衣男孩,145.2
潜艇总动员：海底两万里,7266.8
寻找雪山,10.8
哆啦A梦：大雄的金银岛,20923.3
大耳朵图图之美食狂想曲,4328.4
我的宠物恐龙,858.5
蓝色金鱼,100.7
暗夜良人,87.5
厕所英雄,9456
深海越狱,5136.2
暮光·巴黎,207.1
一个人的江湖,6.3
幸福马上来,10110.4
恐怖浴室,251.2
一纸婚约,74.2
因果启示录,126.2
盯上小偷的贼,4.3
那年，我还没长大,4.2
别让爱情走弯路,0.8
侏罗纪世界2,169551.2
血十三,44.9
猛虫过江,20276.1
泡菜爱上小龙虾,71.3
时间监狱,4.5
家, –
让我怎么相信你,22.1
疯狂这一年,0.9
吃货宇宙,484.2
第七个小矮人,2539
疯狂的麻将,9.6
卖命, –
监狱犬计划,124.1
生存家族,1137.6
超人总动员2,35417.8
龙虾刑警,6857.6
泄密者,7058.4
凤凰城遗忘录,74.1
伊阿索密码,130.6
致命夺宝,21.9
九门提督,0.9
出走的娜拉,2.6
阿飞正传,1972.2
明天有多远,12.1
马兰花开,36.8
动物世界,50898.7
金蝉脱壳2,9119
青春不留白,43.6
恋爱101度,1.4
姽婳,74.7
暹罗决：九神战甲,252.5
最后一球,608.7
凤皇传, –
地下凶猛,12.1
快乐星球之三十六号,68.4
我不是药神,309712.7
新大头儿子和小头爸爸3,15805.8
只能活一个,1.6
细思极恐,146.2
红盾先锋,34.8
邪不压正,58276.5
阿修罗,4883.7
铁笼,0.5
美丽童年,232.7
小悟空,879
八只鸡,18.2
左滩,22.8
格桑花开的时候,10.5
摩天营救,66972.8
北方一片苍茫,73
淘气大侦探,1041.4
兄弟班,190.5
汪星卧底,1495.8
神奇马戏团,6470.8
海龙屯,107.9
浴血广昌,9156.7
三十那年,1.3
妈妈咪呀2,414.6
风语咒,11286.7
解码游戏‎,969
的士速递5,3119.2
神秘世界历险记4,10457.1
肆式青春,282.1
真心话太冒险, –
一出好戏,135131.9
爱情公寓,55472.2
巨齿鲨,104890.2
勇者闯魔城, –
美食大冒险之英雄烩,489.3
精灵旅社3：疯狂假期,22291
快把我哥带走,37409.6
欧洲攻略,15250.1
最后的棒棒,94.8
他是一只狗,4.4
旅行吧！井底之蛙,38.7
大三儿,129.9
蚁人2：黄蜂女现身,82926.6
黑子的篮球：终极一战,677.1
大师兄,14561.3
七袋米, –
奇怪的袜子精灵,105.6
深海历险记,1753.6
天下第一镖局,49.6
纯真年代,23.3
惊慌失色之诡寓,205.8
信仰者,1135.1
碟中谍6：全面瓦解,124203.4
苏丹,3606.6
足球王者,178.4
那些女人,490.1
阿尔法：狼伴归途,11419.4
吻隐者,69.6
传奇的诞生,2817.1
李宗伟：败者为王,657.8
道高一丈,1202.9
有五个姐姐的我就注定要单身了,3.4
草戒指,61.2
过往的梦,0.1
黑暗深处之惊魂夜,227.3
那条河,1.4
赛尔号大电影6：圣者无敌,10857.3
疯狂丑小鸭,2322.4
恩师, –
勇敢往事,109.5
古墓兽影,148.2
镰仓物语,4830.4
念念手纪,444.9
反贪风暴3,44068
未择之路,740.6
让我怎么相信你,181
说走就走之不说再见,982.6
审判者1,3.7
黑蝴蝶, –
禹神传之寻找神力,164.9
我是检察官,18.7
江湖儿女,6949.3
虎胆追凶,2226.2
哥斯拉：怪兽行星,158.9
黄金兄弟,31514.7
冷恋时代,334.1
极品师徒,57.6
舌尖上的斗争,0.8
天刃,17
悲伤逆流成河,35490.7
大闹西游,3745.4
影,62832.3
李茶的姑妈,60391.4
营救汪星人,205.7
无双,127176.7
胖子行动队,26080.5
古剑奇谭之流月昭明,1411.5
阿凡提之奇缘历险,7644.4
新灰姑娘,6012.3
嘻哈英熊,381.1
找到你,28501.6
张艺谋和他的“影”,82.1
玛雅蜜蜂历险记,686.7
超能泰坦,1420.4
午夜幽灵,334.8
嗝嗝老师,14933.7
我要去远方,104.5
皮鞋,29.8
我的间谍前男友,6145.3
宝贝儿,2461.7
跨越8年的新娘,305.3
无敌原始人,356.3
黑暗深处之惊魂夜,224.2
向阳的日子,19.7
非洲遇见你,113.9
雪怪大冒险,7276.2
美丽战争,18.2
为你写诗,1269.5
昨日青空,8350.2
追鹰日记,173.1
阿拉姜色,242.4
灵魂契约,269.9
功夫联盟,1788.4
暮光·巴黎,206.6
铁血战士,21608.5
黑暗迷宫,411.1
滴答屋,1901.3
流浪猫鲍勃,5290.2
胡桃夹子和四个王国,11241.2
冰封侠：时空行者,3441.2
飓风奇劫,9498.3
你美丽了我的人生,360.6
产科男生,11.9
瞳灵公馆,230.7
台仙魔咒,18.7
八仙,137.4
毒液：致命守护者,187065.4
你好，之华,8019
名侦探柯南：零的执行人,12735.1
我的冤家是条狗,231.6
三国杀·幻,104.6
破梦游戏,42.6
地层深处,73.2
开学悸,136.9
恐龙王,2852.7
两个俏公主,221.6
梦境之源,28.8
神奇动物：格林德沃之罪,39877.8
无名之辈,79450.9
爱在归来那一天,8.7
无敌破坏王2：大闹互联网,27109.9
憨豆特工3,17222.7
克隆人,531.8
中国蓝盔,1787.3
恐怖快递,226.4
奶奶的家,11.2
超萌特攻,5.2
生活万岁,485.2
摘金奇缘,1149
亡命救赎,1422
二十岁,320.3
冒牌搭档,146.7
一百年很长吗,123.9
超时空大冒险,280.9
大唐风云2,15.3
大烟炮！一千八！,8.2
同名男子,7.5
闽宁镇,181.7
冥王星时刻,57.7
狗十三,5118.3
海王,201231.3
惊涛飓浪,1107.8
进击的男孩,45.9
爱不可及,26.1
左手右手,3
三只小猪2,2695.9
云上日出,13.9
照相师,1076
黄大年,214.2
网络谜踪,3049.8
午夜整容室,320.7
二胎来了,0.3
最萌警探,20.9
春天的马拉松,765.8
来日方长,6.9
破天荒,43.3
堡藏,4.1
正好的我们,0.5
龙猫,17367.5
绿毛怪格林奇,2643.7
轻轻握住你的手,5.3
印度合伙人,6755.3
淡蓝琥珀,22.7
大路朝天,2483
片警宝音,14.9
又是一年三月三,804.9
蜘蛛侠：平行宇宙,42743
武林怪兽,7963.3
叶问外传：张天志,13168.8
天气预爆,12375.1
夜魔奇案,23
龟兔大作战,995.8
印度暴徒,6192
神探狗笨吉,395.1
拳职妈妈,0.2
来电狂响,64017.8
断片之险途夺宝,5034.3
云南虫谷,15004.4
两只小猪之勇闯神秘岛,499.7
警车联盟,531.7
阿里巴巴三根金发,1006.9
地球最后的夜晚,28212.1
–,–
四个春天,1058
大黄蜂,114755.4
奎迪：英雄再起,1712.6
很高兴遇见·你,38.3
功夫营救,1.2
沉默的雪,25.7
零八三七,0.8
大微商,77.7
养家之人,630.2
营救汪星人,210.2
22年后的自白,534.2
白蛇：缘起,44863.5
命运之夜——天之杯：恶兆之花,3160.4
“大”人物,37966.4
燃点,818.2
汝海风云,21.9
蜻蜓少年,24.5
灵魂的救赎,58.9
蜻蜓少年,24.5
我想吃掉你的胰脏,2385.3
密室逃生,23127.2
森林奇缘,790.7
家和万事惊,3243.8
钢铁飞龙之奥特曼崛起,3913.1
密林诡影,12.9
闯堂兔3囧囧时光机,475.2
占芭花开,2.6
掠食城市,5031.6
差等生乔曦,62
战斗民族养成记,801
大侦探霍桑,791.3
海上浮城,46.3
杨门女将之女将初征,90.3
死侍2：我爱我家,28505.2
夺命杀机,31.8
我们回家吧,1.9
简爱之约,25.4
疯狂的外星人,219197.1
流浪地球,467462.7
飞驰人生,171674.6
新喜剧之王,62443.7
廉政风云,11432.3
神探蒲松龄,15218.2
小猪佩奇过大年,12375.6
熊出没·原始时代,71447.4
今夜在浪漫剧场,1230.7
一吻定情,17345.8
蓝色生死恋,146.9
五十米之恋,136.8
瑞雪兆丰年,19.9
阿丽塔：战斗天使,89516.3
朝花夕誓,1721.9
古井凶灵,534.2
绿皮书,47788.3
逆罪,23.9
驯龙高手3,36685.3
夏目友人帐,11501.9
魔神Z,40.3
血战敖伦布拉格,16.3
醒来之爱的呼唤,280.8
梦想之城,118.5
惊奇队长,103279.3
小石头下乡记,2.7
比悲伤更悲伤的故事,95385.8
阳台上,391.9
江海渔童之巨龟奇缘,87.3
少女宿舍,189.6
我的英雄学院：两位英雄,3873.2
过春天,991.6
把哥哥退货可以吗,171.1
318号公路,66.4
篮球冠军,64
乐高大电影2,1843.5
地久天长,4517.8
老师·好,35333.4
狂暴凶狮,4457.8
夜伴歌声,301.2
波西米亚狂想曲,9883.6
海市蜃楼,11073
小飞象,14744.5
三重威胁之跨国大营救,152.4
警告,60.7
精灵怪物：疯狂之旅,626
人间·喜剧,6288.4
似水流年,21.3
劫数难逃,24.5
调音师,32439.6
风中有朵雨做的云,6472.2
反贪风暴4,79426.6
守灵,335.1
A测试,0.5
雷霆沙赞！,29388.3
麦兜·我和我妈妈,4624.8
长官传奇,7
源·彩虹,0.4
功夫四侠：勇闯地宫,81.3
青蛙王子历险记,1030.8
难以置信,146.6
在乎你,497.3
我的宠物是大象,254.5
祈祷落幕时,6744.9
欲念游戏,743.8
原来如此,133.9
最佳男友进化论,1474
菲凡记忆,7.6
暗语者,4.3
虫林大作战,772.4
北斗风云,2
如影随心,2630.1
毕业旅行之逍遥骑士,15.3
转型团伙,1670.8
境·界,362.3
神奇乐园历险记,4676.8
HELLO，北京,13.7
狗眼看人心,1871.8
复仇者联盟4：终局之战,423881.7
撞死了一只羊,1037.2
云雾笼罩的山峰,0.7
海门深处,8.1
何以为家,37349.7
天上再见,37.7
动物出击,299
雪暴,2818.8
下一任：前任,12122.2
悟空奇遇记,1884.6
猫公主苏菲,101.4
港珠澳大桥,689.1
国礼,0.1
大破天门阵,0.8
午夜怪谈,153.2
一个母亲的复仇,11159.8
大侦探皮卡丘,63928.8
半边天,35.3
进京城,1462.4
铁拳雄心,17.7
欢迎来北方2,97.2
罗马,507.4
一路疯癫,12.4
向爱而生,4.2
周恩来回延安,2824
海蒂和爷爷,2060.4
柔情史,29.9
最后的勇士,75.4
搞怪奇妙夜,14.4
一条狗的使命2,19596.7
音乐家,479.5
企鹅公路,334.3
致命梦魇,97.3
武陵山上的星光,66.9
双生,1765.2
空天战队之星兽大战,14.3
你好现任,9.7
王者盛宴,4.4
过昭关,30.7
真爱不迟到,90.7
邻座的怪同学,236.1
真爱百分百,109.1
云端之上,226
龙珠超：布罗利,3162.5
大大哒,183.8
1931刺杀宋子文之谜,27.1
午夜废墟,187.8
五月天人生无限公司,5010.2
阿拉丁,36746.3
天眼风云,42
哥斯拉2：怪兽之王,93491.3
托马斯大电影之世界探险记,1676.1
巧虎大飞船历险记,2273.7
噬魂剑,86.2
潜艇总动员：外星宝贝计划,2396.7
哆啦A梦：大雄的月球探险记,13082.4
直播攻略,5.2
无所不能,3539.3
当我们海阔天空,206.1
追龙Ⅱ,30693.3
最好的我们,41270.5
X战警：黑凤凰,40842.1
绝杀慕尼黑,9166.8
黑衣人：全球追缉,30739.6
秦明·生死语者,2987.8
侣行攻略之确认你是我的人,15.3
三流勇士,20.4
冠军的心,80.9
妈阁是座城,5043
白牙,65.8
要活着去天堂,49.5
废柴老爸,521
榫卯,15.6
大河唱,229.1
三年,8.5
千与千寻,48688.8
玩具总动员4,20006
监护风云,88
碟仙,5222.4
真相漩涡,67.1
我的青春都是你,1482.8
八子,2064.8
蜘蛛侠：英雄远征,141245.3
潜行者,53.2
学区房72小时,102.2
封口之谜,0.2
星月夜,6.5
上海往事之当年情,2.5
最后一刻,7.6
九龙不败,1800.8
善良的天使,27.4
别岁,23.1
上海的女儿,37.8
爱宠大机密2,15400.3
扫毒2天地对决,129505.6
 猪猪侠·不可思议的世界,3408
他她他她,41.4
狮子王,82990.3
命运之夜——天之杯II ：迷失之蝶,2964.1
跳舞吧！大象,3908.9
素人特工,2236.8
机动战士高达NT,869.1
舞动吧！少年,4.8
嘿，蠢贼,6.7
银河补习班,87234.8
匠心,181.4
猪八戒·传说,6346.1
未来机器城,1689
回到过去拥抱你,1967.4
看不见的小孩,1643.3
游戏人生 零,1394.1
精灵小王子,20.8
心之山,2.8
灰猴,384.6
隧道尽头,810.9
巴比龙,134.3
哪吒之魔童降世,500112.6
烈火英雄,169131.7
古田军号,4037.9
冰雪女王4：魔镜世界,2355.7
鼠胆英雄,10115.5
最美的地方遇见你,20.9
梦想之战：踢球吧阿妹,12
歌唱动荡的青春,16.8
赛尔号大电影7：疯狂机器城,2790
灶神来了,13.4
红花绿叶,23.1
使徒行者2：谍影行动,69941.3
某日某月,35.1
丛林历险记,11.9
红星照耀中国,3027.5
上海堡垒,12195.2
童童的风铃密室,440.1
寻找兰小草,8.3
全职高手之巅峰荣耀,8506.7
送我上青云,2950.5
昨日奇迹,121.5
愤怒的小鸟2,14028.8
龙牌之谜,1850.4
速度与激情：特别行动,143059.8
猎袭,2.3
保持沉默,2153.3
昆虫总动员2,1638
侠路相逢,5.3
到你身边,1
骡子,1077.7
铤而走险,4426.2
女王的柯基,1536.6
深夜食堂,2412.5
死寂逃亡,989.5
共同命运,106.4
老师，你会不会回来,6.4
零零后,505.8
徒手攀岩,3639
检察方的罪人,1338.1
花椒之味,182.5
宝莱坞机器人2.0：重生归来,2137.7
冷血追击,536.4
最长1枪,807.8
樵夫·廖俊波,179.5
罗小黑战记,31382.3
六连煞,26.7
风吹吧麦浪,20.3
骑遇,0.7
高兴逮笨贼,21.3
芬芳,46.5
拿摩一等,16.8
逗爱熊仁镇,627
一生只为一事来,593.7
靠近我温暖你,20.3
爱在长征,0.5
别哭！妈妈,4.9
小小的愿望,26718.3
一切如你,159.1
诛仙,40262.7
名侦探柯南：绀青之拳,23164.6
福星高照朱小八,547.1
杨靖宇,138.7
决胜时刻,11780.5
友情以上,5212.1
小Q,11039.6
二凤,62.9
江南,501.7
攀登者,109694
中国机长,290004.1
我和我的祖国,317118.9
雪人奇缘,10795.5
大话西游之成长的烦恼,45.8
丑娃娃,364.5
亲密旅行,335.3
疯狂斗牛场,76.1
空巢也疯狂,20.1
犯罪现场,25347.3
急速逃脱,445.8
双子杀手,23513.2
侠路相逢,533.2
开国大典,86.8
我在耀瓷小镇等你,103.8
你好霸王龙,154.3
沉睡魔咒2,34529.6
催眠·裁决,8627.5
太阳升起的时刻,1224.1
为国而歌,790.9
少年的你,154494.9
三傻闹地球,487.8
悠然见南山,158.7
六欲天,130.6
终结者：黑暗命运,35519.9
天气之子,28759.9
宠物联盟,1115.5
受益人,21897
我的拳王男友,2446.1
萤火奇兵2：小虫不好惹,450
深海特攻队之超能晶石,104.7
越域重生,8.1
决战中途岛,29425.4
武林孤儿,18.2
订亲,18
黄花塘往事,12.9
他们已不再变老,333.7
海上钢琴师,14348.5
盗梦特攻队,17.8
麦子的盖头,309.2
长安道,2135.5
霹雳娇娃,7572.6
大约在冬季,22779.1
萌宠特工队,846.6
那一夜，我给你开过车,110.8
你是凶手,4118.6
追凶十九年,320.7
归去,10.8
两只老虎,19568
平原上的夏洛克,943.2
衣柜里的冒险王,373
一生有你,4177.3
冰峰暴,1272.3
南方车站的聚会,20292.5
吹哨人,5025.3
勇敢者游戏2：再战巅峰,28924.8
迷局伏香,60.9
红旗渠之归来仍是少年,65
若能与你共乘海浪之上,1396.4
那时风华,1821.5
天·火,16819.3
西河恋歌,14.7
唐顿庄园,2259.8
被光抓走的人,7099.2
误杀,133074.3
父子拳王,19.6
金色荣耀,64.6
魔镜奇缘3,307.9
太空狗之月球大冒险,278.6
坂本龙一：终曲,502.2
崮上情天,7.7
九克拉战栗,70.1
铁血阳泉,97
星球大战9：天行者崛起,14380.2
叶问4,118274.8
只有芸知道,15969.3
惊涛迷局,63.9
半个喜剧,18840.8
迪丽丽的奇幻巴黎,66.9
利刃破冰,216.3
妈妈我想你,75.4
特警队,5708.8
解放·终局营救,4144.8
小羊肖恩2：末日农场,1728
尼斯大冒险,459.4
横财局中局,463.6
宠爱,68427.5
天使陷落,6696.1
妙先生,178.6
亲爱的新年好,6274.1
,
鹭世界,496.6
美丽人生,5812.4
变身特工,10353.1
龙之谷：破晓奇兵,5767.4
野猪,129.2
别告诉她,411.6
理查德·朱维尔的哀歌,570.8
为家而战,1718.6
紫罗兰永恒花园外传,4859.9
鲨海逃生,4732.1
动物特工局,4428.2
守望人,123.3
第一次的离别,469
风声,21705.6
寻梦环游记,122958.7
当幸福来敲门,985.4
何以为家,37692.7
夏洛特烦恼,144768.4
疯狂动物城,153448.9
喋血战士,4545.6
多力特的奇幻冒险,13608.4
超能陆战队,52726.1
乔乔的异想世界,1134.1
抵达之谜,2535.4
妙先生,1310.5
刺猬索尼克,1994.2
白狮奇缘,88.1
白云之下,149.7
呆瓜兄弟,8.3
星际穿越,87681.3
十三猎杀,790.8
1917,6911
旺扎的雨靴,29.1
极速车王,1566.2
哈利·波特与魔法石,19155
绝地战警：疾速追击,3514.4
悲伤逆流成河,35747.4
 辣警霸王花：澳门行动,11.1
禹神传之王者少年,507.7
再见，陌生人,43.7
1/2的魔法,7050.3
魔发精灵2,687.3
八佰,309448.2
北平会馆,823.5
荞麦疯长,5168.5
小妇人,4730.3
我在时间尽头等你,50182.7
今生只为遇见你,0.61
漫长的告别,81.6
盗梦空间,49589.5
信条,45507.1
假面饭店,1701.6
半条被子,51.3
阿里巴巴与神灯,2143.2
新愚公移山,186.1
未知嫌疑人,141
辉夜大小姐想让我告白,1.5
我的女友是机器人,4252
花木兰,27726.5
极寒风暴,83.9
通往春天的列车,324
麦路人,1796
邻里美好的一天,196.4
死无对证,2934.6
蓝色防线,713.6
萌宠流浪记,1116.1
菊次郎的夏天,895.3
夺冠,83485.2
急先锋,29294.6
姜子牙,160017.3
我和我的家乡,282653.2
2019阅兵盛典,2719
一点就到家,31216.8
再见吧！少年,350.8
七号房的礼物,1451.9
喜宝,11345.1
掬水月在手,782.5
秀美人生,5259.2
木兰：横空出世,788.1
天道王,2516.1
82号古宅,766.8
达芬奇大冒险：拯救蒙娜丽莎,204.6
以寡敌众,54
父子拳王,39.4
一丈天地,6
罗非是条鱼,2.3
四年二班,15.5
云做的翅膀,2.3
飞奔去月球,535
金刚川,112295.7
数码宝贝：最后的进化,12528.3
月半爱丽丝,2851.6
网络凶铃,1503.3
红色警戒,34.5
风平浪静,8353.4
未来的未来,998.9
光,342.2
地狱男爵：血皇后崛起,8624.8
达琳达,10.5
一日成交,73.4
热血合唱团,7001.8
汪汪队立大功之超能救援,7907.2
热气球飞行家,2113.6
野性的呼唤,3427.7
马永贞之闸北决,569.9
九条命,158.7
翱翔雄心,140.9
婚前故事,150
冬去冬又来,25.6
橙妹儿的时代,60.1
守望相思树,324.6
天边加油站,64.4
爱情呼叫等待,33.3
气·球,666.4
海兽之子,1636
除暴,53777.1
末日逃生,3423.7
天堂的张望,31.9
妈祖回家,36.8
天下无拐,3.1
 麦兜·饭宝奇兵,1964.2
应承,95.6
流浪地球,417.6
一秒钟,13123.3
日光之下,107
疯狂原始人2,35323.4
闺蜜心窍,397.2
隐形人,2559.3
赤狐书生,18566.9
如果声音不记得,33515.8
宝可梦：超梦的逆袭 进化,1618.3
怪物猎人,3388.4
棒！少年,785.3
沐浴之王,40471.1
哆啦A梦：大雄的新恐龙,6479.6
少女佳禾,782.2
城市猎人,243.6
猎杀T34,2324.7
神奇女侠1984,16716.4
紧急救援,48507.6
奇妙王国之魔法奇缘,1004.7
光语者,38.4
拆弹专家2,131382.5
明天你是否依然爱我,6911.5
封口者,227.3
晴雅集,44271.3
心灵奇旅,37620.6
送你一朵小红花,143246
温暖的抱抱,86429.7
崖上的波妞,2832.9
小破孩大状元,171.8
海底小纵队：火焰之环,5318.7
老爷保号,299.7
点点星光,617.9
京北的我们,14
长安伏妖,306.6
没有过不去的年,5137.8
叱咤风云,501
许愿神龙,16811.9
缉魂,11094
天后小助理,20.4
与我跳舞,66.7
武汉日夜,2393.7
指挥家,135
大红包,23370.3
幸运电梯,105.7
小伟,144.4
魔法鼠乐园,319.6
吉祥如意,1359.9
移情高手,151.6
温泉屋的小老板娘,877.3
蜂鸟计划,325.7
出手吧！女生,35.2
唐人街探案3,452234.3
刺杀小说家,103523
侍神令,27406.9
你好，李焕英,541330.3
人潮汹涌,76247.6
熊出没·狂野大陆,59655.2
新神榜：哪吒重生,45648.9
郊区的鸟,60.2
猫和老鼠,10479
千顷澄碧的时代,906.2
寻龙传说,12753
错爱迷踪,527
风吹浪涌,32.5
合法伴侣,1069.4
五尺天涯,685.7
边境迷雾,13.8
阿凡达,171545.2
波斯语课,3632.3
日不落酒店,1953.8
又见奈良,502.1
21座桥,2862.4
非正式爱情,215.3
哥斯拉大战金刚,123261.5
圣山村谜局,445.5
我的姐姐,86018.4
第十一回,7397.7
西游记之再世妖王,11238.6
明天会好的,3056.2
生生,10.6
进城记,266.1
小美人鱼的奇幻冒险,1167.8
奇异世界历险记,269.1
超级的我,938.9
工作细胞：细胞大作战,757.5
指环王1：护戒使者,6079.8
八月未央,6795.3
猎心之血亲,34.2
六人-泰坦尼克上的中国幸存者,377.9
名侦探柯南：绯色的子弹,21608.9
指环王2：双塔奇兵,5057.3
记忆切割,336.3
你的婚礼,78923.5
悬崖之上,119004.6
秘密访客,21487.5
扫黑·决战,40547.6
阳光劫匪,4374.7
追虎擒龙,24361.9
真·三国无双,1557.6
寻汉计,403.9
恐龙飞车,26.5
猪猪侠大电影·恐龙日记,7931.5
人之怒,16634
指环王3：王者无敌,8630
无罪谋杀：科林尼案,436.9
感动她77次,3222.1
一百零八,3114.6
柳青,353.2
速度与激情9,139233.4
情书,6521
白蛇传·情,2137.2
哆啦A梦：伴我同行2,27757.1
迷妹罗曼史,239.6
寂静之地2,24949.9
九零后,1105.6
匹诺曹,1678.1
有一点动心,1446.4
普罗米亚,2014
黑白魔女库伊拉,15470.9
天堂电影院,1999.4
你好世界,13647
比得兔2：逃跑计划,19778.1
阳光姐妹淘,9497.9
当男人恋爱时,26416.9
夏夜骑士,28.1
候鸟,909.1
玄夜狐影,130.5
火山地狱,813.7
热带往事,6408.3
超越,14286.3
疯狂丑小鸭2靠谱英雄,972.8
潜艇总动员8：地心游记,2518.9
困在时间里的父亲,3161.8
只是一次偶然的旅行,117.7
了不起的老爸,14872.4
离秋,20.5
守岛人,13554.7
我没谈完的那场恋爱,5009.2
完美受害人,1314.8
遇见喵星人,116.3
三只小猪3：正义大联萌,398.7
革命者,13689.3
1921,50388.8
狼行者,1346.9
俑之城,6990.1
再见汪先森,1353.5
大学,726.3
新大头儿子和小头爸爸4,9327.8
中国医生,132818.8
红船,1082.6
天工苏作,28.9
二哥来了怎么办,3050.4
天下无拐,118.2
济公之降龙降世,4064
终极代码,1132.1
足球爸爸,31.5
摇摆神探,30.3
燃野少年的天空,16101.6
三湾改编,2414.6
白蛇2：青蛇劫起,58020
贝肯熊2：金牌特工,8145.8
大城大楼,2581.3
巧虎魔法岛历险记,1323.1
怒火·重案,132925.9
盛夏未来,38673.3
直立象传说,87.4
我的父亲焦裕禄,2821.4
危险记忆,124.7
流浪猫鲍勃2：鲍勃的礼物,1477.7
我的爸爸是森林之王2,1118.9
西游记之再世妖王,11453.8
深爱,535.1
测谎人,2788
兔子暴力,2665.2
乔西的虎与鱼,685.5
夏日友晴天,8769.7
你的情歌,213
忠犬流浪记,683.6
独家头条：初露锋芒,21.5
再见，少年,2024.5
混沌行走,664.3
失控玩家,61248.3
白马王子,192.5
最后一间房,1459.9
龙虎武师,99.8
小小港湾,28.7
明日之战,12386
1950他们正年轻,1084.8
不期而遇的夏天,453.3
妈妈的神奇小子,1778.1
梦境人生,734
陪你很久很久,9257.2
宝可梦：皮卡丘和可可的冒险,5146.5
高卢英雄：魔法的秘密,151.6
峰爆,43771.5
我的青春有个你,6220.5
山海经之小人国,1385.6
关于我妈的一切,15007.9
日常幻想指南,2486.3
狗果定理,103.6
一直游到海水变蓝,695.2
天上的孩子,27.6
长津湖,577136
五个扑水的少年,6268.7
我和我的父辈,147670.6
皮皮鲁与鲁西西之罐头小人,5784.4
老鹰抓小鸡,3476.8
大耳朵图图之霸王龙在行动,5404.5
探探猫人鱼公主,562.7
拯救甜甜圈：时空大营救,3838.1
永不消逝的电波,303.9
兰心大剧院,2170.8
图兰朵：魔咒缘起,1889.8
平行森林,22.4
沙丘,25387.3
极盗行动,149.9
不速来客,6732.6
第一炉香,6421.5
青苔花开,34.1
京剧搜孤救孤,5.9
入殓师,6622.6
007：无暇赴死,41454.1
越界,1509
乌海,1500.2
我是监护人,377
演员,325.3
漫漫寻子路,19.7
天书奇谭,2780.4
不老奇事,3611.2
特种部队：蛇眼起源,1143.8
蜜熊的音乐奇旅,685.1
信者,345.1
猪迪克之蓝海奇缘,487.6
世上只有妈妈好,47.1
扬名立万,92667.5
我的初恋十八岁,40.1
梅艳芳,11339.3
丛林奇航,4488.7
门锁,24226.2
芒咕的动物城,561.2
铁道英雄,14243.4
野马分鬃,1174.5
银行家,1940.4
捞世界,33
古董局中局,42995
我们是第一书记,300.8
你的世界如果没有我,3034.8
哦！文姬,290.7
只要你过得比我好,509.2
无尽攀登,300.4
笨鸟大冒险,487.9
曾经相爱的我们,3603.1
第四面墙,134
盲琴师,2.4
反恐特战队：清盘行动,71.2
秘不可言,149.1
摇滚藏獒：蓝色光芒,226.8
雄狮少年,24958.9
误杀2,112143.1
跨过鸭绿江,10404.1
不欺不遇,13.1
爱情神话,26031.9
穿过寒冬拥抱你,93666.5
反贪风暴5：最终章,62893.6
以年为单位的恋爱,23198.2
,
李茂换太子,46241.5
魔法精灵,620.6
最初的梦想,1913.8
魔法满屋,7668.2
带你去见我妈,2370.9
一江春水,225.5
屋内有人,325.6
萌鸡小队：萌闯新世界,3434.2
农民院士,61
黑客帝国：矩阵重启,8575.3
东北虎,1691.7
纹身,186.4
花滑女王2：爸爸我爱你,74.6
汪汪队立大功大电影,8250
村里来了个洋媳妇,2.3
向着明亮那方,171.4
四海,54276.3
奇迹·笨小孩,137920.3
狙击手,60749.3
长津湖之水门桥,406066.6
这个杀手不太冷静,262262.1
熊出没·重返地球,96777.7
喜羊羊与灰太狼之筐出未来,16033.2
小虎墩大英雄,2211.8
十年一品温如言,16722.3
京北的我们,25.5
好想去你的世界爱你,10840.4
不要忘记我爱你,5602.2
密案1922,333.3
我们的冬奥,6479.5
尼罗河上的惨案,6849.7
只属于我们的一天,272.4
花束般的恋爱,9411.4
纽约的一个雨天,1270.3
你是我的一束光,551.9
我心飞扬,632.5
大国粮仓,94
柳浪闻莺,351.2
心想念动,5.5
如果有一天我将会离开你,430.4
可不可以你也刚好喜欢我,1604.4
暑期何漫漫,5.2
妖怪手表：永远的朋友,82.7
神秘海域,15139
新蝙蝠侠,16324.9
年少有你,16.5
“炼”爱,42.3
印度女孩,348.2
花儿为什么这样红,675.7
野夏天,65.2
卧鼠藏虫,530
安魂,9.2
月球陨落,15840.5
错乱空间,159.9
密室逃生2,7719.7
草原大作战,183.6
精灵旅社4：变身大冒险,12373.8
神奇动物：邓布利多之谜,19418.4
诺亚方舟漂流记2,159.9
致我的陌生恋人,912.2
迷失1231,138.9
误杀瞒天记,3149.2
边缘行者,16647
亡命救护车,1583.8
邓小平小道,2509.1
坏蛋联盟,33522.8
我是真的讨厌异地恋,16518.3
巨星嫁到,374.7
唐顿庄园2,1296.6
盒子的秘密,152.8
青春是首歌,6
刿心剑,20.5
五个扑水的少年,6912.6 &
哆啦A梦：大雄的宇宙小战争2021,9917.2
魔法鼠乐园,419.5 &
超级特战队,32.2
暗恋·橘生淮南,13540.3
阿里巴巴与神灯,2220.7 &
遇见你之后,1652.7
侏罗纪世界3,105963.4
天才计划,1154.7
镜世界,230.8
绿茵之外,118.3
云霄之上,448.3
一周的朋友,12165.3
焚情,95.7
回南天,21.6
地瓜味的冰激凌,28.7
人生大事,171231.4
你是我的春天,3063.4
地火,98.7
珠峰队长,344.9
隐入尘烟,10970
神探大战,71210.4
海底小纵队：洞穴大冒险,7761.8
外太空的莫扎特,22394.7
龙女孩,141.7
冲出地球,1005.8
开心超人之英雄的心,1656.3
一直一直很喜欢你,2198.6
阳光照耀塔什库尔干,4.6
七人乐队,1564.6
疯了！桂宝之三星夺宝,1262.5
独行月球,310291.1
小马宝莉：新世代,1720.5
迷你世界之觉醒,2714.9
遇见你,7832.7
我们的样子像极了爱情,1615.8
明日战记,67918.4
猪猪侠大电影·海洋日记,2938.7
漫长的告白,631.1
永不妥协,447.7
跳舞吧！爸爸,1.8
猎屠,1255.7
山海经之再见怪兽,3826.4
断·桥,23247.7
人间世,127.4
新神榜：杨戬,55550.1
小黄人大眼萌：神偷奶爸前传,23792.4
秘密花园,15.7
760号犯人,317.7
世界上最爱我的人,764.1
忠犬帕尔玛,691.4
雀斑公主,1429.1
爱情的代驾,64.2
大白鲨之夺命鲨口,402.9
我的非凡父母,617.9
世间有她,5620.8
海的尽头是草原,3611.6
还是觉得你最好,10722.9
狼群,2867.6
哥，你好,54796.6
妈妈！,7709.8
青蛙王国之极限运动,1499.4
追光,48.3
我要和你在一起,528.2
热汤,14.3
我世界里的你,21.6
平凡英雄,21552.2
钢铁意志,10302.4
万里归途,159314.8
新灰姑娘2,3160.3
我是霸王龙,3274.6
新大头儿子和小头爸爸5,8277
搜救,1999.1
我的遗憾和你有关,3283.8
扫黑行动,17473.3
请叫我郑先生,117.7
陪你在全世界长大,128.8
天之书,140.4
猫狗武林,366.1
青蛙王子历险记2,399.6
您好，北京,5038.5
名侦探柯南：万圣节的新娘,20188.7
让这首歌作证,45.5
个十百千万,204.8
坠落,2643.5
天下无伤,1.3
忍者神龟：崛起,390.4
杀掉那个魔术师,303.8
沼泽深处的女孩,795.9
不要再见啊，鱼花塘,86
因爱而伟大,77.7
航海王：红发歌姬,18540.2
放牛班的春天,798
小小乔,14.6
2067,78
阿凡达：水之道,169755.4
龙马！新生网球王子,17.1
唬胆特工,320.6
穿靴子的猫2,4671.8
想见你,40347.5
西游记之七十二变,829.7
绝望主夫,31355.9
,
女生规则,262.6
龙珠超：超级人造人,1115.2
流浪地球2,402869
熊出没·伴我“熊芯”,149515.8
满江红,454437
无名,93132.3
深海,91926
交换人生,39345.6
中国乒乓之绝地反击,10090
风再起时,4904.3
黑豹2,10622.2
不能流泪的悲伤,5535.6
可不可以不要离开我,2025.8
胡杨林之恋,22.7
极速保镖,208.2
蚁人与黄蜂女：量子狂潮,27226.9
冥绝村,765.5
我的初恋十八岁,43.1 &
印式英语,117
毒舌律师,18696
会考试的猛犸象,37.7
困在心绪里的儿子,214.1
拨浪鼓咚咚响,187.8
断网,6487.8
荒原,194.7
不二兄弟,73.2
海湾之遇,50.5
敦煌女儿（戏曲）,74.6
保你平安,69254
回廊亭,20540
雷霆沙赞！众神之怒,4120.4
梅根,2234.9
我们的岁月,76
脐带,167
铃芽之旅,80018
不止不休,5646.9
生无可恋的奥托,187.6
望道,5725
印度制造,8
哈里斯夫人闯巴黎,18
龙与地下城：侠盗荣耀,8181
忠犬八公,28580
了不起的夜晚,4659
逃出白垩纪,654.3
不能错过的只有你,7000
宇宙探索编辑部,6540
一杯上路,14.3
梦想森林,5.5
青蛙王国之奇幻女王历险,419.7
泰坦尼克号,136623
名侦探柯南：贝克街的亡灵,5605
超级马力欧兄弟大电影,15931
龙马精神,21033
平家物语：犬王,418
燃烧的巴黎圣母院,98
大旅行,80.9
倍儿喜欢你,529
达荷美女战士,7.2
稍微想起一些,199
暴风,3608
爱很美味,1449
鳄鱼莱莱,589
深海危机,199
灌篮高手,60237
落地生根,25.4
长空之王,55196
人生路不熟,55060
这么多年,21943
惊天救援,3532
长沙夜生活,1318
倒数说爱你,2256
检察风云,4794
翦伯赞,0.4
天堂谷大冒险,298
新猪猪侠大电影·超级赛车,3699
宇宙护卫队：风暴力量,1032
鲛在水中央,9
马庄村,0.5
银河护卫队3,–
,
,
,
,
,
,
,
,
,
,
,
,
,片名+# 上映又撤档
